F_BUS,T_BUS,BR_R,BR_X,BR_B,RATE_A,RATE_B,RATE_C,TAP,SHIFT,BR_STATUS,ANGMIN,ANGMAX
1,2,1.4339848992685638,0.5515326535648322,1.447143466952756e-09,0,0,0,0,0,1,-90,90
2,3,3.472513852982884,1.335582251147263,3.5043784204494435e-09,0,0,0,0,0,1,-90,90
3,6,8.875128211948038,3.4135108507492458,8.956568382860836e-09,0,0,0,0,0,1,-90,90
3,4,2.0593037209592744,0.792039892676644,2.0782003546744368e-09,0,0,0,0,0,1,-90,90
6,10,3.359586394710781,1.2921486133503004,3.3904147144429084e-09,0,0,0,0,0,1,-90,90
6,7,4.560901095585928,1.7541927290715107,4.602752948975588e-09,0,0,0,0,0,1,-90,90
10,13,0.3628182946594465,0.13954549794594096,3.661475968646334e-10,0,0,0,0,0,1,-90,90
7,8,3.5071895330844214,1.348919051186316,3.539372292383994e-09,0,0,0,0,0,1,-90,90
13,14,1.8614169377356793,0.7159295914367998,3.756995435716785e-09,0,0,0,0,0,1,-90,90
8,9,1.60190910874365,0.6161188879783269,1.6166085867103143e-09,0,0,0,0,0,1,-90,90
14,15,2.2878899672708854,0.8799576797195714,2.3088841597506492e-09,0,0,0,0,0,1,-90,90
12,25,11.077847133509863,4.260710435965332,1.1179499948247158e-08,0,0,0,0,0,1,-90,90
12,19,5.429567107190629,2.0882950412271652,5.479390035111471e-09,0,0,0,0,0,1,-90,90
25,27,3.732568755869181,1.4356033676419928,3.766819645564783e-09,0,0,0,0,0,1,-90,90
25,24,5.339781179635847,2.0537619921676336,5.388780211708539e-09,0,0,0,0,0,1,-90,90
19,18,0.7982437158043532,0.307016813770905,8.055685795238039e-10,0,0,0,0,0,1,-90,90
27,26,0.10866190126764194,0.04179303894909306,1.0965900729243524e-10,0,0,0,0,0,1,-90,90
18,17,3.115831168531639,1.1983966032813997,3.1444227355310914e-09,0,0,0,0,0,1,-90,90
15,16,2.018413372957389,0.776312835752842,2.03693478765031e-09,0,0,0,0,0,1,-90,90
16,17,0.5109001243608549,0.19650004783109803,5.155882587126836e-10,0,0,0,0,0,1,-90,90
20,21,1.7596873678102571,0.6768028337731758,1.775834654538423e-09,0,0,0,0,0,1,-90,90
21,22,0.4818778074935611,0.18533761826675427,4.862996265438513e-10,0,0,0,0,0,1,-90,90
22,26,2.812221943577355,1.081623824452829,2.838027524100838e-09,0,0,0,0,0,1,-90,90
