BUS_I,BUS_TYPE,Pd,Qd,Gs,Bs,area,Vm,Va,baseKV,zone,Vmax,Vmin
1,1,0.012158709401254296,0.003047259817602943,0,0,1,1,0,0.4,1,1.1,0.9
2,1,0.01407669294493674,0.003527951804770946,0,0,1,1,0,0.4,1,1.1,0.9
3,1,0.01161296873763524,0.002910484314529668,0,0,1,1,0,0.4,1,1.1,0.9
4,1,0.016970855315617227,0.004253297267578316,0,0,1,1,0,0.4,1,1.1,0.9
15,1,0.0,0.0,0,0,1,1,0,0.4,1,1.1,0.9
24,1,0.0,0.0,0,0,1,1,0,0.4,1,1.1,0.9
16,1,0.0,0.0,0,0,1,1,0,0.4,1,1.1,0.9
23,1,0.048097484862253195,0.012054365978463983,0,0,1,1,0,0.4,1,1.1,0.9
22,3,0.0915039346337358,0.02293304774050974,0,0,1,1,0,0.4,1,1.1,0.9
6,1,0.04652955462698063,0.011661405620166586,0,0,1,1,0,0.4,1,1.1,0.9
7,1,0.039107571252818454,0.009801281247042876,0,0,1,1,0,0.4,1,1.1,0.9
8,1,0.010717550523536823,0.0026860713564002127,0,0,1,1,0,0.4,1,1.1,0.9
9,1,0.0404569587057775,0.010139469621160567,0,0,1,1,0,0.4,1,1.1,0.9
10,1,0.0,0.0,0,0,1,1,0,0.4,1,1.1,0.9
13,1,0.0,0.0,0,0,1,1,0,0.4,1,1.1,0.9
21,1,0.010051090391715057,0.002519040702675951,0,0,1,1,0,0.4,1,1.1,0.9
20,1,0.03020799062866115,0.00757083609579067,0,0,1,1,0,0.4,1,1.1,0.9
11,1,0.020767523839010166,0.005204832093379786,0,0,1,1,0,0.4,1,1.1,0.9
25,1,0.007941352315545228,0.0019902904995897546,0,0,1,1,0,0.4,1,1.1,0.9
12,1,0.0,0.0,0,0,1,1,0,0.4,1,1.1,0.9
14,1,0.00565681980594744,0.001417732682081032,0,0,1,1,0,0.4,1,1.1,0.9
19,1,0.0,0.0,0,0,1,1,0,0.4,1,1.1,0.9
29,1,0.017303335874256157,0.004336624750211471,0,0,1,1,0,0.4,1,1.1,0.9
28,1,0.053551463244841516,0.013421261807853737,0,0,1,1,0,0.4,1,1.1,0.9
26,1,0.049108061526721196,0.012307640364799992,0,0,1,1,0,0.4,1,1.1,0.9
27,1,0.048050218267173726,0.012042519853094319,0,0,1,1,0,0.4,1,1.1,0.9
