F_BUS,T_BUS,BR_R,BR_X,BR_B,RATE_A,RATE_B,RATE_C,TAP,SHIFT,BR_STATUS,ANGMIN,ANGMAX
1,2,2.768225505227698,1.0647021173952687,2.7936273645459e-09,0,0,0,0,0,1,-90,90
2,4,25.882692216529524,9.954881621742123,2.6120197616728677e-08,0,0,0,0,0,1,-90,90
4,30,6.783723854963299,2.6091245596012693,6.845972829511035e-09,0,0,0,0,0,1,-90,90
30,6,1.0185885883015766,0.3917648416544526,1.027935386087487e-09,0,0,0,0,0,1,-90,90
5,6,1.8109260753656937,0.6965100289868053,3.6550870799777454e-09,0,0,0,0,0,1,-90,90
5,31,5.447519092989908,2.0951996511499646,1.0995013504733314e-08,0,0,0,0,0,1,-90,90
6,15,0.6741149999999999,0.2592749999999999,1.3606016614574585e-09,0,0,0,0,0,1,-90,90
31,27,3.413792866478685,1.312997256337956,6.890237193954325e-09,0,0,0,0,0,1,-90,90
15,21,3.883749999999999,1.49375,3.919388162765555e-09,0,0,0,0,0,1,-90,90
15,13,1.60113412225863,0.6158208162533191,3.2316529775503015e-09,0,0,0,0,0,1,-90,90
27,26,12.960804999999997,4.984924999999999,2.615947251852597e-08,0,0,0,0,0,1,-90,90
26,25,35.10529472499858,13.50203643269176,3.542742879834066e-08,0,0,0,0,0,1,-90,90
21,29,1.91405727081535,0.7361758733905193,1.9316210904638635e-09,0,0,0,0,0,1,-90,90
21,19,0.6063635049961634,0.23321673269083207,6.119276327814601e-10,0,0,0,0,0,1,-90,90
13,12,0.9255612680489866,0.3559851030957641,1.8681088524778763e-09,0,0,0,0,0,1,-90,90
8,9,1.213710033830731,0.46681155147335807,1.2248473098489731e-09,0,0,0,0,0,1,-90,90
9,10,0.673614549950126,0.259082519211587,6.797957884367355e-10,0,0,0,0,0,1,-90,90
10,24,0.3508847751483294,0.1349556827493575,3.541045726967534e-10,0,0,0,0,0,1,-90,90
24,23,0.29305513709203074,0.11271351426616566,2.9574427688603603e-10,0,0,0,0,0,1,-90,90
23,22,0.027193940709384405,0.010459207965147849,2.7443478420420885e-11,0,0,0,0,0,1,-90,90
16,14,5.034260509053658,1.9362540419437146,5.080456014795753e-09,0,0,0,0,0,1,-90,90
14,12,2.4391080463162904,0.9381184793524195,2.4614898498714622e-09,0,0,0,0,0,1,-90,90
29,28,0.2466958426872462,0.09488301641817162,2.489595791778221e-10,0,0,0,0,0,1,-90,90
19,17,2.83000702860928,1.0884642417728,2.8559758090697225e-09,0,0,0,0,0,1,-90,90
17,18,0.8615781687340243,0.3313762187438555,8.694842036262271e-10,0,0,0,0,0,1,-90,90
18,20,0.27341058939106605,0.10515791899656388,2.7591946640079776e-10,0,0,0,0,0,1,-90,90
20,22,1.1697371318454837,0.44989889686364765,1.1804709026334139e-09,0,0,0,0,0,1,-90,90
