F_BUS,T_BUS,BR_R,BR_X,BR_B,RATE_A,RATE_B,RATE_C,TAP,SHIFT,BR_STATUS,ANGMIN,ANGMAX
1,2,0.6637241479792091,0.4247834547066939,3.3437146325343755e-09,0,0,0,0,0,1,-90,90
1,3,0.09200686986447924,0.05888439671326673,4.6351291872716706e-10,0,0,0,0,0,1,-90,90
2,4,0.35034164250814426,0.22421865120521234,1.7649538290978438e-09,0,0,0,0,0,1,-90,90
3,5,6.806401841021809,4.3560971782539575,2.2859562465345608e-08,0,0,0,0,0,1,-90,90
4,22,0.285983322482578,0.18302932638884997,1.4407289880249275e-09,0,0,0,0,0,1,-90,90
5,15,1.4493645876231616,0.9275933360788234,2.4338733665523363e-09,0,0,0,0,0,1,-90,90
22,23,0.2423513713871357,0.15510487768776687,1.220919608227547e-09,0,0,0,0,0,1,-90,90
15,14,4.235218471039103,2.7105398214650265,7.11207209436297e-09,0,0,0,0,0,1,-90,90
6,13,0.3405468749999999,0.21794999999999998,1.7156096737902983e-09,0,0,0,0,0,1,-90,90
6,24,0.21068376483264017,0.13483760949288973,1.0613842956492782e-09,0,0,0,0,0,1,-90,90
13,16,0.07828425443083349,0.05010192283573345,3.9438102084184154e-10,0,0,0,0,0,1,-90,90
13,7,1.0793118526377146,0.6907595856881373,1.8124551922764348e-09,0,0,0,0,0,1,-90,90
24,23,0.2696604603483991,0.1725826946229754,1.358497547253836e-09,0,0,0,0,0,1,-90,90
7,18,4.073631763041633,2.6071243283466456,6.840724506363141e-09,0,0,0,0,0,1,-90,90
18,10,2.6262953503586903,1.6808290242295618,4.41025699159707e-09,0,0,0,0,0,1,-90,90
8,17,0.15359113886526238,0.09829832887376794,7.737626241489172e-10,0,0,0,0,0,1,-90,90
8,16,0.4971871262454962,0.31819976079711765,2.504733139808644e-09,0,0,0,0,0,1,-90,90
17,11,0.9234831966801056,0.5910292458752676,4.652330771812774e-09,0,0,0,0,0,1,-90,90
10,19,1.4304687499999997,0.9154999999999999,2.402142167706688e-09,0,0,0,0,0,1,-90,90
19,20,1.9352557183156103,1.2385636597219905,3.2498153953111e-09,0,0,0,0,0,1,-90,90
11,21,0.2808274844774595,0.17972959006557407,1.4147548675515651e-09,0,0,0,0,0,1,-90,90
21,25,1.0019065986181435,0.6412202231156119,1.6824709303465894e-09,0,0,0,0,0,1,-90,90
25,26,0.6557901707821205,0.4197057093005572,1.1012482603365523e-09,0,0,0,0,0,1,-90,90
