BUS_I,BUS_TYPE,Pd,Qd,Gs,Bs,area,Vm,Va,baseKV,zone,Vmax,Vmin
1,1,0.030179409027991533,0.0075636728714410266,0,0,1,1,0,0.4,1,1.1,0.9
2,1,0.013717120027648499,0.0034378343370208174,0,0,1,1,0,0.4,1,1.1,0.9
4,1,0.0059384296344331495,0.001488310757949679,0,0,1,1,0,0.4,1,1.1,0.9
3,1,0.0,0.0,0,0,1,1,0,0.4,1,1.1,0.9
5,1,0.03270950670414745,0.00819777512100751,0,0,1,1,0,0.4,1,1.1,0.9
6,1,0.0,0.0,0,0,1,1,0,0.4,1,1.1,0.9
21,1,0.0,0.0,0,0,1,1,0,0.4,1,1.1,0.9
37,1,0.02878659446280953,0.007214600637062812,0,0,1,1,0,0.4,1,1.1,0.9
26,1,0.0,0.0,0,0,1,1,0,0.4,1,1.1,0.9
42,1,0.016712643447168996,0.004188583273256739,0,0,1,1,0,0.4,1,1.1,0.9
23,1,0.0,0.0,0,0,1,1,0,0.4,1,1.1,0.9
25,1,0.0,0.0,0,0,1,1,0,0.4,1,1.1,0.9
24,1,0.0,0.0,0,0,1,1,0,0.4,1,1.1,0.9
43,1,0.005386433374458105,0.0013499674546451738,0,0,1,1,0,0.4,1,1.1,0.9
19,1,0.02692752426426121,0.006748673725975111,0,0,1,1,0,0.4,1,1.1,0.9
29,1,0.005594472834497273,0.001402107058128729,0,0,1,1,0,0.4,1,1.1,0.9
35,1,0.018944270872932864,0.004747881826908281,0,0,1,1,0,0.4,1,1.1,0.9
7,1,0.026745529241927954,0.006703061473863659,0,0,1,1,0,0.4,1,1.1,0.9
8,1,0.0,0.0,0,0,1,1,0,0.4,1,1.1,0.9
9,1,0.0,0.0,0,0,1,1,0,0.4,1,1.1,0.9
10,1,0.0,0.0,0,0,1,1,0,0.4,1,1.1,0.9
11,1,0.00882713492378367,0.0022122885472557413,0,0,1,1,0,0.4,1,1.1,0.9
12,1,0.0,0.0,0,0,1,1,0,0.4,1,1.1,0.9
33,1,0.0,0.0,0,0,1,1,0,0.4,1,1.1,0.9
18,1,0.0065569065597563024,0.0016433156865531572,0,0,1,1,0,0.4,1,1.1,0.9
28,1,0.0313059131642404,0.00784600142091689,0,0,1,1,0,0.4,1,1.1,0.9
36,1,0.008017826212693232,0.0020094566648614217,0,0,1,1,0,0.4,1,1.1,0.9
41,1,0.005312860965408879,0.0013315284708368409,0,0,1,1,0,0.4,1,1.1,0.9
31,1,0.0,0.0,0,0,1,1,0,0.4,1,1.1,0.9
15,1,0.0,0.0,0,0,1,1,0,0.4,1,1.1,0.9
27,1,0.01567761453750936,0.003929180576607223,0,0,1,1,0,0.4,1,1.1,0.9
34,1,0.017168699247475806,0.004302881630837054,0,0,1,1,0,0.4,1,1.1,0.9
40,3,0.003575315745927016,0.0008960585904522535,0,0,1,1,0,0.4,1,1.1,0.9
13,1,0.008100846534046989,0.00203026351869409,0,0,1,1,0,0.4,1,1.1,0.9
14,1,0.007289580953816773,0.0018269411986635738,0,0,1,1,0,0.4,1,1.1,0.9
17,1,0.0385232907117782,0.009654846740208162,0,0,1,1,0,0.4,1,1.1,0.9
20,1,0.009135649353515206,0.0022896095518004024,0,0,1,1,0,0.4,1,1.1,0.9
39,1,0.038893702407909146,0.009747680661995417,0,0,1,1,0,0.4,1,1.1,0.9
38,1,0.020732549546850276,0.005196066709519478,0,0,1,1,0,0.4,1,1.1,0.9
30,1,0.007179264907572588,0.001799293391329511,0,0,1,1,0,0.4,1,1.1,0.9
