F_BUS,T_BUS,BR_R,BR_X,BR_B,RATE_A,RATE_B,RATE_C,TAP,SHIFT,BR_STATUS,ANGMIN,ANGMAX
1,2,3.6277544410224425,1.3952901696240165,1.0983130593032664e-08,0,0,0,0,0,1,-90,90
1,3,2.0860972495237737,0.8023450959706823,6.315719240034448e-09,0,0,0,0,0,1,-90,90
2,4,5.5972491172037815,2.152788122001455,1.6945832198791216e-08,0,0,0,0,0,1,-90,90
3,5,21.8839542012477,8.416905462018347,4.416953256562538e-08,0,0,0,0,0,1,-90,90
4,6,1.2845632353878715,0.494062782841489,3.889052028917707e-09,0,0,0,0,0,1,-90,90
5,46,2.211598281127331,0.850614723510512,2.231892403950592e-09,0,0,0,0,0,1,-90,90
6,7,0.2954703945352122,0.11364245943662009,8.945450918228356e-10,0,0,0,0,0,1,-90,90
6,60,54.61970632612667,21.007579356202566,5.512090902564579e-08,0,0,0,0,0,1,-90,90
46,45,0.11214690239568473,0.04313342399834028,1.1317598757398671e-10,0,0,0,0,0,1,-90,90
7,8,1.0807703728248383,0.4156809126249379,3.272063293917519e-09,0,0,0,0,0,1,-90,90
8,9,0.0827537120279263,0.03182835077997166,2.5053923605831783e-10,0,0,0,0,0,1,-90,90
9,10,1.8307648670896746,0.7041403334960287,5.5426931307718e-09,0,0,0,0,0,1,-90,90
45,47,1.8467192926571614,0.7102766510219852,1.8636652038857444e-09,0,0,0,0,0,1,-90,90
47,48,0.5212315542040755,0.2004736746938752,5.260144920778491e-10,0,0,0,0,0,1,-90,90
47,49,0.588019756700576,0.22616144488483694,5.934155581292615e-10,0,0,0,0,0,1,-90,90
48,51,0.2378367270781174,0.09147566426081437,2.400191703330223e-10,0,0,0,0,0,1,-90,90
49,52,1.4754123345642212,0.5674662825247004,1.4889510497043587e-09,0,0,0,0,0,1,-90,90
51,53,0.47198804373252673,0.18153386297404875,4.763191120880944e-10,0,0,0,0,0,1,-90,90
52,57,0.17628371074802737,0.06780142721077975,1.7790132969274687e-10,0,0,0,0,0,1,-90,90
50,57,0.8114906886247447,0.31211180331720956,8.18937109543687e-10,0,0,0,0,0,1,-90,90
53,54,1.7739243956368478,0.6822786137064799,1.7902023245317295e-09,0,0,0,0,0,1,-90,90
54,55,1.2507282650079876,0.48104933269537986,1.2622052286343374e-09,0,0,0,0,0,1,-90,90
55,56,0.5497910722451897,0.21145810470968837,5.548360786744716e-10,0,0,0,0,0,1,-90,90
