F_BUS,T_BUS,BR_R,BR_X,BR_B,RATE_A,RATE_B,RATE_C,TAP,SHIFT,BR_STATUS,ANGMIN,ANGMAX
1,2,0.8425409936302445,0.3240542283193248,8.502723391256157e-10,0,0,0,0,0,1,-90,90
1,3,0.2844266176318005,0.1093948529353079,2.8703658019221727e-10,0,0,0,0,0,1,-90,90
2,4,3.8853107519970465,1.4943502892296334,3.920963236573663e-09,0,0,0,0,0,1,-90,90
4,10,12.042036424959987,4.631552471138456,1.2152536857310543e-08,0,0,0,0,0,1,-90,90
10,8,12.580938237495317,4.838822399036661,1.2696383753980998e-08,0,0,0,0,0,1,-90,90
8,6,2.5797220610679146,0.9922007927184285,2.6033941704215633e-09,0,0,0,0,0,1,-90,90
6,7,0.5054448396807159,0.19440186141565993,1.0201658302287901e-09,0,0,0,0,0,1,-90,90
7,9,0.11296295898216532,0.043447291916217434,1.1399953247909102e-10,0,0,0,0,0,1,-90,90
9,12,1.183029933094295,0.45501151272857504,1.1938856816136742e-09,0,0,0,0,0,1,-90,90
12,13,0.16861586489548672,0.06485225572903336,1.7016312196352673e-10,0,0,0,0,0,1,-90,90
13,14,0.8122448155919482,0.31240185215074934,8.196981565494105e-10,0,0,0,0,0,1,-90,90
14,15,0.4244224214177581,0.16323939285298392,4.283170169339055e-10,0,0,0,0,0,1,-90,90
15,16,0.13839611145401526,0.05322927363615972,1.396660652734213e-10,0,0,0,0,0,1,-90,90
16,17,0.5808409671656036,0.22340037198677062,5.861708944082816e-10,0,0,0,0,0,1,-90,90
17,18,0.09313838400473261,0.03582245538643562,9.399304274663965e-11,0,0,0,0,0,1,-90,90
18,19,1.3557893078886765,0.5214574261110294,1.3682303352540674e-09,0,0,0,0,0,1,-90,90
19,20,0.08683801300093814,0.0333992357695916,8.763485812268e-11,0,0,0,0,0,1,-90,90
