F_BUS,T_BUS,BR_R,BR_X,BR_B,RATE_A,RATE_B,RATE_C,TAP,SHIFT,BR_STATUS,ANGMIN,ANGMAX
1,2,1.3774728651378911,0.8815826336882504,2.3131478085204427e-09,0,0,0,0,0,1,-90,90
1,3,1.569507118872479,1.0044845560783866,2.6356250234473253e-09,0,0,0,0,0,1,-90,90
2,4,0.8770800405940302,0.5613312259801794,1.4728535313790072e-09,0,0,0,0,0,1,-90,90
3,5,2.52947730814708,1.6188654772141309,4.247673431633725e-09,0,0,0,0,0,1,-90,90
4,13,0.0016867514996519865,0.0010795209597772714,2.832509905411447e-12,0,0,0,0,0,1,-90,90
5,8,1.101321803748709,0.7048459543991736,1.8494158261056482e-09,0,0,0,0,0,1,-90,90
18,16,1.9161062740713002,1.226308015405632,3.2176583226680204e-09,0,0,0,0,0,1,-90,90
16,19,1.3699047348324132,0.8767390302927444,2.3004388801097465e-09,0,0,0,0,0,1,-90,90
16,14,0.06873081694405968,0.0439877228441982,1.1541754659251041e-10,0,0,0,0,0,1,-90,90
8,6,1.1764465085969673,0.752925765502059,1.9755704319665037e-09,0,0,0,0,0,1,-90,90
6,7,1.528065582600785,0.9779619728645025,2.5660335264133758e-09,0,0,0,0,0,1,-90,90
7,9,1.3837577952792675,0.8856049889787312,2.3237018983694454e-09,0,0,0,0,0,1,-90,90
9,22,0.2968968192864384,0.19001396434332057,9.971393909387343e-10,0,0,0,0,0,1,-90,90
22,23,0.7658948021816537,0.4901726733962585,3.858430742400888e-09,0,0,0,0,0,1,-90,90
23,12,0.11750586441099517,0.07520375322303692,5.919719501481096e-10,0,0,0,0,0,1,-90,90
10,11,0.6029774850314688,0.38590559042014005,3.0376846253477815e-09,0,0,0,0,0,1,-90,90
10,26,0.987775518691131,0.6321763319623239,4.97622312757894e-09,0,0,0,0,0,1,-90,90
11,12,0.4205341699826381,0.2691418687888884,2.1185702854609596e-09,0,0,0,0,0,1,-90,90
26,24,0.6023021311044433,0.3854733639068437,3.034282322124658e-09,0,0,0,0,0,1,-90,90
24,25,0.06040592325586122,0.03865979088375119,3.0431342613844243e-10,0,0,0,0,0,1,-90,90
14,15,1.4856623163103184,0.9508238824386038,2.4948270257437e-09,0,0,0,0,0,1,-90,90
15,17,0.21968181890342312,0.14059636409819082,3.689049206187951e-10,0,0,0,0,0,1,-90,90
17,20,2.444967079990189,1.5647789311937208,4.105758005198733e-09,0,0,0,0,0,1,-90,90
20,21,0.6649430743530216,0.4255635675859338,1.1166184497409797e-09,0,0,0,0,0,1,-90,90
21,27,1.9254562261961785,1.2322919847655545,6.466718819295043e-09,0,0,0,0,0,1,-90,90
27,28,2.96839363790119,1.8997719282567616,4.9847321222184735e-09,0,0,0,0,0,1,-90,90
27,25,0.36259237587828724,0.23205912056210384,1.8266706681698306e-09,0,0,0,0,0,1,-90,90
28,31,2.0761718749999996,1.3287499999999997,3.4864515623596522e-09,0,0,0,0,0,1,-90,90
