BUS_I,BUS_TYPE,Pd,Qd,Gs,Bs,area,Vm,Va,baseKV,zone,Vmax,Vmin
1,1,0.02561152719275978,0.006418853770276871,0,0,1,1,0,0.4,1,1.1,0.9
2,1,0.026060194974284866,0.006531300515813319,0,0,1,1,0,0.4,1,1.1,0.9
3,1,0.0,0.0,0,0,1,1,0,0.4,1,1.1,0.9
4,1,0.0,0.0,0,0,1,1,0,0.4,1,1.1,0.9
5,1,0.013849217380225707,0.003470941054291215,0,0,1,1,0,0.4,1,1.1,0.9
6,1,0.03294399262016731,0.00825654283114025,0,0,1,1,0,0.4,1,1.1,0.9
7,1,0.011302678989042914,0.0028327183731377326,0,0,1,1,0,0.4,1,1.1,0.9
8,3,0.01888986120168495,0.004734245477900249,0,0,1,1,0,0.4,1,1.1,0.9
9,1,0.0,0.0,0,0,1,1,0,0.4,1,1.1,0.9
14,1,0.0,0.0,0,0,1,1,0,0.4,1,1.1,0.9
11,1,0.0,0.0,0,0,1,1,0,0.4,1,1.1,0.9
16,1,0.0,0.0,0,0,1,1,0,0.4,1,1.1,0.9
12,1,0.029367683959274776,0.007360235392740664,0,0,1,1,0,0.4,1,1.1,0.9
10,1,0.0,0.0,0,0,1,1,0,0.4,1,1.1,0.9
25,1,0.01067153020824064,0.002674537578186794,0,0,1,1,0,0.4,1,1.1,0.9
24,1,0.010897088604570988,0.0027310678409784616,0,0,1,1,0,0.4,1,1.1,0.9
23,1,0.010671264002701736,0.002674470860789811,0,0,1,1,0,0.4,1,1.1,0.9
18,1,0.012748583463262351,0.003195096192935504,0,0,1,1,0,0.4,1,1.1,0.9
13,1,0.0,0.0,0,0,1,1,0,0.4,1,1.1,0.9
15,1,0.014525639800368936,0.0036404684928214555,0,0,1,1,0,0.4,1,1.1,0.9
20,1,0.0,0.0,0,0,1,1,0,0.4,1,1.1,0.9
22,1,0.019280039261462666,0.004832033317384944,0,0,1,1,0,0.4,1,1.1,0.9
21,1,0.01902501770277063,0.004768118890057275,0,0,1,1,0,0.4,1,1.1,0.9
17,1,0.01289487012397601,0.0032317590860381274,0,0,1,1,0,0.4,1,1.1,0.9
