BUS_I,BUS_TYPE,Pd,Qd,Gs,Bs,area,Vm,Va,baseKV,zone,Vmax,Vmin
1,1,0.02517564787379321,0.006309612115576748,0,0,1,1,0,0.4,1,1.1,0.9
2,1,0.0,0.0,0,0,1,1,0,0.4,1,1.1,0.9
3,1,0.0,0.0,0,0,1,1,0,0.4,1,1.1,0.9
5,1,0.0,0.0,0,0,1,1,0,0.4,1,1.1,0.9
7,1,0.029829501734097864,0.007475977837257681,0,0,1,1,0,0.4,1,1.1,0.9
4,1,0.019383172017683775,0.004857880822538641,0,0,1,1,0,0.4,1,1.1,0.9
8,3,0.0,0.0,0,0,1,1,0,0.4,1,1.1,0.9
9,1,0.06792908814915466,0.017024634270967388,0,0,1,1,0,0.4,1,1.1,0.9
10,1,0.014495068381594495,0.0036328065730465778,0,0,1,1,0,0.4,1,1.1,0.9
11,1,0.05381702422799695,0.013487817663939023,0,0,1,1,0,0.4,1,1.1,0.9
