F_BUS,T_BUS,BR_R,BR_X,BR_B,RATE_A,RATE_B,RATE_C,TAP,SHIFT,BR_STATUS,ANGMIN,ANGMAX
1,2,2.332121794479245,1.4925579484667169,1.566504155437548e-08,0,0,0,0,0,1,-90,90
1,3,1.1417517965032151,0.7307211497620577,7.669234676913395e-09,0,0,0,0,0,1,-90,90
2,4,0.022089843749999998,0.014137499999999997,1.48379180320932e-10,0,0,0,0,0,1,-90,90
2,5,0.540595439080241,0.3459810810113543,3.6312211640682384e-09,0,0,0,0,0,1,-90,90
3,7,1.539574741790729,0.9853278347460667,5.170721006791162e-09,0,0,0,0,0,1,-90,90
5,14,3.8717041618863903,2.47789066360729,6.501633697452519e-09,0,0,0,0,0,1,-90,90
5,13,1.1505515541720392,0.7363529946701053,3.864171663165829e-09,0,0,0,0,0,1,-90,90
7,11,1.3054687499999997,0.8354999999999998,2.1922335129644322e-09,0,0,0,0,0,1,-90,90
7,9,3.690235926223636,2.361750992783127,6.1968996716411635e-09,0,0,0,0,0,1,-90,90
14,15,0.6371874999999999,0.40779999999999994,1.0700093675486482e-09,0,0,0,0,0,1,-90,90
13,12,0.009685828333994617,0.0061989301337565545,1.626511356522587e-11,0,0,0,0,0,1,-90,90
9,8,4.047322788831961,2.5902865848524548,6.796544655291132e-09,0,0,0,0,0,1,-90,90
