BUS_I,BUS_TYPE,Pd,Qd,Gs,Bs,area,Vm,Va,baseKV,zone,Vmax,Vmin
1,1,0.025813317411674367,0.006469427166300325,0,0,1,1,0,0.4,1,1.1,0.9
2,1,0.0,0.0,0,0,1,1,0,0.4,1,1.1,0.9
4,1,0.0,0.0,0,0,1,1,0,0.4,1,1.1,0.9
7,1,0.007661439102444531,0.0019201376356180332,0,0,1,1,0,0.4,1,1.1,0.9
5,1,0.016415618111409482,0.0041141417070838845,0,0,1,1,0,0.4,1,1.1,0.9
6,3,0.010547992200845223,0.0026435760350279488,0,0,1,1,0,0.4,1,1.1,0.9
