F_BUS,T_BUS,BR_R,BR_X,BR_B,RATE_A,RATE_B,RATE_C,TAP,SHIFT,BR_STATUS,ANGMIN,ANGMAX
1,2,0.2946762424966717,0.1885927951978699,4.948407491758325e-10,0,0,0,0,0,1,-90,90
1,3,0.07599653089564572,0.04863777977321326,1.2761863652306612e-10,0,0,0,0,0,1,-90,90
2,4,0.3585505587710436,0.2294723576134679,6.021029235897108e-10,0,0,0,0,0,1,-90,90
3,5,0.3711867081632214,0.2375594932244617,6.233224205499845e-10,0,0,0,0,0,1,-90,90
5,19,0.30460477420298426,0.19494705548990995,5.115134270481359e-10,0,0,0,0,0,1,-90,90
19,16,0.01187016425508097,0.00759690512325182,1.993320168282925e-11,0,0,0,0,0,1,-90,90
16,14,0.5202764076306241,0.3329769008835995,8.736841665590222e-10,0,0,0,0,0,1,-90,90
6,7,0.6953535452733873,0.4450262689749679,1.1676858180687594e-09,0,0,0,0,0,1,-90,90
6,8,2.3806868154179646,1.5236395618674974,3.997814134296079e-09,0,0,0,0,0,1,-90,90
7,9,1.3984921367124918,0.8950349674959948,2.348444824679535e-09,0,0,0,0,0,1,-90,90
8,10,1.1328906249999997,0.7250499999999999,1.902428376510906e-09,0,0,0,0,0,1,-90,90
9,18,1.977486347985437,1.2655912627106798,3.3207319926143936e-09,0,0,0,0,0,1,-90,90
10,22,1.1578762490962136,0.7410407994215766,1.944385966446361e-09,0,0,0,0,0,1,-90,90
22,11,1.3578481764057666,0.8690228328996906,2.2801926724284764e-09,0,0,0,0,0,1,-90,90
11,12,0.7987499999999998,0.5111999999999999,1.3413163038030139e-09,0,0,0,0,0,1,-90,90
11,21,1.8216372575192805,1.1658478448123395,3.0590194092339535e-09,0,0,0,0,0,1,-90,90
12,23,2.7746305833620695,1.7757635733517245,4.659351785282018e-09,0,0,0,0,0,1,-90,90
21,20,0.4034766536089745,0.2582250583097437,1.355091865263471e-09,0,0,0,0,0,1,-90,90
20,17,0.23066647321137287,0.14762654285527865,7.747022253750375e-10,0,0,0,0,0,1,-90,90
13,14,0.38823734811334487,0.2484719027925407,6.519550357053844e-10,0,0,0,0,0,1,-90,90
13,15,0.04513292461422198,0.028885071753102065,1.515806638456796e-10,0,0,0,0,0,1,-90,90
15,17,0.3464117365889966,0.22170351141695785,1.1634371458291986e-09,0,0,0,0,0,1,-90,90
