F_BUS,T_BUS,BR_R,BR_X,BR_B,RATE_A,RATE_B,RATE_C,TAP,SHIFT,BR_STATUS,ANGMIN,ANGMAX
1,2,2.954163918925184,1.1362168918943016,2.981271990911998e-09,0,0,0,0,0,1,-90,90
1,3,3.647494104163108,1.4028823477550416,3.6809643297364757e-09,0,0,0,0,0,1,-90,90
2,4,10.399260465379822,3.9997155636076234,1.049468641635674e-08,0,0,0,0,0,1,-90,90
2,5,1.1293013007753543,0.4343466541443671,1.1396640232905488e-09,0,0,0,0,0,1,-90,90
3,6,3.1393243248002043,1.2074324326154633,3.1681314702810152e-09,0,0,0,0,0,1,-90,90
3,7,1.854654313595656,0.7133285821521754,1.871673038359547e-09,0,0,0,0,0,1,-90,90
4,22,1.665939493177394,0.6407459589143825,1.6812265283406832e-09,0,0,0,0,0,1,-90,90
5,15,1.5034255800140859,0.5782406076977253,1.5172213509896745e-09,0,0,0,0,0,1,-90,90
7,29,4.874136411065436,1.8746678504097833,4.918862582100923e-09,0,0,0,0,0,1,-90,90
22,23,4.111501915973947,1.5813468907592103,4.149229981501433e-09,0,0,0,0,0,1,-90,90
15,16,8.449406888074138,3.249771880028516,8.52694054444996e-09,0,0,0,0,0,1,-90,90
15,13,0.7312279697986845,0.2812415268456479,7.379378819728492e-10,0,0,0,0,0,1,-90,90
23,30,6.550309999999999,2.5193499999999998,6.610417116561273e-09,0,0,0,0,0,1,-90,90
16,18,7.194980828835961,2.767300318783062,7.261003589794599e-09,0,0,0,0,0,1,-90,90
16,25,2.511921676627141,0.9661237217796695,2.5349716344168967e-09,0,0,0,0,0,1,-90,90
8,9,3.2713947043034777,1.2582287324244146,3.301413757265781e-09,0,0,0,0,0,1,-90,90
8,11,8.582172307993623,3.300835503074471,8.660924249697989e-09,0,0,0,0,0,1,-90,90
9,10,4.066651251955252,1.5640966353674046,4.103967757710754e-09,0,0,0,0,0,1,-90,90
10,20,0.9433893734706408,0.3628420667194772,9.520461263623156e-10,0,0,0,0,0,1,-90,90
20,28,3.381141826041193,1.3004391638619974,3.412167943255196e-09,0,0,0,0,0,1,-90,90
20,19,6.424859999999998,2.4710999999999994,6.483815959169849e-09,0,0,0,0,0,1,-90,90
19,17,5.1038345768257205,1.9630132987791236,5.150668509848543e-09,0,0,0,0,0,1,-90,90
18,17,4.235228486536977,1.6289340332834528,4.274091894880079e-09,0,0,0,0,0,1,-90,90
25,24,4.207537854651277,1.6182837902504914,4.246147167533492e-09,0,0,0,0,0,1,-90,90
24,26,5.9730270676765675,2.2973181029525263,6.027836906322446e-09,0,0,0,0,0,1,-90,90
26,27,3.1068389605151236,1.194938061736586,3.135348012993066e-09,0,0,0,0,0,1,-90,90
