BUS_I,BUS_TYPE,Pd,Qd,Gs,Bs,area,Vm,Va,baseKV,zone,Vmax,Vmin
1,1,0.07164061829964712,0.01795483140918098,0,0,1,1,0,0.4,1,1.1,0.9
2,1,0.0,0.0,0,0,1,1,0,0.4,1,1.1,0.9
4,1,0.0,0.0,0,0,1,1,0,0.4,1,1.1,0.9
9,1,0.02150879748800886,0.00539061278192956,0,0,1,1,0,0.4,1,1.1,0.9
10,1,0.042949616963228895,0.010764188667917639,0,0,1,1,0,0.4,1,1.1,0.9
7,1,0.0,0.0,0,0,1,1,0,0.4,1,1.1,0.9
15,1,0.013523612215357816,0.0033893367077638156,0,0,1,1,0,0.4,1,1.1,0.9
13,1,0.036706262442638825,0.009199456529843743,0,0,1,1,0,0.4,1,1.1,0.9
12,1,0.0,0.0,0,0,1,1,0,0.4,1,1.1,0.9
11,1,0.029721549465218287,0.0074489224483739016,0,0,1,1,0,0.4,1,1.1,0.9
33,1,0.01324836330367323,0.003320352827918077,0,0,1,1,0,0.4,1,1.1,0.9
32,1,0.011904021872406195,0.002983429106045403,0,0,1,1,0,0.4,1,1.1,0.9
16,1,0.03437285941126056,0.008614650605042351,0,0,1,1,0,0.4,1,1.1,0.9
20,1,0.03327850118872585,0.008340378580969683,0,0,1,1,0,0.4,1,1.1,0.9
23,1,0.0,0.0,0,0,1,1,0,0.4,1,1.1,0.9
22,1,0.022209447202081675,0.0055662121526727105,0,0,1,1,0,0.4,1,1.1,0.9
21,1,0.0,0.0,0,0,1,1,0,0.4,1,1.1,0.9
17,1,0.052310084954379055,0.013110143081504322,0,0,1,1,0,0.4,1,1.1,0.9
18,3,0.05143952418705807,0.0128919599867784,0,0,1,1,0,0.4,1,1.1,0.9
19,1,0.03313011628568065,0.008303189818769156,0,0,1,1,0,0.4,1,1.1,0.9
27,1,0.027886851648972942,0.006989103832073099,0,0,1,1,0,0.4,1,1.1,0.9
25,1,0.029450388871701514,0.00738096319764489,0,0,1,1,0,0.4,1,1.1,0.9
24,1,0.012055374994472071,0.003021361774054766,0,0,1,1,0,0.4,1,1.1,0.9
26,1,0.008607315483834463,0.0021571966025123214,0,0,1,1,0,0.4,1,1.1,0.9
28,1,0.011621379237274264,0.0029125921844318234,0,0,1,1,0,0.4,1,1.1,0.9
29,1,0.008288093697688357,0.0020771920814957965,0,0,1,1,0,0.4,1,1.1,0.9
30,1,0.01076785051920377,0.0026986777236192266,0,0,1,1,0,0.4,1,1.1,0.9
31,1,0.009235698162011507,0.0023146841467979917,0,0,1,1,0,0.4,1,1.1,0.9
