F_BUS,T_BUS,BR_R,BR_X,BR_B,RATE_A,RATE_B,RATE_C,TAP,SHIFT,BR_STATUS,ANGMIN,ANGMAX
144,30,1.0804178664911614,0.6914674345543433,1.8143124873172618e-09,0,0,0,0,0,1,-90,90
144,145,1.0087353991574548,0.6455906554607712,1.6939383250242694e-09,0,0,0,0,0,1,-90,90
30,29,5.68875,3.6407999999999996,9.552942877320055e-09,0,0,0,0,0,1,-90,90
18,19,8.39709088204349,5.3741381645078325,1.410097640638568e-08,0,0,0,0,0,1,-90,90
18,20,14.660284387758388,9.38258200816537,2.4618564591786057e-08,0,0,0,0,0,1,-90,90
19,21,6.5570800324702345,4.19653122078095,1.1011102789225067e-08,0,0,0,0,0,1,-90,90
20,23,43.25804687499999,27.685149999999997,7.264190741046948e-08,0,0,0,0,0,1,-90,90
21,146,2.8186718749999993,1.8039499999999997,4.733308971528651e-09,0,0,0,0,0,1,-90,90
21,25,3.2754327464476765,2.0962769577265132,5.500333452044509e-09,0,0,0,0,0,1,-90,90
23,31,9.549964757641318,6.111977444890444,1.603696204089953e-08,0,0,0,0,0,1,-90,90
25,24,8.621626700559606,5.517841088358147,1.4478032499235036e-08,0,0,0,0,0,1,-90,90
22,28,1.1310937499999998,0.7238999999999999,1.899410939598986e-09,0,0,0,0,0,1,-90,90
22,36,0.8702206448822107,0.5569412127246148,1.4613347591693046e-09,0,0,0,0,0,1,-90,90
28,29,16.572947447560455,10.606686366438693,2.7830440830652124e-08,0,0,0,0,0,1,-90,90
28,37,1.8162828086724487,1.1624209975503672,3.0500278479993564e-09,0,0,0,0,0,1,-90,90
36,35,0.15552455859807846,0.09953571750277021,2.611676069976461e-10,0,0,0,0,0,1,-90,90
31,32,7.71698844752484,4.938872606415898,1.295890130945174e-08,0,0,0,0,0,1,-90,90
24,26,3.749993325703369,2.3999957284501563,6.2972484343266536e-09,0,0,0,0,0,1,-90,90
26,27,2.932308577826432,1.8766774898089165,4.924135590885787e-09,0,0,0,0,0,1,-90,90
27,33,1.7678516012048746,1.1314250247711197,2.9686988111428635e-09,0,0,0,0,0,1,-90,90
33,34,3.4164305681422924,2.186515563611067,5.737106756632551e-09,0,0,0,0,0,1,-90,90
29,149,1.7298437499999995,1.1070999999999998,2.9048733958143904e-09,0,0,0,0,0,1,-90,90
32,39,19.535206413369302,12.502532104556353,3.280487118674109e-08,0,0,0,0,0,1,-90,90
39,41,4.887524370032734,3.1280155968209495,8.207469324268496e-09,0,0,0,0,0,1,-90,90
39,38,3.2039403161291697,2.0505218023226686,5.380278413065212e-09,0,0,0,0,0,1,-90,90
34,35,1.471213898870808,0.9415768952773171,2.4705642428006425e-09,0,0,0,0,0,1,-90,90
38,40,1.6658307206608618,1.0661316612229517,2.7973782848179506e-09,0,0,0,0,0,1,-90,90
