BUS_I,BUS_TYPE,Pd,Qd,Gs,Bs,area,Vm,Va,baseKV,zone,Vmax,Vmin
1,3,0.019411251793294122,0.004864918277673138,0,0,1,1,0,0.4,1,1.1,0.9
2,1,0.03134992277109164,0.00785703126809232,0,0,1,1,0,0.4,1,1.1,0.9
3,1,0.05322959790205505,0.013340594749090821,0,0,1,1,0,0.4,1,1.1,0.9
4,1,0.012918498426738445,0.0032376808969137704,0,0,1,1,0,0.4,1,1.1,0.9
5,1,0.0,0.0,0,0,1,1,0,0.4,1,1.1,0.9
6,1,0.025659571235712005,0.006430894742450151,0,0,1,1,0,0.4,1,1.1,0.9
10,1,0.019186106915211425,0.004808491652323433,0,0,1,1,0,0.4,1,1.1,0.9
12,1,0.0,0.0,0,0,1,1,0,0.4,1,1.1,0.9
8,1,0.015989944031627228,0.004007457726415528,0,0,1,1,0,0.4,1,1.1,0.9
13,1,0.0,0.0,0,0,1,1,0,0.4,1,1.1,0.9
11,1,0.0,0.0,0,0,1,1,0,0.4,1,1.1,0.9
7,1,0.038805309357731514,0.00972552727539224,0,0,1,1,0,0.4,1,1.1,0.9
19,1,0.007794265256322647,0.001953427007711898,0,0,1,1,0,0.4,1,1.1,0.9
18,1,0.0031415805895478586,0.0007873543135509907,0,0,1,1,0,0.4,1,1.1,0.9
17,1,0.0,0.0,0,0,1,1,0,0.4,1,1.1,0.9
14,1,0.002229790535807977,0.0005588381856332578,0,0,1,1,0,0.4,1,1.1,0.9
24,1,0.005973512077961773,0.0014971032470979986,0,0,1,1,0,0.4,1,1.1,0.9
21,1,0.04284362321610402,0.010737624130854396,0,0,1,1,0,0.4,1,1.1,0.9
15,1,0.0023972712636780493,0.0006008128126614122,0,0,1,1,0,0.4,1,1.1,0.9
28,1,0.008072088000197207,0.0020230559507095655,0,0,1,1,0,0.4,1,1.1,0.9
22,1,0.0023319977380027437,0.0005844537250823379,0,0,1,1,0,0.4,1,1.1,0.9
23,1,0.028291092106727884,0.007090416040705948,0,0,1,1,0,0.4,1,1.1,0.9
25,1,0.0017807658264911042,0.0004463019855600004,0,0,1,1,0,0.4,1,1.1,0.9
26,1,0.0024801656784859054,0.0006215881113392169,0,0,1,1,0,0.4,1,1.1,0.9
27,1,0.020280734853387553,0.005082831273507699,0,0,1,1,0,0.4,1,1.1,0.9
29,1,0.0019166635309845904,0.00048036116080147457,0,0,1,1,0,0.4,1,1.1,0.9
30,1,0.0021764293630868346,0.0005454646151261336,0,0,1,1,0,0.4,1,1.1,0.9
