BUS_I,BUS_TYPE,Pd,Qd,Gs,Bs,area,Vm,Va,baseKV,zone,Vmax,Vmin
1,1,0.008533468189026163,0.0021386887258387664,0,0,1,1,0,0.4,1,1.1,0.9
2,1,0.0,0.0,0,0,1,1,0,0.4,1,1.1,0.9
3,1,0.0,0.0,0,0,1,1,0,0.4,1,1.1,0.9
4,1,0.01127969255261625,0.0028269574291295116,0,0,1,1,0,0.4,1,1.1,0.9
18,1,0.0,0.0,0,0,1,1,0,0.4,1,1.1,0.9
19,1,0.0,0.0,0,0,1,1,0,0.4,1,1.1,0.9
5,1,0.0,0.0,0,0,1,1,0,0.4,1,1.1,0.9
37,1,0.005958629660228013,0.0014933733616264212,0,0,1,1,0,0.4,1,1.1,0.9
12,1,0.0,0.0,0,0,1,1,0,0.4,1,1.1,0.9
34,1,0.002121640802491385,0.0005317333074965924,0,0,1,1,0,0.4,1,1.1,0.9
6,1,0.0,0.0,0,0,1,1,0,0.4,1,1.1,0.9
40,1,0.0,0.0,0,0,1,1,0,0.4,1,1.1,0.9
42,1,0.001944527500080869,0.00048734452972525695,0,0,1,1,0,0.4,1,1.1,0.9
9,1,0.0,0.0,0,0,1,1,0,0.4,1,1.1,0.9
30,1,0.014063550502085853,0.0035246579981107985,0,0,1,1,0,0.4,1,1.1,0.9
29,1,0.023039872387028367,0.005774336322278449,0,0,1,1,0,0.4,1,1.1,0.9
10,1,0.0,0.0,0,0,1,1,0,0.4,1,1.1,0.9
21,3,0.0,0.0,0,0,1,1,0,0.4,1,1.1,0.9
22,1,0.0,0.0,0,0,1,1,0,0.4,1,1.1,0.9
11,1,0.0,0.0,0,0,1,1,0,0.4,1,1.1,0.9
28,1,0.00931545805396251,0.002334673859996793,0,0,1,1,0,0.4,1,1.1,0.9
32,1,0.017321600239726277,0.004341202231682109,0,0,1,1,0,0.4,1,1.1,0.9
14,1,0.0,0.0,0,0,1,1,0,0.4,1,1.1,0.9
43,1,0.006444430918307946,0.0016151266336418889,0,0,1,1,0,0.4,1,1.1,0.9
15,1,0.0,0.0,0,0,1,1,0,0.4,1,1.1,0.9
25,1,0.0,0.0,0,0,1,1,0,0.4,1,1.1,0.9
23,1,0.012494735693526165,0.0031314759448501767,0,0,1,1,0,0.4,1,1.1,0.9
20,1,0.008818540156820329,0.0022101344956089153,0,0,1,1,0,0.4,1,1.1,0.9
33,1,0.013239413239181687,0.0033181097303170088,0,0,1,1,0,0.4,1,1.1,0.9
38,1,0.004354178463643118,0.0010912599876400555,0,0,1,1,0,0.4,1,1.1,0.9
41,1,0.002846532580268186,0.0007134083121070433,0,0,1,1,0,0.4,1,1.1,0.9
31,1,0.02039371213367082,0.005111146048961888,0,0,1,1,0,0.4,1,1.1,0.9
26,1,0.026993511007018012,0.0067652115626041,0,0,1,1,0,0.4,1,1.1,0.9
27,1,0.011914146203036642,0.002985966502482159,0,0,1,1,0,0.4,1,1.1,0.9
24,1,0.01780151944500448,0.004461481322305768,0,0,1,1,0,0.4,1,1.1,0.9
39,1,0.0021092475822078512,0.0005286272737117222,0,0,1,1,0,0.4,1,1.1,0.9
