F_BUS,T_BUS,BR_R,BR_X,BR_B,RATE_A,RATE_B,RATE_C,TAP,SHIFT,BR_STATUS,ANGMIN,ANGMAX
1,2,1.2877241540154902,0.8241434585699138,2.162435558788007e-09,0,0,0,0,0,1,-90,90
1,3,0.26830555627850894,0.1717155560182457,4.5055726702635506e-10,0,0,0,0,0,1,-90,90
2,4,1.1575627718036634,0.7408401739543445,1.9438595536721895e-09,0,0,0,0,0,1,-90,90
3,5,0.10975219696275151,0.07024140605616097,1.8430348815566603e-10,0,0,0,0,0,1,-90,90
3,6,0.6684045623752934,0.4277789199201878,1.1224312200942718e-09,0,0,0,0,0,1,-90,90
4,23,1.1873907968613486,0.7599301099912631,1.993948838580006e-09,0,0,0,0,0,1,-90,90
4,24,7.216760472658693,4.618726702501564,1.2118883859302974e-08,0,0,0,0,0,1,-90,90
5,7,0.4000314369564561,0.2560201196521319,6.717604862891293e-10,0,0,0,0,0,1,-90,90
6,27,0.9314192293512215,0.5961083067847818,1.5641036594734673e-09,0,0,0,0,0,1,-90,90
24,28,3.891171874999999,2.4903499999999994,6.534325229217206e-09,0,0,0,0,0,1,-90,90
7,8,0.26251646610801976,0.16801053830913265,8.816716519748063e-10,0,0,0,0,0,1,-90,90
17,12,5.022738785628361,3.2145528228021516,8.434530732904004e-09,0,0,0,0,0,1,-90,90
17,15,4.539865958539467,2.9055142134652585,7.623657248537445e-09,0,0,0,0,0,1,-90,90
12,11,3.9143863013382543,2.505207232856483,6.573308501243416e-09,0,0,0,0,0,1,-90,90
15,13,0.7485811624635568,0.4790919439766763,1.2570693182249533e-09,0,0,0,0,0,1,-90,90
11,10,0.029187075055959338,0.018679728035813976,4.901295728686137e-11,0,0,0,0,0,1,-90,90
8,9,0.6340771353703477,0.40580936663702255,2.1295724558146054e-09,0,0,0,0,0,1,-90,90
9,10,0.120146233734092,0.07689358958981889,4.0351574872754993e-10,0,0,0,0,0,1,-90,90
13,14,0.6115260346658573,0.3913766621861487,1.026916858212609e-09,0,0,0,0,0,1,-90,90
14,16,0.8198786423492501,0.5247223311035201,1.3767969829395046e-09,0,0,0,0,0,1,-90,90
16,18,1.7306761578494736,1.107632741023663,2.90627123270943e-09,0,0,0,0,0,1,-90,90
18,19,0.9970147887620424,0.6380894648077072,1.6742562645373965e-09,0,0,0,0,0,1,-90,90
19,20,2.863030734017506,1.832339669771204,4.807799438906781e-09,0,0,0,0,0,1,-90,90
20,21,1.178416631512729,0.7541866441681466,1.9788787987738993e-09,0,0,0,0,0,1,-90,90
