BUS_I,BUS_TYPE,Pd,Qd,Gs,Bs,area,Vm,Va,baseKV,zone,Vmax,Vmin
1,1,0.04947323630487687,0.012399161791223842,0,0,1,1,0,0.4,1,1.1,0.9
2,1,0.019395093354643615,0.004860868591214655,0,0,1,1,0,0.4,1,1.1,0.9
3,1,0.017712303579957834,0.004439121718857948,0,0,1,1,0,0.4,1,1.1,0.9
4,1,0.0,0.0,0,0,1,1,0,0.4,1,1.1,0.9
14,1,0.0,0.0,0,0,1,1,0,0.4,1,1.1,0.9
12,1,0.07286681101452594,0.018262144271539733,0,0,1,1,0,0.4,1,1.1,0.9
6,1,0.04240100875627107,0.01062669449073981,0,0,1,1,0,0.4,1,1.1,0.9
7,1,0.0,0.0,0,0,1,1,0,0.4,1,1.1,0.9
11,1,0.0,0.0,0,0,1,1,0,0.4,1,1.1,0.9
9,1,0.0,0.0,0,0,1,1,0,0.4,1,1.1,0.9
10,1,0.0,0.0,0,0,1,1,0,0.4,1,1.1,0.9
25,1,0.0022166760588378928,0.0005555513878835152,0,0,1,1,0,0.4,1,1.1,0.9
20,1,0.0174577882403201,0.004375334161984385,0,0,1,1,0,0.4,1,1.1,0.9
26,1,0.035730238196789964,0.00895484179589224,0,0,1,1,0,0.4,1,1.1,0.9
19,1,0.0,0.0,0,0,1,1,0,0.4,1,1.1,0.9
13,1,0.01320595472665174,0.0033097242366412778,0,0,1,1,0,0.4,1,1.1,0.9
15,1,0.05920524240482796,0.014838232432223649,0,0,1,1,0,0.4,1,1.1,0.9
17,1,0.01338697736041487,0.003355092785205004,0,0,1,1,0,0.4,1,1.1,0.9
18,3,0.022770214995972014,0.0057067538095982055,0,0,1,1,0,0.4,1,1.1,0.9
21,1,0.024334950694994074,0.0060989135416423725,0,0,1,1,0,0.4,1,1.1,0.9
22,1,0.006903332496631724,0.0017301382104229213,0,0,1,1,0,0.4,1,1.1,0.9
23,1,0.011140558036741638,0.002792087032488351,0,0,1,1,0,0.4,1,1.1,0.9
24,1,0.011814783847300423,0.002961063948763249,0,0,1,1,0,0.4,1,1.1,0.9
