BUS_I,BUS_TYPE,Pd,Qd,Gs,Bs,area,Vm,Va,baseKV,zone,Vmax,Vmin
1,1,0.07337186494001528,0.03553561606362684,0,0,1,1,0,20,1,1.05,0.95
2,1,0.0,0.0,0,0,1,1,0,20,1,1.05,0.95
3,1,0.0,0.0,0,0,1,1,0,20,1,1.05,0.95
115,3,0.0,0.0,0,0,1,1,0,20,1,1.05,0.95
4,1,0.11001291188102012,0.053281685041556864,0,0,1,1,0,20,1,1.05,0.95
5,1,0.06385824289161722,0.030927958608514886,0,0,1,1,0,20,1,1.05,0.95
129,1,0.20668709734400956,0.10010313002847683,0,0,1,1,0,20,1,1.05,0.95
116,1,0.0,0.0,0,0,1,1,0,20,1,1.05,0.95
152,1,0.06816418502475022,0.033013421565743856,0,0,1,1,0,20,1,1.05,0.95
59,1,0.219297667383506,0.1062107078532109,0,0,1,1,0,20,1,1.05,0.95
61,1,0.0,0.0,0,0,1,1,0,20,1,1.05,0.95
52,1,0.26512527265118657,0.12840603009613222,0,0,1,1,0,20,1,1.05,0.95
63,1,0.0,0.0,0,0,1,1,0,20,1,1.05,0.95
60,1,0.0,0.0,0,0,1,1,0,20,1,1.05,0.95
62,1,0.0,0.0,0,0,1,1,0,20,1,1.05,0.95
112,1,0.3078341028405096,0.14909086062858756,0,0,1,1,0,20,1,1.05,0.95
65,1,0.19990516321096646,0.09681848941428972,0,0,1,1,0,20,1,1.05,0.95
187,1,0.27660921867056615,0.13396795900408243,0,0,1,1,0,20,1,1.05,0.95
113,1,0.0,0.0,0,0,1,1,0,20,1,1.05,0.95
114,1,0.0,0.0,0,0,1,1,0,20,1,1.05,0.95
