F_BUS,T_BUS,BR_R,BR_X,BR_B,RATE_A,RATE_B,RATE_C,TAP,SHIFT,BR_STATUS,ANGMIN,ANGMAX
1,2,2.2763355512842733,1.4568547528219349,3.822580266496422e-09,0,0,0,0,0,1,-90,90
1,3,0.5539274767134096,0.35451358509658215,1.860386743386944e-09,0,0,0,0,0,1,-90,90
3,5,1.2572250256847695,0.8046240164382525,4.222438621596606e-09,0,0,0,0,0,1,-90,90
5,10,1.4155468749999998,0.9059499999999998,4.754168644093663e-09,0,0,0,0,0,1,-90,90
10,13,3.2203906249999994,2.0610499999999994,5.407902910706575e-09,0,0,0,0,0,1,-90,90
10,12,1.2404010117726991,0.7938566475345274,2.0829672617771215e-09,0,0,0,0,0,1,-90,90
13,14,1.2009494796931977,0.7686076670036465,2.016717517566488e-09,0,0,0,0,0,1,-90,90
12,11,1.4512235225225696,0.9287830544144446,2.4369950187442413e-09,0,0,0,0,0,1,-90,90
