F_BUS,T_BUS,BR_R,BR_X,BR_B,RATE_A,RATE_B,RATE_C,TAP,SHIFT,BR_STATUS,ANGMIN,ANGMAX
8,9,8.443146646379338,3.247364094761284,8.520622857370552e-09,0,0,0,0,0,1,-90,90
8,10,2.0550805810884913,0.7904156081109583,2.073938462323166e-09,0,0,0,0,0,1,-90,90
9,11,6.8285354407048535,2.6263597848864824,6.8911956164335184e-09,0,0,0,0,0,1,-90,90
9,16,10.96653641227961,4.217898620107542,1.1067167814824884e-08,0,0,0,0,0,1,-90,90
11,12,2.1763547546352178,0.8370595210135454,2.1963254749393782e-09,0,0,0,0,0,1,-90,90
16,18,9.649090610983976,3.711188696532299,9.737632834797003e-09,0,0,0,0,0,1,-90,90
12,13,4.579047665468009,1.7611721790261572,4.621066035860847e-09,0,0,0,0,0,1,-90,90
13,15,6.710462614070215,2.580947159257775,6.772039327008075e-09,0,0,0,0,0,1,-90,90
15,17,12.897366320430894,4.960525507858037,1.3015715452114064e-08,0,0,0,0,0,1,-90,90
15,14,5.204458331749951,2.0017147429807505,5.252215610960369e-09,0,0,0,0,0,1,-90,90
17,19,0.5970424134998363,0.22963169749993712,6.025210088549049e-10,0,0,0,0,0,1,-90,90
19,20,2.827395888800645,1.0874599572310173,2.8533407088554224e-09,0,0,0,0,0,1,-90,90
20,21,2.558762421061089,0.9841393927158034,2.582242200047935e-09,0,0,0,0,0,1,-90,90
21,22,2.4807243661048166,0.9541247561941604,2.503488050362486e-09,0,0,0,0,0,1,-90,90
22,23,3.888475679987174,1.4955675692258361,3.924157206654258e-09,0,0,0,0,0,1,-90,90
