F_BUS,T_BUS,BR_R,BR_X,BR_B,RATE_A,RATE_B,RATE_C,TAP,SHIFT,BR_STATUS,ANGMIN,ANGMAX
1,2,0.7585056312269074,0.2917329350872721,7.654658493522388e-10,0,0,0,0,0,1,-90,90
1,3,1.4400072475982684,0.5538489413839494,1.4532210777040904e-09,0,0,0,0,0,1,-90,90
3,4,4.779059999999999,1.8380999999999996,4.822913728521752e-09,0,0,0,0,0,1,-90,90
3,5,1.1963899999999998,0.4601499999999999,1.2073683434956117e-09,0,0,0,0,0,1,-90,90
4,14,6.129458577385812,2.357484068225312,6.185703866718443e-09,0,0,0,0,0,1,-90,90
4,12,3.5711904478351286,1.3735347876288955,3.6039604939108917e-09,0,0,0,0,0,1,-90,90
5,18,2.9236999999999997,1.1244999999999998,2.9505285282208313e-09,0,0,0,0,0,1,-90,90
5,25,1.5278906641845191,0.5876502554555844,1.5419109322703077e-09,0,0,0,0,0,1,-90,90
14,28,2.766342895908867,1.0639780368880258,2.7917274799808952e-09,0,0,0,0,0,1,-90,90
12,13,1.268860291589288,0.4880231890728031,1.28050363876622e-09,0,0,0,0,0,1,-90,90
18,19,1.0464027282067423,0.40246258777182403,1.0560047547908822e-09,0,0,0,0,0,1,-90,90
18,17,1.468759685007176,0.5649075711566061,1.4822373539399783e-09,0,0,0,0,0,1,-90,90
25,26,1.6973546752572357,0.652828721252783,1.7129299831909842e-09,0,0,0,0,0,1,-90,90
28,29,2.0194626530687434,0.7767164050264399,2.0379936961917625e-09,0,0,0,0,0,1,-90,90
19,11,1.9082354025424342,0.7339366932855517,1.925745799419371e-09,0,0,0,0,0,1,-90,90
17,16,1.8374813439298419,0.7067235938191699,1.854342485664929e-09,0,0,0,0,0,1,-90,90
26,27,0.2128069542380817,0.08184882855310835,2.147597186726563e-10,0,0,0,0,0,1,-90,90
6,7,1.3540925153318577,0.5208048135891761,1.36651797254744e-09,0,0,0,0,0,1,-90,90
6,8,0.5289885649891742,0.20345714038045165,1.067685365874172e-09,0,0,0,0,0,1,-90,90
7,9,2.975330258521302,1.1443577917389625,3.0026325575968003e-09,0,0,0,0,0,1,-90,90
8,10,1.6379481280981028,0.629980049268501,1.652978308205138e-09,0,0,0,0,0,1,-90,90
8,11,1.0150950243424175,0.39042116320862214,1.0244097644003566e-09,0,0,0,0,0,1,-90,90
9,23,4.729707284974027,1.819118186528472,4.7731081418920415e-09,0,0,0,0,0,1,-90,90
10,20,0.501514635602356,0.19289024446244463,5.061166466002073e-10,0,0,0,0,0,1,-90,90
23,21,2.34725871279239,0.9027918126124578,2.3687976862225447e-09,0,0,0,0,0,1,-90,90
21,22,0.863632742315711,0.3321664393521966,8.715576304368081e-10,0,0,0,0,0,1,-90,90
15,16,1.4597339364331758,0.5614361293973753,1.4731287830687758e-09,0,0,0,0,0,1,-90,90
