BUS_I,BUS_TYPE,Pd,Qd,Gs,Bs,area,Vm,Va,baseKV,zone,Vmax,Vmin
1,1,0.009557287577429777,0.0023952820516438315,0,0,1,1,0,0.4,1,1.1,0.9
2,1,0.017950405540175074,0.004498795695093258,0,0,1,1,0,0.4,1,1.1,0.9
3,1,0.0,0.0,0,0,1,1,0,0.4,1,1.1,0.9
4,1,0.045355418937872524,0.011367139478279555,0,0,1,1,0,0.4,1,1.1,0.9
5,1,0.0,0.0,0,0,1,1,0,0.4,1,1.1,0.9
12,1,0.0,0.0,0,0,1,1,0,0.4,1,1.1,0.9
20,1,0.006547093629237942,0.0016408563343411169,0,0,1,1,0,0.4,1,1.1,0.9
7,3,0.006044756789304025,0.0015149588548706103,0,0,1,1,0,0.4,1,1.1,0.9
10,1,0.0,0.0,0,0,1,1,0,0.4,1,1.1,0.9
6,1,0.0034041520024574016,0.0008531609127059915,0,0,1,1,0,0.4,1,1.1,0.9
8,1,0.05855921006012958,0.01467632146454577,0,0,1,1,0,0.4,1,1.1,0.9
9,1,0.008585933638959577,0.002151837807054414,0,0,1,1,0,0.4,1,1.1,0.9
11,1,0.0,0.0,0,0,1,1,0,0.4,1,1.1,0.9
13,1,0.0,0.0,0,0,1,1,0,0.4,1,1.1,0.9
14,1,0.036914754395023106,0.009251709538598822,0,0,1,1,0,0.4,1,1.1,0.9
22,1,0.005299308113197534,0.0013281318058953068,0,0,1,1,0,0.4,1,1.1,0.9
15,1,0.01647100494548404,0.004128022956181114,0,0,1,1,0,0.4,1,1.1,0.9
16,1,0.006696188875383118,0.0016782231253038935,0,0,1,1,0,0.4,1,1.1,0.9
17,1,0.004116976654421747,0.0010318116105097956,0,0,1,1,0,0.4,1,1.1,0.9
18,1,0.0,0.0,0,0,1,1,0,0.4,1,1.1,0.9
19,1,0.0014186408797849269,0.0003555449189476916,0,0,1,1,0,0.4,1,1.1,0.9
