F_BUS,T_BUS,BR_R,BR_X,BR_B,RATE_A,RATE_B,RATE_C,TAP,SHIFT,BR_STATUS,ANGMIN,ANGMAX
1,2,1.2509801007370756,0.4811461925911829,3.787378125794005e-09,0,0,0,0,0,1,-90,90
1,3,5.447719443413161,2.0952767090050624,1.0995417882500833e-08,0,0,0,0,0,1,-90,90
2,4,0.21286894864480735,0.08187267255569515,6.444668458619687e-10,0,0,0,0,0,1,-90,90
3,5,7.776825026779453,2.9910865487613276,7.848186920851835e-09,0,0,0,0,0,1,-90,90
4,6,5.5582147757139495,2.1377749137361346,1.6827654610653516e-08,0,0,0,0,0,1,-90,90
5,8,7.265485062648712,2.794417331787966,7.332154786300695e-09,0,0,0,0,0,1,-90,90
12,20,19.54440834301842,7.517080131930162,1.972375222603998e-08,0,0,0,0,0,1,-90,90
12,7,12.786831492232272,4.918012112397029,3.871249899447673e-08,0,0,0,0,0,1,-90,90
12,10,3.1416233333333325,1.2083166666666665,9.511354725099244e-09,0,0,0,0,0,1,-90,90
7,6,2.7835140157458294,1.0705823137483959,8.427168497616649e-09,0,0,0,0,0,1,-90,90
10,9,1.9059887050282238,0.7330725788570092,5.770435457111661e-09,0,0,0,0,0,1,-90,90
9,11,0.48276269962606194,0.1856779613946392,1.4615779159362452e-09,0,0,0,0,0,1,-90,90
11,13,2.8228199999999997,1.0856999999999999,2.848722830670837e-09,0,0,0,0,0,1,-90,90
11,14,6.913896824685141,2.6591910864173625,1.3954680591311648e-08,0,0,0,0,0,1,-90,90
13,22,7.848489999999998,3.0186499999999996,7.920509507971377e-09,0,0,0,0,0,1,-90,90
14,15,4.6323557685756205,1.7816752956060082,4.674863306102099e-09,0,0,0,0,0,1,-90,90
15,16,3.350041630058283,1.2884775500224166,3.3807823648850373e-09,0,0,0,0,0,1,-90,90
16,17,1.5631935454857813,0.6012282867253006,1.577537760743738e-09,0,0,0,0,0,1,-90,90
17,18,3.8697896959368765,1.488380652283414,3.905299755815156e-09,0,0,0,0,0,1,-90,90
18,19,9.208203890459181,3.5416168809458393,9.292700438647559e-09,0,0,0,0,0,1,-90,90
