BUS_I,BUS_TYPE,Pd,Qd,Gs,Bs,area,Vm,Va,baseKV,zone,Vmax,Vmin
1,1,0.001578221927960598,0.00039553969961960377,0,0,1,1,0,0.4,1,1.1,0.9
3,1,0.0,0.0,0,0,1,1,0,0.4,1,1.1,0.9
5,1,0.0024737986033790535,0.000619992371899407,0,0,1,1,0,0.4,1,1.1,0.9
4,1,0.0,0.0,0,0,1,1,0,0.4,1,1.1,0.9
10,1,0.0,0.0,0,0,1,1,0,0.4,1,1.1,0.9
6,1,0.0020288345089641982,0.0005084738578499969,0,0,1,1,0,0.4,1,1.1,0.9
9,1,0.0028564406964300365,0.0007158915200900415,0,0,1,1,0,0.4,1,1.1,0.9
8,1,0.0047064903342442154,0.0011795576655528528,0,0,1,1,0,0.4,1,1.1,0.9
7,1,0.0016081490615459718,0.00040304014630528057,0,0,1,1,0,0.4,1,1.1,0.9
18,1,0.015892035626726045,0.003982919567124527,0,0,1,1,0,0.4,1,1.1,0.9
16,1,0.0,0.0,0,0,1,1,0,0.4,1,1.1,0.9
11,1,0.013698541647105397,0.003433178155954487,0,0,1,1,0,0.4,1,1.1,0.9
12,1,0.009989305202809419,0.0025035558747010566,0,0,1,1,0,0.4,1,1.1,0.9
13,1,0.0015010783991341006,0.00037620570882969075,0,0,1,1,0,0.4,1,1.1,0.9
15,1,0.018410429052893713,0.0046140884551386175,0,0,1,1,0,0.4,1,1.1,0.9
17,3,0.018108513583397146,0.004538421305925008,0,0,1,1,0,0.4,1,1.1,0.9
19,1,0.023836926726270267,0.005974096969585914,0,0,1,1,0,0.4,1,1.1,0.9
25,1,0.0,0.0,0,0,1,1,0,0.4,1,1.1,0.9
26,1,0.013333656576881441,0.0033417293371824893,0,0,1,1,0,0.4,1,1.1,0.9
28,1,0.0,0.0,0,0,1,1,0,0.4,1,1.1,0.9
20,1,0.006679898068615546,0.0016741402642681624,0,0,1,1,0,0.4,1,1.1,0.9
21,1,0.004616057582882682,0.0011568930816463691,0,0,1,1,0,0.4,1,1.1,0.9
22,1,0.00399136845749509,0.0010003312289475325,0,0,1,1,0,0.4,1,1.1,0.9
23,1,0.0,0.0,0,0,1,1,0,0.4,1,1.1,0.9
24,1,0.0,0.0,0,0,1,1,0,0.4,1,1.1,0.9
29,1,0.0,0.0,0,0,1,1,0,0.4,1,1.1,0.9
33,1,0.004831879528487787,0.0012109831598689379,0,0,1,1,0,0.4,1,1.1,0.9
30,1,0.009106659486316792,0.0022823440062136103,0,0,1,1,0,0.4,1,1.1,0.9
31,1,0.02151812548453127,0.005392950598225962,0,0,1,1,0,0.4,1,1.1,0.9
36,1,0.01450705483697849,0.0036358106619380657,0,0,1,1,0,0.4,1,1.1,0.9
32,1,0.002596789458858755,0.0006508167858620635,0,0,1,1,0,0.4,1,1.1,0.9
34,1,0.0029912639468081263,0.0007496814117469135,0,0,1,1,0,0.4,1,1.1,0.9
35,1,0.0025711572570027447,0.0006443927505327505,0,0,1,1,0,0.4,1,1.1,0.9
