BUS_I,BUS_TYPE,Pd,Qd,Gs,Bs,area,Vm,Va,baseKV,zone,Vmax,Vmin
1,1,0.0271933458240375,0.006815294888717536,0,0,1,1,0,0.4,1,1.1,0.9
2,1,0.017772415616995153,0.004454187215447511,0,0,1,1,0,0.4,1,1.1,0.9
3,1,0.026777178945802095,0.00671099363735831,0,0,1,1,0,0.4,1,1.1,0.9
4,3,0.03118063260039171,0.007814603151944086,0,0,1,1,0,0.4,1,1.1,0.9
5,1,0.01929774605736471,0.004836471058749602,0,0,1,1,0,0.4,1,1.1,0.9
18,1,0.03135802742862035,0.00785906248673631,0,0,1,1,0,0.4,1,1.1,0.9
16,1,0.0,0.0,0,0,1,1,0,0.4,1,1.1,0.9
6,1,0.002847106158386328,0.000713552064333862,0,0,1,1,0,0.4,1,1.1,0.9
7,1,0.0007699577187184924,0.00019296959406415703,0,0,1,1,0,0.4,1,1.1,0.9
8,1,0.0016795922972208097,0.00042094550896564745,0,0,1,1,0,0.4,1,1.1,0.9
9,1,0.00043159644963241373,0.00010816826646496476,0,0,1,1,0,0.4,1,1.1,0.9
13,1,0.0,0.0,0,0,1,1,0,0.4,1,1.1,0.9
11,1,0.002886751129015311,0.0007234880305602844,0,0,1,1,0,0.4,1,1.1,0.9
12,1,0.0009844351910412914,0.00024672271551986764,0,0,1,1,0,0.4,1,1.1,0.9
14,1,0.001144028194385913,0.00028672049243955194,0,0,1,1,0,0.4,1,1.1,0.9
26,1,0.0016137836292221298,0.00040445230207794417,0,0,1,1,0,0.4,1,1.1,0.9
25,1,0.00038560151043862866,9.664084810230094e-05,0,0,1,1,0,0.4,1,1.1,0.9
15,1,0.0006199841400280953,0.0001553826722155096,0,0,1,1,0,0.4,1,1.1,0.9
17,1,0.0006240210641485132,0.00015639442076980866,0,0,1,1,0,0.4,1,1.1,0.9
23,1,0.0,0.0,0,0,1,1,0,0.4,1,1.1,0.9
29,1,0.026665684287884062,0.006683050442094843,0,0,1,1,0,0.4,1,1.1,0.9
21,1,0.0,0.0,0,0,1,1,0,0.4,1,1.1,0.9
19,1,0.0008666581564901432,0.0002172050082550552,0,0,1,1,0,0.4,1,1.1,0.9
20,1,0.0004666896629820033,0.00011696345478484841,0,0,1,1,0,0.4,1,1.1,0.9
22,1,0.0007801799532266197,0.00019553152752557496,0,0,1,1,0,0.4,1,1.1,0.9
24,1,0.001076920171236676,0.00026990163645469365,0,0,1,1,0,0.4,1,1.1,0.9
27,1,0.0,0.0,0,0,1,1,0,0.4,1,1.1,0.9
34,1,0.007182020296497735,0.001799983956888435,0,0,1,1,0,0.4,1,1.1,0.9
28,1,0.001379877657115058,0.0003458299395905485,0,0,1,1,0,0.4,1,1.1,0.9
33,1,0.0,0.0,0,0,1,1,0,0.4,1,1.1,0.9
31,1,0.0007957533601265243,0.00019943459120636039,0,0,1,1,0,0.4,1,1.1,0.9
