BUS_I,BUS_TYPE,Pd,Qd,Gs,Bs,area,Vm,Va,baseKV,zone,Vmax,Vmin
1,3,0.06113268912374009,0.015321296114665607,0,0,1,1,0,0.4,1,1.1,0.9
2,1,0.06355103069170315,0.01592738964335316,0,0,1,1,0,0.4,1,1.1,0.9
3,1,0.0,0.0,0,0,1,1,0,0.4,1,1.1,0.9
4,1,0.0029980798659114795,0.000751389642095896,0,0,1,1,0,0.4,1,1.1,0.9
5,1,0.005302829307106566,0.0013290143002748398,0,0,1,1,0,0.4,1,1.1,0.9
6,1,0.0,0.0,0,0,1,1,0,0.4,1,1.1,0.9
7,1,0.0045035705841046545,0.0011287011823199757,0,0,1,1,0,0.4,1,1.1,0.9
9,1,0.041435029768589746,0.010384597335797822,0,0,1,1,0,0.4,1,1.1,0.9
8,1,0.0,0.0,0,0,1,1,0,0.4,1,1.1,0.9
10,1,0.0,0.0,0,0,1,1,0,0.4,1,1.1,0.9
11,1,0.0034307982516721693,0.0008598390922596223,0,0,1,1,0,0.4,1,1.1,0.9
