BUS_I,BUS_TYPE,Pd,Qd,Gs,Bs,area,Vm,Va,baseKV,zone,Vmax,Vmin
1,1,0.0014499180674877273,0.0003633837210893512,0,0,1,1,0,0.4,1,1.1,0.9
2,1,0.0,0.0,0,0,1,1,0,0.4,1,1.1,0.9
3,1,0.002895009725226036,0.0007255578298746881,0,0,1,1,0,0.4,1,1.1,0.9
5,1,0.003562316007128829,0.0008928005487990035,0,0,1,1,0,0.4,1,1.1,0.9
6,3,0.07420469374753993,0.018597449291047622,0,0,1,1,0,0.4,1,1.1,0.9
9,1,0.026170269300015564,0.00655888774227621,0,0,1,1,0,0.4,1,1.1,0.9
7,1,0.005217309669378746,0.0013075810587140978,0,0,1,1,0,0.4,1,1.1,0.9
8,1,0.03827307407589552,0.009592136540049714,0,0,1,1,0,0.4,1,1.1,0.9
