F_BUS,T_BUS,BR_R,BR_X,BR_B,RATE_A,RATE_B,RATE_C,TAP,SHIFT,BR_STATUS,ANGMIN,ANGMAX
1,2,6.499392070414949,2.4997661809288267,6.559031952611952e-09,0,0,0,0,0,1,-90,90
2,3,6.758516591739251,2.59942945836125,6.820534258775006e-09,0,0,0,0,0,1,-90,90
3,5,1.7813342486257058,0.685128557163733,1.797680171996773e-09,0,0,0,0,0,1,-90,90
5,6,8.33963863927082,3.2075533227964694,8.41616503752824e-09,0,0,0,0,0,1,-90,90
5,9,9.585651083101194,3.686788878115844,9.673611171550085e-09,0,0,0,0,0,1,-90,90
6,7,9.355594735323685,3.598305667432187,9.441443775026561e-09,0,0,0,0,0,1,-90,90
9,8,5.963486928308206,2.2936488185800794,6.018209224491357e-09,0,0,0,0,0,1,-90,90
