F_BUS,T_BUS,BR_R,BR_X,BR_B,RATE_A,RATE_B,RATE_C,TAP,SHIFT,BR_STATUS,ANGMIN,ANGMAX
1,2,1.0780921492505031,0.41465082663480896,1.0879849650834628e-09,0,0,0,0,0,1,-90,90
1,3,4.990908399675133,1.9195801537212054,5.036706096719382e-09,0,0,0,0,0,1,-90,90
2,4,1.5542884108754276,0.5978032349520875,1.5685509106170164e-09,0,0,0,0,0,1,-90,90
3,5,0.8227699999999998,0.31644999999999995,8.303199224148349e-10,0,0,0,0,0,1,-90,90
4,11,5.566933271722635,2.141128181431783,5.6180167024384745e-09,0,0,0,0,0,1,-90,90
4,7,28.802638163458013,11.07793775517616,2.90669376438434e-08,0,0,0,0,0,1,-90,90
5,13,3.307553483672501,1.2721359552586544,3.337904337719981e-09,0,0,0,0,0,1,-90,90
11,9,0.4681438991562269,0.18005534582931806,4.724396927772971e-10,0,0,0,0,0,1,-90,90
7,17,5.9905917949341685,2.3040737672823726,6.045562811464549e-09,0,0,0,0,0,1,-90,90
17,16,3.377185508611811,1.298917503312235,3.4081753217680096e-09,0,0,0,0,0,1,-90,90
8,12,1.210394273244387,0.4655362589401489,1.2215011230983634e-09,0,0,0,0,0,1,-90,90
8,10,4.966525669732924,1.9102021806665093,5.012099625367878e-09,0,0,0,0,0,1,-90,90
10,9,4.595203320450691,1.767385892481035,4.637369938764188e-09,0,0,0,0,0,1,-90,90
14,15,0.09369665569931977,0.03603717526896914,9.455643726775251e-11,0,0,0,0,0,1,-90,90
15,16,0.0727482365553701,0.027980090982834657,7.341579072215928e-11,0,0,0,0,0,1,-90,90
