BUS_I,BUS_TYPE,Pd,Qd,Gs,Bs,area,Vm,Va,baseKV,zone,Vmax,Vmin
1,1,0.011351171284246335,0.0028448716879148324,0,0,1,1,0,0.4,1,1.1,0.9
3,1,0.0,0.0,0,0,1,1,0,0.4,1,1.1,0.9
6,1,0.0,0.0,0,0,1,1,0,0.4,1,1.1,0.9
4,3,0.0,0.0,0,0,1,1,0,0.4,1,1.1,0.9
13,1,0.0,0.0,0,0,1,1,0,0.4,1,1.1,0.9
30,1,0.0,0.0,0,0,1,1,0,0.4,1,1.1,0.9
38,1,0.010856355176486683,0.002720859081599632,0,0,1,1,0,0.4,1,1.1,0.9
39,1,0.009531398754102251,0.0023887937009112407,0,0,1,1,0,0.4,1,1.1,0.9
7,1,0.0,0.0,0,0,1,1,0,0.4,1,1.1,0.9
37,1,0.016275232621675077,0.004078957786840011,0,0,1,1,0,0.4,1,1.1,0.9
35,1,0.027887962598400717,0.006989382262245161,0,0,1,1,0,0.4,1,1.1,0.9
15,1,0.00882451005840654,0.0022116306939814856,0,0,1,1,0,0.4,1,1.1,0.9
12,1,0.0037014726565721846,0.0009276764926353824,0,0,1,1,0,0.4,1,1.1,0.9
33,1,0.00787701021295171,0.0019741648486392444,0,0,1,1,0,0.4,1,1.1,0.9
26,1,0.0,0.0,0,0,1,1,0,0.4,1,1.1,0.9
8,1,0.002918423816372859,0.0007314259542588474,0,0,1,1,0,0.4,1,1.1,0.9
9,1,0.0,0.0,0,0,1,1,0,0.4,1,1.1,0.9
40,1,0.008122753259529094,0.002035753861632132,0,0,1,1,0,0.4,1,1.1,0.9
10,1,0.002362435613532799,0.0005920821757653002,0,0,1,1,0,0.4,1,1.1,0.9
11,1,0.0035424999595387477,0.0008878341791316165,0,0,1,1,0,0.4,1,1.1,0.9
14,1,0.0,0.0,0,0,1,1,0,0.4,1,1.1,0.9
16,1,0.0,0.0,0,0,1,1,0,0.4,1,1.1,0.9
32,1,0.0036326767179404645,0.0009104346051547019,0,0,1,1,0,0.4,1,1.1,0.9
22,1,0.004908478244623102,0.0012301806077275928,0,0,1,1,0,0.4,1,1.1,0.9
20,1,0.0031064445137885194,0.0007785483828986271,0,0,1,1,0,0.4,1,1.1,0.9
29,1,0.0,0.0,0,0,1,1,0,0.4,1,1.1,0.9
23,1,0.0037905740583740514,0.0009500074088899409,0,0,1,1,0,0.4,1,1.1,0.9
17,1,0.0023746282334514233,0.0005951379343596701,0,0,1,1,0,0.4,1,1.1,0.9
18,1,0.004603548411162945,0.0011537579876923086,0,0,1,1,0,0.4,1,1.1,0.9
19,1,0.0,0.0,0,0,1,1,0,0.4,1,1.1,0.9
25,1,0.005862783039692976,0.0014693519342058989,0,0,1,1,0,0.4,1,1.1,0.9
27,1,0.0,0.0,0,0,1,1,0,0.4,1,1.1,0.9
42,1,0.011508515898944967,0.0028843059655231035,0,0,1,1,0,0.4,1,1.1,0.9
28,1,0.006145319397930421,0.0015401622203189973,0,0,1,1,0,0.4,1,1.1,0.9
24,1,0.003931584980795672,0.0009853480773406734,0,0,1,1,0,0.4,1,1.1,0.9
41,1,0.011377351898178891,0.0028514331682664086,0,0,1,1,0,0.4,1,1.1,0.9
31,1,0.007273016666362399,0.0018227897969069257,0,0,1,1,0,0.4,1,1.1,0.9
34,1,0.008074443858630391,0.002023646384488554,0,0,1,1,0,0.4,1,1.1,0.9
