F_BUS,T_BUS,BR_R,BR_X,BR_B,RATE_A,RATE_B,RATE_C,TAP,SHIFT,BR_STATUS,ANGMIN,ANGMAX
1,2,0.37835212449601946,0.14552004788308442,3.81823968614586e-10,0,0,0,0,0,1,-90,90
1,3,4.620023795170459,1.776932228911715,4.662418171737701e-09,0,0,0,0,0,1,-90,90
3,5,1.6604899999999998,0.6386499999999998,1.6757270293892698e-09,0,0,0,0,0,1,-90,90
5,8,3.1411899999999995,1.2081499999999998,3.1700142653357027e-09,0,0,0,0,0,1,-90,90
5,15,1.571737762364719,0.6045145239864305,1.5861603812768336e-09,0,0,0,0,0,1,-90,90
8,13,4.858005646307825,1.8684637101183945,4.902583797820952e-09,0,0,0,0,0,1,-90,90
13,12,2.8235140274189314,1.085966933622666,2.8494232266413286e-09,0,0,0,0,0,1,-90,90
16,17,1.6056575036123821,0.6175605783124547,1.6203913776927103e-09,0,0,0,0,0,1,-90,90
17,18,1.023535609585812,0.3936675421483892,1.0329278023507327e-09,0,0,0,0,0,1,-90,90
11,14,4.388617157025377,1.6879296757789912,8.857776188557495e-09,0,0,0,0,0,1,-90,90
11,27,2.0851396590593283,0.8019767919458956,4.2085467382968205e-09,0,0,0,0,0,1,-90,90
14,12,4.910266455148487,1.888564021210957,4.95532416358771e-09,0,0,0,0,0,1,-90,90
27,24,5.678299771739415,2.1839614506690057,1.1460810252971905e-08,0,0,0,0,0,1,-90,90
10,12,2.6751399999999994,1.0288999999999997,2.6996876858038356e-09,0,0,0,0,0,1,-90,90
10,9,0.24850729384623407,0.09557972840239773,2.507876526197184e-10,0,0,0,0,0,1,-90,90
24,23,1.5601299999999998,0.6000499999999999,3.148892206952263e-09,0,0,0,0,0,1,-90,90
18,20,0.37997752774203836,0.14614520297770706,3.834642869260549e-10,0,0,0,0,0,1,-90,90
20,21,6.128453955237447,2.357097675091326,6.184690025931484e-09,0,0,0,0,0,1,-90,90
21,25,1.8095999999999997,0.6959999999999998,1.8262052962576242e-09,0,0,0,0,0,1,-90,90
21,23,1.18339,0.45514999999999994,1.1942490525742208e-09,0,0,0,0,0,1,-90,90
26,25,2.072535432117786,0.7971290123529947,2.091553482988e-09,0,0,0,0,0,1,-90,90
23,22,2.256395274229086,0.867844336241956,2.2771004643279354e-09,0,0,0,0,0,1,-90,90
