BUS_I,BUS_TYPE,Pd,Qd,Gs,Bs,area,Vm,Va,baseKV,zone,Vmax,Vmin
1,1,0.0029588282716463887,0.000741552265279527,0,0,1,1,0,0.4,1,1.1,0.9
4,1,0.0,0.0,0,0,1,1,0,0.4,1,1.1,0.9
3,1,0.00230271287657671,0.0005771142469730563,0,0,1,1,0,0.4,1,1.1,0.9
5,1,0.0,0.0,0,0,1,1,0,0.4,1,1.1,0.9
6,1,0.0,0.0,0,0,1,1,0,0.4,1,1.1,0.9
14,1,0.006393778352260211,0.001602431903956202,0,0,1,1,0,0.4,1,1.1,0.9
8,1,0.0009889949613953789,0.00024786550169222856,0,0,1,1,0,0.4,1,1.1,0.9
18,1,0.0,0.0,0,0,1,1,0,0.4,1,1.1,0.9
7,1,0.04333435911406005,0.010860614140200491,0,0,1,1,0,0.4,1,1.1,0.9
9,1,0.0,0.0,0,0,1,1,0,0.4,1,1.1,0.9
11,3,0.0,0.0,0,0,1,1,0,0.4,1,1.1,0.9
20,1,0.014383023483518232,0.00360472547460039,0,0,1,1,0,0.4,1,1.1,0.9
12,1,0.0,0.0,0,0,1,1,0,0.4,1,1.1,0.9
21,1,0.037272726999669006,0.009341425930194429,0,0,1,1,0,0.4,1,1.1,0.9
13,1,0.0,0.0,0,0,1,1,0,0.4,1,1.1,0.9
16,1,0.02201146342788876,0.005516592741621303,0,0,1,1,0,0.4,1,1.1,0.9
19,1,0.027124159834631845,0.00679795524529821,0,0,1,1,0,0.4,1,1.1,0.9
15,1,0.03038302012624053,0.00761470262284278,0,0,1,1,0,0.4,1,1.1,0.9
