F_BUS,T_BUS,BR_R,BR_X,BR_B,RATE_A,RATE_B,RATE_C,TAP,SHIFT,BR_STATUS,ANGMIN,ANGMAX
1,2,0.6389146582822037,0.24573640703161684,6.447774827650259e-10,0,0,0,0,0,1,-90,90
1,3,3.6337942235381124,1.397613162899274,7.334277471856392e-09,0,0,0,0,0,1,-90,90
2,4,4.592475007170825,1.7663365412195482,4.634616589868554e-09,0,0,0,0,0,1,-90,90
3,5,6.026019999999999,2.3177,6.081316113701574e-09,0,0,0,0,0,1,-90,90
3,6,36.078866641060195,13.876487169638539,3.640993442908746e-08,0,0,0,0,0,1,-90,90
4,10,2.5908999999999995,0.9964999999999998,2.614674680633222e-09,0,0,0,0,0,1,-90,90
5,11,8.472649291519428,3.258711265969011,8.550396225412353e-09,0,0,0,0,0,1,-90,90
6,12,2.7642578711537458,1.0631761042899024,2.7896233225700692e-09,0,0,0,0,0,1,-90,90
10,8,1.734233720282342,0.6670129693393623,1.7501474386207876e-09,0,0,0,0,0,1,-90,90
12,13,5.213292393809599,2.005112459157538,5.261130736358687e-09,0,0,0,0,0,1,-90,90
8,7,0.9637228966866705,0.37066265257179637,9.725662345567734e-10,0,0,0,0,0,1,-90,90
13,14,1.8705363716087688,0.7194370660033726,1.8877008337060423e-09,0,0,0,0,0,1,-90,90
14,18,2.6699576923054726,1.0269068047328742,2.6944578240893237e-09,0,0,0,0,0,1,-90,90
18,17,4.2629285504826955,1.6395879040318062,4.302046140837388e-09,0,0,0,0,0,1,-90,90
17,16,2.12626093147537,0.8177926659520653,2.1457719796010118e-09,0,0,0,0,0,1,-90,90
