BUS_I,BUS_TYPE,Pd,Qd,Gs,Bs,area,Vm,Va,baseKV,zone,Vmax,Vmin
1,1,0.06320017498974197,0.015839456915702568,0,0,1,1,0,0.4,1,1.1,0.9
2,1,0.038421246833025675,0.009629272133472118,0,0,1,1,0,0.4,1,1.1,0.9
3,1,0.014498122314055924,0.0036335719606685915,0,0,1,1,0,0.4,1,1.1,0.9
4,1,0.0,0.0,0,0,1,1,0,0.4,1,1.1,0.9
5,1,0.02326274353796379,0.005830193097889715,0,0,1,1,0,0.4,1,1.1,0.9
8,1,0.0,0.0,0,0,1,1,0,0.4,1,1.1,0.9
6,1,0.09458362368612003,0.023704890572699974,0,0,1,1,0,0.4,1,1.1,0.9
7,1,0.05097531250864469,0.012775617573467232,0,0,1,1,0,0.4,1,1.1,0.9
9,1,0.0,0.0,0,0,1,1,0,0.4,1,1.1,0.9
17,1,0.0,0.0,0,0,1,1,0,0.4,1,1.1,0.9
16,1,0.04089880229934213,0.010250206063977097,0,0,1,1,0,0.4,1,1.1,0.9
10,1,0.09051426737198441,0.022685013744465632,0,0,1,1,0,0.4,1,1.1,0.9
12,1,0.0,0.0,0,0,1,1,0,0.4,1,1.1,0.9
15,1,0.0,0.0,0,0,1,1,0,0.4,1,1.1,0.9
13,1,0.0,0.0,0,0,1,1,0,0.4,1,1.1,0.9
20,1,0.02059169840317238,0.005160766085396592,0,0,1,1,0,0.4,1,1.1,0.9
22,3,0.11986114562799202,0.03004003473644626,0,0,1,1,0,0.4,1,1.1,0.9
18,1,0.0,0.0,0,0,1,1,0,0.4,1,1.1,0.9
21,1,0.03260542434423705,0.008171689622735503,0,0,1,1,0,0.4,1,1.1,0.9
