F_BUS,T_BUS,BR_R,BR_X,BR_B,RATE_A,RATE_B,RATE_C,TAP,SHIFT,BR_STATUS,ANGMIN,ANGMAX
1,2,0.2852808412559157,0.1097234004830445,2.878986423642705e-10,0,0,0,0,0,1,-90,90
1,3,2.589112037670707,0.9958123221810413,2.612870311559801e-09,0,0,0,0,0,1,-90,90
2,4,2.3627225477595855,0.9087394414459945,2.384403420814469e-09,0,0,0,0,0,1,-90,90
3,5,0.43482324720780624,0.16723971046454086,4.388132830387015e-10,0,0,0,0,0,1,-90,90
4,13,0.3721897206547709,0.1431498925595273,3.756050171708601e-10,0,0,0,0,0,1,-90,90
5,20,2.2438091437847567,0.8630035168402912,2.264398840722264e-09,0,0,0,0,0,1,-90,90
13,11,2.8015221540332913,1.0775085207820352,2.8272295508834357e-09,0,0,0,0,0,1,-90,90
11,10,0.7883875870233659,0.3032259950089869,7.956220086902297e-10,0,0,0,0,0,1,-90,90
6,7,1.510181383739584,0.5808389937459939,1.524039147488338e-09,0,0,0,0,0,1,-90,90
7,8,2.8047888793247235,1.078764953586432,2.8305262523802484e-09,0,0,0,0,0,1,-90,90
7,9,2.191726374848211,0.8429716826339274,2.2118381485937925e-09,0,0,0,0,0,1,-90,90
8,17,1.3610214789687671,0.5234697996033721,1.373510517911775e-09,0,0,0,0,0,1,-90,90
9,16,2.136129986588389,0.8215884563801497,2.1557315953815455e-09,0,0,0,0,0,1,-90,90
16,15,2.972530639256589,1.1432810150986883,2.999807248396577e-09,0,0,0,0,0,1,-90,90
15,14,5.985641719876755,2.3021698922602907,6.040567313406017e-09,0,0,0,0,0,1,-90,90
10,12,1.812000208800414,0.6969231572309283,1.8286275299133717e-09,0,0,0,0,0,1,-90,90
12,14,7.034331782464592,2.705512224024843,7.098880391672289e-09,0,0,0,0,0,1,-90,90
