BUS_I,BUS_TYPE,Pd,Qd,Gs,Bs,area,Vm,Va,baseKV,zone,Vmax,Vmin
161,3,0.0,0.0,0,0,1,1,0,0.4,1,1.1,0.9
157,1,0.00031872431934019767,7.987984408263265e-05,0,0,1,1,0,0.4,1,1.1,0.9
160,1,0.0010987972063549465,0.00027538453828614276,0,0,1,1,0,0.4,1,1.1,0.9
34,1,0.0024751716799028527,0.0006203364973143162,0,0,1,1,0,0.4,1,1.1,0.9
35,1,0.0012385161866721721,0.0003104014155242168,0,0,1,1,0,0.4,1,1.1,0.9
36,1,0.0,0.0,0,0,1,1,0,0.4,1,1.1,0.9
37,1,0.0015524884097946462,0.00038909027202948713,0,0,1,1,0,0.4,1,1.1,0.9
38,1,0.0,0.0,0,0,1,1,0,0.4,1,1.1,0.9
159,1,0.0006491301872481956,0.00016268736020538845,0,0,1,1,0,0.4,1,1.1,0.9
162,1,0.0,0.0,0,0,1,1,0,0.4,1,1.1,0.9
163,1,0.00874211322453048,0.0021909801008402163,0,0,1,1,0,0.4,1,1.1,0.9
156,1,0.001375103476651828,0.0003446334171795363,0,0,1,1,0,0.4,1,1.1,0.9
158,1,0.0009169639049698635,0.00022981281726485668,0,0,1,1,0,0.4,1,1.1,0.9
