BUS_I,BUS_TYPE,Pd,Qd,Gs,Bs,area,Vm,Va,baseKV,zone,Vmax,Vmin
1,1,0.037505049538418156,0.00939965144687474,0,0,1,1,0,0.4,1,1.1,0.9
2,1,0.00561522464983577,0.0014073079533007766,0,0,1,1,0,0.4,1,1.1,0.9
4,1,0.0,0.0,0,0,1,1,0,0.4,1,1.1,0.9
3,1,0.0,0.0,0,0,1,1,0,0.4,1,1.1,0.9
5,1,0.0334907198125829,0.008393565581636042,0,0,1,1,0,0.4,1,1.1,0.9
6,1,0.0,0.0,0,0,1,1,0,0.4,1,1.1,0.9
23,1,0.0,0.0,0,0,1,1,0,0.4,1,1.1,0.9
25,3,0.0,0.0,0,0,1,1,0,0.4,1,1.1,0.9
34,1,0.004944680754485782,0.00123925381196007,0,0,1,1,0,0.4,1,1.1,0.9
37,1,0.05640099188311389,0.014135421002876564,0,0,1,1,0,0.4,1,1.1,0.9
9,1,0.0,0.0,0,0,1,1,0,0.4,1,1.1,0.9
20,1,0.017453000644701285,0.004374134277418459,0,0,1,1,0,0.4,1,1.1,0.9
19,1,0.008959346645784353,0.002245423928205566,0,0,1,1,0,0.4,1,1.1,0.9
10,1,0.0,0.0,0,0,1,1,0,0.4,1,1.1,0.9
29,1,0.0,0.0,0,0,1,1,0,0.4,1,1.1,0.9
28,1,0.04779843516160344,0.011979417058625322,0,0,1,1,0,0.4,1,1.1,0.9
24,1,0.029052895923411835,0.007281342074289585,0,0,1,1,0,0.4,1,1.1,0.9
22,1,0.04499775455427119,0.011277500334159241,0,0,1,1,0,0.4,1,1.1,0.9
36,1,0.0,0.0,0,0,1,1,0,0.4,1,1.1,0.9
35,1,0.004822737883086862,0.0012086920475660038,0,0,1,1,0,0.4,1,1.1,0.9
33,1,0.007993848211870814,0.0020034472113905567,0,0,1,1,0,0.4,1,1.1,0.9
30,1,0.010823958713392009,0.0027127397626026113,0,0,1,1,0,0.4,1,1.1,0.9
11,1,0.012929205415652255,0.0032403643212812615,0,0,1,1,0,0.4,1,1.1,0.9
12,1,0.0,0.0,0,0,1,1,0,0.4,1,1.1,0.9
13,1,0.0,0.0,0,0,1,1,0,0.4,1,1.1,0.9
14,1,0.005399383706782117,0.0013532131138687996,0,0,1,1,0,0.4,1,1.1,0.9
15,1,0.006386216653822133,0.001600536763687383,0,0,1,1,0,0.4,1,1.1,0.9
26,1,0.014325738967413591,0.00359036862155491,0,0,1,1,0,0.4,1,1.1,0.9
16,1,0.0,0.0,0,0,1,1,0,0.4,1,1.1,0.9
18,1,0.0,0.0,0,0,1,1,0,0.4,1,1.1,0.9
41,1,0.014433516219911726,0.0036173801471988515,0,0,1,1,0,0.4,1,1.1,0.9
17,1,0.0,0.0,0,0,1,1,0,0.4,1,1.1,0.9
27,1,0.0,0.0,0,0,1,1,0,0.4,1,1.1,0.9
38,1,0.013979890204493278,0.0035036907511136577,0,0,1,1,0,0.4,1,1.1,0.9
32,1,0.008701277007927546,0.0021807455802303056,0,0,1,1,0,0.4,1,1.1,0.9
39,1,0.0,0.0,0,0,1,1,0,0.4,1,1.1,0.9
31,1,0.007707397580197794,0.0019316559158823242,0,0,1,1,0,0.4,1,1.1,0.9
42,1,0.05734187562768514,0.014371228697036272,0,0,1,1,0,0.4,1,1.1,0.9
43,1,0.028778399518684706,0.007212546790464875,0,0,1,1,0,0.4,1,1.1,0.9
40,1,0.006750864146665236,0.001691926039955127,0,0,1,1,0,0.4,1,1.1,0.9
