F_BUS,T_BUS,BR_R,BR_X,BR_B,RATE_A,RATE_B,RATE_C,TAP,SHIFT,BR_STATUS,ANGMIN,ANGMAX
1,2,1.9031169658850817,0.7319680638019546,1.9205803948370233e-09,0,0,0,0,0,1,-90,90
1,3,0.33867673387740643,0.13026028226054093,3.4178450769570825e-10,0,0,0,0,0,1,-90,90
2,4,1.4427784236645158,0.5549147783325061,1.456017682704667e-09,0,0,0,0,0,1,-90,90
3,5,2.2165269930168687,0.852510381929565,2.23686634280802e-09,0,0,0,0,0,1,-90,90
4,17,2.0407357133819723,0.7848983513007587,2.0594619628869587e-09,0,0,0,0,0,1,-90,90
5,11,2.3915424462541974,0.919824017790076,2.4134877771741444e-09,0,0,0,0,0,1,-90,90
17,18,8.605172758287543,3.309681830110593,8.684135757292518e-09,0,0,0,0,0,1,-90,90
11,13,5.307249999999999,2.0412499999999993,5.355950518657867e-09,0,0,0,0,0,1,-90,90
18,9,9.994061388525857,3.843869764817638,1.0085769141716264e-08,0,0,0,0,0,1,-90,90
13,12,10.342944919011044,3.9780557380811707,1.043785410587912e-08,0,0,0,0,0,1,-90,90
6,7,0.09597985056842406,0.036915327141701565,9.686058324606069e-11,0,0,0,0,0,1,-90,90
6,8,1.2912038564706172,0.4966168678733143,1.3030522332199996e-09,0,0,0,0,0,1,-90,90
7,9,9.907119083058786,3.810430416561073,9.998029034116347e-09,0,0,0,0,0,1,-90,90
8,10,1.3126716807307415,0.5048737233579775,1.3247170510598351e-09,0,0,0,0,0,1,-90,90
10,21,0.8445816703852964,0.3248391039943448,8.523317415891578e-10,0,0,0,0,0,1,-90,90
12,14,1.6199691232739077,0.6230650474130415,1.6348343239923914e-09,0,0,0,0,0,1,-90,90
14,16,4.704309999999999,1.8093499999999996,4.747477805723753e-09,0,0,0,0,0,1,-90,90
16,19,1.5524909787164418,0.5971119148909393,1.5667369848166166e-09,0,0,0,0,0,1,-90,90
