F_BUS,T_BUS,BR_R,BR_X,BR_B,RATE_A,RATE_B,RATE_C,TAP,SHIFT,BR_STATUS,ANGMIN,ANGMAX
1,2,1.6310230103204801,1.0438547266051073,1.0955707070401158e-08,0,0,0,0,0,1,-90,90
1,3,0.7496844523167306,0.47979804948270766,5.0356881557436695e-09,0,0,0,0,0,1,-90,90
2,4,1.4785548757469227,0.9462751204780305,9.931566877780468e-09,0,0,0,0,0,1,-90,90
3,5,2.224784466604966,1.4238620586271782,1.1208036347436366e-08,0,0,0,0,0,1,-90,90
4,6,1.19428824512835,0.764344476882144,8.022126045100201e-09,0,0,0,0,0,1,-90,90
5,10,4.039910278992368,2.5855425785551156,6.7840970555415915e-09,0,0,0,0,0,1,-90,90
6,7,0.3701933026127278,0.2369237136721458,2.4866169006729752e-09,0,0,0,0,0,1,-90,90
7,8,0.580060383744811,0.371238645596679,3.8963102342767965e-09,0,0,0,0,0,1,-90,90
8,9,0.8438526175330164,0.5400656752211306,5.668222967906774e-09,0,0,0,0,0,1,-90,90
