F_BUS,T_BUS,BR_R,BR_X,BR_B,RATE_A,RATE_B,RATE_C,TAP,SHIFT,BR_STATUS,ANGMIN,ANGMAX
1,2,5.923633504585729,2.278320578686819,5.977990096796846e-09,0,0,0,0,0,1,-90,90
2,4,5.693995062512335,2.189998100966283,5.746244440774089e-09,0,0,0,0,0,1,-90,90
2,5,3.8594399999999993,1.4843999999999997,3.894855088742554e-09,0,0,0,0,0,1,-90,90
5,12,5.513299999999999,2.1205,5.563891279761913e-09,0,0,0,0,0,1,-90,90
5,13,3.8495928466306797,1.4806126333194924,3.884917575681042e-09,0,0,0,0,0,1,-90,90
12,11,10.301618127293423,3.9621608181897785,1.0396148090233644e-08,0,0,0,0,0,1,-90,90
13,9,2.748605127916777,1.0571558184295295,2.773826946243636e-09,0,0,0,0,0,1,-90,90
9,7,2.96012702190799,1.1385103930415348,2.987289812667817e-09,0,0,0,0,0,1,-90,90
7,8,4.027125321233268,1.548894354320488,4.064079128166105e-09,0,0,0,0,0,1,-90,90
