BUS_I,BUS_TYPE,Pd,Qd,Gs,Bs,area,Vm,Va,baseKV,zone,Vmax,Vmin
5,1,0.0,0.0,0,0,1,1,0,0.4,1,1.1,0.9
59,1,0.006974474928541369,0.0017479681845534363,0,0,1,1,0,0.4,1,1.1,0.9
29,1,0.0,0.0,0,0,1,1,0,0.4,1,1.1,0.9
35,1,0.0,0.0,0,0,1,1,0,0.4,1,1.1,0.9
36,1,0.003870332120354358,0.000969996663454854,0,0,1,1,0,0.4,1,1.1,0.9
27,1,0.0019796217290616014,0.0004961399725862986,0,0,1,1,0,0.4,1,1.1,0.9
57,1,0.004890109078593001,0.0012255768607607783,0,0,1,1,0,0.4,1,1.1,0.9
33,1,0.001628378012827803,0.00040810999939240285,0,0,1,1,0,0.4,1,1.1,0.9
51,1,0.001773458634329248,0.00044447063057654875,0,0,1,1,0,0.4,1,1.1,0.9
49,1,0.0009649559153266025,0.00024184074884047178,0,0,1,1,0,0.4,1,1.1,0.9
26,3,0.0019297359649639368,0.00048363742158449976,0,0,1,1,0,0.4,1,1.1,0.9
28,1,0.0016172558618042176,0.00040532252559226525,0,0,1,1,0,0.4,1,1.1,0.9
30,1,0.002742541543501016,0.0006873457015721805,0,0,1,1,0,0.4,1,1.1,0.9
31,1,0.002027339576286439,0.0005080991924041326,0,0,1,1,0,0.4,1,1.1,0.9
32,1,0.0019812363179810655,0.0004965446267131356,0,0,1,1,0,0.4,1,1.1,0.9
34,1,0.0019696513627302536,0.0004936411632402044,0,0,1,1,0,0.4,1,1.1,0.9
37,1,0.0007134077229902086,0.00017879682917756136,0,0,1,1,0,0.4,1,1.1,0.9
38,1,0.0017464056688699641,0.0004376905183236338,0,0,1,1,0,0.4,1,1.1,0.9
39,1,0.0,0.0,0,0,1,1,0,0.4,1,1.1,0.9
40,1,0.002025085596471949,0.0005075342918138055,0,0,1,1,0,0.4,1,1.1,0.9
41,1,0.0007308507032136697,0.00018316845210069108,0,0,1,1,0,0.4,1,1.1,0.9
42,1,0.0012220583181777147,0.00030627668487300306,0,0,1,1,0,0.4,1,1.1,0.9
55,1,0.001039763717806565,0.0002605893514279184,0,0,1,1,0,0.4,1,1.1,0.9
43,1,0.0,0.0,0,0,1,1,0,0.4,1,1.1,0.9
44,1,0.0022370804086198214,0.000560665199978438,0,0,1,1,0,0.4,1,1.1,0.9
45,1,0.0,0.0,0,0,1,1,0,0.4,1,1.1,0.9
54,1,0.0010220672582858966,0.00025615420060462403,0,0,1,1,0,0.4,1,1.1,0.9
53,1,0.0013904021676247676,0.0003484676305590381,0,0,1,1,0,0.4,1,1.1,0.9
52,1,0.000955377185010378,0.00023944009273191516,0,0,1,1,0,0.4,1,1.1,0.9
46,1,0.0012561421397454303,0.0003148188957661209,0,0,1,1,0,0.4,1,1.1,0.9
47,1,0.004010992807113521,0.0010052495545744833,0,0,1,1,0,0.4,1,1.1,0.9
48,1,0.0016411259180100447,0.00041130492559209063,0,0,1,1,0,0.4,1,1.1,0.9
50,1,0.0020197669844201206,0.0005062013219848462,0,0,1,1,0,0.4,1,1.1,0.9
