BUS_I,BUS_TYPE,Pd,Qd,Gs,Bs,area,Vm,Va,baseKV,zone,Vmax,Vmin
1,1,0.062248421762210154,0.015600925072328433,0,0,1,1,0,0.4,1,1.1,0.9
2,1,0.0,0.0,0,0,1,1,0,0.4,1,1.1,0.9
22,1,0.01500744128545442,0.0037612193272324635,0,0,1,1,0,0.4,1,1.1,0.9
3,1,0.0,0.0,0,0,1,1,0,0.4,1,1.1,0.9
21,1,0.02705082636138026,0.00677957614444547,0,0,1,1,0,0.4,1,1.1,0.9
24,1,0.03406279870315156,0.008536942066606473,0,0,1,1,0,0.4,1,1.1,0.9
32,1,0.01444795770984056,0.00362099952574588,0,0,1,1,0,0.4,1,1.1,0.9
31,1,0.034579929192676,0.00866654718415477,0,0,1,1,0,0.4,1,1.1,0.9
29,1,0.002141595889501713,0.0005367345237274096,0,0,1,1,0,0.4,1,1.1,0.9
19,1,0.0,0.0,0,0,1,1,0,0.4,1,1.1,0.9
4,1,0.004852247587341643,0.001216087876599936,0,0,1,1,0,0.4,1,1.1,0.9
5,1,0.007084056592680322,0.0017754319383826254,0,0,1,1,0,0.4,1,1.1,0.9
6,1,0.03219688387997794,0.008069299730887837,0,0,1,1,0,0.4,1,1.1,0.9
15,1,0.012509115087899815,0.0031350797607841087,0,0,1,1,0,0.4,1,1.1,0.9
13,1,0.0251674568969632,0.006307559263276616,0,0,1,1,0,0.4,1,1.1,0.9
7,3,0.02386255364951129,0.005980519681969607,0,0,1,1,0,0.4,1,1.1,0.9
8,1,0.017495797805201257,0.004384860256894999,0,0,1,1,0,0.4,1,1.1,0.9
9,1,0.04714029715389493,0.011814472125808644,0,0,1,1,0,0.4,1,1.1,0.9
10,1,0.013446379255677819,0.003369980303489269,0,0,1,1,0,0.4,1,1.1,0.9
11,1,0.020382425449205266,0.005108317339194197,0,0,1,1,0,0.4,1,1.1,0.9
14,1,0.0,0.0,0,0,1,1,0,0.4,1,1.1,0.9
25,1,0.016283718949406046,0.004081084661053398,0,0,1,1,0,0.4,1,1.1,0.9
33,1,0.0,0.0,0,0,1,1,0,0.4,1,1.1,0.9
12,1,0.014108959407725333,0.0035360385426200895,0,0,1,1,0,0.4,1,1.1,0.9
16,1,0.05213540112959228,0.013066363188220334,0,0,1,1,0,0.4,1,1.1,0.9
17,1,0.0069434239310997865,0.0017401860710348366,0,0,1,1,0,0.4,1,1.1,0.9
18,1,0.0019202969097883724,0.0004812717713659275,0,0,1,1,0,0.4,1,1.1,0.9
20,1,0.006538555004983033,0.0016387163533833592,0,0,1,1,0,0.4,1,1.1,0.9
28,1,0.003177045404145575,0.0007962426339224942,0,0,1,1,0,0.4,1,1.1,0.9
30,1,0.0069794033848085005,0.0017492033721255723,0,0,1,1,0,0.4,1,1.1,0.9
