F_BUS,T_BUS,BR_R,BR_X,BR_B,RATE_A,RATE_B,RATE_C,TAP,SHIFT,BR_STATUS,ANGMIN,ANGMAX
1,2,3.727392131481683,1.4336123582621858,3.7615955193086025e-09,0,0,0,0,0,1,-90,90
2,3,1.3400510534159185,0.5154042513138148,1.3523476630215294e-09,0,0,0,0,0,1,-90,90
3,4,3.520805804075544,1.3541560784905942,3.5531135093376133e-09,0,0,0,0,0,1,-90,90
3,5,1.8526831868032774,0.7125704564627992,1.8696838240647657e-09,0,0,0,0,0,1,-90,90
3,6,2.727260165533845,1.0489462175130173,2.7522861176891877e-09,0,0,0,0,0,1,-90,90
4,7,1.9317766605078595,0.7429910232722536,1.9495030772581345e-09,0,0,0,0,0,1,-90,90
5,21,3.0832456874064817,1.18586372592557,3.1115382427084427e-09,0,0,0,0,0,1,-90,90
6,23,1.690701077457428,0.6502696451759338,1.7062153304825526e-09,0,0,0,0,0,1,-90,90
7,8,0.6864738103331768,0.2640283885896834,6.927730482828247e-10,0,0,0,0,0,1,-90,90
23,22,0.054382670067578125,0.020916411564453126,5.488169766912145e-11,0,0,0,0,0,1,-90,90
8,13,1.4497055403138448,0.5575790539668634,1.4630083641330487e-09,0,0,0,0,0,1,-90,90
22,24,1.4430197178253368,0.5550075837789757,1.4562611910349322e-09,0,0,0,0,0,1,-90,90
13,14,6.245906218480604,2.4022716224925404,6.303220057536314e-09,0,0,0,0,0,1,-90,90
14,15,3.685222885593264,1.417393417535871,3.7190393189435372e-09,0,0,0,0,0,1,-90,90
9,10,2.507285172734831,0.964340451051858,2.530292584922945e-09,0,0,0,0,0,1,-90,90
9,11,3.323107551663591,1.2781182891013811,3.353601133334305e-09,0,0,0,0,0,1,-90,90
10,12,0.15019228393650033,0.057766263052500134,1.5157048208546963e-10,0,0,0,0,0,1,-90,90
12,17,1.2353858895156864,0.4751484190444949,1.2467220680567438e-09,0,0,0,0,0,1,-90,90
17,18,1.5084162763267202,0.5801601062795078,1.5222578430531947e-09,0,0,0,0,0,1,-90,90
17,19,1.7797867179600042,0.6845333530615401,1.7961184408419177e-09,0,0,0,0,0,1,-90,90
19,24,1.7660522854298168,0.6792508790114681,1.7822579780723992e-09,0,0,0,0,0,1,-90,90
15,16,3.67934499311306,1.4151326896588696,3.7131074896010417e-09,0,0,0,0,0,1,-90,90
