BUS_I,BUS_TYPE,Pd,Qd,Gs,Bs,area,Vm,Va,baseKV,zone,Vmax,Vmin
1,1,0.02202207610492495,0.005519252529204205,0,0,1,1,0,0.4,1,1.1,0.9
2,1,0.0,0.0,0,0,1,1,0,0.4,1,1.1,0.9
3,3,0.0,0.0,0,0,1,1,0,0.4,1,1.1,0.9
4,1,0.008538434443722735,0.0021399333865902838,0,0,1,1,0,0.4,1,1.1,0.9
13,1,0.0,0.0,0,0,1,1,0,0.4,1,1.1,0.9
17,1,0.011668228742800407,0.0029243337773059534,0,0,1,1,0,0.4,1,1.1,0.9
5,1,0.015968017823523282,0.004001962500672189,0,0,1,1,0,0.4,1,1.1,0.9
7,1,0.005969509487402778,0.0014961001033453004,0,0,1,1,0,0.4,1,1.1,0.9
11,1,0.0,0.0,0,0,1,1,0,0.4,1,1.1,0.9
12,1,0.036405017600861615,0.009123957455779751,0,0,1,1,0,0.4,1,1.1,0.9
10,1,0.04058518663055343,0.010171606568411236,0,0,1,1,0,0.4,1,1.1,0.9
15,1,0.006770691962921716,0.0016968953591283405,0,0,1,1,0,0.4,1,1.1,0.9
16,1,0.007440217372841123,0.0018646942439590841,0,0,1,1,0,0.4,1,1.1,0.9
6,1,0.00737212001567635,0.001847627437497556,0,0,1,1,0,0.4,1,1.1,0.9
9,1,0.012563854200223113,0.003148798675508465,0,0,1,1,0,0.4,1,1.1,0.9
14,1,0.014244021848571325,0.003569888381058938,0,0,1,1,0,0.4,1,1.1,0.9
18,1,0.005692248358676265,0.001426611914371528,0,0,1,1,0,0.4,1,1.1,0.9
