F_BUS,T_BUS,BR_R,BR_X,BR_B,RATE_A,RATE_B,RATE_C,TAP,SHIFT,BR_STATUS,ANGMIN,ANGMAX
1,2,1.0374674138273718,0.39902592839514306,1.0469874479588015e-09,0,0,0,0,0,1,-90,90
2,4,7.078807468951163,2.722618257288909,7.143764197052744e-09,0,0,0,0,0,1,-90,90
4,7,12.212366578594846,4.6970640686903256,2.4648859997424308e-08,0,0,0,0,0,1,-90,90
4,5,4.556194053307553,1.7523823281952127,4.598002713819489e-09,0,0,0,0,0,1,-90,90
7,9,1.9597197687123684,0.7537383725816801,3.95540519540594e-09,0,0,0,0,0,1,-90,90
5,6,3.7184968584309006,1.4301910993965004,3.752618621233339e-09,0,0,0,0,0,1,-90,90
9,10,0.7091148138159399,0.2727364668522846,1.4312436214029718e-09,0,0,0,0,0,1,-90,90
6,8,9.4393,3.6304999999999996,9.52591713802199e-09,0,0,0,0,0,1,-90,90
10,11,1.1327176391086413,0.4356606304264005,2.2862234214242192e-09,0,0,0,0,0,1,-90,90
