BUS_I,BUS_TYPE,Pd,Qd,Gs,Bs,area,Vm,Va,baseKV,zone,Vmax,Vmin
80,1,0.0005675906009873809,0.0001422516135684208,0,0,1,1,0,0.4,1,1.1,0.9
81,1,0.0016207384293972752,0.00040619533930449323,0,0,1,1,0,0.4,1,1.1,0.9
82,1,0.002755525813434657,0.0006905998663625332,0,0,1,1,0,0.4,1,1.1,0.9
83,1,0.0,0.0,0,0,1,1,0,0.4,1,1.1,0.9
96,1,0.0039899951804027245,0.0009999870532654022,0,0,1,1,0,0.4,1,1.1,0.9
84,1,0.0,0.0,0,0,1,1,0,0.4,1,1.1,0.9
94,1,0.0,0.0,0,0,1,1,0,0.4,1,1.1,0.9
93,1,0.0069040854866263025,0.0017303269275044644,0,0,1,1,0,0.4,1,1.1,0.9
85,1,0.0038970781255176345,0.0009766998442058508,0,0,1,1,0,0.4,1,1.1,0.9
86,1,0.0,0.0,0,0,1,1,0,0.4,1,1.1,0.9
88,1,0.0,0.0,0,0,1,1,0,0.4,1,1.1,0.9
101,1,0.000615685763204656,0.00015430539743718227,0,0,1,1,0,0.4,1,1.1,0.9
89,1,0.0007433299704437984,0.0001862960512831814,0,0,1,1,0,0.4,1,1.1,0.9
90,1,0.0,0.0,0,0,1,1,0,0.4,1,1.1,0.9
91,1,0.0,0.0,0,0,1,1,0,0.4,1,1.1,0.9
92,1,0.0,0.0,0,0,1,1,0,0.4,1,1.1,0.9
108,1,0.0007548991742355617,0.000189195567068357,0,0,1,1,0,0.4,1,1.1,0.9
111,1,0.0037016171394582634,0.0009277127034599485,0,0,1,1,0,0.4,1,1.1,0.9
98,1,0.0010846902950189332,0.00027184901303867805,0,0,1,1,0,0.4,1,1.1,0.9
97,1,0.0012547970203212134,0.0003144817770608354,0,0,1,1,0,0.4,1,1.1,0.9
95,1,0.0,0.0,0,0,1,1,0,0.4,1,1.1,0.9
114,3,0.0016751102071306259,0.0004198221913025668,0,0,1,1,0,0.4,1,1.1,0.9
100,1,0.0007030414168181386,0.00017619878795355944,0,0,1,1,0,0.4,1,1.1,0.9
102,1,0.0,0.0,0,0,1,1,0,0.4,1,1.1,0.9
103,1,0.0025741542024344936,0.0006451438558588449,0,0,1,1,0,0.4,1,1.1,0.9
113,1,0.0,0.0,0,0,1,1,0,0.4,1,1.1,0.9
104,1,0.004649343887735058,0.0011652354160098062,0,0,1,1,0,0.4,1,1.1,0.9
105,1,0.0,0.0,0,0,1,1,0,0.4,1,1.1,0.9
106,1,0.0,0.0,0,0,1,1,0,0.4,1,1.1,0.9
107,1,0.0008200491025292793,0.00020552367822369708,0,0,1,1,0,0.4,1,1.1,0.9
109,1,0.0031073202199795717,0.0007787678555580973,0,0,1,1,0,0.4,1,1.1,0.9
110,1,0.0031757562794926097,0.0007959195488297246,0,0,1,1,0,0.4,1,1.1,0.9
112,1,0.0007099214791439543,0.00017792309410943313,0,0,1,1,0,0.4,1,1.1,0.9
