F_BUS,T_BUS,BR_R,BR_X,BR_B,RATE_A,RATE_B,RATE_C,TAP,SHIFT,BR_STATUS,ANGMIN,ANGMAX
1,2,6.535227440904758,2.513549015732599,6.595196156514385e-09,0,0,0,0,0,1,-90,90
2,3,5.193680907903029,1.9975695799627038,5.241339291050299e-09,0,0,0,0,0,1,-90,90
3,24,3.8310999999999993,1.4734999999999998,3.866255034533922e-09,0,0,0,0,0,1,-90,90
3,9,12.774694861427914,4.9133441774722755,1.2891918332236252e-08,0,0,0,0,0,1,-90,90
9,10,4.177595886421599,1.6067676486236921,4.215930445074708e-09,0,0,0,0,0,1,-90,90
9,6,4.819877257552181,1.8537989452123778,4.864105534401784e-09,0,0,0,0,0,1,-90,90
6,8,3.300529738912224,1.2694345149662403,3.3308161414993915e-09,0,0,0,0,0,1,-90,90
6,4,4.3369293038101295,1.6680497322346652,4.37672594170698e-09,0,0,0,0,0,1,-90,90
8,12,0.48688578075061456,0.18726376182715945,4.913535540889152e-10,0,0,0,0,0,1,-90,90
4,5,1.0971151827068473,0.421967377964172,1.107182558169704e-09,0,0,0,0,0,1,-90,90
5,7,1.2266627342782759,0.4717933593377985,1.2379188671865864e-09,0,0,0,0,0,1,-90,90
7,14,2.7359342471903796,1.0522824027655306,2.7610397946682628e-09,0,0,0,0,0,1,-90,90
12,13,3.188141997182001,1.2262084604546157,3.21739710459501e-09,0,0,0,0,0,1,-90,90
13,15,5.699855785440518,2.1922522251694305,5.752158943012897e-09,0,0,0,0,0,1,-90,90
13,16,5.460779999999999,2.1002999999999994,5.510889344439495e-09,0,0,0,0,0,1,-90,90
15,22,6.148250952962099,2.3647119049854224,6.204668685356085e-09,0,0,0,0,0,1,-90,90
22,23,1.4487199999999996,0.5571999999999999,1.4620137802798107e-09,0,0,0,0,0,1,-90,90
22,20,4.6915002079360315,1.8044231568984739,4.734550468129161e-09,0,0,0,0,0,1,-90,90
20,17,3.7733134974093083,1.4512744220805034,3.807938270009538e-09,0,0,0,0,0,1,-90,90
20,18,3.082737883185417,1.1856684166097757,3.11102577876173e-09,0,0,0,0,0,1,-90,90
18,19,5.1414611329335465,1.9774850511282873,5.1886403356907445e-09,0,0,0,0,0,1,-90,90
19,21,2.29600907247582,0.8830804124907001,2.317077767689489e-09,0,0,0,0,0,1,-90,90
