BUS_I,BUS_TYPE,Pd,Qd,Gs,Bs,area,Vm,Va,baseKV,zone,Vmax,Vmin
1,1,0.019574582565378775,0.0049058528277414444,0,0,1,1,0,0.4,1,1.1,0.9
3,1,0.0,0.0,0,0,1,1,0,0.4,1,1.1,0.9
6,1,0.010535360827755094,0.0026404103145235397,0,0,1,1,0,0.4,1,1.1,0.9
7,3,0.006952375730357889,0.001742429603409387,0,0,1,1,0,0.4,1,1.1,0.9
4,1,0.003588629788737234,0.0008993954041161475,0,0,1,1,0,0.4,1,1.1,0.9
12,1,0.0,0.0,0,0,1,1,0,0.4,1,1.1,0.9
5,1,0.0,0.0,0,0,1,1,0,0.4,1,1.1,0.9
11,1,0.0,0.0,0,0,1,1,0,0.4,1,1.1,0.9
9,1,0.012467277702006455,0.00312459432349804,0,0,1,1,0,0.4,1,1.1,0.9
35,1,0.014136193898573263,0.003542864149423819,0,0,1,1,0,0.4,1,1.1,0.9
13,1,0.00455845781469216,0.0011424572189805409,0,0,1,1,0,0.4,1,1.1,0.9
14,1,0.003685212662067476,0.0009236013538806449,0,0,1,1,0,0.4,1,1.1,0.9
38,1,0.010569805274211879,0.002649042906533388,0,0,1,1,0,0.4,1,1.1,0.9
8,1,0.01593959136764392,0.00399483815927218,0,0,1,1,0,0.4,1,1.1,0.9
32,1,0.0,0.0,0,0,1,1,0,0.4,1,1.1,0.9
16,1,0.0032746043712412218,0.0008206932158441859,0,0,1,1,0,0.4,1,1.1,0.9
28,1,0.004786484212011685,0.0011996060211250242,0,0,1,1,0,0.4,1,1.1,0.9
15,1,0.0031299624582710626,0.0007844425353821857,0,0,1,1,0,0.4,1,1.1,0.9
29,1,0.006761587845425366,0.0016946136522048656,0,0,1,1,0,0.4,1,1.1,0.9
17,1,0.0019488257004536885,0.0004884217602808904,0,0,1,1,0,0.4,1,1.1,0.9
20,1,0.0028820725206409516,0.000722315460772572,0,0,1,1,0,0.4,1,1.1,0.9
19,1,0.002220219644256894,0.0005564394941044314,0,0,1,1,0,0.4,1,1.1,0.9
21,1,0.004286067112512514,0.0010741896739600919,0,0,1,1,0,0.4,1,1.1,0.9
22,1,0.0,0.0,0,0,1,1,0,0.4,1,1.1,0.9
33,1,0.003410951136640361,0.0008548649363573904,0,0,1,1,0,0.4,1,1.1,0.9
34,1,0.003601272863979704,0.0009025640574563892,0,0,1,1,0,0.4,1,1.1,0.9
30,1,0.004441865888250113,0.001113236527805282,0,0,1,1,0,0.4,1,1.1,0.9
36,1,0.018021860152114356,0.0045167039089142515,0,0,1,1,0,0.4,1,1.1,0.9
27,1,0.0,0.0,0,0,1,1,0,0.4,1,1.1,0.9
31,1,0.0052712153422474406,0.0013210910938216626,0,0,1,1,0,0.4,1,1.1,0.9
23,1,0.008614070562914087,0.002158889584914051,0,0,1,1,0,0.4,1,1.1,0.9
24,1,0.0049274157114974826,0.001234926784311724,0,0,1,1,0,0.4,1,1.1,0.9
25,1,0.0,0.0,0,0,1,1,0,0.4,1,1.1,0.9
37,1,0.0,0.0,0,0,1,1,0,0.4,1,1.1,0.9
41,1,0.012826995038606346,0.0032147479861394813,0,0,1,1,0,0.4,1,1.1,0.9
39,1,0.005871443435126321,0.001471522433897738,0,0,1,1,0,0.4,1,1.1,0.9
40,1,0.010390764208041544,0.00260417098562167,0,0,1,1,0,0.4,1,1.1,0.9
