F_BUS,T_BUS,BR_R,BR_X,BR_B,RATE_A,RATE_B,RATE_C,TAP,SHIFT,BR_STATUS,ANGMIN,ANGMAX
1,2,0.37599628613127367,0.14461395620433604,3.794465125475957e-10,0,0,0,0,0,1,-90,90
2,4,7.909153886077112,3.0419822638758127,7.981730059499665e-09,0,0,0,0,0,1,-90,90
4,6,1.7365399999999998,0.6678999999999999,1.752474881279407e-09,0,0,0,0,0,1,-90,90
6,7,4.622019999999999,1.7776999999999996,4.6644326941913485e-09,0,0,0,0,0,1,-90,90
