BUS_I,BUS_TYPE,Pd,Qd,Gs,Bs,area,Vm,Va,baseKV,zone,Vmax,Vmin
1,1,0.005579988979075274,0.001398477061788256,0,0,1,1,0,0.4,1,1.1,0.9
2,1,0.0019261312033941483,0.0004827339831749493,0,0,1,1,0,0.4,1,1.1,0.9
3,1,0.005581359640299045,0.001398820581871918,0,0,1,1,0,0.4,1,1.1,0.9
4,1,0.0019272833842342155,0.0004830227469129976,0,0,1,1,0,0.4,1,1.1,0.9
5,1,0.0,0.0,0,0,1,1,0,0.4,1,1.1,0.9
19,1,0.003065857804404054,0.0007683763946921114,0,0,1,1,0,0.4,1,1.1,0.9
20,1,0.006916720240240793,0.0017334934952481411,0,0,1,1,0,0.4,1,1.1,0.9
11,1,0.0,0.0,0,0,1,1,0,0.4,1,1.1,0.9
9,1,0.001110710825673944,0.0002783703727390374,0,0,1,1,0,0.4,1,1.1,0.9
6,1,0.0070585231750546745,0.0017690326607151547,0,0,1,1,0,0.4,1,1.1,0.9
7,1,0.005803065766112684,0.0014543853746646985,0,0,1,1,0,0.4,1,1.1,0.9
8,1,0.0,0.0,0,0,1,1,0,0.4,1,1.1,0.9
10,1,0.0,0.0,0,0,1,1,0,0.4,1,1.1,0.9
15,1,0.0,0.0,0,0,1,1,0,0.4,1,1.1,0.9
16,1,0.00473273574275527,0.0011861353849565305,0,0,1,1,0,0.4,1,1.1,0.9
17,1,0.0015888764438695415,0.0003982099730124349,0,0,1,1,0,0.4,1,1.1,0.9
18,1,0.006005640652067759,0.0015051554267857497,0,0,1,1,0,0.4,1,1.1,0.9
12,1,0.0,0.0,0,0,1,1,0,0.4,1,1.1,0.9
31,1,0.0,0.0,0,0,1,1,0,0.4,1,1.1,0.9
13,1,0.0,0.0,0,0,1,1,0,0.4,1,1.1,0.9
25,1,0.007486067047246218,0.0018761852555339155,0,0,1,1,0,0.4,1,1.1,0.9
21,1,0.001635153036880282,0.000409807980475517,0,0,1,1,0,0.4,1,1.1,0.9
32,1,0.06317758840704693,0.015833796184485778,0,0,1,1,0,0.4,1,1.1,0.9
24,1,0.0017186477086647421,0.00043073371773234175,0,0,1,1,0,0.4,1,1.1,0.9
27,1,0.01686202576631699,0.004226022011495936,0,0,1,1,0,0.4,1,1.1,0.9
26,1,0.006006395419539034,0.0015053445893449448,0,0,1,1,0,0.4,1,1.1,0.9
22,1,0.01197375661440327,0.003000906279828064,0,0,1,1,0,0.4,1,1.1,0.9
23,1,0.014417131956727627,0.0036132738637772916,0,0,1,1,0,0.4,1,1.1,0.9
28,1,0.0,0.0,0,0,1,1,0,0.4,1,1.1,0.9
29,3,0.0039422886379657405,0.0009880306666944728,0,0,1,1,0,0.4,1,1.1,0.9
30,1,0.015884518700902402,0.003981035647930609,0,0,1,1,0,0.4,1,1.1,0.9
33,1,0.004508724586361691,0.0011299928970455602,0,0,1,1,0,0.4,1,1.1,0.9
34,1,0.010994904768708387,0.0027555828825549305,0,0,1,1,0,0.4,1,1.1,0.9
35,1,0.0055387665220921894,0.0013881457402144,0,0,1,1,0,0.4,1,1.1,0.9
36,1,0.006253845296153213,0.001567361374267809,0,0,1,1,0,0.4,1,1.1,0.9
