F_BUS,T_BUS,BR_R,BR_X,BR_B,RATE_A,RATE_B,RATE_C,TAP,SHIFT,BR_STATUS,ANGMIN,ANGMAX
1,3,1.3689700813994716,0.8761408520956618,2.298869345351675e-09,0,0,0,0,0,1,-90,90
3,4,2.28081132368701,1.4597192471596863,3.83009629340835e-09,0,0,0,0,0,1,-90,90
3,9,1.599082726287753,1.023412944824162,2.6852904311731274e-09,0,0,0,0,0,1,-90,90
4,7,0.6674999999999999,0.4271999999999999,1.1209122163236454e-09,0,0,0,0,0,1,-90,90
4,14,1.7848349044887304,1.1422943388727873,2.9972183499060145e-09,0,0,0,0,0,1,-90,90
9,15,0.6864909453239258,0.4393542050073126,1.1528031266054775e-09,0,0,0,0,0,1,-90,90
7,13,1.45525272283796,0.9313617426162943,2.443761130887367e-09,0,0,0,0,0,1,-90,90
6,12,2.2699930991250157,1.45279558344001,3.811929581692287e-09,0,0,0,0,0,1,-90,90
6,10,1.382893729153439,0.885051986658201,2.322250898704798e-09,0,0,0,0,0,1,-90,90
12,15,0.776651886679326,0.49705720747476867,2.6084152437742745e-09,0,0,0,0,0,1,-90,90
10,11,3.0093565170786096,1.9259881709303102,5.0535198251184875e-09,0,0,0,0,0,1,-90,90
