BUS_I,BUS_TYPE,Pd,Qd,Gs,Bs,area,Vm,Va,baseKV,zone,Vmax,Vmin
1,1,0.005762522787670101,0.0014442243464653337,0,0,1,1,0,0.4,1,1.1,0.9
2,1,0.0,0.0,0,0,1,1,0,0.4,1,1.1,0.9
4,1,0.0,0.0,0,0,1,1,0,0.4,1,1.1,0.9
53,1,0.012293491055776283,0.0030810392843556,0,0,1,1,0,0.4,1,1.1,0.9
22,1,0.005586705075430867,0.0014001602741984017,0,0,1,1,0,0.4,1,1.1,0.9
20,1,0.011008819982545194,0.0027590703638803644,0,0,1,1,0,0.4,1,1.1,0.9
21,1,0.015655867446838438,0.003923730241924133,0,0,1,1,0,0.4,1,1.1,0.9
35,1,0.00033190361597878386,8.31828871726246e-05,0,0,1,1,0,0.4,1,1.1,0.9
23,1,0.0,0.0,0,0,1,1,0,0.4,1,1.1,0.9
24,1,0.0,0.0,0,0,1,1,0,0.4,1,1.1,0.9
34,1,0.0,0.0,0,0,1,1,0,0.4,1,1.1,0.9
54,1,0.00046894270016892986,0.00011752811913043909,0,0,1,1,0,0.4,1,1.1,0.9
26,1,0.0020505743162300004,0.0005139223671396982,0,0,1,1,0,0.4,1,1.1,0.9
27,1,0.003693201120662251,0.000925603450326665,0,0,1,1,0,0.4,1,1.1,0.9
28,1,0.0,0.0,0,0,1,1,0,0.4,1,1.1,0.9
30,1,0.0020501564893302356,0.0005138176498477268,0,0,1,1,0,0.4,1,1.1,0.9
31,1,0.0010111055208219422,0.0002534069302321966,0,0,1,1,0,0.4,1,1.1,0.9
46,1,0.001830614888860059,0.00045879533824152996,0,0,1,1,0,0.4,1,1.1,0.9
48,1,0.001140739522087696,0.0002858962734688619,0,0,1,1,0,0.4,1,1.1,0.9
32,1,0.004964275835337221,0.0012441648021425569,0,0,1,1,0,0.4,1,1.1,0.9
33,1,0.0,0.0,0,0,1,1,0,0.4,1,1.1,0.9
36,1,0.0,0.0,0,0,1,1,0,0.4,1,1.1,0.9
37,1,0.0010041274086014962,0.0002516580504563632,0,0,1,1,0,0.4,1,1.1,0.9
51,3,0.0,0.0,0,0,1,1,0,0.4,1,1.1,0.9
103,1,0.0006919896776095158,0.00017342896101768507,0,0,1,1,0,0.4,1,1.1,0.9
38,1,0.0025834205142868695,0.0006474662125196768,0,0,1,1,0,0.4,1,1.1,0.9
39,1,0.0,0.0,0,0,1,1,0,0.4,1,1.1,0.9
40,1,0.003561387343279035,0.0008925678036991622,0,0,1,1,0,0.4,1,1.1,0.9
41,1,0.0017553976683172437,0.0004399441258152954,0,0,1,1,0,0.4,1,1.1,0.9
52,1,0.0012852184271343841,0.0003221061002942835,0,0,1,1,0,0.4,1,1.1,0.9
42,1,0.003925208354535687,0.0009837499441562483,0,0,1,1,0,0.4,1,1.1,0.9
43,1,0.0019786391518078015,0.000495893715513744,0,0,1,1,0,0.4,1,1.1,0.9
44,1,0.0038274519969710608,0.0009592498915198081,0,0,1,1,0,0.4,1,1.1,0.9
45,1,0.0,0.0,0,0,1,1,0,0.4,1,1.1,0.9
50,1,0.0,0.0,0,0,1,1,0,0.4,1,1.1,0.9
47,1,0.0008477801676964962,0.00021247373828308722,0,0,1,1,0,0.4,1,1.1,0.9
49,1,0.0009938591193172,0.00024908457458002294,0,0,1,1,0,0.4,1,1.1,0.9
55,1,0.0013414019417249874,0.00033618701634989653,0,0,1,1,0,0.4,1,1.1,0.9
56,1,0.0,0.0,0,0,1,1,0,0.4,1,1.1,0.9
106,1,0.0006144162957421655,0.0001539872389007341,0,0,1,1,0,0.4,1,1.1,0.9
