F_BUS,T_BUS,BR_R,BR_X,BR_B,RATE_A,RATE_B,RATE_C,TAP,SHIFT,BR_STATUS,ANGMIN,ANGMAX
1,2,1.0637519835717342,0.6808012694859099,1.7863259828075902e-09,0,0,0,0,0,1,-90,90
1,3,1.063725474554788,0.6807843037150643,1.7862814670309046e-09,0,0,0,0,0,1,-90,90
2,4,0.06603121753086048,0.04225997921975071,1.108841923431694e-10,0,0,0,0,0,1,-90,90
3,5,1.014564022864044,0.6493209746329881,1.703726153514261e-09,0,0,0,0,0,1,-90,90
4,6,2.2663534279903153,1.4504661939138017,3.805817593919573e-09,0,0,0,0,0,1,-90,90
5,7,1.5234374999999998,0.9749999999999998,2.5582617296712407e-09,0,0,0,0,0,1,-90,90
6,11,0.6906540135344142,0.44201856866202516,1.1597940389867883e-09,0,0,0,0,0,1,-90,90
6,8,0.33260519272605477,0.21286732334467504,5.585336685233188e-10,0,0,0,0,0,1,-90,90
7,12,1.9743281485311763,1.263570015059953,3.315428525423581e-09,0,0,0,0,0,1,-90,90
8,9,1.0554918149952337,0.6755147615969496,1.7724549358168909e-09,0,0,0,0,0,1,-90,90
12,13,1.9656822884325755,1.2580366645968486,3.300909798524485e-09,0,0,0,0,0,1,-90,90
9,10,1.2847673044613437,0.82225107485526,2.1574702122905176e-09,0,0,0,0,0,1,-90,90
15,17,1.3175012542590607,0.8432008027257989,2.212439327222032e-09,0,0,0,0,0,1,-90,90
17,19,1.28234375,0.8206999999999999,2.1534004118371156e-09,0,0,0,0,0,1,-90,90
17,10,1.2185156249999998,0.7798499999999999,2.046215805009351e-09,0,0,0,0,0,1,-90,90
10,16,2.7854687499999993,1.7826999999999997,4.677551985112739e-09,0,0,0,0,0,1,-90,90
16,18,1.5952999206291207,1.0209919492026371,2.678938081997488e-09,0,0,0,0,0,1,-90,90
