F_BUS,T_BUS,BR_R,BR_X,BR_B,RATE_A,RATE_B,RATE_C,TAP,SHIFT,BR_STATUS,ANGMIN,ANGMAX
1,2,1.811437346217461,0.6967066716221005,1.8280595023768702e-09,0,0,0,0,0,1,-90,90
2,3,0.5469716734758758,0.21037372056764458,5.519908084684685e-10,0,0,0,0,0,1,-90,90
3,8,1.8894281129799333,0.7267031203768974,1.9067659299414256e-09,0,0,0,0,0,1,-90,90
8,9,0.8935717517151875,0.34368144296737985,1.8035427338289995e-09,0,0,0,0,0,1,-90,90
8,6,2.8385277719219912,1.0917414507392273,2.864574740637873e-09,0,0,0,0,0,1,-90,90
9,10,3.6014953097812716,1.3851905037620278,3.634543440080434e-09,0,0,0,0,0,1,-90,90
6,4,1.524724719354492,0.5864325843671123,1.5387159360190615e-09,0,0,0,0,0,1,-90,90
4,5,0.5213008962246892,0.20050034470180356,5.260844703964267e-10,0,0,0,0,0,1,-90,90
5,7,2.3584348184017667,0.9070903147699103,2.380076346288514e-09,0,0,0,0,0,1,-90,90
7,18,0.4586187796484879,0.17639183832634153,4.628271686324476e-10,0,0,0,0,0,1,-90,90
18,17,3.6748120300774554,1.4133892423374828,3.7085329310779634e-09,0,0,0,0,0,1,-90,90
17,16,2.3764,0.9139999999999998,2.3982063804302714e-09,0,0,0,0,0,1,-90,90
10,11,13.296631912291623,5.11408919703524,1.3418644794769621e-08,0,0,0,0,0,1,-90,90
11,12,2.1059999999999994,0.8099999999999999,2.1253251292653385e-09,0,0,0,0,0,1,-90,90
12,13,11.709827735423431,4.503779898239781,1.1817279746184072e-08,0,0,0,0,0,1,-90,90
14,15,1.549996335513284,0.5961524367358785,1.5642194502068243e-09,0,0,0,0,0,1,-90,90
14,16,0.6727431487528945,0.2587473649049594,6.789163910662948e-10,0,0,0,0,0,1,-90,90
