F_BUS,T_BUS,BR_R,BR_X,BR_B,RATE_A,RATE_B,RATE_C,TAP,SHIFT,BR_STATUS,ANGMIN,ANGMAX
1,2,0.3328695365136845,0.21303650336875812,5.589775729141254e-10,0,0,0,0,0,1,-90,90
1,3,2.2089023082474157,1.4136974772783462,3.7093416958502277e-09,0,0,0,0,0,1,-90,90
3,5,14.093203124999997,9.019649999999999,2.3666282471824833e-08,0,0,0,0,0,1,-90,90
3,6,2.920859374999999,1.8693499999999996,4.904909296780445e-09,0,0,0,0,0,1,-90,90
5,17,7.868830093290558,5.036051259705958,1.3213884314223999e-08,0,0,0,0,0,1,-90,90
5,18,3.9646315702393338,2.5373642049531737,6.6576838356609234e-09,0,0,0,0,0,1,-90,90
6,19,18.08807556637709,11.576368362481338,3.037474887211584e-08,0,0,0,0,0,1,-90,90
4,15,7.910959900442643,5.063014336283291,1.3284631603374756e-08,0,0,0,0,0,1,-90,90
4,16,11.155188891650079,7.139320890656051,1.873256554913618e-08,0,0,0,0,0,1,-90,90
15,30,1.029140625,0.6586499999999998,1.7282041930748338e-09,0,0,0,0,0,1,-90,90
15,45,6.7291693906300525,4.306668410003233,1.130008715455935e-08,0,0,0,0,0,1,-90,90
16,43,15.623984374999997,9.999349999999998,2.6236876334962176e-08,0,0,0,0,0,1,-90,90
16,42,5.977644084495778,3.825692214077298,1.0038073826436092e-08,0,0,0,0,0,1,-90,90
17,32,0.03204763909026214,0.02051048901776777,5.3816614472818026e-11,0,0,0,0,0,1,-90,90
18,45,3.227717817863794,2.0657394034328282,5.420207240283185e-09,0,0,0,0,0,1,-90,90
19,7,1.3814203743533033,0.8841090395861142,2.3197767393123614e-09,0,0,0,0,0,1,-90,90
7,23,1.827442249107306,1.1695630394286758,3.068767553034214e-09,0,0,0,0,0,1,-90,90
7,20,2.971871853287088,1.9019979861037362,4.990572982318936e-09,0,0,0,0,0,1,-90,90
23,24,0.7028593205043887,0.44982996512280876,1.1802900355210573e-09,0,0,0,0,0,1,-90,90
20,21,3.088245302712222,1.9764769937358222,5.185995336051302e-09,0,0,0,0,0,1,-90,90
30,31,8.287777493400053,5.304177595776035,1.3917409795541994e-08,0,0,0,0,0,1,-90,90
30,27,3.263124999999999,2.0883999999999996,5.479665432046584e-09,0,0,0,0,0,1,-90,90
43,44,2.25141419759361,1.4409050864599104,3.780730603875917e-09,0,0,0,0,0,1,-90,90
21,22,1.536931455339331,0.9836361314171719,2.5809217137706898e-09,0,0,0,0,0,1,-90,90
24,25,0.7028669873667429,0.44983487191471544,1.1803029102471602e-09,0,0,0,0,0,1,-90,90
26,27,2.6245658580847135,1.6797221491742165,8.81470541684826e-09,0,0,0,0,0,1,-90,90
27,28,2.238829312200658,1.4328507598084215,3.759597192972558e-09,0,0,0,0,0,1,-90,90
28,29,1.824294346994805,1.1675483820766752,3.06348137785265e-09,0,0,0,0,0,1,-90,90
