F_BUS,T_BUS,BR_R,BR_X,BR_B,RATE_A,RATE_B,RATE_C,TAP,SHIFT,BR_STATUS,ANGMIN,ANGMAX
1,5,8.708584318602378,3.349455507154761,8.788496245323697e-09,0,0,0,0,0,1,-90,90
5,3,1.388254391967353,0.5339439969105204,1.4009933262398808e-09,0,0,0,0,0,1,-90,90
3,4,1.44801294371956,0.5569280552767538,1.4613002358920502e-09,0,0,0,0,0,1,-90,90
