F_BUS,T_BUS,BR_R,BR_X,BR_B,RATE_A,RATE_B,RATE_C,TAP,SHIFT,BR_STATUS,ANGMIN,ANGMAX
1,2,3.130894236753501,2.0037723115222406,5.25761437901767e-09,0,0,0,0,0,1,-90,90
2,3,3.5445633883491072,2.2685205685434284,5.9522762599761014e-09,0,0,0,0,0,1,-90,90
3,4,3.010835182570108,1.9269345168448695,5.056002902591562e-09,0,0,0,0,0,1,-90,90
4,11,0.6789693497687177,0.43454038385197935,1.1401723425694048e-09,0,0,0,0,0,1,-90,90
11,12,2.933984374999999,1.8777499999999996,4.926949705528382e-09,0,0,0,0,0,1,-90,90
11,10,2.586847180184319,1.6555821953179641,4.344012892930304e-09,0,0,0,0,0,1,-90,90
12,14,2.0649999999999995,1.3215999999999999,3.4676909763420637e-09,0,0,0,0,0,1,-90,90
12,13,1.4568687843003447,0.9323960219522207,4.892949866375534e-09,0,0,0,0,0,1,-90,90
5,6,2.1552718281993153,1.3793739700475618,3.619281680489603e-09,0,0,0,0,0,1,-90,90
5,7,3.533564638241089,2.261481368474297,5.9338063972639395e-09,0,0,0,0,0,1,-90,90
6,8,1.9919145075896985,1.274825284857407,3.34496075719789e-09,0,0,0,0,0,1,-90,90
7,9,3.948203124999999,2.5268499999999996,6.630096052943359e-09,0,0,0,0,0,1,-90,90
8,17,3.507410808697208,2.2447429175662132,5.889887075856624e-09,0,0,0,0,0,1,-90,90
9,13,0.18670584218687897,0.11949173899960254,6.270587546554825e-10,0,0,0,0,0,1,-90,90
14,15,2.0287704586630118,1.2984130935443272,3.4068518220702547e-09,0,0,0,0,0,1,-90,90
15,16,0.10657499249686772,0.06820799519799535,1.7896810643346798e-10,0,0,0,0,0,1,-90,90
