BUS_I,BUS_TYPE,Pd,Qd,Gs,Bs,area,Vm,Va,baseKV,zone,Vmax,Vmin
1,1,0.017602863513400565,0.00441169345272788,0,0,1,1,0,0.4,1,1.1,0.9
3,1,0.0,0.0,0,0,1,1,0,0.4,1,1.1,0.9
4,1,0.04162869301672787,0.010433133920950265,0,0,1,1,0,0.4,1,1.1,0.9
5,1,0.09363555426031021,0.023467281977064807,0,0,1,1,0,0.4,1,1.1,0.9
9,1,0.00946252114959484,0.0023715313460328084,0,0,1,1,0,0.4,1,1.1,0.9
11,1,0.004324742037065913,0.0010838825237232616,0,0,1,1,0,0.4,1,1.1,0.9
7,1,0.04137037529469462,0.010368393397219558,0,0,1,1,0,0.4,1,1.1,0.9
15,1,0.0057224496054715975,0.0014341810603033679,0,0,1,1,0,0.4,1,1.1,0.9
16,1,0.01667348693698592,0.004178769726757624,0,0,1,1,0,0.4,1,1.1,0.9
36,1,0.006953539394022181,0.0017427212450144604,0,0,1,1,0,0.4,1,1.1,0.9
14,1,0.025644454656120592,0.006427106170485124,0,0,1,1,0,0.4,1,1.1,0.9
6,1,0.005067824753926678,0.0012701166074173288,0,0,1,1,0,0.4,1,1.1,0.9
8,1,0.017903675609789674,0.004487084070574284,0,0,1,1,0,0.4,1,1.1,0.9
10,1,0.006679671911324857,0.0016740835839082959,0,0,1,1,0,0.4,1,1.1,0.9
21,1,0.0064113831867764455,0.0016068440913888037,0,0,1,1,0,0.4,1,1.1,0.9
19,1,0.007415711850329542,0.0018585525810905562,0,0,1,1,0,0.4,1,1.1,0.9
12,3,0.005165488854167534,0.0012945935381889126,0,0,1,1,0,0.4,1,1.1,0.9
33,1,0.0,0.0,0,0,1,1,0,0.4,1,1.1,0.9
38,1,0.04589199470220942,0.011501618041077901,0,0,1,1,0,0.4,1,1.1,0.9
32,1,0.0,0.0,0,0,1,1,0,0.4,1,1.1,0.9
13,1,0.024501740105591356,0.006140714908230042,0,0,1,1,0,0.4,1,1.1,0.9
23,1,0.03128587328582881,0.007840978953957776,0,0,1,1,0,0.4,1,1.1,0.9
22,1,0.017178565556580663,0.004305354360983905,0,0,1,1,0,0.4,1,1.1,0.9
24,1,0.007394586877771488,0.001853258163903689,0,0,1,1,0,0.4,1,1.1,0.9
39,1,0.0,0.0,0,0,1,1,0,0.4,1,1.1,0.9
35,1,0.0,0.0,0,0,1,1,0,0.4,1,1.1,0.9
31,1,0.015633598026380997,0.003918148999056838,0,0,1,1,0,0.4,1,1.1,0.9
40,1,0.004944612241643021,0.0012392366410231023,0,0,1,1,0,0.4,1,1.1,0.9
25,1,0.004595619328593705,0.001151770772281008,0,0,1,1,0,0.4,1,1.1,0.9
29,1,0.011417718027058236,0.0028615498737872692,0,0,1,1,0,0.4,1,1.1,0.9
26,1,0.016546957966116306,0.004147058577492566,0,0,1,1,0,0.4,1,1.1,0.9
27,1,0.004597542094341577,0.0011522526628015223,0,0,1,1,0,0.4,1,1.1,0.9
28,1,0.0,0.0,0,0,1,1,0,0.4,1,1.1,0.9
30,1,0.0,0.0,0,0,1,1,0,0.4,1,1.1,0.9
18,1,0.007801832611648129,0.0019553235657303407,0,0,1,1,0,0.4,1,1.1,0.9
