F_BUS,T_BUS,BR_R,BR_X,BR_B,RATE_A,RATE_B,RATE_C,TAP,SHIFT,BR_STATUS,ANGMIN,ANGMAX
3,6,11.722879999999998,4.508799999999999,1.1830451781273528e-08,0,0,0,0,0,1,-90,90
3,5,0.39671773396409954,0.152583743832346,4.003581050423088e-10,0,0,0,0,0,1,-90,90
6,38,8.175973549543771,3.1446052113629896,8.250998120158648e-09,0,0,0,0,0,1,-90,90
38,43,3.1176450146620027,1.1990942364084627,3.1462532259211597e-09,0,0,0,0,0,1,-90,90
38,36,2.976514231977686,1.1448131661452638,3.0038273954596846e-09,0,0,0,0,0,1,-90,90
34,35,2.6999038358224463,1.0384245522394027,2.7246787601487775e-09,0,0,0,0,0,1,-90,90
34,36,1.4468864249442004,0.5564947788246926,1.4601633799272542e-09,0,0,0,0,0,1,-90,90
35,37,2.96981403224835,1.1422361662493656,2.997065713191948e-09,0,0,0,0,0,1,-90,90
37,44,0.3907880552064709,0.150303098156335,3.943740142198686e-10,0,0,0,0,0,1,-90,90
44,46,2.875315854381558,1.1058907132236762,2.9017003988091942e-09,0,0,0,0,0,1,-90,90
43,41,1.0364362303901686,0.3986293193808341,1.0459468021506486e-09,0,0,0,0,0,1,-90,90
39,40,0.13683179609010704,0.05262761388081041,1.3808739540019718e-10,0,0,0,0,0,1,-90,90
39,41,0.5940151503899715,0.22846736553460445,5.994659668984501e-10,0,0,0,0,0,1,-90,90
40,42,5.226218400415267,2.0100840001597184,5.274175354905732e-09,0,0,0,0,0,1,-90,90
42,45,5.192830707612199,1.9972425798508457,5.24048128913054e-09,0,0,0,0,0,1,-90,90
46,47,0.765661318180335,0.29448512237705193,7.72687198497194e-10,0,0,0,0,0,1,-90,90
46,55,7.222209160591227,2.777772754073549,7.288481774840868e-09,0,0,0,0,0,1,-90,90
47,48,1.4641574503843977,0.563137480917076,1.4775928881780765e-09,0,0,0,0,0,1,-90,90
48,49,11.809197293747896,4.541998959133807,1.1917561141906285e-08,0,0,0,0,0,1,-90,90
