BUS_I,BUS_TYPE,Pd,Qd,Gs,Bs,area,Vm,Va,baseKV,zone,Vmax,Vmin
28,1,0.0016260142249104814,0.00040751757829736077,0,0,1,1,0,0.4,1,1.1,0.9
29,1,0.0,0.0,0,0,1,1,0,0.4,1,1.1,0.9
70,1,0.0,0.0,0,0,1,1,0,0.4,1,1.1,0.9
66,1,0.0,0.0,0,0,1,1,0,0.4,1,1.1,0.9
64,1,0.0027478452627842324,0.0006886749389214934,0,0,1,1,0,0.4,1,1.1,0.9
65,1,0.0017477443858578668,0.00043802603242712554,0,0,1,1,0,0.4,1,1.1,0.9
67,1,0.0001290985614558136,3.2355149370875e-05,0,0,1,1,0,0.4,1,1.1,0.9
68,1,0.0005955130996980766,0.0001492496513963004,0,0,1,1,0,0.4,1,1.1,0.9
69,3,0.00023089885888255557,5.7868708872226146e-05,0,0,1,1,0,0.4,1,1.1,0.9
86,1,0.0,0.0,0,0,1,1,0,0.4,1,1.1,0.9
85,1,0.00010913839116269774,2.7352659149301867e-05,0,0,1,1,0,0.4,1,1.1,0.9
71,1,3.913539303522677e-05,9.808254042986022e-06,0,0,1,1,0,0.4,1,1.1,0.9
72,1,0.00013564257089139015,3.399523273342249e-05,0,0,1,1,0,0.4,1,1.1,0.9
73,1,0.0,0.0,0,0,1,1,0,0.4,1,1.1,0.9
74,1,0.0004848804910546995,0.00012152250604641836,0,0,1,1,0,0.4,1,1.1,0.9
75,1,0.00010944148727128627,2.7428622194563756e-05,0,0,1,1,0,0.4,1,1.1,0.9
76,1,0.00022250449964081255,5.5764884134935474e-05,0,0,1,1,0,0.4,1,1.1,0.9
77,1,0.00028417538397569256,7.122106468402665e-05,0,0,1,1,0,0.4,1,1.1,0.9
80,1,0.0004275098839238109,0.00010714407655591611,0,0,1,1,0,0.4,1,1.1,0.9
82,1,8.494279565570377e-05,2.128867130994854e-05,0,0,1,1,0,0.4,1,1.1,0.9
78,1,0.0002333452272625855,5.848182658213297e-05,0,0,1,1,0,0.4,1,1.1,0.9
79,1,0.0005736944527471944,0.00014378138301898155,0,0,1,1,0,0.4,1,1.1,0.9
89,1,0.0,0.0,0,0,1,1,0,0.4,1,1.1,0.9
81,1,0.0005271497902730742,0.00013211619101540864,0,0,1,1,0,0.4,1,1.1,0.9
83,1,4.1232188524169794e-05,1.0333760527952925e-05,0,0,1,1,0,0.4,1,1.1,0.9
84,1,0.0003061714928663049,7.673380921586547e-05,0,0,1,1,0,0.4,1,1.1,0.9
87,1,4.826540568026444e-05,1.209645090247836e-05,0,0,1,1,0,0.4,1,1.1,0.9
94,1,0.0004983748863582839,0.0001249045203058611,0,0,1,1,0,0.4,1,1.1,0.9
88,1,0.00015880008875265563,3.9799053790843026e-05,0,0,1,1,0,0.4,1,1.1,0.9
91,1,0.0001275703157610319,3.1972134895946225e-05,0,0,1,1,0,0.4,1,1.1,0.9
92,1,0.0003057036801017046,7.661656428528252e-05,0,0,1,1,0,0.4,1,1.1,0.9
93,1,0.0,0.0,0,0,1,1,0,0.4,1,1.1,0.9
99,1,0.0,0.0,0,0,1,1,0,0.4,1,1.1,0.9
95,1,6.319665025235266e-05,1.5838573533243165e-05,0,0,1,1,0,0.4,1,1.1,0.9
96,1,0.00019880881104934034,4.982618477858958e-05,0,0,1,1,0,0.4,1,1.1,0.9
97,1,0.000744656731142726,0.00018662856885819638,0,0,1,1,0,0.4,1,1.1,0.9
98,1,0.00015156701330518692,3.798627420697633e-05,0,0,1,1,0,0.4,1,1.1,0.9
