BUS_I,BUS_TYPE,Pd,Qd,Gs,Bs,area,Vm,Va,baseKV,zone,Vmax,Vmin
1,1,0.03630852092784515,0.009099773109850313,0,0,1,1,0,0.4,1,1.1,0.9
2,1,0.041016293248879336,0.010279652071578842,0,0,1,1,0,0.4,1,1.1,0.9
3,1,0.0,0.0,0,0,1,1,0,0.4,1,1.1,0.9
4,1,0.0,0.0,0,0,1,1,0,0.4,1,1.1,0.9
5,1,0.013107736780767654,0.003285108499067255,0,0,1,1,0,0.4,1,1.1,0.9
9,1,0.0,0.0,0,0,1,1,0,0.4,1,1.1,0.9
10,3,0.0,0.0,0,0,1,1,0,0.4,1,1.1,0.9
22,1,0.013638999456160863,0.0034182554762580216,0,0,1,1,0,0.4,1,1.1,0.9
7,1,0.0,0.0,0,0,1,1,0,0.4,1,1.1,0.9
16,1,0.08962467616816132,0.022462061172770525,0,0,1,1,0,0.4,1,1.1,0.9
13,1,0.0,0.0,0,0,1,1,0,0.4,1,1.1,0.9
15,1,0.0461619100480302,0.011569265203316125,0,0,1,1,0,0.4,1,1.1,0.9
14,1,0.0,0.0,0,0,1,1,0,0.4,1,1.1,0.9
11,1,0.013842642262354234,0.0034692931744197152,0,0,1,1,0,0.4,1,1.1,0.9
23,1,0.01363629583936324,0.0034175778860173383,0,0,1,1,0,0.4,1,1.1,0.9
25,1,0.08929369034801075,0.022379108306914784,0,0,1,1,0,0.4,1,1.1,0.9
24,1,0.01324481872109113,0.0033194644717845305,0,0,1,1,0,0.4,1,1.1,0.9
18,1,0.043491041993524354,0.010899882571325972,0,0,1,1,0,0.4,1,1.1,0.9
19,1,0.04654124706280374,0.011664336020810096,0,0,1,1,0,0.4,1,1.1,0.9
