F_BUS,T_BUS,BR_R,BR_X,BR_B,RATE_A,RATE_B,RATE_C,TAP,SHIFT,BR_STATUS,ANGMIN,ANGMAX
1,2,1.3540727952180553,0.8666065889395554,2.273852790938463e-09,0,0,0,0,0,1,-90,90
1,3,0.479543110644066,0.30690759081220226,8.052819939697007e-10,0,0,0,0,0,1,-90,90
2,4,1.2397359131043313,0.793430984386772,4.163700764086274e-09,0,0,0,0,0,1,-90,90
3,5,1.5324584116359277,0.9807733834469937,2.5734102690796117e-09,0,0,0,0,0,1,-90,90
4,13,2.0753125,1.3281999999999996,3.4850084403583e-09,0,0,0,0,0,1,-90,90
4,11,0.42039062499999996,0.26904999999999996,7.059490444800485e-10,0,0,0,0,0,1,-90,90
13,6,2.209340544493159,1.413977948475622,3.710077612496654e-09,0,0,0,0,0,1,-90,90
11,14,0.7139627064378897,0.4569361321202494,1.1989356099561397e-09,0,0,0,0,0,1,-90,90
14,10,1.241142042133122,0.7943309069651981,2.0842116512657575e-09,0,0,0,0,0,1,-90,90
7,8,0.9744976257075239,0.6236784804528153,1.6364438852943084e-09,0,0,0,0,0,1,-90,90
8,10,0.10892240326633207,0.06971033809045253,1.8291004112743395e-10,0,0,0,0,0,1,-90,90
