F_BUS,T_BUS,BR_R,BR_X,BR_B,RATE_A,RATE_B,RATE_C,TAP,SHIFT,BR_STATUS,ANGMIN,ANGMAX
1,2,3.1572365402059437,1.2143217462330553,3.1862080522005934e-09,0,0,0,0,0,1,-90,90
2,4,11.562294514455367,4.447036351713603,1.1668392727226387e-08,0,0,0,0,0,1,-90,90
4,6,4.888231157150874,1.8800889065964899,4.933086664743845e-09,0,0,0,0,0,1,-90,90
6,7,5.257684890160879,2.0221864962157228,5.305930588232474e-09,0,0,0,0,0,1,-90,90
6,8,11.87173812813443,4.566053126205549,1.1980675865043475e-08,0,0,0,0,0,1,-90,90
7,9,4.281606826357465,1.6467718562913327,4.320895812769011e-09,0,0,0,0,0,1,-90,90
8,14,0.29549,0.11364999999999999,2.98201482643217e-10,0,0,0,0,0,1,-90,90
8,12,18.70650637268725,7.194810143341251,3.7756322957867454e-08,0,0,0,0,0,1,-90,90
12,10,7.389520207277692,2.8421231566452665,7.457328105290264e-09,0,0,0,0,0,1,-90,90
12,13,2.074483332786815,0.7978782049180059,4.1870385160626104e-09,0,0,0,0,0,1,-90,90
13,15,3.9982799999999994,1.5377999999999998,8.069938231566018e-09,0,0,0,0,0,1,-90,90
