BUS_I,BUS_TYPE,Pd,Qd,Gs,Bs,area,Vm,Va,baseKV,zone,Vmax,Vmin
52,1,0.0007550911828970345,0.00018924368897500256,0,0,1,1,0,0.4,1,1.1,0.9
53,1,0.0,0.0,0,0,1,1,0,0.4,1,1.1,0.9
54,1,0.0030333997063393945,0.0007602416285155261,0,0,1,1,0,0.4,1,1.1,0.9
55,1,0.0,0.0,0,0,1,1,0,0.4,1,1.1,0.9
81,1,0.0015685139285028097,0.00039310664561027135,0,0,1,1,0,0.4,1,1.1,0.9
71,1,0.002829522138228618,0.0007091450934712322,0,0,1,1,0,0.4,1,1.1,0.9
68,1,0.0006141210745364428,0.00015391324949216989,0,0,1,1,0,0.4,1,1.1,0.9
60,1,0.0018388896268313427,0.0004608691830624683,0,0,1,1,0,0.4,1,1.1,0.9
61,1,0.003940613695232868,0.0009876108864761758,0,0,1,1,0,0.4,1,1.1,0.9
62,3,0.0,0.0,0,0,1,1,0,0.4,1,1.1,0.9
63,1,0.0025105368243149156,0.0006291998379826513,0,0,1,1,0,0.4,1,1.1,0.9
64,1,0.027016743101507826,0.0067710340743264595,0,0,1,1,0,0.4,1,1.1,0.9
65,1,0.0,0.0,0,0,1,1,0,0.4,1,1.1,0.9
80,1,0.019961143375921215,0.005002734099112605,0,0,1,1,0,0.4,1,1.1,0.9
69,1,0.0002509817621738041,6.290195888261906e-05,0,0,1,1,0,0.4,1,1.1,0.9
70,1,0.001456257493472886,0.0003649725310060722,0,0,1,1,0,0.4,1,1.1,0.9
72,1,0.0010770862879181768,0.000269943269219477,0,0,1,1,0,0.4,1,1.1,0.9
73,1,0.0,0.0,0,0,1,1,0,0.4,1,1.1,0.9
74,1,0.026323163309510345,0.006597206593077726,0,0,1,1,0,0.4,1,1.1,0.9
77,1,0.0105298620779001,0.0026390321979054684,0,0,1,1,0,0.4,1,1.1,0.9
