F_BUS,T_BUS,BR_R,BR_X,BR_B,RATE_A,RATE_B,RATE_C,TAP,SHIFT,BR_STATUS,ANGMIN,ANGMAX
1,2,3.556422167420367,2.2761101871490346,5.972190342869972e-09,0,0,0,0,0,1,-90,90
1,9,20.849596295883575,13.34374162936549,3.501208568310431e-08,0,0,0,0,0,1,-90,90
2,3,2.272877115317805,1.4546413538033953,3.816772621366554e-09,0,0,0,0,0,1,-90,90
9,10,0.022771629608087554,0.014573842949176035,3.823969709858062e-11,0,0,0,0,0,1,-90,90
3,8,3.4066148704476835,2.1802335170865175,5.720623557445096e-09,0,0,0,0,0,1,-90,90
4,5,1.637575739691441,1.0480484734025222,2.7499305644574776e-09,0,0,0,0,0,1,-90,90
4,6,0.12371455334787046,0.0791773141426371,2.0775004372232413e-10,0,0,0,0,0,1,-90,90
6,7,0.016443184118613195,0.010523637835912446,2.7612533264138555e-11,0,0,0,0,0,1,-90,90
7,10,2.346887046453061,1.5020077097299593,3.941055222023903e-09,0,0,0,0,0,1,-90,90
8,15,3.040851903799406,1.9461452184316197,5.106409059175684e-09,0,0,0,0,0,1,-90,90
15,17,6.177114284889628,3.9533531423293615,1.037303799784282e-08,0,0,0,0,0,1,-90,90
15,13,3.354936580741778,2.1471594116747377,5.6338417952727184e-09,0,0,0,0,0,1,-90,90
13,14,3.16312787688301,2.024401841205126,5.31174333931392e-09,0,0,0,0,0,1,-90,90
13,12,2.5245320096665758,1.6157004861866087,4.239368944022994e-09,0,0,0,0,0,1,-90,90
11,12,2.817273445304399,1.8030550049948153,4.73096063155941e-09,0,0,0,0,0,1,-90,90
