F_BUS,T_BUS,BR_R,BR_X,BR_B,RATE_A,RATE_B,RATE_C,TAP,SHIFT,BR_STATUS,ANGMIN,ANGMAX
1,2,6.63315288859112,2.5512126494581233,6.694020190114758e-09,0,0,0,0,0,1,-90,90
2,4,7.221285984004878,2.7774176861557227,7.287550126978703e-09,0,0,0,0,0,1,-90,90
4,6,0.41290566558949116,0.1588098713805735,4.1669458076608554e-10,0,0,0,0,0,1,-90,90
4,7,7.304579791812018,2.8094537660815453,7.371608257484265e-09,0,0,0,0,0,1,-90,90
6,9,2.8448286619580134,1.0941648699838515,2.8709334490568172e-09,0,0,0,0,0,1,-90,90
9,10,1.676163518567094,0.6446782763719593,1.691544371684926e-09,0,0,0,0,0,1,-90,90
10,11,1.3152761914290676,0.5058754582419491,1.327345461333621e-09,0,0,0,0,0,1,-90,90
