F_BUS,T_BUS,BR_R,BR_X,BR_B,RATE_A,RATE_B,RATE_C,TAP,SHIFT,BR_STATUS,ANGMIN,ANGMAX
6,7,1.1982432000642622,0.7668756480411277,4.024345890872717e-09,0,0,0,0,0,1,-90,90
7,8,0.8513281249999999,0.5448499999999998,1.429609131703975e-09,0,0,0,0,0,1,-90,90
7,9,3.4867187499999996,2.2314999999999996,5.855139538216795e-09,0,0,0,0,0,1,-90,90
8,17,3.169843749999999,2.0286999999999993,5.323021098445176e-09,0,0,0,0,0,1,-90,90
8,11,3.7752343749999993,2.4161499999999996,6.339634951943763e-09,0,0,0,0,0,1,-90,90
8,15,1.9705750914362512,1.2611680585192007,3.3091261320958483e-09,0,0,0,0,0,1,-90,90
9,16,2.4084271719538077,1.541393390050437,4.044397661676153e-09,0,0,0,0,0,1,-90,90
9,13,3.4716046455087373,2.2218269731255917,5.829758887485636e-09,0,0,0,0,0,1,-90,90
11,10,2.398689897001318,1.5351615340808435,4.028046155387093e-09,0,0,0,0,0,1,-90,90
13,14,1.1691998840478852,0.7482879257906466,1.9634013982823434e-09,0,0,0,0,0,1,-90,90
13,12,1.7603083025564887,1.126597313636153,2.9560315817700497e-09,0,0,0,0,0,1,-90,90
