BUS_I,BUS_TYPE,Pd,Qd,Gs,Bs,area,Vm,Va,baseKV,zone,Vmax,Vmin
6,3,0.014924840657180142,0.00374051765840049,0,0,1,1,0,0.4,1,1.1,0.9
7,1,0.0,0.0,0,0,1,1,0,0.4,1,1.1,0.9
8,1,0.0,0.0,0,0,1,1,0,0.4,1,1.1,0.9
9,1,0.0,0.0,0,0,1,1,0,0.4,1,1.1,0.9
17,1,0.008904006300367903,0.0022315543302643226,0,0,1,1,0,0.4,1,1.1,0.9
11,1,0.0,0.0,0,0,1,1,0,0.4,1,1.1,0.9
15,1,0.060744919611174446,0.015224111914012628,0,0,1,1,0,0.4,1,1.1,0.9
16,1,0.027485491589123126,0.006888513519202813,0,0,1,1,0,0.4,1,1.1,0.9
13,1,0.0,0.0,0,0,1,1,0,0.4,1,1.1,0.9
10,1,0.03808278472115727,0.00954444553228933,0,0,1,1,0,0.4,1,1.1,0.9
12,1,0.08798811401641242,0.022051900034819504,0,0,1,1,0,0.4,1,1.1,0.9
14,1,0.004028669173575021,0.0010096796696024645,0,0,1,1,0,0.4,1,1.1,0.9
