BUS_I,BUS_TYPE,Pd,Qd,Gs,Bs,area,Vm,Va,baseKV,zone,Vmax,Vmin
1,1,0.0053888848488869495,0.0013505818520515409,0,0,1,1,0,0.4,1,1.1,0.9
2,1,0.006183285894494291,0.0015496775212918378,0,0,1,1,0,0.4,1,1.1,0.9
3,1,0.0037434923599135653,0.0009382076229810568,0,0,1,1,0,0.4,1,1.1,0.9
4,1,0.0,0.0,0,0,1,1,0,0.4,1,1.1,0.9
5,1,0.005270474333179429,0.0013209053794433587,0,0,1,1,0,0.4,1,1.1,0.9
6,1,0.0,0.0,0,0,1,1,0,0.4,1,1.1,0.9
33,1,0.0,0.0,0,0,1,1,0,0.4,1,1.1,0.9
30,1,0.0025026456952412486,0.0006272221346139677,0,0,1,1,0,0.4,1,1.1,0.9
20,1,0.0025435114631952513,0.0006374640614905877,0,0,1,1,0,0.4,1,1.1,0.9
34,1,0.0,0.0,0,0,1,1,0,0.4,1,1.1,0.9
28,1,0.0035805717297978613,0.0008973758641795082,0,0,1,1,0,0.4,1,1.1,0.9
18,1,0.0,0.0,0,0,1,1,0,0.4,1,1.1,0.9
7,1,0.07529993540192234,0.01887194272401183,0,0,1,1,0,0.4,1,1.1,0.9
8,1,0.07985712481774461,0.020014082052270475,0,0,1,1,0,0.4,1,1.1,0.9
9,1,0.0,0.0,0,0,1,1,0,0.4,1,1.1,0.9
11,1,0.0,0.0,0,0,1,1,0,0.4,1,1.1,0.9
14,1,0.0,0.0,0,0,1,1,0,0.4,1,1.1,0.9
25,3,0.020808441839679045,0.005215087111008719,0,0,1,1,0,0.4,1,1.1,0.9
12,1,0.015654784623842843,0.003923458860900444,0,0,1,1,0,0.4,1,1.1,0.9
24,1,0.02011767104301706,0.005041963630351759,0,0,1,1,0,0.4,1,1.1,0.9
13,1,0.007913446365426778,0.0019832966092300417,0,0,1,1,0,0.4,1,1.1,0.9
15,1,0.0,0.0,0,0,1,1,0,0.4,1,1.1,0.9
16,1,0.005574764155899033,0.0013971675976672201,0,0,1,1,0,0.4,1,1.1,0.9
17,1,0.0017076749978273287,0.0004279836971732866,0,0,1,1,0,0.4,1,1.1,0.9
19,1,0.031809235498077154,0.007972145888441105,0,0,1,1,0,0.4,1,1.1,0.9
21,1,0.05633600749827434,0.014119134380821694,0,0,1,1,0,0.4,1,1.1,0.9
22,1,0.005377181099777225,0.001347648616031138,0,0,1,1,0,0.4,1,1.1,0.9
31,1,0.009492441534261833,0.0023790301012801,0,0,1,1,0,0.4,1,1.1,0.9
23,1,0.03649726634185061,0.009147077169588458,0,0,1,1,0,0.4,1,1.1,0.9
26,1,0.003487795051582551,0.0008741238368297116,0,0,1,1,0,0.4,1,1.1,0.9
27,1,0.0017977809795704494,0.000450566384893675,0,0,1,1,0,0.4,1,1.1,0.9
29,1,0.0031518877712114184,0.0007899375367763817,0,0,1,1,0,0.4,1,1.1,0.9
36,1,0.0020766720116667534,0.0005204630661573302,0,0,1,1,0,0.4,1,1.1,0.9
35,1,0.003211399860143043,0.0008048526721972714,0,0,1,1,0,0.4,1,1.1,0.9
38,1,0.011433170346231017,0.002865422590023018,0,0,1,1,0,0.4,1,1.1,0.9
37,1,0.0015241067082935721,0.00038197714713396965,0,0,1,1,0,0.4,1,1.1,0.9
