BUS_I,BUS_TYPE,Pd,Qd,Gs,Bs,area,Vm,Va,baseKV,zone,Vmax,Vmin
1,1,0.0027335048566528514,0.000685080894362146,0,0,1,1,0,0.4,1,1.1,0.9
2,1,0.0,0.0,0,0,1,1,0,0.4,1,1.1,0.9
3,1,0.0,0.0,0,0,1,1,0,0.4,1,1.1,0.9
4,1,0.002872826768320384,0.0007199982568161169,0,0,1,1,0,0.4,1,1.1,0.9
83,3,0.0031138655179594014,0.0007804082618602757,0,0,1,1,0,0.4,1,1.1,0.9
54,1,0.010135385420526718,0.0025401670283117096,0,0,1,1,0,0.4,1,1.1,0.9
5,1,0.005558543495573156,0.0013931023169869426,0,0,1,1,0,0.4,1,1.1,0.9
6,1,0.0014898011815807361,0.00037337937169384396,0,0,1,1,0,0.4,1,1.1,0.9
8,1,0.0,0.0,0,0,1,1,0,0.4,1,1.1,0.9
47,1,0.0,0.0,0,0,1,1,0,0.4,1,1.1,0.9
48,1,0.0009852251412216953,0.00024692069569713914,0,0,1,1,0,0.4,1,1.1,0.9
26,1,0.0,0.0,0,0,1,1,0,0.4,1,1.1,0.9
28,1,0.0,0.0,0,0,1,1,0,0.4,1,1.1,0.9
29,1,0.0,0.0,0,0,1,1,0,0.4,1,1.1,0.9
43,1,0.004842331003946346,0.0012136025465282032,0,0,1,1,0,0.4,1,1.1,0.9
60,1,0.004757931995197549,0.0011924501610637397,0,0,1,1,0,0.4,1,1.1,0.9
34,1,0.0005391532801719698,0.00013512454915876014,0,0,1,1,0,0.4,1,1.1,0.9
32,1,0.0011882138984281238,0.0002977944737312205,0,0,1,1,0,0.4,1,1.1,0.9
40,1,0.0,0.0,0,0,1,1,0,0.4,1,1.1,0.9
46,1,0.001953926889791768,0.0004897002388413132,0,0,1,1,0,0.4,1,1.1,0.9
62,1,0.0,0.0,0,0,1,1,0,0.4,1,1.1,0.9
75,1,0.013119558600275355,0.0032880713263187277,0,0,1,1,0,0.4,1,1.1,0.9
61,1,0.007896623657314729,0.0019790804411515595,0,0,1,1,0,0.4,1,1.1,0.9
42,1,0.008377107523320474,0.0020995010490932856,0,0,1,1,0,0.4,1,1.1,0.9
63,1,0.0,0.0,0,0,1,1,0,0.4,1,1.1,0.9
37,1,0.020917579434599622,0.005242439570600934,0,0,1,1,0,0.4,1,1.1,0.9
38,1,0.02646839155096226,0.006633604221308886,0,0,1,1,0,0.4,1,1.1,0.9
39,1,0.0,0.0,0,0,1,1,0,0.4,1,1.1,0.9
41,1,0.0,0.0,0,0,1,1,0,0.4,1,1.1,0.9
59,1,0.025894669977479128,0.006489816041192768,0,0,1,1,0,0.4,1,1.1,0.9
55,1,0.009946780980161253,0.002492898299898159,0,0,1,1,0,0.4,1,1.1,0.9
44,1,0.0,0.0,0,0,1,1,0,0.4,1,1.1,0.9
45,1,0.0021631070514167897,0.0005421257290906204,0,0,1,1,0,0.4,1,1.1,0.9
53,1,0.010145961163875832,0.002542817559440097,0,0,1,1,0,0.4,1,1.1,0.9
52,1,0.0,0.0,0,0,1,1,0,0.4,1,1.1,0.9
49,1,0.041683923758796836,0.01044697604970332,0,0,1,1,0,0.4,1,1.1,0.9
50,1,0.0,0.0,0,0,1,1,0,0.4,1,1.1,0.9
