BUS_I,BUS_TYPE,Pd,Qd,Gs,Bs,area,Vm,Va,baseKV,zone,Vmax,Vmin
1,1,0.006362300314089481,0.001594542763942317,0,0,1,1,0,0.4,1,1.1,0.9
2,1,0.0,0.0,0,0,1,1,0,0.4,1,1.1,0.9
3,1,0.02346965272743638,0.005882049428867373,0,0,1,1,0,0.4,1,1.1,0.9
5,1,0.0,0.0,0,0,1,1,0,0.4,1,1.1,0.9
31,1,0.006430017982158903,0.0016115144113466406,0,0,1,1,0,0.4,1,1.1,0.9
6,1,0.0,0.0,0,0,1,1,0,0.4,1,1.1,0.9
19,1,0.005481785938230554,0.0013738650597692205,0,0,1,1,0,0.4,1,1.1,0.9
23,3,0.02110536038516847,0.005289501913017038,0,0,1,1,0,0.4,1,1.1,0.9
7,1,0.0,0.0,0,0,1,1,0,0.4,1,1.1,0.9
8,1,0.0,0.0,0,0,1,1,0,0.4,1,1.1,0.9
12,1,0.006517142019166691,0.001633349753269838,0,0,1,1,0,0.4,1,1.1,0.9
36,1,0.008770373360812255,0.0021980627586198776,0,0,1,1,0,0.4,1,1.1,0.9
9,1,0.0,0.0,0,0,1,1,0,0.4,1,1.1,0.9
15,1,0.0,0.0,0,0,1,1,0,0.4,1,1.1,0.9
10,1,0.0,0.0,0,0,1,1,0,0.4,1,1.1,0.9
33,1,0.018638732759829933,0.0046713067576243045,0,0,1,1,0,0.4,1,1.1,0.9
34,1,0.0027066237548640233,0.0006783438552052154,0,0,1,1,0,0.4,1,1.1,0.9
32,1,0.004761753148343033,0.0011934078323142703,0,0,1,1,0,0.4,1,1.1,0.9
11,1,0.0,0.0,0,0,1,1,0,0.4,1,1.1,0.9
37,1,0.019979618773135675,0.005007364470123863,0,0,1,1,0,0.4,1,1.1,0.9
14,1,0.0,0.0,0,0,1,1,0,0.4,1,1.1,0.9
30,1,0.008191677147891992,0.002053027816338175,0,0,1,1,0,0.4,1,1.1,0.9
25,1,0.0,0.0,0,0,1,1,0,0.4,1,1.1,0.9
17,1,0.0,0.0,0,0,1,1,0,0.4,1,1.1,0.9
24,1,0.0,0.0,0,0,1,1,0,0.4,1,1.1,0.9
13,1,0.0,0.0,0,0,1,1,0,0.4,1,1.1,0.9
35,1,0.01752863085843823,0.00439308899569584,0,0,1,1,0,0.4,1,1.1,0.9
16,1,0.02679161071138884,0.00671461057875548,0,0,1,1,0,0.4,1,1.1,0.9
18,1,0.0,0.0,0,0,1,1,0,0.4,1,1.1,0.9
20,1,0.020884277839095446,0.005234093404038924,0,0,1,1,0,0.4,1,1.1,0.9
21,1,0.0,0.0,0,0,1,1,0,0.4,1,1.1,0.9
22,1,0.0,0.0,0,0,1,1,0,0.4,1,1.1,0.9
27,1,0.006948993516322974,0.0017415819406696174,0,0,1,1,0,0.4,1,1.1,0.9
28,1,0.005914720492548372,0.0014823686868802055,0,0,1,1,0,0.4,1,1.1,0.9
26,1,0.013163905358316404,0.0032991856715473018,0,0,1,1,0,0.4,1,1.1,0.9
