F_BUS,T_BUS,BR_R,BR_X,BR_B,RATE_A,RATE_B,RATE_C,TAP,SHIFT,BR_STATUS,ANGMIN,ANGMAX
4,63,2.64851916521549,1.695052265737914,8.89515352047145e-09,0,0,0,0,0,1,-90,90
4,124,11.843812361786853,7.580039911543586,1.9888949759059014e-08,0,0,0,0,0,1,-90,90
63,40,1.9126562499999997,1.2240999999999997,3.2118648033749395e-09,0,0,0,0,0,1,-90,90
63,61,2.8796865077822758,1.8429993649806566,4.835768967424014e-09,0,0,0,0,0,1,-90,90
124,104,0.6563281249999999,0.4200499999999999,1.1021516303060562e-09,0,0,0,0,0,1,-90,90
30,32,1.9956149441546729,1.2771935642589907,3.351174786488393e-09,0,0,0,0,0,1,-90,90
30,34,3.79410395934046,2.428226533977895,6.371322064459376e-09,0,0,0,0,0,1,-90,90
34,38,0.95167529639055,0.609072189689952,1.5981190497342227e-09,0,0,0,0,0,1,-90,90
38,40,3.5190624999999995,2.2521999999999993,5.909453402631352e-09,0,0,0,0,0,1,-90,90
38,36,3.0595922476497113,1.9581390384958153,5.137879142111883e-09,0,0,0,0,0,1,-90,90
36,37,4.194326349899631,2.6843688639357643,7.0434032132594174e-09,0,0,0,0,0,1,-90,90
37,39,0.49438246449499584,0.31640477727679733,8.302012644024446e-10,0,0,0,0,0,1,-90,90
40,118,2.1907913568115047,1.4021064683593631,3.6789285322341128e-09,0,0,0,0,0,1,-90,90
118,116,2.9339093379364227,1.8777019762793106,4.926823698095812e-09,0,0,0,0,0,1,-90,90
61,62,1.2494459617153546,0.799645415497827,2.0981561679745124e-09,0,0,0,0,0,1,-90,90
102,103,1.3400506527543572,0.8576324177627885,2.25030583844919e-09,0,0,0,0,0,1,-90,90
102,104,2.9765624999999996,1.9049999999999996,4.998449841049963e-09,0,0,0,0,0,1,-90,90
103,110,0.7565156993864928,0.4841700476073554,1.2703935419969234e-09,0,0,0,0,0,1,-90,90
104,123,2.331750014557257,1.4923200093166449,3.915636070007592e-09,0,0,0,0,0,1,-90,90
110,111,1.1263206139637632,0.7208451929368085,1.89139555908484e-09,0,0,0,0,0,1,-90,90
123,122,4.261510520070282,2.7273667328449807,7.156223523503387e-09,0,0,0,0,0,1,-90,90
109,112,2.0279726298525698,1.297902483105645,3.4055120526917396e-09,0,0,0,0,0,1,-90,90
112,111,0.06254709776851637,0.040030142571850474,1.0503341720497291e-10,0,0,0,0,0,1,-90,90
115,116,2.934360155625156,1.8779904996001002,4.927580742372422e-09,0,0,0,0,0,1,-90,90
115,117,2.931372349909853,1.8760783039423061,4.922563412145778e-09,0,0,0,0,0,1,-90,90
117,119,2.9688000434201824,1.9000320277889169,4.985414586504646e-09,0,0,0,0,0,1,-90,90
