F_BUS,T_BUS,BR_R,BR_X,BR_B,RATE_A,RATE_B,RATE_C,TAP,SHIFT,BR_STATUS,ANGMIN,ANGMAX
1,3,2.9100740023297975,1.8624473614910704,4.8867977522356775e-09,0,0,0,0,0,1,-90,90
3,4,1.5039025581613663,0.9624976372232744,2.525457302776715e-09,0,0,0,0,0,1,-90,90
3,28,8.955166953674567,5.731306850351723,1.5038136385905057e-08,0,0,0,0,0,1,-90,90
28,31,4.5027637392603435,2.8817687931266196,7.561352633042782e-09,0,0,0,0,0,1,-90,90
28,27,3.1866048020312374,2.039427073299992,5.351167417516713e-09,0,0,0,0,0,1,-90,90
31,25,7.2676863841610935,4.6513192858631,1.220440217590291e-08,0,0,0,0,0,1,-90,90
31,30,0.9251168000685311,0.59207475204386,3.1070403677095318e-09,0,0,0,0,0,1,-90,90
27,7,11.192536780013542,7.1632235392086665,1.8795282709166888e-08,0,0,0,0,0,1,-90,90
6,7,3.539059707944979,2.2649982130847865,5.943034098778008e-09,0,0,0,0,0,1,-90,90
6,8,2.092993464022708,1.339515816974533,3.5146995393387228e-09,0,0,0,0,0,1,-90,90
7,9,0.6986865125144238,0.4471593680092313,1.1732827674276873e-09,0,0,0,0,0,1,-90,90
8,10,3.4173048693979027,2.187075116414658,5.738574943835788e-09,0,0,0,0,0,1,-90,90
8,11,0.17880503455719363,0.11443522211660392,3.002617941203445e-10,0,0,0,0,0,1,-90,90
9,12,1.8610937422244813,1.191099995023668,3.1252774702365706e-09,0,0,0,0,0,1,-90,90
10,13,0.43422805342161414,0.27790595418983305,7.291858123606349e-10,0,0,0,0,0,1,-90,90
11,14,1.5501060590617968,0.9920678777995501,2.603045420523851e-09,0,0,0,0,0,1,-90,90
12,17,2.048679374949124,1.3111547999674393,3.440284252750207e-09,0,0,0,0,0,1,-90,90
13,15,1.93824057094574,1.2404739654052737,3.2548277665126556e-09,0,0,0,0,0,1,-90,90
14,19,1.4603018395793301,0.9345931773307714,2.4522399573099078e-09,0,0,0,0,0,1,-90,90
17,18,1.4642734738146868,0.9371350232413995,2.4589094005056836e-09,0,0,0,0,0,1,-90,90
15,16,2.772622120438433,1.7744781570805972,4.655979035278816e-09,0,0,0,0,0,1,-90,90
19,20,1.3860791527886014,0.887090657784705,2.327600082625127e-09,0,0,0,0,0,1,-90,90
22,23,1.5630979859233214,1.0003827109909258,2.62486236364395e-09,0,0,0,0,0,1,-90,90
23,24,2.2474779962216345,1.438385917581846,3.77412066199763e-09,0,0,0,0,0,1,-90,90
24,25,1.0412351808572253,0.6663905157486242,1.7485142086723957e-09,0,0,0,0,0,1,-90,90
25,26,2.003741169604549,1.2823943485469111,3.364820906906919e-09,0,0,0,0,0,1,-90,90
29,30,0.513619667146224,0.32871658697358336,1.7250114140772645e-09,0,0,0,0,0,1,-90,90
