BUS_I,BUS_TYPE,Pd,Qd,Gs,Bs,area,Vm,Va,baseKV,zone,Vmax,Vmin
1,1,0.018778472594320195,0.004706328861410808,0,0,1,1,0,0.4,1,1.1,0.9
3,1,0.0,0.0,0,0,1,1,0,0.4,1,1.1,0.9
4,1,0.01064394020150191,0.0026676228707019967,0,0,1,1,0,0.4,1,1.1,0.9
5,1,0.06444827524484456,0.016152260325192867,0,0,1,1,0,0.4,1,1.1,0.9
6,1,0.0,0.0,0,0,1,1,0,0.4,1,1.1,0.9
7,1,0.0,0.0,0,0,1,1,0,0.4,1,1.1,0.9
26,1,0.015373025365393969,0.0038528433343528413,0,0,1,1,0,0.4,1,1.1,0.9
10,1,0.0,0.0,0,0,1,1,0,0.4,1,1.1,0.9
8,1,0.04977699526215436,0.012475290962026556,0,0,1,1,0,0.4,1,1.1,0.9
9,3,0.0,0.0,0,0,1,1,0,0.4,1,1.1,0.9
11,1,0.011418601474694475,0.0028617712866357897,0,0,1,1,0,0.4,1,1.1,0.9
25,1,0.010932167910871888,0.0027398595438633986,0,0,1,1,0,0.4,1,1.1,0.9
12,1,0.005315562562611091,0.0013322055549192025,0,0,1,1,0,0.4,1,1.1,0.9
24,1,0.02404109722653572,0.006025266920348503,0,0,1,1,0,0.4,1,1.1,0.9
13,1,0.06549402053305592,0.01641434879947496,0,0,1,1,0,0.4,1,1.1,0.9
14,1,0.0,0.0,0,0,1,1,0,0.4,1,1.1,0.9
15,1,0.015851039733645766,0.00397264502781714,0,0,1,1,0,0.4,1,1.1,0.9
17,1,0.0,0.0,0,0,1,1,0,0.4,1,1.1,0.9
28,1,0.029749810870167745,0.0074560054241116554,0,0,1,1,0,0.4,1,1.1,0.9
27,1,0.0,0.0,0,0,1,1,0,0.4,1,1.1,0.9
21,1,0.005124769739137114,0.0012843883659995228,0,0,1,1,0,0.4,1,1.1,0.9
18,1,0.0029606902122405205,0.0007420189115795592,0,0,1,1,0,0.4,1,1.1,0.9
19,1,0.0,0.0,0,0,1,1,0,0.4,1,1.1,0.9
20,1,0.0,0.0,0,0,1,1,0,0.4,1,1.1,0.9
22,1,0.005212704599554896,0.0013064269194244438,0,0,1,1,0,0.4,1,1.1,0.9
23,1,0.0,0.0,0,0,1,1,0,0.4,1,1.1,0.9
