F_BUS,T_BUS,BR_R,BR_X,BR_B,RATE_A,RATE_B,RATE_C,TAP,SHIFT,BR_STATUS,ANGMIN,ANGMAX
7,9,3.169868351734061,2.0287157451097992,1.0646124822760771e-08,0,0,0,0,0,1,-90,90
7,10,1.6607745007912917,1.0628956805064267,5.577775060661461e-09,0,0,0,0,0,1,-90,90
9,40,1.2508613595718125,0.8005512701259602,6.301599006162918e-09,0,0,0,0,0,1,-90,90
40,39,0.9282435819660207,0.5940758924582533,4.6763126775268845e-09,0,0,0,0,0,1,-90,90
11,12,4.599163112982286,2.9434643923086625,7.723233135890532e-09,0,0,0,0,0,1,-90,90
12,13,1.4091701241050185,0.9018688794272122,7.0991281212926885e-09,0,0,0,0,0,1,-90,90
39,23,0.7168563737976323,0.4587880792304848,3.611384569614543e-09,0,0,0,0,0,1,-90,90
13,37,1.151951474617602,0.7372489437552654,5.8033100247681255e-09,0,0,0,0,0,1,-90,90
37,38,0.3212500132384346,0.20560000847259818,1.6183957947554797e-09,0,0,0,0,0,1,-90,90
37,36,1.7452097895646985,1.1169342653214072,8.792031340092985e-09,0,0,0,0,0,1,-90,90
38,41,1.7481165674378738,1.1187946031602394,8.806675128084813e-09,0,0,0,0,0,1,-90,90
36,29,1.2514611645373588,0.8009351453039095,6.304620708245129e-09,0,0,0,0,0,1,-90,90
14,16,9.778277370983785,6.258097517429623,1.642036038911878e-08,0,0,0,0,0,1,-90,90
16,18,2.1198437499999994,1.3566999999999998,7.119576797220457e-09,0,0,0,0,0,1,-90,90
18,43,2.401325029077269,1.5368480186094522,1.2097413754860423e-08,0,0,0,0,0,1,-90,90
18,45,11.221202133635787,7.1815693655269035,1.884341955569934e-08,0,0,0,0,0,1,-90,90
43,42,0.11606954198211143,0.07428450686855133,5.847360339363548e-10,0,0,0,0,0,1,-90,90
45,44,0.6764257293488655,0.4329124667832739,1.135900919045356e-09,0,0,0,0,0,1,-90,90
42,41,0.01750931858665023,0.011205963895456151,8.820858023945579e-11,0,0,0,0,0,1,-90,90
20,21,1.646360428090483,1.0536706739779091,2.7646824214508604e-09,0,0,0,0,0,1,-90,90
20,22,7.5857968826126045,4.8549100048720675,1.273859535021767e-08,0,0,0,0,0,1,-90,90
21,23,1.443642488322107,0.9239311925261485,2.4242644212196488e-09,0,0,0,0,0,1,-90,90
23,28,1.0398676932625552,0.6655153236880353,5.2386534864642135e-09,0,0,0,0,0,1,-90,90
28,26,0.5148080795191512,0.3294771708922568,2.5935041141354213e-09,0,0,0,0,0,1,-90,90
26,25,0.0891020462116808,0.057025309575475726,4.4887897572182933e-10,0,0,0,0,0,1,-90,90
25,27,1.059176320047811,0.6778728448305991,5.3359266354261335e-09,0,0,0,0,0,1,-90,90
27,29,0.8628385416666665,0.5522166666666667,4.3468146609844734e-09,0,0,0,0,0,1,-90,90
