BUS_I,BUS_TYPE,Pd,Qd,Gs,Bs,area,Vm,Va,baseKV,zone,Vmax,Vmin
1,1,0.005307806906316833,0.0013302618042294958,0,0,1,1,0,0.4,1,1.1,0.9
2,1,0.0,0.0,0,0,1,1,0,0.4,1,1.1,0.9
3,1,0.0,0.0,0,0,1,1,0,0.4,1,1.1,0.9
4,1,0.00606501651614623,0.001520036421040215,0,0,1,1,0,0.4,1,1.1,0.9
6,1,0.0,0.0,0,0,1,1,0,0.4,1,1.1,0.9
5,1,0.0,0.0,0,0,1,1,0,0.4,1,1.1,0.9
114,1,0.0006483579348815409,0.00016249381551834192,0,0,1,1,0,0.4,1,1.1,0.9
7,3,0.0,0.0,0,0,1,1,0,0.4,1,1.1,0.9
113,1,0.0019007228407388298,0.000476366047237386,0,0,1,1,0,0.4,1,1.1,0.9
112,1,0.0040786951042135885,0.0010222173496507575,0,0,1,1,0,0.4,1,1.1,0.9
22,1,0.0,0.0,0,0,1,1,0,0.4,1,1.1,0.9
8,1,0.0035854097778838375,0.000898588393325612,0,0,1,1,0,0.4,1,1.1,0.9
9,1,0.0,0.0,0,0,1,1,0,0.4,1,1.1,0.9
10,1,0.004408092587252326,0.0011047721407028363,0,0,1,1,0,0.4,1,1.1,0.9
14,1,0.0,0.0,0,0,1,1,0,0.4,1,1.1,0.9
111,1,0.0027552918474544235,0.0006905412289605917,0,0,1,1,0,0.4,1,1.1,0.9
