BUS_I,BUS_TYPE,Pd,Qd,Gs,Bs,area,Vm,Va,baseKV,zone,Vmax,Vmin
1,1,0.0038407207346701235,0.0009625753506525427,0,0,1,1,0,0.4,1,1.1,0.9
2,1,0.00535132817762475,0.0013411692629811565,0,0,1,1,0,0.4,1,1.1,0.9
3,1,0.0,0.0,0,0,1,1,0,0.4,1,1.1,0.9
4,1,0.0,0.0,0,0,1,1,0,0.4,1,1.1,0.9
5,1,0.0,0.0,0,0,1,1,0,0.4,1,1.1,0.9
20,1,0.0,0.0,0,0,1,1,0,0.4,1,1.1,0.9
8,1,0.004853241167090441,0.0012163368911576639,0,0,1,1,0,0.4,1,1.1,0.9
6,1,0.0,0.0,0,0,1,1,0,0.4,1,1.1,0.9
9,1,0.0,0.0,0,0,1,1,0,0.4,1,1.1,0.9
7,1,0.0019353338604119396,0.00048504038643043003,0,0,1,1,0,0.4,1,1.1,0.9
19,1,0.0,0.0,0,0,1,1,0,0.4,1,1.1,0.9
36,1,0.05390765896021021,0.013510532869018614,0,0,1,1,0,0.4,1,1.1,0.9
13,3,0.0,0.0,0,0,1,1,0,0.4,1,1.1,0.9
17,1,0.0,0.0,0,0,1,1,0,0.4,1,1.1,0.9
15,1,0.0,0.0,0,0,1,1,0,0.4,1,1.1,0.9
35,1,0.0165821542660216,0.004155879601738663,0,0,1,1,0,0.4,1,1.1,0.9
14,1,0.0,0.0,0,0,1,1,0,0.4,1,1.1,0.9
34,1,0.007071881202185368,0.001772380497888861,0,0,1,1,0,0.4,1,1.1,0.9
38,1,0.004548694710753068,0.001140010354486386,0,0,1,1,0,0.4,1,1.1,0.9
16,1,0.0,0.0,0,0,1,1,0,0.4,1,1.1,0.9
24,1,0.007742696934790709,0.0019405027680677387,0,0,1,1,0,0.4,1,1.1,0.9
32,1,0.008172058900399657,0.0020481110200481828,0,0,1,1,0,0.4,1,1.1,0.9
37,1,0.03345000854924701,0.008383362377266794,0,0,1,1,0,0.4,1,1.1,0.9
18,1,0.0,0.0,0,0,1,1,0,0.4,1,1.1,0.9
33,1,0.00399924656491033,0.0010023056687809859,0,0,1,1,0,0.4,1,1.1,0.9
10,1,0.00512809548833336,0.0012852218773167768,0,0,1,1,0,0.4,1,1.1,0.9
26,1,0.005794378514481343,0.001452208144175181,0,0,1,1,0,0.4,1,1.1,0.9
30,1,0.003826750433361699,0.0009590740631053153,0,0,1,1,0,0.4,1,1.1,0.9
21,1,0.004013783753879168,0.0010059490317682674,0,0,1,1,0,0.4,1,1.1,0.9
23,1,0.0,0.0,0,0,1,1,0,0.4,1,1.1,0.9
25,1,0.00433835474275764,0.0010872941893609793,0,0,1,1,0,0.4,1,1.1,0.9
31,1,0.004679563258405095,0.0011728091042128117,0,0,1,1,0,0.4,1,1.1,0.9
29,1,0.003650737004581416,0.0009149609396495197,0,0,1,1,0,0.4,1,1.1,0.9
27,1,0.0040322076720211006,0.0010105665009077901,0,0,1,1,0,0.4,1,1.1,0.9
28,1,0.005899650624312202,0.0014785918218843273,0,0,1,1,0,0.4,1,1.1,0.9
