BUS_I,BUS_TYPE,Pd,Qd,Gs,Bs,area,Vm,Va,baseKV,zone,Vmax,Vmin
1,1,0.0029513764602197953,0.0007396846652917956,0,0,1,1,0,0.4,1,1.1,0.9
2,1,0.002748284235515284,0.0006887849558583419,0,0,1,1,0,0.4,1,1.1,0.9
3,1,0.002556932387677267,0.0006408276622264448,0,0,1,1,0,0.4,1,1.1,0.9
4,1,0.004008371110996652,0.0010045924955917201,0,0,1,1,0,0.4,1,1.1,0.9
5,1,0.0027100888093870975,0.0006792122797283707,0,0,1,1,0,0.4,1,1.1,0.9
6,1,0.010932105749537178,0.002739843964764399,0,0,1,1,0,0.4,1,1.1,0.9
8,1,0.004847349543968003,0.0012148603112173938,0,0,1,1,0,0.4,1,1.1,0.9
7,1,0.005291281164388207,0.0013261200628922136,0,0,1,1,0,0.4,1,1.1,0.9
9,1,0.0026249427550452784,0.0006578726669898265,0,0,1,1,0,0.4,1,1.1,0.9
10,1,0.0,0.0,0,0,1,1,0,0.4,1,1.1,0.9
11,1,0.0,0.0,0,0,1,1,0,0.4,1,1.1,0.9
15,1,0.0035132089858890977,0.0008804931691546993,0,0,1,1,0,0.4,1,1.1,0.9
12,1,0.004180038342983537,0.001047616359455001,0,0,1,1,0,0.4,1,1.1,0.9
32,1,0.0038375392162826247,0.0009617779869833205,0,0,1,1,0,0.4,1,1.1,0.9
13,1,0.0,0.0,0,0,1,1,0,0.4,1,1.1,0.9
14,1,0.0086974283858177,0.0021797810246083696,0,0,1,1,0,0.4,1,1.1,0.9
18,1,0.001517490283828465,0.00038031891485426357,0,0,1,1,0,0.4,1,1.1,0.9
16,1,0.003135419947290024,0.0007858103110599871,0,0,1,1,0,0.4,1,1.1,0.9
17,1,0.003174575038567081,0.000795623501947734,0,0,1,1,0,0.4,1,1.1,0.9
19,1,0.008390060096961851,0.0021027472700439927,0,0,1,1,0,0.4,1,1.1,0.9
20,1,0.002924997255962334,0.0007330734135132303,0,0,1,1,0,0.4,1,1.1,0.9
21,1,0.002942618512702333,0.0007374897167430717,0,0,1,1,0,0.4,1,1.1,0.9
22,1,0.003068090376791793,0.000768935930075558,0,0,1,1,0,0.4,1,1.1,0.9
23,3,0.005698671428432164,0.0014282216873932265,0,0,1,1,0,0.4,1,1.1,0.9
24,1,0.0,0.0,0,0,1,1,0,0.4,1,1.1,0.9
25,1,0.012119704087054612,0.0030374841643891724,0,0,1,1,0,0.4,1,1.1,0.9
26,1,0.006726905304417195,0.0016859213880756098,0,0,1,1,0,0.4,1,1.1,0.9
27,1,0.0,0.0,0,0,1,1,0,0.4,1,1.1,0.9
31,1,0.010975027418203427,0.002750601148928833,0,0,1,1,0,0.4,1,1.1,0.9
30,1,0.007735276883572725,0.0019386431279385993,0,0,1,1,0,0.4,1,1.1,0.9
34,1,0.006193017082311532,0.001552116386851859,0,0,1,1,0,0.4,1,1.1,0.9
33,1,0.0037406536927916826,0.0009374961859386375,0,0,1,1,0,0.4,1,1.1,0.9
29,1,0.008874896346344781,0.0022242586880822845,0,0,1,1,0,0.4,1,1.1,0.9
