BUS_I,BUS_TYPE,Pd,Qd,Gs,Bs,area,Vm,Va,baseKV,zone,Vmax,Vmin
1,1,0.001309656288514812,0.00032823080568489407,0,0,1,1,0,0.4,1,1.1,0.9
3,1,0.0,0.0,0,0,1,1,0,0.4,1,1.1,0.9
5,1,0.0,0.0,0,0,1,1,0,0.4,1,1.1,0.9
6,1,0.001681255139683738,0.0004213622565704354,0,0,1,1,0,0.4,1,1.1,0.9
15,1,0.0007711364262008518,0.00019326500600543847,0,0,1,1,0,0.4,1,1.1,0.9
12,1,0.0006760172614707028,0.00016942589619529393,0,0,1,1,0,0.4,1,1.1,0.9
43,1,0.0024039397750129023,0.0006024840991411953,0,0,1,1,0,0.4,1,1.1,0.9
7,1,0.013260404405147261,0.0033233706124107063,0,0,1,1,0,0.4,1,1.1,0.9
8,1,0.030602399020266173,0.007669684156370142,0,0,1,1,0,0.4,1,1.1,0.9
9,1,0.0,0.0,0,0,1,1,0,0.4,1,1.1,0.9
10,1,0.010093978669986993,0.002529789518418744,0,0,1,1,0,0.4,1,1.1,0.9
11,1,0.003976225266951049,0.0009965359876491098,0,0,1,1,0,0.4,1,1.1,0.9
32,3,0.006679988341028473,0.0016741628886674693,0,0,1,1,0,0.4,1,1.1,0.9
13,1,0.0005995241090153098,0.00015025490508870093,0,0,1,1,0,0.4,1,1.1,0.9
14,1,0.0006572179770449565,0.00016471435139726168,0,0,1,1,0,0.4,1,1.1,0.9
25,1,0.0009964938280815426,0.00024974489483965836,0,0,1,1,0,0.4,1,1.1,0.9
45,1,0.0006058653344358839,0.00015184416598644753,0,0,1,1,0,0.4,1,1.1,0.9
40,1,0.0010185386571777068,0.0002552698498059918,0,0,1,1,0,0.4,1,1.1,0.9
31,1,0.0006634542032793797,0.000166277297018421,0,0,1,1,0,0.4,1,1.1,0.9
30,1,0.004463948878746461,0.00111877104692004,0,0,1,1,0,0.4,1,1.1,0.9
42,1,0.0,0.0,0,0,1,1,0,0.4,1,1.1,0.9
38,1,0.0011265743073465033,0.000282346136010679,0,0,1,1,0,0.4,1,1.1,0.9
33,1,0.011739139244430728,0.002942105624229267,0,0,1,1,0,0.4,1,1.1,0.9
34,1,0.004532982580831494,0.0011360725235391286,0,0,1,1,0,0.4,1,1.1,0.9
41,1,0.0017723419310329803,0.0004441907583491107,0,0,1,1,0,0.4,1,1.1,0.9
39,1,0.0005689742004830588,0.00014259837628868122,0,0,1,1,0,0.4,1,1.1,0.9
44,1,0.0,0.0,0,0,1,1,0,0.4,1,1.1,0.9
90,1,0.002061250455515888,0.0005165980598616298,0,0,1,1,0,0.4,1,1.1,0.9
