BUS_I,BUS_TYPE,Pd,Qd,Gs,Bs,area,Vm,Va,baseKV,zone,Vmax,Vmin
1,1,0.008034834920112862,0.0020137194487604973,0,0,1,1,0,0.4,1,1.1,0.9
2,1,0.004739958532131549,0.0011879455866079553,0,0,1,1,0,0.4,1,1.1,0.9
3,1,0.0,0.0,0,0,1,1,0,0.4,1,1.1,0.9
4,1,0.021083879873588816,0.005284118389351979,0,0,1,1,0,0.4,1,1.1,0.9
5,1,0.012206395372149717,0.0030592110484595676,0,0,1,1,0,0.4,1,1.1,0.9
6,1,0.0,0.0,0,0,1,1,0,0.4,1,1.1,0.9
7,1,0.002382052867477231,0.0005969987230487161,0,0,1,1,0,0.4,1,1.1,0.9
16,1,0.008600258206489053,0.0021554278820859474,0,0,1,1,0,0.4,1,1.1,0.9
8,1,0.0015720629357976496,0.000393996110681361,0,0,1,1,0,0.4,1,1.1,0.9
17,1,0.0067029662622172985,0.0016799216985559212,0,0,1,1,0,0.4,1,1.1,0.9
10,1,0.0,0.0,0,0,1,1,0,0.4,1,1.1,0.9
9,1,0.019817004898282864,0.00496660959143809,0,0,1,1,0,0.4,1,1.1,0.9
11,1,0.004469089374085232,0.001120059376492815,0,0,1,1,0,0.4,1,1.1,0.9
12,3,0.0,0.0,0,0,1,1,0,0.4,1,1.1,0.9
13,1,0.009626759763162534,0.0024126934226239324,0,0,1,1,0,0.4,1,1.1,0.9
14,1,0.0,0.0,0,0,1,1,0,0.4,1,1.1,0.9
15,1,0.0,0.0,0,0,1,1,0,0.4,1,1.1,0.9
18,1,0.0,0.0,0,0,1,1,0,0.4,1,1.1,0.9
22,1,0.04187110088342885,0.010493887059074657,0,0,1,1,0,0.4,1,1.1,0.9
23,1,0.0027871698521903213,0.0006985306100446595,0,0,1,1,0,0.4,1,1.1,0.9
20,1,0.029735713613273217,0.007452472318495307,0,0,1,1,0,0.4,1,1.1,0.9
24,1,0.03227546505325662,0.008088994029340888,0,0,1,1,0,0.4,1,1.1,0.9
19,1,0.020491223291711845,0.005135584648805034,0,0,1,1,0,0.4,1,1.1,0.9
