BUS_I,BUS_TYPE,Pd,Qd,Gs,Bs,area,Vm,Va,baseKV,zone,Vmax,Vmin
1,1,0.0014459716900255878,0.00036239466566672296,0,0,1,1,0,0.4,1,1.1,0.9
2,1,0.0031336180357463728,0.0007853587094581528,0,0,1,1,0,0.4,1,1.1,0.9
3,1,0.0,0.0,0,0,1,1,0,0.4,1,1.1,0.9
4,1,0.0017902868161106841,0.0004486881704858913,0,0,1,1,0,0.4,1,1.1,0.9
5,3,0.06574728093671516,0.01647782183974526,0,0,1,1,0,0.4,1,1.1,0.9
6,1,0.0,0.0,0,0,1,1,0,0.4,1,1.1,0.9
17,1,0.0,0.0,0,0,1,1,0,0.4,1,1.1,0.9
12,1,0.05755512148353179,0.014424673146306917,0,0,1,1,0,0.4,1,1.1,0.9
19,1,0.007562013804373866,0.0018952193070631393,0,0,1,1,0,0.4,1,1.1,0.9
18,1,0.002970738500086437,0.0007445372498980497,0,0,1,1,0,0.4,1,1.1,0.9
15,1,0.004106659294195239,0.0010292258362960677,0,0,1,1,0,0.4,1,1.1,0.9
20,1,0.0,0.0,0,0,1,1,0,0.4,1,1.1,0.9
7,1,0.012887854017747483,0.003230000684066285,0,0,1,1,0,0.4,1,1.1,0.9
8,1,0.0,0.0,0,0,1,1,0,0.4,1,1.1,0.9
9,1,0.0,0.0,0,0,1,1,0,0.4,1,1.1,0.9
10,1,0.0031129751155845767,0.0007801851059899642,0,0,1,1,0,0.4,1,1.1,0.9
11,1,0.0,0.0,0,0,1,1,0,0.4,1,1.1,0.9
16,1,0.002341128800475673,0.0005867421850535015,0,0,1,1,0,0.4,1,1.1,0.9
21,1,0.002328260113279939,0.0005835169880278355,0,0,1,1,0,0.4,1,1.1,0.9
22,1,0.0,0.0,0,0,1,1,0,0.4,1,1.1,0.9
23,1,0.001641556053849935,0.00041141272779524827,0,0,1,1,0,0.4,1,1.1,0.9
