BUS_I,BUS_TYPE,Pd,Qd,Gs,Bs,area,Vm,Va,baseKV,zone,Vmax,Vmin
1,1,0.0009776166507879278,0.0002450138282487696,0,0,1,1,0,0.4,1,1.1,0.9
2,1,6.286753252995644e-05,1.5756088856817266e-05,0,0,1,1,0,0.4,1,1.1,0.9
3,1,0.0,0.0,0,0,1,1,0,0.4,1,1.1,0.9
4,1,0.0001302970469425744,3.265551814730202e-05,0,0,1,1,0,0.4,1,1.1,0.9
19,1,9.529163918490227e-05,2.3882335983103206e-05,0,0,1,1,0,0.4,1,1.1,0.9
30,1,0.0,0.0,0,0,1,1,0,0.4,1,1.1,0.9
5,1,8.254964844689472e-05,2.068889208286543e-05,0,0,1,1,0,0.4,1,1.1,0.9
6,1,0.0,0.0,0,0,1,1,0,0.4,1,1.1,0.9
7,1,0.0,0.0,0,0,1,1,0,0.4,1,1.1,0.9
8,1,0.0003010249067609511,7.54439531530945e-05,0,0,1,1,0,0.4,1,1.1,0.9
12,1,0.013395674841015656,0.003357272579315917,0,0,1,1,0,0.4,1,1.1,0.9
9,1,0.0017236237971946606,0.0004319808430748136,0,0,1,1,0,0.4,1,1.1,0.9
11,1,0.0044569064419391355,0.001117006045883108,0,0,1,1,0,0.4,1,1.1,0.9
10,1,0.006121781355482161,0.0015342630308104283,0,0,1,1,0,0.4,1,1.1,0.9
15,1,0.013390530372330234,0.0033559832539286033,0,0,1,1,0,0.4,1,1.1,0.9
16,1,0.003918127795864137,0.000981975388879537,0,0,1,1,0,0.4,1,1.1,0.9
13,1,0.004459475789314396,0.0011176499850345187,0,0,1,1,0,0.4,1,1.1,0.9
14,1,0.0,0.0,0,0,1,1,0,0.4,1,1.1,0.9
26,1,0.0051335690383823305,0.0012865936782681298,0,0,1,1,0,0.4,1,1.1,0.9
24,1,0.0014855522094947887,0.0003723144789098871,0,0,1,1,0,0.4,1,1.1,0.9
17,3,0.002533169692120795,0.0006348721693416737,0,0,1,1,0,0.4,1,1.1,0.9
27,1,0.00623680977789178,0.0015630918709383889,0,0,1,1,0,0.4,1,1.1,0.9
31,1,0.0017044626976321763,0.00042717861885586614,0,0,1,1,0,0.4,1,1.1,0.9
28,1,0.0,0.0,0,0,1,1,0,0.4,1,1.1,0.9
29,1,0.0,0.0,0,0,1,1,0,0.4,1,1.1,0.9
32,1,0.0,0.0,0,0,1,1,0,0.4,1,1.1,0.9
18,1,0.007062555385583594,0.0017700432279320686,0,0,1,1,0,0.4,1,1.1,0.9
21,1,0.003024403547064244,0.0007579869784727268,0,0,1,1,0,0.4,1,1.1,0.9
20,1,0.016695922410477466,0.004184392586438161,0,0,1,1,0,0.4,1,1.1,0.9
22,1,0.0,0.0,0,0,1,1,0,0.4,1,1.1,0.9
35,1,0.002396713450553187,0.0006006730115143473,0,0,1,1,0,0.4,1,1.1,0.9
33,1,0.0033312928076232808,0.0008349006772291886,0,0,1,1,0,0.4,1,1.1,0.9
