BUS_I,BUS_TYPE,Pd,Qd,Gs,Bs,area,Vm,Va,baseKV,zone,Vmax,Vmin
1,1,0.03715245912949589,0.00931128396067837,0,0,1,1,0,0.4,1,1.1,0.9
3,1,0.0,0.0,0,0,1,1,0,0.4,1,1.1,0.9
5,1,0.0,0.0,0,0,1,1,0,0.4,1,1.1,0.9
8,1,0.0,0.0,0,0,1,1,0,0.4,1,1.1,0.9
13,1,0.0,0.0,0,0,1,1,0,0.4,1,1.1,0.9
23,1,0.008311284340579905,0.0020830042044683635,0,0,1,1,0,0.4,1,1.1,0.9
18,1,0.0,0.0,0,0,1,1,0,0.4,1,1.1,0.9
16,1,0.049155693500277514,0.012319578062647786,0,0,1,1,0,0.4,1,1.1,0.9
11,1,0.0,0.0,0,0,1,1,0,0.4,1,1.1,0.9
12,1,0.0,0.0,0,0,1,1,0,0.4,1,1.1,0.9
14,1,0.014129662154739027,0.0035412271401107343,0,0,1,1,0,0.4,1,1.1,0.9
24,1,0.011874398569165032,0.0029760048064217813,0,0,1,1,0,0.4,1,1.1,0.9
15,1,0.005841293528946136,0.001463966155136943,0,0,1,1,0,0.4,1,1.1,0.9
22,1,0.0020903881437991105,0.0005239006529044526,0,0,1,1,0,0.4,1,1.1,0.9
17,3,0.025215676558834044,0.006319644249699785,0,0,1,1,0,0.4,1,1.1,0.9
21,1,0.0072079383843001565,0.0018064796419897892,0,0,1,1,0,0.4,1,1.1,0.9
19,1,0.07376429286030889,0.018487074424521296,0,0,1,1,0,0.4,1,1.1,0.9
20,1,0.07334928467459875,0.018383063568882262,0,0,1,1,0,0.4,1,1.1,0.9
