BUS_I,BUS_TYPE,Pd,Qd,Gs,Bs,area,Vm,Va,baseKV,zone,Vmax,Vmin
1,1,0.0007980964741750626,0.0002000218309414786,0,0,1,1,0,0.4,1,1.1,0.9
2,1,0.0,0.0,0,0,1,1,0,0.4,1,1.1,0.9
4,3,0.0,0.0,0,0,1,1,0,0.4,1,1.1,0.9
3,1,0.0007914092246610016,0.00019834584823130862,0,0,1,1,0,0.4,1,1.1,0.9
5,1,0.005091703741426418,0.0012761012458104048,0,0,1,1,0,0.4,1,1.1,0.9
8,1,0.009247370390666825,0.00231760948304787,0,0,1,1,0,0.4,1,1.1,0.9
6,1,0.0023051814704665038,0.0005777329349207732,0,0,1,1,0,0.4,1,1.1,0.9
