F_BUS,T_BUS,BR_R,BR_X,BR_B,RATE_A,RATE_B,RATE_C,TAP,SHIFT,BR_STATUS,ANGMIN,ANGMAX
57,60,3.4071766330653332,1.3104525511789744,3.4384416515191938e-09,0,0,0,0,0,1,-90,90
57,61,58.88331854114739,22.647430208133617,5.942364510448064e-08,0,0,0,0,0,1,-90,90
