F_BUS,T_BUS,BR_R,BR_X,BR_B,RATE_A,RATE_B,RATE_C,TAP,SHIFT,BR_STATUS,ANGMIN,ANGMAX
1,2,1.0715603413714734,0.6857986184777429,1.7994383178595063e-09,0,0,0,0,0,1,-90,90
1,3,1.979538482392502,1.2669046287312011,3.324178078796292e-09,0,0,0,0,0,1,-90,90
2,4,1.0716859201800675,0.6858789889152431,1.7996491984897149e-09,0,0,0,0,0,1,-90,90
3,5,1.2367968749999998,0.7915499999999999,2.0769149457654055e-09,0,0,0,0,0,1,-90,90
3,6,0.6761043337802283,0.4327067736193461,1.1353612093537338e-09,0,0,0,0,0,1,-90,90
4,13,1.1412787563875473,0.7304184040880303,3.833028615027593e-09,0,0,0,0,0,1,-90,90
5,44,1.5838598984435492,1.0136703350038716,2.6597272046599292e-09,0,0,0,0,0,1,-90,90
6,11,0.9453906249999999,0.6050499999999999,1.5875653943975224e-09,0,0,0,0,0,1,-90,90
6,18,0.42386756070437703,0.2712752388508013,7.117877556506975e-10,0,0,0,0,0,1,-90,90
13,14,0.582755141122007,0.3729632903180845,9.78602781736431e-10,0,0,0,0,0,1,-90,90
44,43,2.2440236373399216,1.4361751278975499,3.768319863390771e-09,0,0,0,0,0,1,-90,90
11,19,2.842040364848855,1.8189058335032673,4.772550957668902e-09,0,0,0,0,0,1,-90,90
18,8,1.5637988919416372,1.0008312908426478,2.626039373559193e-09,0,0,0,0,0,1,-90,90
8,17,0.7651168474630761,0.4896747823763687,1.2848371853728796e-09,0,0,0,0,0,1,-90,90
17,16,2.392043715437732,1.5309079778801484,4.016885427137611e-09,0,0,0,0,0,1,-90,90
9,45,0.3618477983083883,0.23158259091736852,6.076398765148868e-10,0,0,0,0,0,1,-90,90
9,15,2.642000229112544,1.6908801466320282,4.436629711373964e-09,0,0,0,0,0,1,-90,90
45,49,2.3229840765458247,1.486709808989328,3.900915699963321e-09,0,0,0,0,0,1,-90,90
15,14,3.945644000956886,2.525212160612407,6.625798594661691e-09,0,0,0,0,0,1,-90,90
10,20,2.4264843749999994,1.5529499999999998,4.0747205672748245e-09,0,0,0,0,0,1,-90,90
10,19,8.32965452934725,5.330978898782241,1.3987732613784148e-08,0,0,0,0,0,1,-90,90
20,23,4.737203341405022,3.031810138499214,7.955039845078774e-09,0,0,0,0,0,1,-90,90
49,48,5.462682095522081,3.4961165411341315,9.173313999645172e-09,0,0,0,0,0,1,-90,90
23,24,0.6947581465761475,0.44464521380873445,1.1666859833521764e-09,0,0,0,0,0,1,-90,90
48,47,2.11987715279714,1.3567213777901697,3.5598444908999278e-09,0,0,0,0,0,1,-90,90
46,47,3.104773756333683,1.9870552040535572,5.213751059768507e-09,0,0,0,0,0,1,-90,90
