F_BUS,T_BUS,BR_R,BR_X,BR_B,RATE_A,RATE_B,RATE_C,TAP,SHIFT,BR_STATUS,ANGMIN,ANGMAX
1,2,0.5506976833569054,0.3524465173484195,9.247696790649978e-10,0,0,0,0,0,1,-90,90
2,3,0.719400477242823,0.46041630543540674,1.2080670911918217e-09,0,0,0,0,0,1,-90,90
3,4,1.3544664805846025,0.8668585475741456,2.274513894663932e-09,0,0,0,0,0,1,-90,90
4,5,1.1103124999999998,0.7105999999999999,1.8645136257480857e-09,0,0,0,0,0,1,-90,90
4,6,1.1700122530912862,0.7488078419784231,1.96476558462678e-09,0,0,0,0,0,1,-90,90
5,9,0.5740624999999999,0.3673999999999999,9.64005496903809e-10,0,0,0,0,0,1,-90,90
5,10,1.5271431873348595,0.9773716398943102,2.564484576418088e-09,0,0,0,0,0,1,-90,90
9,21,0.7625781249999999,0.4880499999999999,1.2805739868369733e-09,0,0,0,0,0,1,-90,90
9,19,2.0824676346295314,1.3327792861629,3.4970238378349773e-09,0,0,0,0,0,1,-90,90
8,23,2.02171875,1.2938999999999998,3.3950101046375578e-09,0,0,0,0,0,1,-90,90
8,22,1.802550840202566,1.1536325377296424,3.026968175771547e-09,0,0,0,0,0,1,-90,90
23,15,2.0347656249999995,1.30225,3.4169193204762808e-09,0,0,0,0,0,1,-90,90
23,27,0.6234341319679789,0.39899784445950653,1.0469137596944348e-09,0,0,0,0,0,1,-90,90
22,21,1.4164491139151545,0.9065274329056989,2.378599424102321e-09,0,0,0,0,0,1,-90,90
15,24,1.627273094664078,1.04145478058501,2.7326296495936316e-09,0,0,0,0,0,1,-90,90
15,13,0.8282043495719389,0.5300507837260409,1.3907780869626445e-09,0,0,0,0,0,1,-90,90
11,12,0.3762111926930255,0.24077516332353632,1.2635197657147602e-09,0,0,0,0,0,1,-90,90
11,13,0.13283853861150402,0.08501666471136257,2.23071671502944e-10,0,0,0,0,0,1,-90,90
12,14,1.1694284383238815,0.7484342005272843,3.927570404894447e-09,0,0,0,0,0,1,-90,90
14,16,0.884435508693526,0.5660387255638567,2.97041068537825e-09,0,0,0,0,0,1,-90,90
16,17,0.8653538332022475,0.5538264532494385,2.9063241440566097e-09,0,0,0,0,0,1,-90,90
17,18,0.8428229227801406,0.53940667057929,1.415326607253723e-09,0,0,0,0,0,1,-90,90
18,26,0.7317789722089476,0.4683385422137264,1.2288539170004055e-09,0,0,0,0,0,1,-90,90
26,28,0.5203652526055035,0.33303376166752224,8.738333611922825e-10,0,0,0,0,0,1,-90,90
