BUS_I,BUS_TYPE,Pd,Qd,Gs,Bs,area,Vm,Va,baseKV,zone,Vmax,Vmin
1,3,0.031335680892671657,0.007853461916905103,0,0,1,1,0,0.4,1,1.1,0.9
2,1,0.0,0.0,0,0,1,1,0,0.4,1,1.1,0.9
4,1,0.0,0.0,0,0,1,1,0,0.4,1,1.1,0.9
5,1,0.0,0.0,0,0,1,1,0,0.4,1,1.1,0.9
3,1,0.0,0.0,0,0,1,1,0,0.4,1,1.1,0.9
6,1,0.06167236713627993,0.015456552174152219,0,0,1,1,0,0.4,1,1.1,0.9
7,1,0.008767283609497134,0.0021972883939469314,0,0,1,1,0,0.4,1,1.1,0.9
12,1,0.04207929017707629,0.010546064214400165,0,0,1,1,0,0.4,1,1.1,0.9
13,1,0.005892402867825742,0.0014767753628852594,0,0,1,1,0,0.4,1,1.1,0.9
11,1,0.0,0.0,0,0,1,1,0,0.4,1,1.1,0.9
15,1,0.04887344154886885,0.012248839055604907,0,0,1,1,0,0.4,1,1.1,0.9
9,1,0.0,0.0,0,0,1,1,0,0.4,1,1.1,0.9
8,1,0.03904536004997801,0.009785689649911616,0,0,1,1,0,0.4,1,1.1,0.9
