F_BUS,T_BUS,BR_R,BR_X,BR_B,RATE_A,RATE_B,RATE_C,TAP,SHIFT,BR_STATUS,ANGMIN,ANGMAX
1,3,1.5841309192360071,0.6092811227830798,1.5986672605405923e-09,0,0,0,0,0,1,-90,90
3,6,0.9993896465037612,0.3843806332706774,1.0085602704853028e-09,0,0,0,0,0,1,-90,90
3,7,1.0529325753121226,0.4049740674277395,1.0625945212407044e-09,0,0,0,0,0,1,-90,90
6,8,1.2606511934097688,0.48486584361914187,1.2722192120570373e-09,0,0,0,0,0,1,-90,90
8,9,3.1003993239740186,1.1924612784515456,3.128849284899929e-09,0,0,0,0,0,1,-90,90
