BUS_I,BUS_TYPE,Pd,Qd,Gs,Bs,area,Vm,Va,baseKV,zone,Vmax,Vmin
1,1,0.01201747771950807,0.003011863821650168,0,0,1,1,0,0.4,1,1.1,0.9
2,1,0.009261057217503813,0.002321039725195654,0,0,1,1,0,0.4,1,1.1,0.9
4,1,0.010032222004728366,0.002514311839143643,0,0,1,1,0,0.4,1,1.1,0.9
5,1,0.0,0.0,0,0,1,1,0,0.4,1,1.1,0.9
14,3,0.0,0.0,0,0,1,1,0,0.4,1,1.1,0.9
10,1,0.010358688525929704,0.0025961320619171907,0,0,1,1,0,0.4,1,1.1,0.9
13,1,0.0,0.0,0,0,1,1,0,0.4,1,1.1,0.9
15,1,0.0,0.0,0,0,1,1,0,0.4,1,1.1,0.9
32,1,0.00938436494023745,0.0023519435535779305,0,0,1,1,0,0.4,1,1.1,0.9
17,1,0.017668822392536015,0.004428224306075099,0,0,1,1,0,0.4,1,1.1,0.9
37,1,0.048990830380145,0.012278259469957954,0,0,1,1,0,0.4,1,1.1,0.9
11,1,0.0071209074024839655,0.0017846676218959746,0,0,1,1,0,0.4,1,1.1,0.9
6,1,0.005198429574093257,0.0013028492608055098,0,0,1,1,0,0.4,1,1.1,0.9
7,1,0.0012722175858302907,0.00031884778232700735,0,0,1,1,0,0.4,1,1.1,0.9
8,1,0.004966398065260004,0.0012446966830975163,0,0,1,1,0,0.4,1,1.1,0.9
9,1,0.0,0.0,0,0,1,1,0,0.4,1,1.1,0.9
29,1,0.005506333721021572,0.001380017314062147,0,0,1,1,0,0.4,1,1.1,0.9
30,1,0.007122058287369481,0.0017849560608371963,0,0,1,1,0,0.4,1,1.1,0.9
12,1,0.0,0.0,0,0,1,1,0,0.4,1,1.1,0.9
25,1,0.006482281355534548,0.0016246128474029834,0,0,1,1,0,0.4,1,1.1,0.9
19,1,0.0,0.0,0,0,1,1,0,0.4,1,1.1,0.9
16,1,0.018109964203140667,0.004538784865502688,0,0,1,1,0,0.4,1,1.1,0.9
36,1,0.0,0.0,0,0,1,1,0,0.4,1,1.1,0.9
41,1,0.01912613176393649,0.004793460462539762,0,0,1,1,0,0.4,1,1.1,0.9
35,1,0.0,0.0,0,0,1,1,0,0.4,1,1.1,0.9
22,1,0.0,0.0,0,0,1,1,0,0.4,1,1.1,0.9
23,1,0.0,0.0,0,0,1,1,0,0.4,1,1.1,0.9
24,1,0.0,0.0,0,0,1,1,0,0.4,1,1.1,0.9
20,1,0.005559551646445979,0.0013933549834125843,0,0,1,1,0,0.4,1,1.1,0.9
26,1,0.007664265176069062,0.0019208459164325028,0,0,1,1,0,0.4,1,1.1,0.9
21,1,0.0017127811014750742,0.00042926340737580907,0,0,1,1,0,0.4,1,1.1,0.9
27,1,0.0,0.0,0,0,1,1,0,0.4,1,1.1,0.9
39,1,0.0026675661992822865,0.0006685551090669336,0,0,1,1,0,0.4,1,1.1,0.9
38,1,0.014684158323690227,0.0036801969796633974,0,0,1,1,0,0.4,1,1.1,0.9
28,1,0.0,0.0,0,0,1,1,0,0.4,1,1.1,0.9
40,1,0.004312586454740657,0.0010808360476247789,0,0,1,1,0,0.4,1,1.1,0.9
33,1,0.004979833813676039,0.0012480639990614442,0,0,1,1,0,0.4,1,1.1,0.9
34,1,0.006518958228187373,0.0016338049381571847,0,0,1,1,0,0.4,1,1.1,0.9
