F_BUS,T_BUS,BR_R,BR_X,BR_B,RATE_A,RATE_B,RATE_C,TAP,SHIFT,BR_STATUS,ANGMIN,ANGMAX
32,33,5.940985158993873,2.2849942919207202,5.995500973885145e-09,0,0,0,0,0,1,-90,90
32,34,3.223019582150125,1.2396229162115866,3.2525947341205762e-09,0,0,0,0,0,1,-90,90
34,35,7.508279999999999,2.8877999999999995,7.577177664558574e-09,0,0,0,0,0,1,-90,90
35,37,4.895858746595112,1.883022594844274,4.9407842466629144e-09,0,0,0,0,0,1,-90,90
37,38,2.6380176926856342,1.014622189494475,2.6622247358553408e-09,0,0,0,0,0,1,-90,90
38,39,2.1926552703124,0.8433289501201537,2.212775567811504e-09,0,0,0,0,0,1,-90,90
39,40,2.0984599999999998,0.8070999999999999,2.1177159405309318e-09,0,0,0,0,0,1,-90,90
39,41,4.368519999999999,1.6801999999999997,4.408606521224225e-09,0,0,0,0,0,1,-90,90
40,44,0.24492502990283335,0.09420193457801283,2.471725170173582e-10,0,0,0,0,0,1,-90,90
40,42,3.0853069244296663,1.1866565093960255,3.1136183941057576e-09,0,0,0,0,0,1,-90,90
44,45,4.042360070526388,1.55475387327938,4.0794536749423264e-09,0,0,0,0,0,1,-90,90
42,43,1.2833307877627336,0.4935887645241283,1.2951069194643975e-09,0,0,0,0,0,1,-90,90
45,46,0.06278154997807321,0.024146749991566626,6.335764758909154e-11,0,0,0,0,0,1,-90,90
46,47,3.1708950877695363,1.219575033757514,3.1999919336660107e-09,0,0,0,0,0,1,-90,90
47,48,2.6461833820265017,1.0177628392409623,2.670465355396613e-09,0,0,0,0,0,1,-90,90
48,49,4.026349882182115,1.548596108531583,4.0632965735119595e-09,0,0,0,0,0,1,-90,90
49,50,0.4917911370755424,0.18915043733674705,4.96303923065824e-10,0,0,0,0,0,1,-90,90
50,52,1.3285245498052571,0.5109709806943297,1.3407153896234732e-09,0,0,0,0,0,1,-90,90
50,51,3.2288710628133828,1.241873485697455,3.2584999092853586e-09,0,0,0,0,0,1,-90,90
52,53,5.520899718376732,2.1234229686064356,5.5715607348623e-09,0,0,0,0,0,1,-90,90
53,54,3.128898437419383,1.2034224759305319,3.157609912614657e-09,0,0,0,0,0,1,-90,90
53,58,7.2829570435871345,2.8011373244565907,7.3497870940625534e-09,0,0,0,0,0,1,-90,90
54,59,0.5959284859088987,0.2292032638111149,6.013968596140683e-10,0,0,0,0,0,1,-90,90
58,57,3.0753865231073596,1.1828409704259075,3.1036069609515814e-09,0,0,0,0,0,1,-90,90
59,60,3.5119028412717337,1.35073186202759,3.54412885094642e-09,0,0,0,0,0,1,-90,90
55,56,3.1651136937890914,1.2173514206881122,3.194157488315192e-09,0,0,0,0,0,1,-90,90
55,57,4.466612225212772,1.7179277789279892,4.507598862739068e-09,0,0,0,0,0,1,-90,90
