BUS_I,BUS_TYPE,Pd,Qd,Gs,Bs,area,Vm,Va,baseKV,zone,Vmax,Vmin
1,1,0.06604879362925986,0.01655338804353939,0,0,1,1,0,0.4,1,1.1,0.9
2,1,0.0,0.0,0,0,1,1,0,0.4,1,1.1,0.9
3,1,0.0,0.0,0,0,1,1,0,0.4,1,1.1,0.9
12,1,0.0,0.0,0,0,1,1,0,0.4,1,1.1,0.9
16,1,0.022716308793328803,0.005693243641716632,0,0,1,1,0,0.4,1,1.1,0.9
6,1,0.0,0.0,0,0,1,1,0,0.4,1,1.1,0.9
15,1,0.0,0.0,0,0,1,1,0,0.4,1,1.1,0.9
29,1,0.0005730221598545018,0.00014361289053758784,0,0,1,1,0,0.4,1,1.1,0.9
7,1,0.0,0.0,0,0,1,1,0,0.4,1,1.1,0.9
14,1,0.0,0.0,0,0,1,1,0,0.4,1,1.1,0.9
24,1,0.033836860297539066,0.008480316564511224,0,0,1,1,0,0.4,1,1.1,0.9
8,1,0.0,0.0,0,0,1,1,0,0.4,1,1.1,0.9
26,1,0.03130364437587808,0.007845432808954635,0,0,1,1,0,0.4,1,1.1,0.9
11,1,0.0,0.0,0,0,1,1,0,0.4,1,1.1,0.9
23,1,0.019617463712814504,0.004916599856328222,0,0,1,1,0,0.4,1,1.1,0.9
19,1,0.0,0.0,0,0,1,1,0,0.4,1,1.1,0.9
25,1,0.04415875453023913,0.011067227107303679,0,0,1,1,0,0.4,1,1.1,0.9
20,1,0.054674913738885146,0.013702825042452646,0,0,1,1,0,0.4,1,1.1,0.9
27,1,0.027186840925353596,0.006813664607433324,0,0,1,1,0,0.4,1,1.1,0.9
21,1,0.06202005280930321,0.015543690417661087,0,0,1,1,0,0.4,1,1.1,0.9
28,1,0.0029039687372554132,0.0007278031699401171,0,0,1,1,0,0.4,1,1.1,0.9
22,1,0.03497226253181519,0.008764875187564533,0,0,1,1,0,0.4,1,1.1,0.9
17,3,0.09786768325876055,0.024527953485387846,0,0,1,1,0,0.4,1,1.1,0.9
18,1,0.0,0.0,0,0,1,1,0,0.4,1,1.1,0.9
