BUS_I,BUS_TYPE,Pd,Qd,Gs,Bs,area,Vm,Va,baseKV,zone,Vmax,Vmin
1,1,0.022874059716913024,0.005732779749930416,0,0,1,1,0,0.4,1,1.1,0.9
2,1,0.0,0.0,0,0,1,1,0,0.4,1,1.1,0.9
3,1,0.0,0.0,0,0,1,1,0,0.4,1,1.1,0.9
4,1,0.0,0.0,0,0,1,1,0,0.4,1,1.1,0.9
11,1,0.018941247468778556,0.004747124090401243,0,0,1,1,0,0.4,1,1.1,0.9
30,1,0.012925698494987913,0.003239485404114044,0,0,1,1,0,0.4,1,1.1,0.9
39,1,0.0,0.0,0,0,1,1,0,0.4,1,1.1,0.9
5,1,0.0,0.0,0,0,1,1,0,0.4,1,1.1,0.9
10,1,0.0,0.0,0,0,1,1,0,0.4,1,1.1,0.9
29,1,0.01448446565979855,0.003630149280482066,0,0,1,1,0,0.4,1,1.1,0.9
7,1,0.0,0.0,0,0,1,1,0,0.4,1,1.1,0.9
9,1,0.0,0.0,0,0,1,1,0,0.4,1,1.1,0.9
21,1,0.01498394819480072,0.0037553314037055683,0,0,1,1,0,0.4,1,1.1,0.9
24,1,0.0,0.0,0,0,1,1,0,0.4,1,1.1,0.9
13,1,0.013348228652870258,0.0033453814436811605,0,0,1,1,0,0.4,1,1.1,0.9
40,1,0.01925854352604622,0.004826645978266731,0,0,1,1,0,0.4,1,1.1,0.9
12,1,0.015820091165359117,0.00396488858546459,0,0,1,1,0,0.4,1,1.1,0.9
42,1,0.0,0.0,0,0,1,1,0,0.4,1,1.1,0.9
38,1,0.02706917016028733,0.0067841735338119704,0,0,1,1,0,0.4,1,1.1,0.9
43,1,0.04149618868569496,0.010399925205264265,0,0,1,1,0,0.4,1,1.1,0.9
25,1,0.0,0.0,0,0,1,1,0,0.4,1,1.1,0.9
20,1,0.018328456798516236,0.004593544271650109,0,0,1,1,0,0.4,1,1.1,0.9
41,1,0.006656958684509674,0.0016683911126831124,0,0,1,1,0,0.4,1,1.1,0.9
15,1,0.0,0.0,0,0,1,1,0,0.4,1,1.1,0.9
18,1,0.0,0.0,0,0,1,1,0,0.4,1,1.1,0.9
28,1,0.005900580062053353,0.0014788247609396254,0,0,1,1,0,0.4,1,1.1,0.9
19,1,0.010077063239201633,0.0025255501118478167,0,0,1,1,0,0.4,1,1.1,0.9
17,1,0.004874937464383447,0.0012217744958202873,0,0,1,1,0,0.4,1,1.1,0.9
26,1,0.019035829074747605,0.0047708284752863775,0,0,1,1,0,0.4,1,1.1,0.9
16,1,0.01468458386845352,0.0036803036312342986,0,0,1,1,0,0.4,1,1.1,0.9
22,1,0.0,0.0,0,0,1,1,0,0.4,1,1.1,0.9
23,1,0.0,0.0,0,0,1,1,0,0.4,1,1.1,0.9
27,1,0.00940541404270855,0.0023572189559286252,0,0,1,1,0,0.4,1,1.1,0.9
37,1,0.018391746630806064,0.00460940619880331,0,0,1,1,0,0.4,1,1.1,0.9
31,1,0.019631278687341908,0.004920062215314631,0,0,1,1,0,0.4,1,1.1,0.9
32,1,0.03952507913430644,0.009905918585497534,0,0,1,1,0,0.4,1,1.1,0.9
33,1,0.02709657645678123,0.006791042199169379,0,0,1,1,0,0.4,1,1.1,0.9
34,3,0.030077654030740465,0.0075381706652338865,0,0,1,1,0,0.4,1,1.1,0.9
35,1,0.011145640033316728,0.002793360700888952,0,0,1,1,0,0.4,1,1.1,0.9
36,1,0.022894258895058785,0.005737842141166268,0,0,1,1,0,0.4,1,1.1,0.9
