BUS_I,BUS_TYPE,Pd,Qd,Gs,Bs,area,Vm,Va,baseKV,zone,Vmax,Vmin
4,1,0.0009624838493330572,0.00024122119070152853,0,0,1,1,0,0.4,1,1.1,0.9
5,1,0.0008395515206953412,0.00021041144494813246,0,0,1,1,0,0.4,1,1.1,0.9
6,1,0.0013516970615047655,0.00033876721658225757,0,0,1,1,0,0.4,1,1.1,0.9
7,1,0.0,0.0,0,0,1,1,0,0.4,1,1.1,0.9
8,1,0.0,0.0,0,0,1,1,0,0.4,1,1.1,0.9
9,1,0.00047226380626038376,0.00011836046677594165,0,0,1,1,0,0.4,1,1.1,0.9
14,1,0.0007167404274846477,0.0001796320836568568,0,0,1,1,0,0.4,1,1.1,0.9
10,1,0.0007118420673063898,0.0001784044388755931,0,0,1,1,0,0.4,1,1.1,0.9
11,1,0.00048675567724406043,0.00012199247200553357,0,0,1,1,0,0.4,1,1.1,0.9
12,1,0.000566079890644425,0.00014187299386692092,0,0,1,1,0,0.4,1,1.1,0.9
13,1,0.000746411642233439,0.00018706839103616895,0,0,1,1,0,0.4,1,1.1,0.9
22,1,0.0005911733523374926,0.00014816200818401244,0,0,1,1,0,0.4,1,1.1,0.9
16,1,0.0005008568312017048,0.00012552655431796468,0,0,1,1,0,0.4,1,1.1,0.9
48,1,0.000630516469886274,0.00015802232289745258,0,0,1,1,0,0.4,1,1.1,0.9
15,1,0.0005882708918628855,0.00014743458302032372,0,0,1,1,0,0.4,1,1.1,0.9
17,1,0.0004953449420070065,0.00012414514467095464,0,0,1,1,0,0.4,1,1.1,0.9
18,1,0.000808968515614048,0.0002027466213710382,0,0,1,1,0,0.4,1,1.1,0.9
19,1,0.0,0.0,0,0,1,1,0,0.4,1,1.1,0.9
32,1,0.0005358685453402408,0.00013430131701019213,0,0,1,1,0,0.4,1,1.1,0.9
20,3,0.0007015881615299034,0.00017583456784611113,0,0,1,1,0,0.4,1,1.1,0.9
21,1,0.001332033219655097,0.00033383899326918027,0,0,1,1,0,0.4,1,1.1,0.9
23,1,0.001293926424369635,0.0003242885301222421,0,0,1,1,0,0.4,1,1.1,0.9
24,1,0.0011697885860210318,0.0002931766551559102,0,0,1,1,0,0.4,1,1.1,0.9
37,1,0.0009865890015739065,0.0002472625113217223,0,0,1,1,0,0.4,1,1.1,0.9
25,1,0.000448466503155471,0.00011239630042195038,0,0,1,1,0,0.4,1,1.1,0.9
26,1,0.0,0.0,0,0,1,1,0,0.4,1,1.1,0.9
33,1,0.0003814702410092939,9.560545438474038e-05,0,0,1,1,0,0.4,1,1.1,0.9
27,1,0.0006008834631128071,0.00015059559133939542,0,0,1,1,0,0.4,1,1.1,0.9
34,1,0.00042207609689814637,0.00010578224115757921,0,0,1,1,0,0.4,1,1.1,0.9
42,1,0.00035708325751597215,8.949350019459587e-05,0,0,1,1,0,0.4,1,1.1,0.9
43,1,0.0004882392222346825,0.0001223642834279747,0,0,1,1,0,0.4,1,1.1,0.9
49,1,0.0007708478757900547,0.00019319268845567584,0,0,1,1,0,0.4,1,1.1,0.9
