BUS_I,BUS_TYPE,Pd,Qd,Gs,Bs,area,Vm,Va,baseKV,zone,Vmax,Vmin
1,1,0.00428210291560607,0.001073196152563748,0,0,1,1,0,0.4,1,1.1,0.9
2,1,0.0,0.0,0,0,1,1,0,0.4,1,1.1,0.9
3,1,0.0,0.0,0,0,1,1,0,0.4,1,1.1,0.9
4,1,0.0,0.0,0,0,1,1,0,0.4,1,1.1,0.9
5,1,0.0,0.0,0,0,1,1,0,0.4,1,1.1,0.9
7,1,0.0032538381268861854,0.000815488704419717,0,0,1,1,0,0.4,1,1.1,0.9
18,1,0.0,0.0,0,0,1,1,0,0.4,1,1.1,0.9
19,1,0.04959158189337391,0.012428821991539215,0,0,1,1,0,0.4,1,1.1,0.9
6,1,0.002891951978828406,0.0007247914863901604,0,0,1,1,0,0.4,1,1.1,0.9
13,1,0.03884610337733034,0.009735751220436044,0,0,1,1,0,0.4,1,1.1,0.9
17,1,0.009943651101940395,0.002492113878474663,0,0,1,1,0,0.4,1,1.1,0.9
20,1,0.004036596778840127,0.001011666514766449,0,0,1,1,0,0.4,1,1.1,0.9
8,1,0.005653863043912416,0.0014169916476634633,0,0,1,1,0,0.4,1,1.1,0.9
9,1,0.001629956534453239,0.00040850561420328993,0,0,1,1,0,0.4,1,1.1,0.9
14,1,0.00929941809205858,0.0023306538666099386,0,0,1,1,0,0.4,1,1.1,0.9
10,1,0.006194402042915315,0.001552463490697966,0,0,1,1,0,0.4,1,1.1,0.9
11,1,0.004513252767069103,0.0011311277661061794,0,0,1,1,0,0.4,1,1.1,0.9
12,3,0.008446865133156279,0.00211698395409657,0,0,1,1,0,0.4,1,1.1,0.9
16,1,0.02157778218968461,0.005407901977888479,0,0,1,1,0,0.4,1,1.1,0.9
