F_BUS,T_BUS,BR_R,BR_X,BR_B,RATE_A,RATE_B,RATE_C,TAP,SHIFT,BR_STATUS,ANGMIN,ANGMAX
1,2,0.581462672501314,0.2236394894235823,1.173596609303727e-09,0,0,0,0,0,1,-90,90
1,3,1.0172740851696243,0.39125926352677864,1.0266088207793976e-09,0,0,0,0,0,1,-90,90
2,4,1.925847573723891,0.7407106052784197,1.9435195838414376e-09,0,0,0,0,0,1,-90,90
3,5,3.5171853605786656,1.3527636002225638,3.5494598438376114e-09,0,0,0,0,0,1,-90,90
3,6,5.4267199999999995,2.0871999999999997,5.47651680222545e-09,0,0,0,0,0,1,-90,90
4,9,3.4313499999999992,1.3197499999999998,3.462836838701149e-09,0,0,0,0,0,1,-90,90
4,8,4.412706144749888,1.6971946710576493,4.453198127967954e-09,0,0,0,0,0,1,-90,90
