F_BUS,T_BUS,BR_R,BR_X,BR_B,RATE_A,RATE_B,RATE_C,TAP,SHIFT,BR_STATUS,ANGMIN,ANGMAX
1,3,5.509615197355769,3.5261537263076925,9.252127313795498e-09,0,0,0,0,0,1,-90,90
1,56,7.348699332085901,4.703167572534977,1.2340444727227715e-08,0,0,0,0,0,1,-90,90
3,4,6.813279568942404,4.360498924123139,1.1441330789596767e-08,0,0,0,0,0,1,-90,90
56,22,0.38717767561231503,0.2477937123918816,6.50175560272116e-10,0,0,0,0,0,1,-90,90
4,61,3.678749999999999,2.3543999999999996,6.177611709064584e-09,0,0,0,0,0,1,-90,90
17,21,2.368724299782036,1.5159835518605032,3.977725849780311e-09,0,0,0,0,0,1,-90,90
17,22,0.30218749999999994,0.1934,5.07454172839403e-10,0,0,0,0,0,1,-90,90
22,55,1.648933556407465,1.0553174761007778,2.769003396678835e-09,0,0,0,0,0,1,-90,90
