F_BUS,T_BUS,BR_R,BR_X,BR_B,RATE_A,RATE_B,RATE_C,TAP,SHIFT,BR_STATUS,ANGMIN,ANGMAX
25,26,4.234932911938108,2.710357063640389,7.111592563749055e-09,0,0,0,0,0,1,-90,90
25,27,17.004579133282313,10.88293064530068,2.8555266642604184e-08,0,0,0,0,0,1,-90,90
26,29,42.31794201666829,27.083482890667707,7.106321824143695e-08,0,0,0,0,0,1,-90,90
27,30,0.9036718749999998,0.5783499999999999,1.5175083808772946e-09,0,0,0,0,0,1,-90,90
29,201,2.734921875,1.7503499999999999,4.592670172851339e-09,0,0,0,0,0,1,-90,90
30,31,1.3206541825847768,0.8452186768542572,2.217733942768831e-09,0,0,0,0,0,1,-90,90
31,97,1.206267877281332,0.7720114414600525,2.0256485390313666e-09,0,0,0,0,0,1,-90,90
97,98,1.7617688290879954,1.127532050616317,2.9584841990456007e-09,0,0,0,0,0,1,-90,90
179,180,0.050461530208766085,0.03229537933361029,8.473849537886229e-11,0,0,0,0,0,1,-90,90
179,181,0.9512736107570137,0.6088151108844888,1.5974445114065034e-09,0,0,0,0,0,1,-90,90
180,182,0.17360080871248834,0.11110451757599255,2.9152249775204876e-10,0,0,0,0,0,1,-90,90
181,183,1.603479952867109,1.0262271698349499,2.6926745585000833e-09,0,0,0,0,0,1,-90,90
182,100,1.0831772162539217,0.69323341840251,1.818946178490577e-09,0,0,0,0,0,1,-90,90
183,184,2.1771093749999997,1.3933499999999999,3.6559528010640244e-09,0,0,0,0,0,1,-90,90
100,98,1.4312940862920431,0.9160282152269077,2.403528129552871e-09,0,0,0,0,0,1,-90,90
184,187,1.8636718749999996,1.1927499999999998,3.129606849297818e-09,0,0,0,0,0,1,-90,90
185,99,0.011553700544718383,0.007394368348619767,1.9401773909093625e-11,0,0,0,0,0,1,-90,90
99,98,2.237835394144785,1.4322146522526624,3.757928136956299e-09,0,0,0,0,0,1,-90,90
