BUS_I,BUS_TYPE,Pd,Qd,Gs,Bs,area,Vm,Va,baseKV,zone,Vmax,Vmin
1,1,0.005431542780790134,0.0013612729375525403,0,0,1,1,0,0.4,1,1.1,0.9
2,1,0.007682747441225277,0.0019254780087122152,0,0,1,1,0,0.4,1,1.1,0.9
3,1,0.013158878844144616,0.003297925908347704,0,0,1,1,0,0.4,1,1.1,0.9
4,1,0.0163988835372004,0.004109947627443593,0,0,1,1,0,0.4,1,1.1,0.9
5,1,0.020409369230472284,0.0051150700873091245,0,0,1,1,0,0.4,1,1.1,0.9
6,1,0.01734110851610131,0.004346091466612108,0,0,1,1,0,0.4,1,1.1,0.9
7,1,0.01821901768329532,0.004566116243947407,0,0,1,1,0,0.4,1,1.1,0.9
8,1,0.03950260643152355,0.009900286395277067,0,0,1,1,0,0.4,1,1.1,0.9
9,3,0.0,0.0,0,0,1,1,0,0.4,1,1.1,0.9
10,1,0.020685726432214526,0.005184331730825948,0,0,1,1,0,0.4,1,1.1,0.9
27,1,0.010830601327898861,0.0027144045587255018,0,0,1,1,0,0.4,1,1.1,0.9
12,1,0.013666675228021874,0.003425191678508608,0,0,1,1,0,0.4,1,1.1,0.9
13,1,0.022234907512557894,0.005572593107961424,0,0,1,1,0,0.4,1,1.1,0.9
29,1,0.014215156408965665,0.0035626540199664115,0,0,1,1,0,0.4,1,1.1,0.9
14,1,0.0014964107809284602,0.0003750358934378949,0,0,1,1,0,0.4,1,1.1,0.9
15,1,0.0,0.0,0,0,1,1,0,0.4,1,1.1,0.9
30,1,0.01608594899079978,0.004031518837239261,0,0,1,1,0,0.4,1,1.1,0.9
21,1,0.00416756959247962,0.0010444913960125503,0,0,1,1,0,0.4,1,1.1,0.9
23,1,0.011851665214895274,0.0029703072907809828,0,0,1,1,0,0.4,1,1.1,0.9
19,1,0.0049023846704444474,0.0012286534140816719,0,0,1,1,0,0.4,1,1.1,0.9
24,1,0.002664214250752752,0.0006677150315778154,0,0,1,1,0,0.4,1,1.1,0.9
16,1,0.006750373926135824,0.0016918031791093133,0,0,1,1,0,0.4,1,1.1,0.9
17,1,0.007198866535904866,0.0018042060224653762,0,0,1,1,0,0.4,1,1.1,0.9
18,1,0.0,0.0,0,0,1,1,0,0.4,1,1.1,0.9
20,1,0.0,0.0,0,0,1,1,0,0.4,1,1.1,0.9
22,1,0.01627035239590882,0.004077734686970809,0,0,1,1,0,0.4,1,1.1,0.9
28,1,0.013778806487746835,0.003453294421224198,0,0,1,1,0,0.4,1,1.1,0.9
25,1,0.0038388675323167932,0.0009621108943620906,0,0,1,1,0,0.4,1,1.1,0.9
31,1,0.01693913196632069,0.0042453466468009874,0,0,1,1,0,0.4,1,1.1,0.9
32,1,0.007446091084193382,0.0018661663347865932,0,0,1,1,0,0.4,1,1.1,0.9
