BUS_I,BUS_TYPE,Pd,Qd,Gs,Bs,area,Vm,Va,baseKV,zone,Vmax,Vmin
186,1,0.005045381826782792,0.0012644918796754273,0,0,1,1,0,0.4,1,1.1,0.9
179,1,0.0,0.0,0,0,1,1,0,0.4,1,1.1,0.9
175,1,0.007022152616919134,0.001759917339615467,0,0,1,1,0,0.4,1,1.1,0.9
176,1,0.002869458243847112,0.000719154025003902,0,0,1,1,0,0.4,1,1.1,0.9
177,1,0.0,0.0,0,0,1,1,0,0.4,1,1.1,0.9
178,1,0.0,0.0,0,0,1,1,0,0.4,1,1.1,0.9
180,1,0.0,0.0,0,0,1,1,0,0.4,1,1.1,0.9
219,1,0.008155758422681474,0.0020440257352437588,0,0,1,1,0,0.4,1,1.1,0.9
181,1,0.00021260564277675797,5.328399675070991e-05,0,0,1,1,0,0.4,1,1.1,0.9
182,1,0.00017244855754082504,4.321968250540924e-05,0,0,1,1,0,0.4,1,1.1,0.9
184,1,0.00022323510143959738,5.594799020570609e-05,0,0,1,1,0,0.4,1,1.1,0.9
183,1,0.00040714562951442483,0.00010204031330857967,0,0,1,1,0,0.4,1,1.1,0.9
215,1,9.725040154263004e-05,2.437324810444409e-05,0,0,1,1,0,0.4,1,1.1,0.9
216,1,6.2088771276532e-05,1.5560912888977983e-05,0,0,1,1,0,0.4,1,1.1,0.9
57,1,0.0002427150085005075,6.083011511538011e-05,0,0,1,1,0,0.4,1,1.1,0.9
233,1,0.0,0.0,0,0,1,1,0,0.4,1,1.1,0.9
59,1,0.00014150122631892564,3.5463550190509555e-05,0,0,1,1,0,0.4,1,1.1,0.9
58,1,0.0,0.0,0,0,1,1,0,0.4,1,1.1,0.9
60,1,0.0,0.0,0,0,1,1,0,0.4,1,1.1,0.9
231,1,0.0,0.0,0,0,1,1,0,0.4,1,1.1,0.9
230,1,0.0002601256559566588,6.519363468318124e-05,0,0,1,1,0,0.4,1,1.1,0.9
61,1,7.74909825813766e-05,1.9421070909256103e-05,0,0,1,1,0,0.4,1,1.1,0.9
62,1,0.0,0.0,0,0,1,1,0,0.4,1,1.1,0.9
63,1,0.0,0.0,0,0,1,1,0,0.4,1,1.1,0.9
64,1,8.085164197772733e-05,2.026333154738706e-05,0,0,1,1,0,0.4,1,1.1,0.9
68,1,7.821031275674853e-05,1.960135204491463e-05,0,0,1,1,0,0.4,1,1.1,0.9
65,1,0.0,0.0,0,0,1,1,0,0.4,1,1.1,0.9
66,1,0.0,0.0,0,0,1,1,0,0.4,1,1.1,0.9
67,1,0.0,0.0,0,0,1,1,0,0.4,1,1.1,0.9
239,1,0.00019625333425586178,4.91857219226568e-05,0,0,1,1,0,0.4,1,1.1,0.9
84,1,6.197021589480376e-05,1.5531200109522642e-05,0,0,1,1,0,0.4,1,1.1,0.9
218,3,0.007196833464561831,0.0018036964867568159,0,0,1,1,0,0.4,1,1.1,0.9
220,1,0.0,0.0,0,0,1,1,0,0.4,1,1.1,0.9
221,1,0.0,0.0,0,0,1,1,0,0.4,1,1.1,0.9
94,1,0.0,0.0,0,0,1,1,0,0.4,1,1.1,0.9
238,1,0.00023914935555850887,5.9936478251869805e-05,0,0,1,1,0,0.4,1,1.1,0.9
235,1,0.0001992017197058069,4.9924656970113075e-05,0,0,1,1,0,0.4,1,1.1,0.9
222,1,0.011374756016105705,0.002850782578892832,0,0,1,1,0,0.4,1,1.1,0.9
232,1,9.126254631832902e-05,2.2872550126025914e-05,0,0,1,1,0,0.4,1,1.1,0.9
234,1,0.000276451679306557,6.928532182641209e-05,0,0,1,1,0,0.4,1,1.1,0.9
