F_BUS,T_BUS,BR_R,BR_X,BR_B,RATE_A,RATE_B,RATE_C,TAP,SHIFT,BR_STATUS,ANGMIN,ANGMAX
1,2,2.4681970300352454,0.949306550013556,2.4908457606419675e-09,0,0,0,0,0,1,-90,90
1,3,9.097468538862238,3.4990263611008605,9.180948954579648e-09,0,0,0,0,0,1,-90,90
3,5,5.60448905761615,2.15557271446775,5.655917108662973e-09,0,0,0,0,0,1,-90,90
3,6,12.264077492401414,4.716952881692852,1.237661542348441e-08,0,0,0,0,0,1,-90,90
5,27,2.556109048693126,0.9831188648819716,2.5795644797388515e-09,0,0,0,0,0,1,-90,90
5,17,4.334718792906248,1.6671995357331721,4.374495146658293e-09,0,0,0,0,0,1,-90,90
6,61,11.054017025626282,4.251545009856262,1.1155451169938478e-08,0,0,0,0,0,1,-90,90
27,28,2.5439163603891575,0.9784293693804452,2.5672599085870356e-09,0,0,0,0,0,1,-90,90
17,12,6.739955202149021,2.5922904623650083,6.8018025457027366e-09,0,0,0,0,0,1,-90,90
7,8,2.0827647294135527,0.8010633574667512,2.1018766466145052e-09,0,0,0,0,0,1,-90,90
8,10,5.53507724687022,2.128875864180854,5.585868359543251e-09,0,0,0,0,0,1,-90,90
10,11,5.959790756368749,2.2922272139879807,6.014479135647572e-09,0,0,0,0,0,1,-90,90
11,12,7.376979999999998,2.8372999999999995,7.444672826252526e-09,0,0,0,0,0,1,-90,90
12,15,2.5602512412826575,0.9847120158779452,2.5837446820184276e-09,0,0,0,0,0,1,-90,90
15,13,0.29799502333135514,0.11461347051205967,3.007294926315955e-10,0,0,0,0,0,1,-90,90
13,14,2.5189739258168053,0.9688361253141561,2.542088596629925e-09,0,0,0,0,0,1,-90,90
14,16,0.1666241961818621,0.06408622930071621,1.6815317725021335e-10,0,0,0,0,0,1,-90,90
16,20,2.6162364884700917,1.0062448032577276,2.640243662415192e-09,0,0,0,0,0,1,-90,90
20,18,1.8428825708846637,0.7088009888017938,1.8597932754920646e-09,0,0,0,0,0,1,-90,90
18,19,1.9817663536547023,0.7622178283287316,1.9999514870630958e-09,0,0,0,0,0,1,-90,90
19,21,1.6694125641458064,0.6420817554406948,1.684731468988778e-09,0,0,0,0,0,1,-90,90
21,22,3.4496799999999994,1.3267999999999998,3.4813350389003102e-09,0,0,0,0,0,1,-90,90
22,26,2.04821120300359,0.7877735396167654,2.067006049281254e-09,0,0,0,0,0,1,-90,90
22,24,2.1822958422386343,0.8393445547071671,2.2023210792977387e-09,0,0,0,0,0,1,-90,90
26,40,3.3277714413814237,1.279912092839009,3.3583078199522683e-09,0,0,0,0,0,1,-90,90
24,25,2.5682564448751646,0.9877909403366016,2.591823343158048e-09,0,0,0,0,0,1,-90,90
28,29,0.2153496793310148,0.082826799742698,2.1732577638244937e-10,0,0,0,0,0,1,-90,90
