F_BUS,T_BUS,BR_R,BR_X,BR_B,RATE_A,RATE_B,RATE_C,TAP,SHIFT,BR_STATUS,ANGMIN,ANGMAX
1,2,1.648266254084638,1.0548904026141683,2.767882816415707e-09,0,0,0,0,0,1,-90,90
2,4,1.0595519290791537,0.6781132346106584,1.7792729605005367e-09,0,0,0,0,0,1,-90,90
4,11,7.001012940059698,4.4806482816382065,1.1756585664648444e-08,0,0,0,0,0,1,-90,90
11,7,1.3415264214642677,0.8585769097371313,2.2527840514460538e-09,0,0,0,0,0,1,-90,90
16,12,23.19899665483476,14.84735785909425,3.8957361433491645e-08,0,0,0,0,0,1,-90,90
12,13,1.755084118998783,1.123253836159221,2.9472587710282522e-09,0,0,0,0,0,1,-90,90
7,9,22.338335343345832,14.296534619741333,3.751207936882487e-08,0,0,0,0,0,1,-90,90
7,6,1.7267910881001949,1.1051462963841248,2.899747154592223e-09,0,0,0,0,0,1,-90,90
5,6,0.9088996598376683,0.5816957822961077,1.52628723913775e-09,0,0,0,0,0,1,-90,90
5,14,19.40722209082124,12.420622138125594,3.258995105094779e-08,0,0,0,0,0,1,-90,90
14,13,0.7312671862867043,0.46801099922349076,1.2279944906447726e-09,0,0,0,0,0,1,-90,90
9,8,1.2626778411650394,0.8081138183456252,2.1203760560944724e-09,0,0,0,0,0,1,-90,90
