BUS_I,BUS_TYPE,Pd,Qd,Gs,Bs,area,Vm,Va,baseKV,zone,Vmax,Vmin
1,1,0.057818238076666625,0.014490616380505906,0,0,1,1,0,0.4,1,1.1,0.9
2,1,0.0,0.0,0,0,1,1,0,0.4,1,1.1,0.9
5,1,0.0,0.0,0,0,1,1,0,0.4,1,1.1,0.9
3,1,0.0,0.0,0,0,1,1,0,0.4,1,1.1,0.9
10,1,0.0,0.0,0,0,1,1,0,0.4,1,1.1,0.9
23,1,0.0118492505473399,0.002969702118046646,0,0,1,1,0,0.4,1,1.1,0.9
39,1,0.06594979854708291,0.01652857753725103,0,0,1,1,0,0.4,1,1.1,0.9
37,1,0.013454484125610889,0.0033720115753668087,0,0,1,1,0,0.4,1,1.1,0.9
6,1,0.0,0.0,0,0,1,1,0,0.4,1,1.1,0.9
34,1,0.03900967539061758,0.009776746231248886,0,0,1,1,0,0.4,1,1.1,0.9
9,1,0.0,0.0,0,0,1,1,0,0.4,1,1.1,0.9
43,1,0.03314278875239908,0.00830636583830763,0,0,1,1,0,0.4,1,1.1,0.9
7,1,0.0,0.0,0,0,1,1,0,0.4,1,1.1,0.9
21,1,0.0,0.0,0,0,1,1,0,0.4,1,1.1,0.9
20,1,0.0,0.0,0,0,1,1,0,0.4,1,1.1,0.9
8,1,0.0,0.0,0,0,1,1,0,0.4,1,1.1,0.9
29,1,0.03248329099070544,0.008141080119018968,0,0,1,1,0,0.4,1,1.1,0.9
26,1,0.0008578205228865019,0.0002149900884906026,0,0,1,1,0,0.4,1,1.1,0.9
12,1,0.0,0.0,0,0,1,1,0,0.4,1,1.1,0.9
13,1,0.0,0.0,0,0,1,1,0,0.4,1,1.1,0.9
47,1,0.000709082663505991,0.00017771286709408242,0,0,1,1,0,0.4,1,1.1,0.9
28,1,0.004506253637144338,0.001129373618797114,0,0,1,1,0,0.4,1,1.1,0.9
16,1,0.0,0.0,0,0,1,1,0,0.4,1,1.1,0.9
19,1,0.0,0.0,0,0,1,1,0,0.4,1,1.1,0.9
42,1,0.026022315757449007,0.006521807089202245,0,0,1,1,0,0.4,1,1.1,0.9
17,1,0.0,0.0,0,0,1,1,0,0.4,1,1.1,0.9
46,1,0.01969800870545619,0.0049367863343076045,0,0,1,1,0,0.4,1,1.1,0.9
45,1,0.04870337655867901,0.012206216751387894,0,0,1,1,0,0.4,1,1.1,0.9
24,1,0.07475622589044237,0.018735676275649267,0,0,1,1,0,0.4,1,1.1,0.9
44,3,0.00851216859543508,0.0021333505444957133,0,0,1,1,0,0.4,1,1.1,0.9
36,1,0.0,0.0,0,0,1,1,0,0.4,1,1.1,0.9
31,1,0.0,0.0,0,0,1,1,0,0.4,1,1.1,0.9
27,1,0.0,0.0,0,0,1,1,0,0.4,1,1.1,0.9
35,1,0.013401253579216562,0.0033586707429031472,0,0,1,1,0,0.4,1,1.1,0.9
25,1,0.002390916707251945,0.0005992202106987433,0,0,1,1,0,0.4,1,1.1,0.9
32,1,0.01636377181598236,0.004101147800614638,0,0,1,1,0,0.4,1,1.1,0.9
41,1,0.0,0.0,0,0,1,1,0,0.4,1,1.1,0.9
40,1,0.0,0.0,0,0,1,1,0,0.4,1,1.1,0.9
30,1,0.02458647316460243,0.006161951014581953,0,0,1,1,0,0.4,1,1.1,0.9
33,1,0.022265451659434866,0.005580248192754517,0,0,1,1,0,0.4,1,1.1,0.9
38,1,0.004568473851776638,0.0011449674744963116,0,0,1,1,0,0.4,1,1.1,0.9
