BUS_I,BUS_TYPE,Pd,Qd,Gs,Bs,area,Vm,Va,baseKV,zone,Vmax,Vmin
1,1,0.0477898948329881,0.011977276650514576,0,0,1,1,0,0.4,1,1.1,0.9
2,1,0.024173893320675346,0.0060585487587617596,0,0,1,1,0,0.4,1,1.1,0.9
3,1,0.0,0.0,0,0,1,1,0,0.4,1,1.1,0.9
4,1,0.025165706983074652,0.006307120693515561,0,0,1,1,0,0.4,1,1.1,0.9
5,1,0.06495195810382383,0.01627849514883497,0,0,1,1,0,0.4,1,1.1,0.9
14,1,0.0,0.0,0,0,1,1,0,0.4,1,1.1,0.9
16,1,0.0,0.0,0,0,1,1,0,0.4,1,1.1,0.9
8,1,0.0,0.0,0,0,1,1,0,0.4,1,1.1,0.9
19,1,0.04916473508955307,0.01232184409852194,0,0,1,1,0,0.4,1,1.1,0.9
9,1,0.0,0.0,0,0,1,1,0,0.4,1,1.1,0.9
25,1,0.09111361051902628,0.02283522329620868,0,0,1,1,0,0.4,1,1.1,0.9
13,1,0.0,0.0,0,0,1,1,0,0.4,1,1.1,0.9
22,1,0.033166372889828204,0.008312276580307367,0,0,1,1,0,0.4,1,1.1,0.9
10,1,0.0,0.0,0,0,1,1,0,0.4,1,1.1,0.9
23,1,0.03519859563125296,0.00882159960925678,0,0,1,1,0,0.4,1,1.1,0.9
15,1,0.0,0.0,0,0,1,1,0,0.4,1,1.1,0.9
21,1,0.04577211995549682,0.011471574597588335,0,0,1,1,0,0.4,1,1.1,0.9
18,1,0.02771550303246537,0.006946159820776019,0,0,1,1,0,0.4,1,1.1,0.9
17,1,0.018381718180810025,0.0046068928323186546,0,0,1,1,0,0.4,1,1.1,0.9
20,3,0.01671238260560459,0.004188517900198486,0,0,1,1,0,0.4,1,1.1,0.9
24,1,0.023714398146508834,0.00594338841283922,0,0,1,1,0,0.4,1,1.1,0.9
