F_BUS,T_BUS,BR_R,BR_X,BR_B,RATE_A,RATE_B,RATE_C,TAP,SHIFT,BR_STATUS,ANGMIN,ANGMAX
1,2,0.21387809778047054,0.13688198257950113,1.4366356410857981e-09,0,0,0,0,0,1,-90,90
1,3,0.25869307313887097,0.16556356680887743,1.7376612791590519e-09,0,0,0,0,0,1,-90,90
2,4,0.17852871968410183,0.11425838059782518,1.1991911482159067e-09,0,0,0,0,0,1,-90,90
3,5,0.03939382095836056,0.02521204541335076,2.646113268008558e-10,0,0,0,0,0,1,-90,90
4,14,0.591856023263623,0.3787878548887187,3.975542452619785e-09,0,0,0,0,0,1,-90,90
5,16,0.20137256126639508,0.12887843921049283,1.3526349899978065e-09,0,0,0,0,0,1,-90,90
14,8,0.8422070312499998,0.5390124999999999,5.657169438213004e-09,0,0,0,0,0,1,-90,90
16,13,0.8486914062499998,0.5431624999999999,5.700725484072023e-09,0,0,0,0,0,1,-90,90
8,19,0.26575031209205546,0.1700801997389155,1.785065296274495e-09,0,0,0,0,0,1,-90,90
19,20,0.32922304932767554,0.21070275156971235,2.211416556624501e-09,0,0,0,0,0,1,-90,90
9,25,0.7496699231392473,0.47978875080911826,1.258897640535117e-09,0,0,0,0,0,1,-90,90
9,13,0.24533443792676482,0.1570140402731295,1.6479302984689485e-09,0,0,0,0,0,1,-90,90
9,22,0.5026758322690604,0.3217125326521987,3.3765122471373515e-09,0,0,0,0,0,1,-90,90
22,21,0.001825262563596288,0.0011681680407016244,6.1302145484143644e-12,0,0,0,0,0,1,-90,90
10,23,0.7727011668581832,0.4945287467892373,1.2975732996237802e-09,0,0,0,0,0,1,-90,90
10,15,0.6655323019811122,0.4259406732679118,1.1176079215709757e-09,0,0,0,0,0,1,-90,90
10,21,1.744649748132344,1.1165758388047002,2.9297366530150047e-09,0,0,0,0,0,1,-90,90
23,24,1.4763730628546647,0.9448787602269855,2.479227868172211e-09,0,0,0,0,0,1,-90,90
15,18,0.9531482013247952,0.6100148488478689,1.6005924536807077e-09,0,0,0,0,0,1,-90,90
15,17,1.0757204254998458,0.6884610723199013,1.8064242191635163e-09,0,0,0,0,0,1,-90,90
