BUS_I,BUS_TYPE,Pd,Qd,Gs,Bs,area,Vm,Va,baseKV,zone,Vmax,Vmin
1,1,0.06849190589682469,0.017165689694738907,0,0,1,1,0,0.4,1,1.1,0.9
2,1,0.0,0.0,0,0,1,1,0,0.4,1,1.1,0.9
4,1,0.0,0.0,0,0,1,1,0,0.4,1,1.1,0.9
3,1,0.0,0.0,0,0,1,1,0,0.4,1,1.1,0.9
5,3,0.04833583396898227,0.012114101895453836,0,0,1,1,0,0.4,1,1.1,0.9
6,1,0.0,0.0,0,0,1,1,0,0.4,1,1.1,0.9
21,1,0.02767398510639292,0.006935754447668102,0,0,1,1,0,0.4,1,1.1,0.9
22,1,0.025276483311140865,0.006334883858348085,0,0,1,1,0,0.4,1,1.1,0.9
19,1,0.0,0.0,0,0,1,1,0,0.4,1,1.1,0.9
12,1,0.0,0.0,0,0,1,1,0,0.4,1,1.1,0.9
7,1,0.07897406308153596,0.019792765919413993,0,0,1,1,0,0.4,1,1.1,0.9
8,1,0.008102897230951207,0.0020307774717846757,0,0,1,1,0,0.4,1,1.1,0.9
9,1,0.005556540664076292,0.0013926003600982291,0,0,1,1,0,0.4,1,1.1,0.9
11,1,0.0,0.0,0,0,1,1,0,0.4,1,1.1,0.9
17,1,0.015447221272820421,0.003871438581584253,0,0,1,1,0,0.4,1,1.1,0.9
13,1,0.021921477756657304,0.005494040206557396,0,0,1,1,0,0.4,1,1.1,0.9
23,1,0.020521981277004886,0.0051432933265569865,0,0,1,1,0,0.4,1,1.1,0.9
14,1,0.0,0.0,0,0,1,1,0,0.4,1,1.1,0.9
15,1,0.0,0.0,0,0,1,1,0,0.4,1,1.1,0.9
27,1,0.0033834161319017753,0.0008479640136732161,0,0,1,1,0,0.4,1,1.1,0.9
24,1,0.0023741556736427876,0.000595019499707706,0,0,1,1,0,0.4,1,1.1,0.9
33,1,0.003379370157569931,0.0008469499969221281,0,0,1,1,0,0.4,1,1.1,0.9
25,1,0.004353176179337846,0.0010910087915148357,0,0,1,1,0,0.4,1,1.1,0.9
36,1,0.0035852097736228257,0.000898538267532831,0,0,1,1,0,0.4,1,1.1,0.9
37,1,0.0,0.0,0,0,1,1,0,0.4,1,1.1,0.9
18,1,0.06287002927006513,0.015756714598872373,0,0,1,1,0,0.4,1,1.1,0.9
26,1,0.0030459602235184775,0.0007633895908547019,0,0,1,1,0,0.4,1,1.1,0.9
28,1,0.006551035797323411,0.0016418443347945076,0,0,1,1,0,0.4,1,1.1,0.9
29,1,0.0027512710270064153,0.0006895335163670374,0,0,1,1,0,0.4,1,1.1,0.9
31,1,0.0032781988675947994,0.0008215940815480449,0,0,1,1,0,0.4,1,1.1,0.9
30,1,0.002482703699263662,0.0006222241993052227,0,0,1,1,0,0.4,1,1.1,0.9
32,1,0.0034616884507824583,0.0008675809059176433,0,0,1,1,0,0.4,1,1.1,0.9
34,1,0.004773497186718575,0.001196351165776495,0,0,1,1,0,0.4,1,1.1,0.9
35,1,0.004496092612622515,0.0011268270260043102,0,0,1,1,0,0.4,1,1.1,0.9
39,1,0.004806359665871603,0.0012045872794070672,0,0,1,1,0,0.4,1,1.1,0.9
38,1,0.0,0.0,0,0,1,1,0,0.4,1,1.1,0.9
