BUS_I,BUS_TYPE,Pd,Qd,Gs,Bs,area,Vm,Va,baseKV,zone,Vmax,Vmin
1,1,0.031803144021911034,0.00797061922060669,0,0,1,1,0,0.4,1,1.1,0.9
2,1,0.0,0.0,0,0,1,1,0,0.4,1,1.1,0.9
3,1,0.0,0.0,0,0,1,1,0,0.4,1,1.1,0.9
4,1,0.0021414314708863283,0.0005366933165381107,0,0,1,1,0,0.4,1,1.1,0.9
5,1,0.004614269150129199,0.0011564448581477787,0,0,1,1,0,0.4,1,1.1,0.9
6,1,0.012602425729510829,0.0031584656119754083,0,0,1,1,0,0.4,1,1.1,0.9
7,1,0.036470852375139154,0.00914045720551768,0,0,1,1,0,0.4,1,1.1,0.9
21,1,0.0,0.0,0,0,1,1,0,0.4,1,1.1,0.9
18,1,0.0,0.0,0,0,1,1,0,0.4,1,1.1,0.9
23,1,0.0,0.0,0,0,1,1,0,0.4,1,1.1,0.9
19,1,0.005228976873903922,0.0013105051357982706,0,0,1,1,0,0.4,1,1.1,0.9
12,1,0.0,0.0,0,0,1,1,0,0.4,1,1.1,0.9
16,1,0.004730206919677398,0.0011855016021514058,0,0,1,1,0,0.4,1,1.1,0.9
32,1,0.022443747350551848,0.005624933305068861,0,0,1,1,0,0.4,1,1.1,0.9
8,1,0.009625347061158702,0.0024123393661276008,0,0,1,1,0,0.4,1,1.1,0.9
9,1,0.00910463109167141,0.0022818356425959654,0,0,1,1,0,0.4,1,1.1,0.9
10,1,0.012201356573660827,0.003057948206519895,0,0,1,1,0,0.4,1,1.1,0.9
13,1,0.0022392445228217443,0.0005612075781232387,0,0,1,1,0,0.4,1,1.1,0.9
14,1,0.0031846955163910263,0.00079815993278016,0,0,1,1,0,0.4,1,1.1,0.9
15,1,0.0035999380128631177,0.000902229512231578,0,0,1,1,0,0.4,1,1.1,0.9
17,1,0.0050769620518165606,0.0012724066301312885,0,0,1,1,0,0.4,1,1.1,0.9
20,1,0.0017978329289228797,0.00045057940462866385,0,0,1,1,0,0.4,1,1.1,0.9
31,3,0.016264596490731954,0.004076292121153948,0,0,1,1,0,0.4,1,1.1,0.9
25,1,0.02575647750439607,0.006455181742730323,0,0,1,1,0,0.4,1,1.1,0.9
26,1,0.0,0.0,0,0,1,1,0,0.4,1,1.1,0.9
27,1,0.0,0.0,0,0,1,1,0,0.4,1,1.1,0.9
28,1,0.0661854298553432,0.016587632309738375,0,0,1,1,0,0.4,1,1.1,0.9
33,1,0.03362521917008852,0.008427274298087314,0,0,1,1,0,0.4,1,1.1,0.9
30,1,0.09308064847969943,0.02332820947915344,0,0,1,1,0,0.4,1,1.1,0.9
