BUS_I,BUS_TYPE,Pd,Qd,Gs,Bs,area,Vm,Va,baseKV,zone,Vmax,Vmin
66,1,0.0016156598404067715,0.0004049225249250916,0,0,1,1,0,0.4,1,1.1,0.9
64,1,0.0,0.0,0,0,1,1,0,0.4,1,1.1,0.9
67,1,0.0,0.0,0,0,1,1,0,0.4,1,1.1,0.9
74,1,0.0,0.0,0,0,1,1,0,0.4,1,1.1,0.9
72,1,0.0012099991481062974,0.0003032543719630096,0,0,1,1,0,0.4,1,1.1,0.9
62,1,0.004228295922673019,0.0010597108489793052,0,0,1,1,0,0.4,1,1.1,0.9
73,1,0.0016113091217880306,0.00040383213205632065,0,0,1,1,0,0.4,1,1.1,0.9
76,1,0.0,0.0,0,0,1,1,0,0.4,1,1.1,0.9
55,1,0.0010876282192392771,0.0002725853262548565,0,0,1,1,0,0.4,1,1.1,0.9
75,1,0.0021588523937102187,0.0005410594113558161,0,0,1,1,0,0.4,1,1.1,0.9
46,1,0.0010046518943831262,0.00025178949898387715,0,0,1,1,0,0.4,1,1.1,0.9
44,1,0.0018372162267363274,0.0004604497894656622,0,0,1,1,0,0.4,1,1.1,0.9
45,3,0.0016752269809923886,0.00041985145759103153,0,0,1,1,0,0.4,1,1.1,0.9
28,1,0.0,0.0,0,0,1,1,0,0.4,1,1.1,0.9
53,1,0.0,0.0,0,0,1,1,0,0.4,1,1.1,0.9
52,1,0.0,0.0,0,0,1,1,0,0.4,1,1.1,0.9
54,1,0.0010256672142805725,0.0002570564346235227,0,0,1,1,0,0.4,1,1.1,0.9
