F_BUS,T_BUS,BR_R,BR_X,BR_B,RATE_A,RATE_B,RATE_C,TAP,SHIFT,BR_STATUS,ANGMIN,ANGMAX
1,2,1.3140366902355625,0.5053987270136778,1.3260945861986205e-09,0,0,0,0,0,1,-90,90
1,9,7.008661025685521,2.6956388560328928,7.07297407426022e-09,0,0,0,0,0,1,-90,90
9,10,2.065279565398374,0.7943382943839901,2.084231034805016e-09,0,0,0,0,0,1,-90,90
9,8,4.870753958630415,1.8733669071655445,4.9154490915222455e-09,0,0,0,0,0,1,-90,90
10,13,2.5447878941122903,0.9787645746585735,2.5681394396994656e-09,0,0,0,0,0,1,-90,90
3,4,0.9880853592851011,0.3800328304942697,1.994304505173596e-09,0,0,0,0,0,1,-90,90
3,5,5.716111268788901,2.198504334149577,5.768563590329455e-09,0,0,0,0,0,1,-90,90
4,6,0.3374840711601484,0.1298015658308263,6.811618016746774e-10,0,0,0,0,0,1,-90,90
5,7,2.7711935245990653,1.065843663307333,2.7966226191299994e-09,0,0,0,0,0,1,-90,90
6,11,4.399178538009099,1.6919917453881148,4.439546388867755e-09,0,0,0,0,0,1,-90,90
11,12,3.0973548017737236,1.1912903083745092,3.125776825479752e-09,0,0,0,0,0,1,-90,90
12,14,5.315011774813463,2.0442352980051783,5.363783517261265e-09,0,0,0,0,0,1,-90,90
13,14,4.329293863867356,1.6651130245643682,4.369020437251438e-09,0,0,0,0,0,1,-90,90
