BUS_I,BUS_TYPE,Pd,Qd,Gs,Bs,area,Vm,Va,baseKV,zone,Vmax,Vmin
1,1,0.0019067166070784163,0.00047786822668094105,0,0,1,1,0,0.4,1,1.1,0.9
2,1,0.0006852985534933014,0.00017175200724068053,0,0,1,1,0,0.4,1,1.1,0.9
3,1,0.0007219059376804024,0.00018092668254375164,0,0,1,1,0,0.4,1,1.1,0.9
15,1,0.002677890192837573,0.0006711425457495613,0,0,1,1,0,0.4,1,1.1,0.9
4,1,0.0,0.0,0,0,1,1,0,0.4,1,1.1,0.9
13,1,0.0,0.0,0,0,1,1,0,0.4,1,1.1,0.9
8,3,0.001449867056924459,0.00036337093663710453,0,0,1,1,0,0.4,1,1.1,0.9
14,1,0.0,0.0,0,0,1,1,0,0.4,1,1.1,0.9
6,1,0.0008303225359636535,0.00020809844334557405,0,0,1,1,0,0.4,1,1.1,0.9
5,1,0.002107317081333428,0.0005281434445857567,0,0,1,1,0,0.4,1,1.1,0.9
7,1,0.001483781512574613,0.00037187070043012113,0,0,1,1,0,0.4,1,1.1,0.9
9,1,0.0017634895565445013,0.0004419721441706739,0,0,1,1,0,0.4,1,1.1,0.9
19,1,0.002559315678423838,0.0006414249711912384,0,0,1,1,0,0.4,1,1.1,0.9
10,1,0.0006252592348681894,0.00015670473560314225,0,0,1,1,0,0.4,1,1.1,0.9
11,1,0.0013878070874467198,0.00034781724215932796,0,0,1,1,0,0.4,1,1.1,0.9
12,1,0.0012386790755249365,0.00031044223931886336,0,0,1,1,0,0.4,1,1.1,0.9
20,1,0.0008700873608485092,0.0002180644478799976,0,0,1,1,0,0.4,1,1.1,0.9
16,1,0.0015599578759546455,0.0003909622967104917,0,0,1,1,0,0.4,1,1.1,0.9
17,1,0.0012247929886364368,0.00030696205789478037,0,0,1,1,0,0.4,1,1.1,0.9
18,1,0.0004990790938321129,0.00012508101133524893,0,0,1,1,0,0.4,1,1.1,0.9
30,1,0.0,0.0,0,0,1,1,0,0.4,1,1.1,0.9
29,1,0.0,0.0,0,0,1,1,0,0.4,1,1.1,0.9
24,1,0.0,0.0,0,0,1,1,0,0.4,1,1.1,0.9
27,1,0.0013574077411866252,0.000340198447821647,0,0,1,1,0,0.4,1,1.1,0.9
21,1,0.0032590943251546733,0.0008168060318800858,0,0,1,1,0,0.4,1,1.1,0.9
23,1,0.0,0.0,0,0,1,1,0,0.4,1,1.1,0.9
22,1,0.002033920699010657,0.000509748577233591,0,0,1,1,0,0.4,1,1.1,0.9
25,1,0.000668879409745993,0.00016763698192594952,0,0,1,1,0,0.4,1,1.1,0.9
26,1,0.0022759714525825837,0.0005704122143712756,0,0,1,1,0,0.4,1,1.1,0.9
31,1,0.0025751793178219974,0.0006454007739926416,0,0,1,1,0,0.4,1,1.1,0.9
34,1,0.001847898283918009,0.0004631269653520862,0,0,1,1,0,0.4,1,1.1,0.9
32,1,0.0,0.0,0,0,1,1,0,0.4,1,1.1,0.9
33,1,0.0018687442728512384,0.0004683514626517645,0,0,1,1,0,0.4,1,1.1,0.9
28,1,0.0028934400609498807,0.0007251644349247799,0,0,1,1,0,0.4,1,1.1,0.9
