BUS_I,BUS_TYPE,Pd,Qd,Gs,Bs,area,Vm,Va,baseKV,zone,Vmax,Vmin
1,1,0.0022941077704511396,0.0005749576040879196,0,0,1,1,0,0.4,1,1.1,0.9
2,1,0.0,0.0,0,0,1,1,0,0.4,1,1.1,0.9
3,1,0.0022370641593162763,0.0005606611275190903,0,0,1,1,0,0.4,1,1.1,0.9
4,1,0.00233620135262616,0.0005855072502146438,0,0,1,1,0,0.4,1,1.1,0.9
32,1,0.001058389993367454,0.0002652575361171948,0,0,1,1,0,0.4,1,1.1,0.9
22,1,0.0008390831780214783,0.00021029406720976955,0,0,1,1,0,0.4,1,1.1,0.9
29,1,0.0,0.0,0,0,1,1,0,0.4,1,1.1,0.9
20,1,0.0007023280174118272,0.00017601999320873807,0,0,1,1,0,0.4,1,1.1,0.9
31,1,0.0,0.0,0,0,1,1,0,0.4,1,1.1,0.9
5,1,0.0019052153528825548,0.0004774919769132984,0,0,1,1,0,0.4,1,1.1,0.9
6,1,0.005517556152732487,0.0013828299205715959,0,0,1,1,0,0.4,1,1.1,0.9
8,1,0.0,0.0,0,0,1,1,0,0.4,1,1.1,0.9
15,1,0.001971833142042397,0.0004941879686789532,0,0,1,1,0,0.4,1,1.1,0.9
17,1,0.0,0.0,0,0,1,1,0,0.4,1,1.1,0.9
18,1,0.006354985525670628,0.0015927095051574052,0,0,1,1,0,0.4,1,1.1,0.9
26,1,0.0012598723338030284,0.0003157537705203779,0,0,1,1,0,0.4,1,1.1,0.9
16,1,0.0,0.0,0,0,1,1,0,0.4,1,1.1,0.9
9,1,0.0029708149261010557,0.0007445564040628283,0,0,1,1,0,0.4,1,1.1,0.9
10,1,0.002722085175342458,0.0006822188524431737,0,0,1,1,0,0.4,1,1.1,0.9
11,1,0.0,0.0,0,0,1,1,0,0.4,1,1.1,0.9
12,1,0.0,0.0,0,0,1,1,0,0.4,1,1.1,0.9
13,3,0.03162796624433403,0.007926715531084155,0,0,1,1,0,0.4,1,1.1,0.9
14,1,0.015078148506934548,0.003778940227347776,0,0,1,1,0,0.4,1,1.1,0.9
28,1,0.001561781796409331,0.00039141941426537743,0,0,1,1,0,0.4,1,1.1,0.9
30,1,0.02650702319564354,0.006643286224113643,0,0,1,1,0,0.4,1,1.1,0.9
41,1,0.0571512107847751,0.014323443583069374,0,0,1,1,0,0.4,1,1.1,0.9
23,1,0.0288304721798611,0.007225597429538633,0,0,1,1,0,0.4,1,1.1,0.9
40,1,0.0005531632151076956,0.000138635769829308,0,0,1,1,0,0.4,1,1.1,0.9
24,1,0.0014741449820393484,0.00036945555822118025,0,0,1,1,0,0.4,1,1.1,0.9
19,1,0.0005552809926407252,0.00013916653491021023,0,0,1,1,0,0.4,1,1.1,0.9
21,1,0.02893496052241039,0.007251784676651022,0,0,1,1,0,0.4,1,1.1,0.9
34,1,0.0018752374189472875,0.0004699787984598129,0,0,1,1,0,0.4,1,1.1,0.9
25,1,0.0010442899012179292,0.00026172371991896304,0,0,1,1,0,0.4,1,1.1,0.9
27,1,0.0009222072408077165,0.00023112692109624182,0,0,1,1,0,0.4,1,1.1,0.9
33,1,0.00236168013041155,0.0005918928338473149,0,0,1,1,0,0.4,1,1.1,0.9
38,1,0.002235765775443133,0.000560335721847001,0,0,1,1,0,0.4,1,1.1,0.9
37,1,0.002231098239864706,0.000559165927163537,0,0,1,1,0,0.4,1,1.1,0.9
