F_BUS,T_BUS,BR_R,BR_X,BR_B,RATE_A,RATE_B,RATE_C,TAP,SHIFT,BR_STATUS,ANGMIN,ANGMAX
1,2,1.210451059620868,0.46555809985418,1.2215584305593959e-09,0,0,0,0,0,1,-90,90
1,3,2.1139278215733257,0.8130491621435869,2.1333256983109803e-09,0,0,0,0,0,1,-90,90
2,4,2.8444794056678124,1.0940305406414665,2.870580987912412e-09,0,0,0,0,0,1,-90,90
3,5,1.6748784308628946,0.644184011870344,1.6902474917271651e-09,0,0,0,0,0,1,-90,90
3,6,3.0302158217071646,1.165467623733525,3.0580217630444706e-09,0,0,0,0,0,1,-90,90
4,17,3.447834674513627,1.3260902594283182,3.479472780292589e-09,0,0,0,0,0,1,-90,90
6,12,6.376925567177091,2.4526636796834964,6.435441669219419e-09,0,0,0,0,0,1,-90,90
17,15,1.8084485922749955,0.6955571508749983,1.8250433229565886e-09,0,0,0,0,0,1,-90,90
12,21,1.4612086063872853,0.562003310148956,1.4746169849257756e-09,0,0,0,0,0,1,-90,90
12,9,5.810089999999999,2.23465,5.86340469149727e-09,0,0,0,0,0,1,-90,90
15,14,3.302383362096232,1.270147446960089,3.3326867739462863e-09,0,0,0,0,0,1,-90,90
21,23,0.44285440054693104,0.17032861559497348,4.4691813204564597e-10,0,0,0,0,0,1,-90,90
9,13,6.119191691761816,2.353535266062237,6.1753427698447635e-09,0,0,0,0,0,1,-90,90
9,7,0.12270786618218663,0.04719533314699485,1.238338611374785e-10,0,0,0,0,0,1,-90,90
7,8,6.660525745788906,2.561740671457272,6.7216442268014845e-09,0,0,0,0,0,1,-90,90
8,10,9.548316000915342,3.672429231121286,9.63593349426007e-09,0,0,0,0,0,1,-90,90
8,11,3.988200069873905,1.533923103797656,4.024796689952892e-09,0,0,0,0,0,1,-90,90
11,19,2.315285261878407,0.890494331491695,2.336530839737825e-09,0,0,0,0,0,1,-90,90
13,22,2.3632863858738946,0.9089563022591903,2.3849724328340223e-09,0,0,0,0,0,1,-90,90
23,24,1.9997240282390056,0.7691246262457714,2.0180739453048764e-09,0,0,0,0,0,1,-90,90
24,25,0.45518104551800986,0.17506963289154226,4.593578890810525e-10,0,0,0,0,0,1,-90,90
25,26,1.7480272937958559,0.6723181899214831,1.764067585064586e-09,0,0,0,0,0,1,-90,90
