BUS_I,BUS_TYPE,Pd,Qd,Gs,Bs,area,Vm,Va,baseKV,zone,Vmax,Vmin
10,1,0.0,0.0,0,0,1,1,0,0.4,1,1.1,0.9
13,1,0.0,0.0,0,0,1,1,0,0.4,1,1.1,0.9
55,1,0.006829718057284643,0.0017116886928290073,0,0,1,1,0,0.4,1,1.1,0.9
12,1,0.0,0.0,0,0,1,1,0,0.4,1,1.1,0.9
58,1,0.003185118632930769,0.0007982659757808742,0,0,1,1,0,0.4,1,1.1,0.9
59,1,0.005952286712290845,0.0014917836690253228,0,0,1,1,0,0.4,1,1.1,0.9
51,1,0.013139166371674548,0.003292985497052288,0,0,1,1,0,0.4,1,1.1,0.9
30,1,0.0,0.0,0,0,1,1,0,0.4,1,1.1,0.9
56,1,0.005161106369170139,0.0012934951839151908,0,0,1,1,0,0.4,1,1.1,0.9
27,1,0.0,0.0,0,0,1,1,0,0.4,1,1.1,0.9
38,1,0.008081639415367627,0.002025449760997281,0,0,1,1,0,0.4,1,1.1,0.9
39,1,0.006261925747408376,0.0015693865262477896,0,0,1,1,0,0.4,1,1.1,0.9
54,1,0.0,0.0,0,0,1,1,0,0.4,1,1.1,0.9
60,1,0.0009553475824482251,0.00023943267363049826,0,0,1,1,0,0.4,1,1.1,0.9
43,1,0.015468365503979386,0.0038767378254314804,0,0,1,1,0,0.4,1,1.1,0.9
26,1,0.004841317825706724,0.001213348620125673,0,0,1,1,0,0.4,1,1.1,0.9
28,1,0.0,0.0,0,0,1,1,0,0.4,1,1.1,0.9
29,1,0.005664765750076712,0.0014197241233976203,0,0,1,1,0,0.4,1,1.1,0.9
32,1,0.0040030217073199256,0.0010032518086541293,0,0,1,1,0,0.4,1,1.1,0.9
40,1,0.00630244860800237,0.0015795425124390267,0,0,1,1,0,0.4,1,1.1,0.9
42,1,0.007280937701437419,0.0018247749954260581,0,0,1,1,0,0.4,1,1.1,0.9
44,1,0.013282967776646814,0.003329025526353558,0,0,1,1,0,0.4,1,1.1,0.9
45,1,0.019772592628786723,0.004955478827491204,0,0,1,1,0,0.4,1,1.1,0.9
46,1,0.011356839931797426,0.0028462923849092692,0,0,1,1,0,0.4,1,1.1,0.9
48,1,0.013569390763677445,0.0034008098934613213,0,0,1,1,0,0.4,1,1.1,0.9
49,1,0.008562824183958585,0.002146046031685232,0,0,1,1,0,0.4,1,1.1,0.9
69,1,0.017040048576042625,0.0042706387332869635,0,0,1,1,0,0.4,1,1.1,0.9
68,1,0.007433091545283226,0.001862908343230006,0,0,1,1,0,0.4,1,1.1,0.9
50,3,0.019551791373610586,0.004900140816657165,0,0,1,1,0,0.4,1,1.1,0.9
52,1,0.014450487175176312,0.0036216334695160024,0,0,1,1,0,0.4,1,1.1,0.9
53,1,0.008987653234795431,0.002252518228136606,0,0,1,1,0,0.4,1,1.1,0.9
57,1,0.0,0.0,0,0,1,1,0,0.4,1,1.1,0.9
