F_BUS,T_BUS,BR_R,BR_X,BR_B,RATE_A,RATE_B,RATE_C,TAP,SHIFT,BR_STATUS,ANGMIN,ANGMAX
1,2,0.23165555424761264,0.14825955471847208,3.8901204604550407e-10,0,0,0,0,0,1,-90,90
2,4,1.0816406249999997,0.6922499999999999,1.8163658280665812e-09,0,0,0,0,0,1,-90,90
4,6,0.5900969591349732,0.37766205384638285,1.9818633417522887e-09,0,0,0,0,0,1,-90,90
4,12,2.3405468749999994,1.49795,3.930408367139524e-09,0,0,0,0,0,1,-90,90
6,5,0.33394163313956016,0.2137226452093185,1.121555823596111e-09,0,0,0,0,0,1,-90,90
12,17,0.7170756842739036,0.4589284379352983,1.2041631378745408e-09,0,0,0,0,0,1,-90,90
12,11,2.4421874999999997,1.5629999999999997,4.10109034202682e-09,0,0,0,0,0,1,-90,90
5,7,0.6367123667607613,0.40749591472688723,1.0692114909160728e-09,0,0,0,0,0,1,-90,90
17,15,0.24227460228162315,0.15505574546023881,4.068442867452044e-10,0,0,0,0,0,1,-90,90
11,10,1.684559628492103,1.0781181622349458,2.828829163599131e-09,0,0,0,0,0,1,-90,90
8,9,1.7572978822199987,1.1246706446207992,2.950976275505719e-09,0,0,0,0,0,1,-90,90
9,10,1.92485124113773,1.2319047943281474,3.232343476849458e-09,0,0,0,0,0,1,-90,90
15,13,0.15557284056847798,0.0995666179638259,2.612486854252851e-10,0,0,0,0,0,1,-90,90
13,14,0.7047113459806316,0.45101526142760423,1.1834000849311897e-09,0,0,0,0,0,1,-90,90
14,16,0.2651115107612623,0.1696713668872079,4.45193604644669e-10,0,0,0,0,0,1,-90,90
