BUS_I,BUS_TYPE,Pd,Qd,Gs,Bs,area,Vm,Va,baseKV,zone,Vmax,Vmin
1,1,0.07608199494160921,0.01906794532030836,0,0,1,1,0,0.4,1,1.1,0.9
2,1,0.0360563277486705,0.009036567541248338,0,0,1,1,0,0.4,1,1.1,0.9
3,1,0.0,0.0,0,0,1,1,0,0.4,1,1.1,0.9
4,1,0.0,0.0,0,0,1,1,0,0.4,1,1.1,0.9
5,1,0.03719818696739058,0.009322744437145385,0,0,1,1,0,0.4,1,1.1,0.9
6,1,0.04817333553778841,0.012073375949676278,0,0,1,1,0,0.4,1,1.1,0.9
9,1,0.0,0.0,0,0,1,1,0,0.4,1,1.1,0.9
14,3,0.031648681617538206,0.007931907292996419,0,0,1,1,0,0.4,1,1.1,0.9
16,1,0.0,0.0,0,0,1,1,0,0.4,1,1.1,0.9
7,1,0.08446491857089529,0.021168904022958367,0,0,1,1,0,0.4,1,1.1,0.9
13,1,0.07729878605857418,0.019372901920123226,0,0,1,1,0,0.4,1,1.1,0.9
17,1,0.03685443575762068,0.009236592263076963,0,0,1,1,0,0.4,1,1.1,0.9
8,1,0.02183530682879561,0.005472443736302797,0,0,1,1,0,0.4,1,1.1,0.9
12,1,0.04082712151547946,0.010232241166128937,0,0,1,1,0,0.4,1,1.1,0.9
