F_BUS,T_BUS,BR_R,BR_X,BR_B,RATE_A,RATE_B,RATE_C,TAP,SHIFT,BR_STATUS,ANGMIN,ANGMAX
186,110,0.00518413875,0.001537767,1.112602578091194e-05,0,0,0,0,0,1,-90,90
110,72,0.14520330667819636,0.09095071575061298,1.1674993351346937e-05,0,0,0,0,0,1,-90,90
176,62,0.18147642599733715,0.11367103968851562,1.4591513894657498e-05,0,0,0,0,0,1,-90,90
176,202,0.26914938782260955,0.16858658405457275,2.1640810978996207e-05,0,0,0,0,0,1,-90,90
62,71,0.00088810875,0.000263439,1.9060293956741565e-06,0,0,0,0,0,1,-90,90
62,73,0.13598096054714462,0.08517413255352382,1.0933475597880948e-05,0,0,0,0,0,1,-90,90
177,69,0.00227039,0.000673464,4.872635338458999e-06,0,0,0,0,0,1,-90,90
69,70,0.03957349566912619,0.01173865489511159,8.49313172907467e-05,0,0,0,0,0,1,-90,90
69,68,0.11585430257175075,0.034365770650496855,0.0002486426423758182,0,0,0,0,0,1,-90,90
178,179,0.002077705,0.000616308,4.459101214281666e-06,0,0,0,0,0,1,-90,90
178,205,0.32898281306737953,0.20606433147173797,2.645168517946576e-05,0,0,0,0,0,1,-90,90
179,70,0.00329578125,0.000977625,7.07329585955742e-06,0,0,0,0,0,1,-90,90
57,66,0.16831198912690454,0.10542525670181593,1.3533034467070148e-05,0,0,0,0,0,1,-90,90
66,67,0.0019499016360161453,0.0005783977886609689,4.1848138946045765e-06,0,0,0,0,0,1,-90,90
66,64,0.036968644937859486,0.01096598007145495,7.934087347951563e-05,0,0,0,0,0,1,-90,90
59,60,0.002815515,0.000835164,6.042564442655837e-06,0,0,0,0,0,1,-90,90
60,64,0.06973922361840892,0.0436824232800945,5.607344561907846e-06,0,0,0,0,0,1,-90,90
64,71,0.053460574360755506,0.033485997073919936,4.298468571409823e-06,0,0,0,0,0,1,-90,90
64,63,0.007350877475327586,0.004604354976968954,5.910433282433121e-07,0,0,0,0,0,1,-90,90
73,72,0.00063813,0.000189288,1.36953333503532e-06,0,0,0,0,0,1,-90,90
63,65,0.002890575090318044,0.0008574290155550154,6.203655906497568e-06,0,0,0,0,0,1,-90,90
67,68,0.0027172128033138543,0.000806004696713323,5.8315915448624795e-06,0,0,0,0,0,1,-90,90
