F_BUS,T_BUS,BR_R,BR_X,BR_B,RATE_A,RATE_B,RATE_C,TAP,SHIFT,BR_STATUS,ANGMIN,ANGMAX
18,19,4.876630124903522,3.121043279938254,8.189174953552453e-09,0,0,0,0,0,1,-90,90
18,20,6.379602246576882,4.0829454378092045,1.0713069802957004e-08,0,0,0,0,0,1,-90,90
19,21,1.7279103179139577,1.1058626034649328,2.9016266427886574e-09,0,0,0,0,0,1,-90,90
21,33,6.361953124999999,4.071649999999999,1.0683432176016318e-08,0,0,0,0,0,1,-90,90
33,37,4.781376664388252,3.060081065208481,1.6058437495004027e-08,0,0,0,0,0,1,-90,90
33,31,11.355648421360947,7.2676149896710065,1.906919107083117e-08,0,0,0,0,0,1,-90,90
31,32,3.8736829985887695,2.4791571190968127,6.504956697053725e-09,0,0,0,0,0,1,-90,90
32,34,1.4946702924015476,0.9565889871369905,2.5099538428897825e-09,0,0,0,0,0,1,-90,90
34,53,3.2086719529642513,2.053550049897121,5.388224105247459e-09,0,0,0,0,0,1,-90,90
37,51,6.674187997028171,4.271480318098029,2.2415517183249495e-08,0,0,0,0,0,1,-90,90
37,49,5.477605224003359,3.50566734336215,9.198373950237578e-09,0,0,0,0,0,1,-90,90
53,66,11.551076014606444,7.392688649348124,1.93973666164126e-08,0,0,0,0,0,1,-90,90
53,52,10.189330135003363,6.5211712864021525,1.7110628650906264e-08,0,0,0,0,0,1,-90,90
49,42,8.414222860355498,5.385102630627519,1.4129745610550058e-08,0,0,0,0,0,1,-90,90
52,57,3.9622220201849507,2.535822092918368,6.653637552377326e-09,0,0,0,0,0,1,-90,90
52,55,8.55541804922617,5.475467551504748,1.436685034776543e-08,0,0,0,0,0,1,-90,90
52,56,12.4800683843729,7.987243765998658,2.0957394925240578e-08,0,0,0,0,0,1,-90,90
