F_BUS,T_BUS,BR_R,BR_X,BR_B,RATE_A,RATE_B,RATE_C,TAP,SHIFT,BR_STATUS,ANGMIN,ANGMAX
1,2,5.651322160531727,2.1735854463583566,5.703179962655351e-09,0,0,0,0,0,1,-90,90
1,3,2.424845398334322,0.9326328455132009,2.4470963246264746e-09,0,0,0,0,0,1,-90,90
2,4,1.947699102149499,0.749115039288269,1.9655716268024067e-09,0,0,0,0,0,1,-90,90
3,5,2.831272191799566,1.088950842999833,2.857252581681753e-09,0,0,0,0,0,1,-90,90
3,6,5.040736817777369,1.9387449299143729,5.0869917515836854e-09,0,0,0,0,0,1,-90,90
4,7,1.2783056569486317,0.49165602190331986,1.290035676920686e-09,0,0,0,0,0,1,-90,90
6,11,4.697279178808635,1.8066458380033212,4.740382468137155e-09,0,0,0,0,0,1,-90,90
7,8,2.469688333524824,0.9498801282787784,2.492350748667496e-09,0,0,0,0,0,1,-90,90
11,12,1.1197481052437093,0.4306723481706574,2.2600463309797767e-09,0,0,0,0,0,1,-90,90
8,9,3.2047353868601305,1.2325905334077425,3.234142758945733e-09,0,0,0,0,0,1,-90,90
12,15,0.31154499999999996,0.11982499999999997,6.288076138622697e-10,0,0,0,0,0,1,-90,90
16,14,4.989785057532313,1.9191480990508898,5.035572446536619e-09,0,0,0,0,0,1,-90,90
14,13,6.864839886109974,2.640323033119221,6.9278331995880995e-09,0,0,0,0,0,1,-90,90
15,13,2.6190477722328063,1.0073260662433872,5.286161486298943e-09,0,0,0,0,0,1,-90,90
