BUS_I,BUS_TYPE,Pd,Qd,Gs,Bs,area,Vm,Va,baseKV,zone,Vmax,Vmin
65,1,0.012804419340489741,0.0032090899828551883,0,0,1,1,0,0.4,1,1.1,0.9
64,1,0.0027495803108517416,0.0006891097829566001,0,0,1,1,0,0.4,1,1.1,0.9
48,1,0.00901821884059421,0.0022601786910424557,0,0,1,1,0,0.4,1,1.1,0.9
49,1,0.015890050039582562,0.003982421932078158,0,0,1,1,0,0.4,1,1.1,0.9
51,1,0.0,0.0,0,0,1,1,0,0.4,1,1.1,0.9
54,1,0.0110112418515798,0.002759677341475527,0,0,1,1,0,0.4,1,1.1,0.9
52,1,0.007821198414884222,0.0019601770935258867,0,0,1,1,0,0.4,1,1.1,0.9
53,1,0.002406681777803382,0.0006031713098185326,0,0,1,1,0,0.4,1,1.1,0.9
55,3,0.014689434347065718,0.0036815192757639367,0,0,1,1,0,0.4,1,1.1,0.9
56,1,0.005676003761942736,0.0014225406346620104,0,0,1,1,0,0.4,1,1.1,0.9
57,1,0.002367126668671918,0.0005932578650063081,0,0,1,1,0,0.4,1,1.1,0.9
58,1,0.001669215812808598,0.00041834491683421165,0,0,1,1,0,0.4,1,1.1,0.9
63,1,0.0016692085837869746,0.00041834310507061194,0,0,1,1,0,0.4,1,1.1,0.9
59,1,0.003633347114712609,0.0009106026224234916,0,0,1,1,0,0.4,1,1.1,0.9
60,1,0.0047068008008599805,0.0011796354758213366,0,0,1,1,0,0.4,1,1.1,0.9
61,1,0.002080469329153709,0.0005214147636287317,0,0,1,1,0,0.4,1,1.1,0.9
62,1,0.0030887689841398117,0.0007741184775957008,0,0,1,1,0,0.4,1,1.1,0.9
