F_BUS,T_BUS,BR_R,BR_X,BR_B,RATE_A,RATE_B,RATE_C,TAP,SHIFT,BR_STATUS,ANGMIN,ANGMAX
1,3,1.242845683993555,0.7954212377558753,2.087072524634446e-09,0,0,0,0,0,1,-90,90
3,6,1.265234375,0.8097499999999999,2.124669164719269e-09,0,0,0,0,0,1,-90,90
3,7,0.1978328418273515,0.12661301876950498,3.3221460553453453e-10,0,0,0,0,0,1,-90,90
6,22,0.9059005035522426,0.5797763222734352,1.5212508482478662e-09,0,0,0,0,0,1,-90,90
7,15,1.3215545473551724,0.8457949103073104,2.219245897630679e-09,0,0,0,0,0,1,-90,90
5,9,1.8618853629928669,1.1916066323154348,3.1266068146410328e-09,0,0,0,0,0,1,-90,90
5,23,0.9202753879950384,0.5889762483168246,1.5453901494915673e-09,0,0,0,0,0,1,-90,90
9,8,1.4215387739738425,0.9097848153432592,2.387146333670438e-09,0,0,0,0,0,1,-90,90
15,16,2.506129341180951,1.6039227783558088,4.208465908939112e-09,0,0,0,0,0,1,-90,90
15,14,2.6636025752387167,1.704705648152779,4.472905866690936e-09,0,0,0,0,0,1,-90,90
12,13,2.4560966875824533,1.5719018800527702,4.124447612858744e-09,0,0,0,0,0,1,-90,90
13,14,1.3876856176721495,0.8881187953101757,2.3302977696858963e-09,0,0,0,0,0,1,-90,90
8,10,0.37579097852901805,0.24050622625857157,6.310542301384166e-10,0,0,0,0,0,1,-90,90
10,11,1.1509374999999997,0.7365999999999998,1.932733938539319e-09,0,0,0,0,0,1,-90,90
11,24,1.5968476338019575,1.021982485633253,2.6815371091177846e-09,0,0,0,0,0,1,-90,90
24,21,1.4319748903454186,0.916463929821068,4.809342765713535e-09,0,0,0,0,0,1,-90,90
16,17,0.924478756804172,0.5916664043546701,1.5524487374284538e-09,0,0,0,0,0,1,-90,90
21,20,0.8759695579214513,0.5606205170697288,2.9419774639753643e-09,0,0,0,0,0,1,-90,90
17,18,0.13219279502601838,0.08460338881665176,2.2198729416424217e-10,0,0,0,0,0,1,-90,90
18,19,0.41055079635633934,0.2627525096680572,1.3788506458643354e-09,0,0,0,0,0,1,-90,90
19,20,0.6138894718639478,0.39288926199292656,2.061771411190322e-09,0,0,0,0,0,1,-90,90
