F_BUS,T_BUS,BR_R,BR_X,BR_B,RATE_A,RATE_B,RATE_C,TAP,SHIFT,BR_STATUS,ANGMIN,ANGMAX
1,2,5.7127161387551375,2.1971985149058226,5.7651373058195405e-09,0,0,0,0,0,1,-90,90
2,11,15.575981173310009,5.990761989734619,1.571890987682791e-08,0,0,0,0,0,1,-90,90
11,12,2.8600383163522523,1.1000147370585587,2.886282670657727e-09,0,0,0,0,0,1,-90,90
11,10,4.752140368726327,1.8277462956639716,4.795747076662068e-09,0,0,0,0,0,1,-90,90
12,15,8.93474546914308,3.436440565055031,9.016732701405232e-09,0,0,0,0,0,1,-90,90
10,17,14.405078085614456,5.540414648313252,1.4537262319271532e-08,0,0,0,0,0,1,-90,90
10,9,4.958049214683637,1.906942005647553,5.00354538846221e-09,0,0,0,0,0,1,-90,90
3,4,10.604828446048435,4.07878017155709,1.0702140735011697e-08,0,0,0,0,0,1,-90,90
3,5,5.027075130296314,1.9334904347293518,5.073204701388217e-09,0,0,0,0,0,1,-90,90
4,6,10.600682772578109,4.077185681760811,1.0697957019909983e-08,0,0,0,0,0,1,-90,90
5,7,8.6295014503219,3.319039019354577,8.708687694872185e-09,0,0,0,0,0,1,-90,90
5,19,7.6462373267679755,2.940860510295375,7.716400918759073e-09,0,0,0,0,0,1,-90,90
6,8,0.6952978018198929,0.2674222314691896,7.016780106983714e-10,0,0,0,0,0,1,-90,90
7,9,0.9996659215123079,0.38448689288934923,1.008839080655413e-09,0,0,0,0,0,1,-90,90
15,14,4.944543969255377,1.9017476804828373,4.989916215866969e-09,0,0,0,0,0,1,-90,90
