BUS_I,BUS_TYPE,Pd,Qd,Gs,Bs,area,Vm,Va,baseKV,zone,Vmax,Vmin
1,1,0.04340867971564419,0.010879240638733637,0,0,1,1,0,0.4,1,1.1,0.9
2,1,0.0,0.0,0,0,1,1,0,0.4,1,1.1,0.9
3,1,0.0,0.0,0,0,1,1,0,0.4,1,1.1,0.9
4,1,0.0,0.0,0,0,1,1,0,0.4,1,1.1,0.9
12,1,0.0,0.0,0,0,1,1,0,0.4,1,1.1,0.9
38,1,0.0035920396221299114,0.0009002499889194619,0,0,1,1,0,0.4,1,1.1,0.9
6,1,0.0,0.0,0,0,1,1,0,0.4,1,1.1,0.9
5,1,0.0,0.0,0,0,1,1,0,0.4,1,1.1,0.9
37,1,0.01130483120132039,0.0028332577683790917,0,0,1,1,0,0.4,1,1.1,0.9
25,1,0.008160919649473313,0.0020453192606084396,0,0,1,1,0,0.4,1,1.1,0.9
7,1,0.0,0.0,0,0,1,1,0,0.4,1,1.1,0.9
14,1,0.0,0.0,0,0,1,1,0,0.4,1,1.1,0.9
32,1,0.008448870736402783,0.002117486605651224,0,0,1,1,0,0.4,1,1.1,0.9
10,1,0.0,0.0,0,0,1,1,0,0.4,1,1.1,0.9
11,1,0.0,0.0,0,0,1,1,0,0.4,1,1.1,0.9
36,1,0.022545133924143285,0.005650343175603126,0,0,1,1,0,0.4,1,1.1,0.9
19,1,0.053569905518639806,0.013425883877354383,0,0,1,1,0,0.4,1,1.1,0.9
13,1,0.0,0.0,0,0,1,1,0,0.4,1,1.1,0.9
18,1,0.006310578517258884,0.001581580059762559,0,0,1,1,0,0.4,1,1.1,0.9
21,1,0.02599674318864001,0.006515397999323305,0,0,1,1,0,0.4,1,1.1,0.9
27,1,0.04348466374993588,0.010898284032800819,0,0,1,1,0,0.4,1,1.1,0.9
15,1,0.010434302263407006,0.002615082650854664,0,0,1,1,0,0.4,1,1.1,0.9
24,1,0.0,0.0,0,0,1,1,0,0.4,1,1.1,0.9
31,1,0.006920634103374324,0.00173447440181189,0,0,1,1,0,0.4,1,1.1,0.9
34,1,0.003032254485869549,0.0007599546092106897,0,0,1,1,0,0.4,1,1.1,0.9
35,1,0.0031194719925548347,0.0007818133768432288,0,0,1,1,0,0.4,1,1.1,0.9
20,1,0.030709431095143493,0.0076965089228979685,0,0,1,1,0,0.4,1,1.1,0.9
28,3,0.026742743052716407,0.006702363189025327,0,0,1,1,0,0.4,1,1.1,0.9
16,1,0.0030028343056058633,0.0007525812170038723,0,0,1,1,0,0.4,1,1.1,0.9
17,1,0.0029750690873341424,0.0007456225973696486,0,0,1,1,0,0.4,1,1.1,0.9
22,1,0.011116421226546961,0.0027860377776370293,0,0,1,1,0,0.4,1,1.1,0.9
23,1,0.04376523438761017,0.010968601662901915,0,0,1,1,0,0.4,1,1.1,0.9
26,1,0.0036550527714701284,0.0009160425727890335,0,0,1,1,0,0.4,1,1.1,0.9
29,1,0.02666636602294823,0.006683221301007474,0,0,1,1,0,0.4,1,1.1,0.9
30,1,0.026736561387356524,0.006700813917648292,0,0,1,1,0,0.4,1,1.1,0.9
33,1,0.007740837068128366,0.0019400366415440083,0,0,1,1,0,0.4,1,1.1,0.9
