F_BUS,T_BUS,BR_R,BR_X,BR_B,RATE_A,RATE_B,RATE_C,TAP,SHIFT,BR_STATUS,ANGMIN,ANGMAX
1,2,2.5315310997452873,1.620179903836984,4.2511223006857315e-09,0,0,0,0,0,1,-90,90
1,3,7.477129750931208,4.785363040595973,1.2556113978810139e-08,0,0,0,0,0,1,-90,90
3,5,5.094310291774351,3.2603585867355847,8.554718561487858e-09,0,0,0,0,0,1,-90,90
5,6,3.3183229728947774,2.1237267026526574,1.1144715379850646e-08,0,0,0,0,0,1,-90,90
5,12,1.7989338844302647,1.1513176860353695,3.020894333208139e-09,0,0,0,0,0,1,-90,90
6,24,0.31932738158603535,0.20436952421506263,1.0724732974574663e-09,0,0,0,0,0,1,-90,90
24,23,0.5488704424762648,0.3512770831848095,1.8434024993276701e-09,0,0,0,0,0,1,-90,90
8,9,0.6305859374999999,0.40357499999999996,2.117847133440146e-09,0,0,0,0,0,1,-90,90
8,16,0.801426081697606,0.5129126922864679,1.3458101654760126e-09,0,0,0,0,0,1,-90,90
8,13,0.9762017576591505,0.6247691249018563,3.2786111633161244e-09,0,0,0,0,0,1,-90,90
9,22,0.030197006541884345,0.01932608418680598,1.014178083272006e-10,0,0,0,0,0,1,-90,90
13,14,0.5734178542025753,0.36698742668964823,1.925845926093656e-09,0,0,0,0,0,1,-90,90
22,21,0.684935023390384,0.43835841496984584,2.3003806295316954e-09,0,0,0,0,0,1,-90,90
23,21,0.6379883042852945,0.4083125147425885,2.142708267101105e-09,0,0,0,0,0,1,-90,90
17,18,3.5930146620216408,2.29952938369385,6.0336389933933055e-09,0,0,0,0,0,1,-90,90
18,19,0.7133593749999999,0.45654999999999996,1.1979224540322103e-09,0,0,0,0,0,1,-90,90
18,20,2.243989027163365,1.4361529773845538,3.7682617435859606e-09,0,0,0,0,0,1,-90,90
14,15,0.07298000349732496,0.046707202238287976,2.451061497153376e-10,0,0,0,0,0,1,-90,90
15,28,0.2591578738000933,0.16586103923205972,8.703916904838538e-10,0,0,0,0,0,1,-90,90
28,27,0.3863461115344794,0.2472615113820668,1.2975582805936648e-09,0,0,0,0,0,1,-90,90
27,25,0.0895388872781463,0.05730488785801363,3.007197980107866e-10,0,0,0,0,0,1,-90,90
19,30,1.3340272554895605,0.8537774435133186,2.240190932714537e-09,0,0,0,0,0,1,-90,90
20,26,0.9860849095225065,0.6310943420944042,1.6559020545560662e-09,0,0,0,0,0,1,-90,90
26,25,0.31220104190562453,0.1998086668195997,5.242696057243219e-10,0,0,0,0,0,1,-90,90
