F_BUS,T_BUS,BR_R,BR_X,BR_B,RATE_A,RATE_B,RATE_C,TAP,SHIFT,BR_STATUS,ANGMIN,ANGMAX
1,2,11.567956507786503,4.449214041456348,1.1674106676280709e-08,0,0,0,0,0,1,-90,90
2,3,12.623163166442792,4.855062756324152,1.2738996148365384e-08,0,0,0,0,0,1,-90,90
3,4,0.0883718308868923,0.03398916572572781,8.918275066623888e-11,0,0,0,0,0,1,-90,90
4,5,5.782503651581729,2.2240398659929728,5.835565204546644e-09,0,0,0,0,0,1,-90,90
5,6,5.642001335933155,2.1700005138204443,5.693773608075664e-09,0,0,0,0,0,1,-90,90
6,7,7.072970115349232,2.7203731212881666,7.137873278582378e-09,0,0,0,0,0,1,-90,90
7,8,5.167191390038132,1.9873813038608206,5.2146066994166865e-09,0,0,0,0,0,1,-90,90
8,9,4.795933703968458,1.8445898861417147,4.839942269389725e-09,0,0,0,0,0,1,-90,90
9,10,0.8337616513401248,0.32067755820774035,8.414124356177272e-10,0,0,0,0,0,1,-90,90
10,13,4.479973548177531,1.7230667492990503,4.521082792205941e-09,0,0,0,0,0,1,-90,90
13,20,5.233468429487488,2.0128724728798026,5.2814919118739625e-09,0,0,0,0,0,1,-90,90
13,12,4.566059881208323,1.756176877387817,4.607959072774149e-09,0,0,0,0,0,1,-90,90
11,12,0.26155603095402674,0.10059847344385645,2.6395612787155547e-10,0,0,0,0,0,1,-90,90
20,18,0.19679941101537077,0.07569208115975799,1.986052866360805e-10,0,0,0,0,0,1,-90,90
18,16,6.517770386026342,2.506834763856286,6.577578911777415e-09,0,0,0,0,0,1,-90,90
14,15,2.3791522437050463,0.9150585552711716,2.4009838793420457e-09,0,0,0,0,0,1,-90,90
14,16,3.446870897551292,1.325719575981266,3.4785001594962654e-09,0,0,0,0,0,1,-90,90
15,17,2.4271318566355906,0.9335122525521502,2.4494037639829342e-09,0,0,0,0,0,1,-90,90
17,19,6.137865231684111,2.360717396801581,6.194187662365747e-09,0,0,0,0,0,1,-90,90
19,21,6.028039067512727,2.318476564427972,6.083353708631529e-09,0,0,0,0,0,1,-90,90
19,22,8.269833152043747,3.1807050584783645,8.345718999463514e-09,0,0,0,0,0,1,-90,90
21,23,1.1487812933878327,0.4418389589953203,1.1593227686928295e-09,0,0,0,0,0,1,-90,90
22,24,5.834256148781634,2.243944672608321,5.887792594290801e-09,0,0,0,0,0,1,-90,90
24,25,6.419379768435816,2.4689922186291597,6.478285439769303e-09,0,0,0,0,0,1,-90,90
25,26,5.3177784830352195,2.0452994165520075,5.3665756134194046e-09,0,0,0,0,0,1,-90,90
