BUS_I,BUS_TYPE,Pd,Qd,Gs,Bs,area,Vm,Va,baseKV,zone,Vmax,Vmin
1,1,0.005645044702481291,0.0014147815629732086,0,0,1,1,0,0.4,1,1.1,0.9
2,1,0.0017507557131472482,0.0004387807421865048,0,0,1,1,0,0.4,1,1.1,0.9
3,1,0.0024238696630472924,0.000607478999913333,0,0,1,1,0,0.4,1,1.1,0.9
4,1,0.003850738678726904,0.0009650860841006233,0,0,1,1,0,0.4,1,1.1,0.9
5,1,0.006459585697891661,0.0016189247794274374,0,0,1,1,0,0.4,1,1.1,0.9
6,1,0.0346130754622492,0.008674854422369002,0,0,1,1,0,0.4,1,1.1,0.9
7,3,0.05191240234436654,0.013010474424440638,0,0,1,1,0,0.4,1,1.1,0.9
8,1,0.020031956366032513,0.005020481507345605,0,0,1,1,0,0.4,1,1.1,0.9
9,1,0.02390587649761054,0.0059913774111775555,0,0,1,1,0,0.4,1,1.1,0.9
10,1,0.0,0.0,0,0,1,1,0,0.4,1,1.1,0.9
13,1,0.0,0.0,0,0,1,1,0,0.4,1,1.1,0.9
11,1,0.012114564373543356,0.0030361960307608428,0,0,1,1,0,0.4,1,1.1,0.9
12,1,0.0,0.0,0,0,1,1,0,0.4,1,1.1,0.9
20,1,0.003840266112680479,0.0009624614116417871,0,0,1,1,0,0.4,1,1.1,0.9
18,1,0.0008594811166327303,0.00021540627251386108,0,0,1,1,0,0.4,1,1.1,0.9
14,1,0.0008692173798875885,0.00021784641009845314,0,0,1,1,0,0.4,1,1.1,0.9
15,1,0.0008471346930098618,0.00021231196707769448,0,0,1,1,0,0.4,1,1.1,0.9
16,1,0.0,0.0,0,0,1,1,0,0.4,1,1.1,0.9
17,1,0.0008135518016826194,0.00020389530113699232,0,0,1,1,0,0.4,1,1.1,0.9
19,1,0.0,0.0,0,0,1,1,0,0.4,1,1.1,0.9
21,1,0.017959209414429845,0.004501002153967341,0,0,1,1,0,0.4,1,1.1,0.9
22,1,0.0021502634726065627,0.0005389068248195319,0,0,1,1,0,0.4,1,1.1,0.9
23,1,0.013328389082480959,0.0033404091786445786,0,0,1,1,0,0.4,1,1.1,0.9
24,1,0.0,0.0,0,0,1,1,0,0.4,1,1.1,0.9
25,1,0.0005507591423037823,0.00013803325238998166,0,0,1,1,0,0.4,1,1.1,0.9
26,1,0.004574163108935578,0.001146393336745364,0,0,1,1,0,0.4,1,1.1,0.9
