F_BUS,T_BUS,BR_R,BR_X,BR_B,RATE_A,RATE_B,RATE_C,TAP,SHIFT,BR_STATUS,ANGMIN,ANGMAX
1,2,0.6396942304943561,0.4094043075163879,1.0742188429556218e-09,0,0,0,0,0,1,-90,90
1,3,0.6981769494672678,0.44683324765905136,1.172427073877808e-09,0,0,0,0,0,1,-90,90
2,4,1.1772204106778852,0.7534210628338465,1.9768700219241653e-09,0,0,0,0,0,1,-90,90
3,5,0.4091406249999999,0.26184999999999997,6.870572655532456e-10,0,0,0,0,0,1,-90,90
4,17,1.516073809832547,0.9702872382928301,2.545896111295331e-09,0,0,0,0,0,1,-90,90
5,13,3.935630444828007,2.5188034846899243,6.6089831378920985e-09,0,0,0,0,0,1,-90,90
17,16,1.50087741610421,0.9605615463066943,2.5203772747797395e-09,0,0,0,0,0,1,-90,90
13,25,0.6749233012052083,0.4319509127713334,3.4001338130445013e-09,0,0,0,0,0,1,-90,90
13,14,1.0011193443714181,0.6407163803977076,1.681148918507627e-09,0,0,0,0,0,1,-90,90
13,23,0.9172230594294997,0.5870227580348798,4.620793404082136e-09,0,0,0,0,0,1,-90,90
7,20,0.12384677338375842,0.0792619349656054,2.0797207676122983e-10,0,0,0,0,0,1,-90,90
7,21,1.870993782851928,1.197436021025234,3.141902303916578e-09,0,0,0,0,0,1,-90,90
20,19,2.47799419701218,1.5859162860877953,4.161219426831543e-09,0,0,0,0,0,1,-90,90
21,9,1.666276486491147,1.066416951354334,5.596253691328145e-09,0,0,0,0,0,1,-90,90
8,10,0.9776125644470693,0.6256720412461244,1.6416747060976889e-09,0,0,0,0,0,1,-90,90
8,29,1.4920137108309544,0.9548887749318109,2.505492727180212e-09,0,0,0,0,0,1,-90,90
10,25,0.633897366565414,0.40569431460186495,3.19345304304971e-09,0,0,0,0,0,1,-90,90
10,9,0.1597916666666666,0.10226666666666664,8.049996909365505e-10,0,0,0,0,0,1,-90,90
11,12,1.2895312499999998,0.8252999999999998,2.165470159484795e-09,0,0,0,0,0,1,-90,90
11,18,1.7833626723089098,1.1413521102777022,2.9947460756953394e-09,0,0,0,0,0,1,-90,90
12,27,2.978519495221045,1.9062524769414688,5.0017361629234565e-09,0,0,0,0,0,1,-90,90
18,19,2.5722983442937415,1.646270940347995,4.319581480371448e-09,0,0,0,0,0,1,-90,90
27,26,1.305603363646878,0.8355861527340019,2.192459565520642e-09,0,0,0,0,0,1,-90,90
14,30,0.7815474331255685,0.5001903572003639,1.312428562437209e-09,0,0,0,0,0,1,-90,90
23,22,1.2248629015672847,0.7839122570030622,2.0568745912934778e-09,0,0,0,0,0,1,-90,90
28,26,0.5837507287351391,0.373600466390489,9.802746413888358e-10,0,0,0,0,0,1,-90,90
22,24,0.025597699014768667,0.01638252736945195,4.298542851749804e-11,0,0,0,0,0,1,-90,90
