F_BUS,T_BUS,BR_R,BR_X,BR_B,RATE_A,RATE_B,RATE_C,TAP,SHIFT,BR_STATUS,ANGMIN,ANGMAX
1,2,3.0871165420452074,1.1873525161712337,3.115444617179201e-09,0,0,0,0,0,1,-90,90
1,3,1.2842884848734968,0.49395710956672956,1.2960734046190652e-09,0,0,0,0,0,1,-90,90
2,4,1.9035529997868497,0.7321357691487883,1.9210204298838606e-09,0,0,0,0,0,1,-90,90
2,5,5.7417842049918955,2.2083785403814984,1.1588944214328663e-08,0,0,0,0,0,1,-90,90
5,7,9.108423106673666,3.5032396564129487,9.192004043967052e-09,0,0,0,0,0,1,-90,90
7,6,0.8957602677850073,0.3445231799173105,9.039799652995847e-10,0,0,0,0,0,1,-90,90
6,8,6.725263880292883,2.586639953958801,6.786976412975777e-09,0,0,0,0,0,1,-90,90
8,9,9.704178087608593,3.732376187541767,9.793225806486517e-09,0,0,0,0,0,1,-90,90
9,14,3.133035390510471,1.2050136117347965,3.1617848273169748e-09,0,0,0,0,0,1,-90,90
14,15,6.207962065659134,2.3876777175612056,6.264927720641653e-09,0,0,0,0,0,1,-90,90
14,13,3.5148681365855183,1.3518723602251996,3.547121356476372e-09,0,0,0,0,0,1,-90,90
13,12,5.340533531373249,2.0540513582204802,5.389539467194553e-09,0,0,0,0,0,1,-90,90
10,11,4.299315459191485,1.6535828689198016,4.338766943997442e-09,0,0,0,0,0,1,-90,90
10,12,0.7546064137237983,0.2902332360476148,7.615308517530797e-10,0,0,0,0,0,1,-90,90
