F_BUS,T_BUS,BR_R,BR_X,BR_B,RATE_A,RATE_B,RATE_C,TAP,SHIFT,BR_STATUS,ANGMIN,ANGMAX
1,2,6.071349319481461,3.8856635644681354,1.0195430144981305e-08,0,0,0,0,0,1,-90,90
2,3,3.8268749999999994,2.4491999999999994,6.426353464934156e-09,0,0,0,0,0,1,-90,90
3,5,6.722495922191182,4.302397390202357,1.1288880604299606e-08,0,0,0,0,0,1,-90,90
10,5,7.218767203343673,4.620011010139951,1.2122253700411086e-08,0,0,0,0,0,1,-90,90
10,8,1.4354382261614538,0.9186804647433305,2.410487256153285e-09,0,0,0,0,0,1,-90,90
5,4,6.432537676065485,4.11682411268191,1.0801962641294255e-08,0,0,0,0,0,1,-90,90
8,9,0.5211980911687434,0.3335667783479957,8.752319213716996e-10,0,0,0,0,0,1,-90,90
7,12,1.0057841451984129,0.6437018529269842,1.6889823750375075e-09,0,0,0,0,0,1,-90,90
12,13,4.118670348800489,2.635949023232313,6.916356417948221e-09,0,0,0,0,0,1,-90,90
13,17,0.8415951486028608,0.538620895105831,4.239794531540048e-09,0,0,0,0,0,1,-90,90
9,11,6.003547602896006,3.842270465853444,1.0081572808039957e-08,0,0,0,0,0,1,-90,90
11,14,1.7323310257901465,1.1086918565056938,5.818100403070105e-09,0,0,0,0,0,1,-90,90
14,15,0.7804928314983474,0.4995154121589424,3.9319728070990126e-09,0,0,0,0,0,1,-90,90
15,16,0.9555247469348659,0.6115358380383142,4.813749940848768e-09,0,0,0,0,0,1,-90,90
17,16,0.528736646957947,0.33839145405308607,2.6636735586209674e-09,0,0,0,0,0,1,-90,90
16,23,0.7872656249999997,0.5038499999999999,1.3220309461485688e-09,0,0,0,0,0,1,-90,90
23,26,5.507031249999999,3.5244999999999993,9.247788170488503e-09,0,0,0,0,0,1,-90,90
23,24,2.3776353082593555,1.5216865972859877,3.992689832195278e-09,0,0,0,0,0,1,-90,90
26,29,1.4900922897722704,0.953659065454253,2.502266143903238e-09,0,0,0,0,0,1,-90,90
24,25,3.5144642544632254,2.249257122856464,5.901731710352962e-09,0,0,0,0,0,1,-90,90
18,20,2.986486655341939,1.9113514594188412,5.015115169828201e-09,0,0,0,0,0,1,-90,90
20,21,2.378585595065468,1.5222947808418998,3.9942856195960015e-09,0,0,0,0,0,1,-90,90
20,22,4.610546874999999,2.9507499999999993,7.742349537258886e-09,0,0,0,0,0,1,-90,90
21,27,2.7513273705153067,1.7608495171297964,4.620219416803326e-09,0,0,0,0,0,1,-90,90
22,25,1.818604936915916,1.1639071596261863,3.0539273265251577e-09,0,0,0,0,0,1,-90,90
