F_BUS,T_BUS,BR_R,BR_X,BR_B,RATE_A,RATE_B,RATE_C,TAP,SHIFT,BR_STATUS,ANGMIN,ANGMAX
1,2,0.857025842668606,0.3296253241033101,8.648901043938231e-10,0,0,0,0,0,1,-90,90
1,3,3.496892023610346,1.3449584706193638,3.5289802906489035e-09,0,0,0,0,0,1,-90,90
2,4,5.552867997962754,2.1357184607549056,5.603822362565791e-09,0,0,0,0,0,1,-90,90
3,5,3.5451206084092823,1.3635079263112624,3.5776514317799975e-09,0,0,0,0,0,1,-90,90
3,6,9.44095996683215,3.6311384487815963,9.527592337082826e-09,0,0,0,0,0,1,-90,90
4,11,2.6875823785021513,1.0336855301931354,2.712244238367204e-09,0,0,0,0,0,1,-90,90
6,33,0.4312099999999999,0.16584999999999997,4.351668798625388e-10,0,0,0,0,0,1,-90,90
6,42,6.209496052451878,2.3882677124814915,6.266475783641928e-09,0,0,0,0,0,1,-90,90
11,12,0.6236099999999999,0.23984999999999998,6.293323854991252e-10,0,0,0,0,0,1,-90,90
11,9,1.8711233486348364,0.7196628263980142,1.888293196965208e-09,0,0,0,0,0,1,-90,90
33,32,3.680758922778679,1.4156765087610306,3.714534393803014e-09,0,0,0,0,0,1,-90,90
42,20,2.849468835461098,1.0959495521004223,5.751232403669433e-09,0,0,0,0,0,1,-90,90
12,22,0.9091335661932859,0.3496667562281869,9.174759800993372e-10,0,0,0,0,0,1,-90,90
20,17,1.7554349980351436,0.6751673069365939,3.543086528125301e-09,0,0,0,0,0,1,-90,90
17,19,31.369503558655342,12.065193676405901,3.165735717273916e-08,0,0,0,0,0,1,-90,90
17,15,1.956084618034628,0.7523402377056263,3.948068180131422e-09,0,0,0,0,0,1,-90,90
22,21,2.329652288390363,0.8960201109193705,2.351029701313647e-09,0,0,0,0,0,1,-90,90
13,14,1.37421444847726,0.5285440186451,2.7736490981464665e-09,0,0,0,0,0,1,-90,90
13,15,1.6607386859156026,0.6387456484290779,3.351955994605439e-09,0,0,0,0,0,1,-90,90
14,16,1.18793764246696,0.4568990932565231,1.198838425230415e-09,0,0,0,0,0,1,-90,90
16,18,3.178848749803616,1.2226341345398521,3.208018580290281e-09,0,0,0,0,0,1,-90,90
18,24,4.903613158081677,1.8860050608006447,4.9486098143718684e-09,0,0,0,0,0,1,-90,90
19,40,17.150956898701544,6.596521884115979,1.7308337933407938e-08,0,0,0,0,0,1,-90,90
40,39,5.333050393163727,2.0511732281398953,5.381987662027192e-09,0,0,0,0,0,1,-90,90
39,41,1.265960879497193,0.4869080305758435,1.277577621017205e-09,0,0,0,0,0,1,-90,90
