BUS_I,BUS_TYPE,Pd,Qd,Gs,Bs,area,Vm,Va,baseKV,zone,Vmax,Vmin
1,1,0.027575850721782803,0.006911159652523417,0,0,1,1,0,0.4,1,1.1,0.9
2,1,0.019402850484030613,0.004862812711096203,0,0,1,1,0,0.4,1,1.1,0.9
3,1,0.020443354309953574,0.005123587551102666,0,0,1,1,0,0.4,1,1.1,0.9
4,3,0.019016865549285823,0.004766075767804627,0,0,1,1,0,0.4,1,1.1,0.9
5,1,0.01967420307881385,0.004930820081878496,0,0,1,1,0,0.4,1,1.1,0.9
20,1,0.017745626519492783,0.004447473234738308,0,0,1,1,0,0.4,1,1.1,0.9
31,1,0.019779792814594244,0.004957283364154304,0,0,1,1,0,0.4,1,1.1,0.9
19,1,0.0941287700376037,0.023590893502758413,0,0,1,1,0,0.4,1,1.1,0.9
11,1,0.01971979195972469,0.00494224573244259,0,0,1,1,0,0.4,1,1.1,0.9
6,1,0.02243755711575363,0.005623381885988132,0,0,1,1,0,0.4,1,1.1,0.9
7,1,0.005284575075634653,0.0013244393586235618,0,0,1,1,0,0.4,1,1.1,0.9
8,1,0.0,0.0,0,0,1,1,0,0.4,1,1.1,0.9
9,1,0.0,0.0,0,0,1,1,0,0.4,1,1.1,0.9
10,1,0.018770429539079862,0.0047043130817556005,0,0,1,1,0,0.4,1,1.1,0.9
12,1,0.009280440070460989,0.0023258975260540917,0,0,1,1,0,0.4,1,1.1,0.9
30,1,0.006352938533216064,0.0015921964804894182,0,0,1,1,0,0.4,1,1.1,0.9
29,1,0.0038502341537273196,0.0009649596382166506,0,0,1,1,0,0.4,1,1.1,0.9
14,1,0.0,0.0,0,0,1,1,0,0.4,1,1.1,0.9
22,1,0.028078109183536162,0.007037037488570242,0,0,1,1,0,0.4,1,1.1,0.9
21,1,0.08574328557577258,0.021489292994974603,0,0,1,1,0,0.4,1,1.1,0.9
15,1,0.0,0.0,0,0,1,1,0,0.4,1,1.1,0.9
18,1,0.0,0.0,0,0,1,1,0,0.4,1,1.1,0.9
25,1,0.03631021890928991,0.009100198664114085,0,0,1,1,0,0.4,1,1.1,0.9
27,1,0.0,0.0,0,0,1,1,0,0.4,1,1.1,0.9
28,1,0.005909706745013268,0.0014811121233013645,0,0,1,1,0,0.4,1,1.1,0.9
26,1,0.005911067548941413,0.0014814531729138707,0,0,1,1,0,0.4,1,1.1,0.9
24,1,0.009353192121365842,0.0023441309087310143,0,0,1,1,0,0.4,1,1.1,0.9
23,1,0.01008349248511901,0.00252716143276149,0,0,1,1,0,0.4,1,1.1,0.9
