BUS_I,BUS_TYPE,Pd,Qd,Gs,Bs,area,Vm,Va,baseKV,zone,Vmax,Vmin
1,1,0.004208862827705666,0.001054840456286182,0,0,1,1,0,0.4,1,1.1,0.9
2,1,0.0,0.0,0,0,1,1,0,0.4,1,1.1,0.9
3,1,0.0,0.0,0,0,1,1,0,0.4,1,1.1,0.9
4,1,0.0,0.0,0,0,1,1,0,0.4,1,1.1,0.9
5,1,0.0,0.0,0,0,1,1,0,0.4,1,1.1,0.9
7,1,0.0,0.0,0,0,1,1,0,0.4,1,1.1,0.9
8,1,0.0,0.0,0,0,1,1,0,0.4,1,1.1,0.9
16,1,0.07068007382294669,0.017714096271077617,0,0,1,1,0,0.4,1,1.1,0.9
28,1,0.026225437680636506,0.006572714241777143,0,0,1,1,0,0.4,1,1.1,0.9
47,1,0.01020175569072309,0.0025568009859776434,0,0,1,1,0,0.4,1,1.1,0.9
20,1,0.00510626422615233,0.0012797504472647561,0,0,1,1,0,0.4,1,1.1,0.9
17,1,0.0,0.0,0,0,1,1,0,0.4,1,1.1,0.9
27,1,0.05677592709474314,0.01422938862451282,0,0,1,1,0,0.4,1,1.1,0.9
31,1,0.03075081437235634,0.007706880549820677,0,0,1,1,0,0.4,1,1.1,0.9
29,3,0.0,0.0,0,0,1,1,0,0.4,1,1.1,0.9
42,1,0.0018405145554102888,0.00046127642855223937,0,0,1,1,0,0.4,1,1.1,0.9
43,1,0.004761247325615143,0.0011932810611889261,0,0,1,1,0,0.4,1,1.1,0.9
10,1,0.007146540720167352,0.0017910919368779887,0,0,1,1,0,0.4,1,1.1,0.9
12,1,0.0,0.0,0,0,1,1,0,0.4,1,1.1,0.9
14,1,0.014169459120124116,0.003551201199813815,0,0,1,1,0,0.4,1,1.1,0.9
15,1,0.006154733169090446,0.0015425215337659568,0,0,1,1,0,0.4,1,1.1,0.9
13,1,0.0,0.0,0,0,1,1,0,0.4,1,1.1,0.9
38,1,0.005783175627689324,0.0014494004360841436,0,0,1,1,0,0.4,1,1.1,0.9
34,1,0.0,0.0,0,0,1,1,0,0.4,1,1.1,0.9
40,1,0.0,0.0,0,0,1,1,0,0.4,1,1.1,0.9
19,1,0.0411002561979437,0.010300695170184757,0,0,1,1,0,0.4,1,1.1,0.9
39,1,0.003485570208275689,0.0008735662385365273,0,0,1,1,0,0.4,1,1.1,0.9
18,1,0.004904255619634575,0.0012291223181486828,0,0,1,1,0,0.4,1,1.1,0.9
21,1,0.07916069692587253,0.01983954076990865,0,0,1,1,0,0.4,1,1.1,0.9
22,1,0.0030124489719240855,0.0007549908795234945,0,0,1,1,0,0.4,1,1.1,0.9
23,1,0.0,0.0,0,0,1,1,0,0.4,1,1.1,0.9
24,1,0.004538040816872101,0.001137340236988461,0,0,1,1,0,0.4,1,1.1,0.9
25,1,0.0,0.0,0,0,1,1,0,0.4,1,1.1,0.9
32,1,0.0,0.0,0,0,1,1,0,0.4,1,1.1,0.9
41,1,0.015111549510853388,0.0037873113080069605,0,0,1,1,0,0.4,1,1.1,0.9
33,1,0.0,0.0,0,0,1,1,0,0.4,1,1.1,0.9
30,1,0.056948199206878464,0.014272564085631202,0,0,1,1,0,0.4,1,1.1,0.9
45,1,0.010960457856980176,0.002746949672689822,0,0,1,1,0,0.4,1,1.1,0.9
35,1,0.007222547730433037,0.0018101410892670461,0,0,1,1,0,0.4,1,1.1,0.9
44,1,0.0,0.0,0,0,1,1,0,0.4,1,1.1,0.9
36,1,0.0100406416441609,0.002516421999693974,0,0,1,1,0,0.4,1,1.1,0.9
37,1,0.0019521667352074392,0.0004892591025199663,0,0,1,1,0,0.4,1,1.1,0.9
