BUS_I,BUS_TYPE,Pd,Qd,Gs,Bs,area,Vm,Va,baseKV,zone,Vmax,Vmin
1,1,0.04034796778449402,0.010112153921446878,0,0,1,1,0,0.4,1,1.1,0.9
2,1,0.03547228300302431,0.008890192130309891,0,0,1,1,0,0.4,1,1.1,0.9
3,1,0.0,0.0,0,0,1,1,0,0.4,1,1.1,0.9
4,3,0.054354291892743115,0.01362246963332563,0,0,1,1,0,0.4,1,1.1,0.9
8,1,0.0,0.0,0,0,1,1,0,0.4,1,1.1,0.9
7,1,0.0,0.0,0,0,1,1,0,0.4,1,1.1,0.9
6,1,0.0,0.0,0,0,1,1,0,0.4,1,1.1,0.9
11,1,0.040020645846135135,0.010030119310924972,0,0,1,1,0,0.4,1,1.1,0.9
9,1,0.023526553218315403,0.0058963100361189656,0,0,1,1,0,0.4,1,1.1,0.9
10,1,0.008290097689616919,0.002077694329216108,0,0,1,1,0,0.4,1,1.1,0.9
14,1,0.028300168591958948,0.007092690822330948,0,0,1,1,0,0.4,1,1.1,0.9
12,1,0.04692860215771002,0.011761416358607288,0,0,1,1,0,0.4,1,1.1,0.9
13,1,0.07529573480253147,0.018870889954568034,0,0,1,1,0,0.4,1,1.1,0.9
