BUS_I,BUS_TYPE,Pd,Qd,Gs,Bs,area,Vm,Va,baseKV,zone,Vmax,Vmin
1,3,0.07706771502423033,0.019314990060012867,0,0,1,1,0,0.4,1,1.1,0.9
3,1,0.0,0.0,0,0,1,1,0,0.4,1,1.1,0.9
2,1,0.0,0.0,0,0,1,1,0,0.4,1,1.1,0.9
4,1,0.0,0.0,0,0,1,1,0,0.4,1,1.1,0.9
5,1,0.024065781445517007,0.006031453368773927,0,0,1,1,0,0.4,1,1.1,0.9
6,1,0.0,0.0,0,0,1,1,0,0.4,1,1.1,0.9
10,1,0.0,0.0,0,0,1,1,0,0.4,1,1.1,0.9
11,1,0.0,0.0,0,0,1,1,0,0.4,1,1.1,0.9
17,1,0.026249852455047417,0.006578833161027777,0,0,1,1,0,0.4,1,1.1,0.9
7,1,0.03932566277222691,0.009855940134077779,0,0,1,1,0,0.4,1,1.1,0.9
12,1,0.0,0.0,0,0,1,1,0,0.4,1,1.1,0.9
8,1,0.08257742961602615,0.020695854700161925,0,0,1,1,0,0.4,1,1.1,0.9
9,1,0.0,0.0,0,0,1,1,0,0.4,1,1.1,0.9
14,1,0.0,0.0,0,0,1,1,0,0.4,1,1.1,0.9
15,1,0.0,0.0,0,0,1,1,0,0.4,1,1.1,0.9
13,1,0.0,0.0,0,0,1,1,0,0.4,1,1.1,0.9
18,1,0.0054835858089217525,0.0013743161498852162,0,0,1,1,0,0.4,1,1.1,0.9
24,1,0.0,0.0,0,0,1,1,0,0.4,1,1.1,0.9
25,1,0.0064652126780756465,0.001620335033595313,0,0,1,1,0,0.4,1,1.1,0.9
105,1,0.04784119151565934,0.011990132811042952,0,0,1,1,0,0.4,1,1.1,0.9
110,1,0.004308125387946301,0.0010797179988962947,0,0,1,1,0,0.4,1,1.1,0.9
20,1,0.011767381249027143,0.0029491837377802277,0,0,1,1,0,0.4,1,1.1,0.9
21,1,0.017302875847240967,0.004336509456573623,0,0,1,1,0,0.4,1,1.1,0.9
22,1,0.0017110596879449643,0.0004288319804778818,0,0,1,1,0,0.4,1,1.1,0.9
23,1,0.0028948180212033316,0.0007255097843177149,0,0,1,1,0,0.4,1,1.1,0.9
26,1,0.0,0.0,0,0,1,1,0,0.4,1,1.1,0.9
27,1,0.0,0.0,0,0,1,1,0,0.4,1,1.1,0.9
104,1,0.0008115235907783531,0.00020338698356921187,0,0,1,1,0,0.4,1,1.1,0.9
102,1,0.0027656595598301212,0.0006931396226124434,0,0,1,1,0,0.4,1,1.1,0.9
103,1,0.0,0.0,0,0,1,1,0,0.4,1,1.1,0.9
106,1,0.02324980106950415,0.005826949409536279,0,0,1,1,0,0.4,1,1.1,0.9
107,1,0.0,0.0,0,0,1,1,0,0.4,1,1.1,0.9
109,1,0.0,0.0,0,0,1,1,0,0.4,1,1.1,0.9
