BUS_I,BUS_TYPE,Pd,Qd,Gs,Bs,area,Vm,Va,baseKV,zone,Vmax,Vmin
1,1,0.01758176766099039,0.004406406333738016,0,0,1,1,0,0.4,1,1.1,0.9
2,1,0.03794908718799391,0.009510937771960812,0,0,1,1,0,0.4,1,1.1,0.9
3,1,0.0,0.0,0,0,1,1,0,0.4,1,1.1,0.9
4,1,0.0,0.0,0,0,1,1,0,0.4,1,1.1,0.9
5,1,0.08419928801004757,0.02110233072905967,0,0,1,1,0,0.4,1,1.1,0.9
7,1,0.0,0.0,0,0,1,1,0,0.4,1,1.1,0.9
8,3,0.026597432316907466,0.006665944885759421,0,0,1,1,0,0.4,1,1.1,0.9
9,1,0.0,0.0,0,0,1,1,0,0.4,1,1.1,0.9
15,1,0.004221041303194766,0.0010578926699523602,0,0,1,1,0,0.4,1,1.1,0.9
12,1,0.0,0.0,0,0,1,1,0,0.4,1,1.1,0.9
13,1,0.0016806063356366047,0.00042119965094864766,0,0,1,1,0,0.4,1,1.1,0.9
11,1,0.0015079130239630963,0.0003779186272754298,0,0,1,1,0,0.4,1,1.1,0.9
10,1,0.026226752357582036,0.006573043730878085,0,0,1,1,0,0.4,1,1.1,0.9
14,1,0.002283026199074159,0.0005721803005058891,0,0,1,1,0,0.4,1,1.1,0.9
