BUS_I,BUS_TYPE,Pd,Qd,Gs,Bs,area,Vm,Va,baseKV,zone,Vmax,Vmin
1,1,0.03348019157020709,0.008390926955373745,0,0,1,1,0,0.4,1,1.1,0.9
2,1,0.0022684951499163985,0.0005685384763003127,0,0,1,1,0,0.4,1,1.1,0.9
4,1,0.0,0.0,0,0,1,1,0,0.4,1,1.1,0.9
9,1,0.0,0.0,0,0,1,1,0,0.4,1,1.1,0.9
15,1,0.0012682346947274852,0.00031784957572341706,0,0,1,1,0,0.4,1,1.1,0.9
5,1,0.0,0.0,0,0,1,1,0,0.4,1,1.1,0.9
11,1,0.09907551492842556,0.024830664636048192,0,0,1,1,0,0.4,1,1.1,0.9
17,1,0.0014365041862502033,0.0003600218855569559,0,0,1,1,0,0.4,1,1.1,0.9
21,1,0.004867993860878263,0.0012200342647437448,0,0,1,1,0,0.4,1,1.1,0.9
7,1,0.0021587678789820593,0.0005410382299683336,0,0,1,1,0,0.4,1,1.1,0.9
20,1,0.00104871713320464,0.0002628332888453261,0,0,1,1,0,0.4,1,1.1,0.9
10,3,0.023494100895966104,0.005888176717473097,0,0,1,1,0,0.4,1,1.1,0.9
16,1,0.001155707869454083,0.0002896476949364075,0,0,1,1,0,0.4,1,1.1,0.9
6,1,0.0029600429775284735,0.0007418566992702186,0,0,1,1,0,0.4,1,1.1,0.9
12,1,0.0,0.0,0,0,1,1,0,0.4,1,1.1,0.9
13,1,0.0038257693097853485,0.0009588281703586717,0,0,1,1,0,0.4,1,1.1,0.9
14,1,0.0019254401658142873,0.0004825607928321201,0,0,1,1,0,0.4,1,1.1,0.9
18,1,0.0011696804408393275,0.00029314955141851505,0,0,1,1,0,0.4,1,1.1,0.9
19,1,0.0013983556493300789,0.00035046096097025224,0,0,1,1,0,0.4,1,1.1,0.9
