BUS_I,BUS_TYPE,Pd,Qd,Gs,Bs,area,Vm,Va,baseKV,zone,Vmax,Vmin
1,1,0.07023413917180928,0.017602334512584757,0,0,1,1,0,0.4,1,1.1,0.9
2,1,0.0,0.0,0,0,1,1,0,0.4,1,1.1,0.9
3,1,0.0,0.0,0,0,1,1,0,0.4,1,1.1,0.9
4,1,0.0,0.0,0,0,1,1,0,0.4,1,1.1,0.9
8,1,0.0,0.0,0,0,1,1,0,0.4,1,1.1,0.9
6,1,0.0,0.0,0,0,1,1,0,0.4,1,1.1,0.9
40,1,0.0030995917822417185,0.0007768309264816464,0,0,1,1,0,0.4,1,1.1,0.9
7,1,0.0,0.0,0,0,1,1,0,0.4,1,1.1,0.9
48,1,0.0022198247386856444,0.0005563405214388874,0,0,1,1,0,0.4,1,1.1,0.9
44,1,0.000969815031108641,0.00024305855804891943,0,0,1,1,0,0.4,1,1.1,0.9
43,3,0.0020957650020372895,0.0005252482206037398,0,0,1,1,0,0.4,1,1.1,0.9
9,1,0.0,0.0,0,0,1,1,0,0.4,1,1.1,0.9
51,1,0.0,0.0,0,0,1,1,0,0.4,1,1.1,0.9
60,1,0.05736111335549749,0.01437605012610493,0,0,1,1,0,0.4,1,1.1,0.9
45,1,0.0012079612379979061,0.000302743623545538,0,0,1,1,0,0.4,1,1.1,0.9
46,1,0.004047673116742538,0.001014442506716115,0,0,1,1,0,0.4,1,1.1,0.9
38,1,0.0038804478290161174,0.0009725318990225679,0,0,1,1,0,0.4,1,1.1,0.9
50,1,0.0,0.0,0,0,1,1,0,0.4,1,1.1,0.9
61,1,0.0001228727908881042,3.0794824186802516e-05,0,0,1,1,0,0.4,1,1.1,0.9
53,1,0.0,0.0,0,0,1,1,0,0.4,1,1.1,0.9
39,1,0.0006199631289785578,0.00015537740635012304,0,0,1,1,0,0.4,1,1.1,0.9
41,1,0.0007163833124188628,0.00017954258218475856,0,0,1,1,0,0.4,1,1.1,0.9
42,1,0.0007707414726272041,0.00019316602130935954,0,0,1,1,0,0.4,1,1.1,0.9
47,1,0.0,0.0,0,0,1,1,0,0.4,1,1.1,0.9
49,1,0.0011042137125404764,0.0002767420426976932,0,0,1,1,0,0.4,1,1.1,0.9
54,1,0.0015361323609861535,0.0003849910597970004,0,0,1,1,0,0.4,1,1.1,0.9
52,1,0.0,0.0,0,0,1,1,0,0.4,1,1.1,0.9
58,1,0.0,0.0,0,0,1,1,0,0.4,1,1.1,0.9
55,1,0.0006963781692844965,0.00017452882070671376,0,0,1,1,0,0.4,1,1.1,0.9
56,1,0.0,0.0,0,0,1,1,0,0.4,1,1.1,0.9
59,1,0.0,0.0,0,0,1,1,0,0.4,1,1.1,0.9
62,1,0.002319922939889058,0.0005814274954157496,0,0,1,1,0,0.4,1,1.1,0.9
