F_BUS,T_BUS,BR_R,BR_X,BR_B,RATE_A,RATE_B,RATE_C,TAP,SHIFT,BR_STATUS,ANGMIN,ANGMAX
1,2,1.9878064582170505,0.7645409454680964,2.0060470169822545e-09,0,0,0,0,0,1,-90,90
1,3,0.7144998313703673,0.27480762745014126,7.210562423871267e-10,0,0,0,0,0,1,-90,90
2,5,0.5631587383567584,0.21659951475259942,5.683264094942938e-10,0,0,0,0,0,1,-90,90
2,6,1.3810710628672291,0.5311811780258573,1.3937440812976793e-09,0,0,0,0,0,1,-90,90
3,7,3.7616799999999997,1.4467999999999999,3.796198021013693e-09,0,0,0,0,0,1,-90,90
3,8,1.3588654906233737,0.5226405733166822,1.3713347457328254e-09,0,0,0,0,0,1,-90,90
5,34,1.3182193303917877,0.5070074347660724,1.3303156072008523e-09,0,0,0,0,0,1,-90,90
6,13,1.4760755083488708,0.5677213493649503,1.4896203089206859e-09,0,0,0,0,0,1,-90,90
7,11,0.6371458284941176,0.24505608788235295,6.429924217973087e-10,0,0,0,0,0,1,-90,90
7,10,1.1768237246490798,0.4526245094804154,1.1876225236050919e-09,0,0,0,0,0,1,-90,90
34,33,1.5849128415118896,0.6095818621199575,1.5994563579109937e-09,0,0,0,0,0,1,-90,90
13,23,3.1244199999999998,1.2016999999999998,3.153090380047108e-09,0,0,0,0,0,1,-90,90
33,32,1.2070900156963917,0.4642653906524584,1.2181665449405668e-09,0,0,0,0,0,1,-90,90
23,25,2.467961564416088,0.94921598631388,2.4906081343373746e-09,0,0,0,0,0,1,-90,90
23,22,0.4524784672841412,0.17403017972466972,4.566305113819801e-10,0,0,0,0,0,1,-90,90
14,17,1.8194228494152194,0.6997780190058536,1.8361182823464923e-09,0,0,0,0,0,1,-90,90
14,28,1.403906362524635,0.5399639855863981,1.4167889227963448e-09,0,0,0,0,0,1,-90,90
17,16,0.6194144198972334,0.23823631534508982,6.250983058104951e-10,0,0,0,0,0,1,-90,90
28,27,1.225314678212965,0.47127487623575576,1.2365584410558818e-09,0,0,0,0,0,1,-90,90
18,21,2.1357529596956173,0.821443446036776,2.1553511088052797e-09,0,0,0,0,0,1,-90,90
18,29,2.018138716955442,0.7762071988290165,2.0366576113431678e-09,0,0,0,0,0,1,-90,90
21,19,0.6279039973052967,0.24150153742511415,6.336657854886528e-10,0,0,0,0,0,1,-90,90
15,16,0.9216874249765179,0.3544951634525069,9.301450359118972e-10,0,0,0,0,0,1,-90,90
25,24,0.831845028402955,0.31994039553959813,1.6789564506355554e-09,0,0,0,0,0,1,-90,90
22,20,2.27692122757221,0.8757389336816193,2.2978147684315774e-09,0,0,0,0,0,1,-90,90
27,26,1.4314713419201015,0.5505659007385005,1.4446068446372118e-09,0,0,0,0,0,1,-90,90
19,20,0.27144305686168674,0.10440117571603337,2.7393387935078023e-10,0,0,0,0,0,1,-90,90
24,26,0.1354273413306726,0.05208743897333563,2.7334010609655556e-10,0,0,0,0,0,1,-90,90
