F_BUS,T_BUS,BR_R,BR_X,BR_B,RATE_A,RATE_B,RATE_C,TAP,SHIFT,BR_STATUS,ANGMIN,ANGMAX
1,2,0.1414266347305893,0.09051304622757717,4.749867942563581e-10,0,0,0,0,0,1,-90,90
1,3,0.2279109895255068,0.14586303329632438,1.1481717410946113e-09,0,0,0,0,0,1,-90,90
2,4,1.3579281374253314,0.869074007952212,2.280326948508866e-09,0,0,0,0,0,1,-90,90
3,5,0.36754321687653674,0.23522765880098354,1.8516120531406793e-09,0,0,0,0,0,1,-90,90
3,6,0.69943596957937,0.44763902053079685,1.1745413076220067e-09,0,0,0,0,0,1,-90,90
4,9,0.8683409326708124,0.5557381969093199,1.4581782162765269e-09,0,0,0,0,0,1,-90,90
5,20,0.07588227202542518,0.048564654096272114,3.822802953514296e-10,0,0,0,0,0,1,-90,90
6,11,1.3025506903557174,0.8336324418276592,2.187333305169321e-09,0,0,0,0,0,1,-90,90
9,7,0.6974669692506079,0.44637886032038904,1.1712348259404266e-09,0,0,0,0,0,1,-90,90
11,21,0.9829803321456029,0.6291074125731858,1.6506886332702334e-09,0,0,0,0,0,1,-90,90
7,8,1.1294296294064958,0.7228349628201572,1.8966164330780954e-09,0,0,0,0,0,1,-90,90
21,12,0.36299427956911295,0.23231633892423229,6.095651272278942e-10,0,0,0,0,0,1,-90,90
8,10,0.9881960016418286,0.6324454410507703,1.6594471466104974e-09,0,0,0,0,0,1,-90,90
10,15,1.3317968749999998,0.8523499999999999,2.23644552336952e-09,0,0,0,0,0,1,-90,90
15,16,1.6292282665155442,1.0427060905699483,2.735912909538681e-09,0,0,0,0,0,1,-90,90
12,13,1.462425872233497,0.9359525582294381,2.4558067800064265e-09,0,0,0,0,0,1,-90,90
13,18,0.5757621295631303,0.36848776292040347,9.66859632545064e-10,0,0,0,0,0,1,-90,90
18,19,0.5256493517089293,0.33641558509371483,8.827067862668815e-10,0,0,0,0,0,1,-90,90
16,17,1.9883267625148315,1.2725291280094924,3.3389359672601025e-09,0,0,0,0,0,1,-90,90
