F_BUS,T_BUS,BR_R,BR_X,BR_B,RATE_A,RATE_B,RATE_C,TAP,SHIFT,BR_STATUS,ANGMIN,ANGMAX
1,2,1.5690573821759173,0.6034836085291989,1.583455405317078e-09,0,0,0,0,0,1,-90,90
1,3,0.8323280921111946,0.3201261892735364,8.399657217271593e-10,0,0,0,0,0,1,-90,90
2,4,1.4062193244604246,0.5408535863309326,1.4191231089906314e-09,0,0,0,0,0,1,-90,90
3,5,3.1600399999999995,1.2153999999999998,3.1890372371717186e-09,0,0,0,0,0,1,-90,90
4,10,2.3615799999999996,0.9082999999999998,2.3832503887798857e-09,0,0,0,0,0,1,-90,90
10,55,6.512857361268311,2.5049451389493504,6.5726208040001365e-09,0,0,0,0,0,1,-90,90
6,7,10.269801437736417,3.9499236298986227,1.0364039443583341e-08,0,0,0,0,0,1,-90,90
6,8,12.122126019297728,4.662356161268358,1.2233361371763853e-08,0,0,0,0,0,1,-90,90
8,9,5.230127275021124,2.011587413469663,5.2781200982233835e-09,0,0,0,0,0,1,-90,90
9,55,4.241066685689205,1.6311794944958482,4.279983666659702e-09,0,0,0,0,0,1,-90,90
