BUS_I,BUS_TYPE,Pd,Qd,Gs,Bs,area,Vm,Va,baseKV,zone,Vmax,Vmin
1,1,0.0016424997122338057,0.00041164923087956545,0,0,1,1,0,0.4,1,1.1,0.9
2,3,0.004030451739636444,0.0010101264227694278,0,0,1,1,0,0.4,1,1.1,0.9
3,1,0.0033966481965283725,0.0008512802816676131,0,0,1,1,0,0.4,1,1.1,0.9
4,1,0.004707832210552388,0.001179893971456641,0,0,1,1,0,0.4,1,1.1,0.9
5,1,0.0,0.0,0,0,1,1,0,0.4,1,1.1,0.9
18,1,0.0024539739549740815,0.0006150238466646197,0,0,1,1,0,0.4,1,1.1,0.9
9,1,0.0,0.0,0,0,1,1,0,0.4,1,1.1,0.9
6,1,0.0015365437366444059,0.00038509416025544243,0,0,1,1,0,0.4,1,1.1,0.9
16,1,0.0031519044534373576,0.0007899417177363088,0,0,1,1,0,0.4,1,1.1,0.9
22,1,0.0016679832323213738,0.0004180360030451962,0,0,1,1,0,0.4,1,1.1,0.9
19,1,0.003148066641569976,0.0007889798714165189,0,0,1,1,0,0.4,1,1.1,0.9
7,1,0.0029256298210679405,0.0007332319492726368,0,0,1,1,0,0.4,1,1.1,0.9
8,1,0.0022894845838533316,0.0005737989243067145,0,0,1,1,0,0.4,1,1.1,0.9
38,1,0.0030615418530710696,0.0007672947153265057,0,0,1,1,0,0.4,1,1.1,0.9
20,1,0.0013684307050028052,0.00034296106296437517,0,0,1,1,0,0.4,1,1.1,0.9
10,1,0.0020411259336973377,0.0005115543792650843,0,0,1,1,0,0.4,1,1.1,0.9
11,1,0.0032047388764032832,0.0008031832723106533,0,0,1,1,0,0.4,1,1.1,0.9
12,1,0.002568580478974281,0.0006437469490841024,0,0,1,1,0,0.4,1,1.1,0.9
13,1,0.002621099090630641,0.0006569093538834317,0,0,1,1,0,0.4,1,1.1,0.9
14,1,0.0,0.0,0,0,1,1,0,0.4,1,1.1,0.9
17,1,0.0029716715787676006,0.0007447711014589299,0,0,1,1,0,0.4,1,1.1,0.9
23,1,0.007786008935005606,0.0019513577785395945,0,0,1,1,0,0.4,1,1.1,0.9
24,1,0.005774728592864756,0.0014472834096013706,0,0,1,1,0,0.4,1,1.1,0.9
21,1,0.0023489681167542915,0.0005887069029117019,0,0,1,1,0,0.4,1,1.1,0.9
35,1,0.0027228383610346813,0.0006824076185711699,0,0,1,1,0,0.4,1,1.1,0.9
34,1,0.0,0.0,0,0,1,1,0,0.4,1,1.1,0.9
39,1,0.003059328552532262,0.0007667400099236862,0,0,1,1,0,0.4,1,1.1,0.9
25,1,0.013077011203763974,0.0032774079435982416,0,0,1,1,0,0.4,1,1.1,0.9
26,1,0.0,0.0,0,0,1,1,0,0.4,1,1.1,0.9
29,1,0.002439042412910926,0.0006112816494755654,0,0,1,1,0,0.4,1,1.1,0.9
27,1,0.005463537514868093,0.0013692915737673838,0,0,1,1,0,0.4,1,1.1,0.9
28,1,0.0014257999336721853,0.0003573391469798581,0,0,1,1,0,0.4,1,1.1,0.9
33,1,0.0021468047513981273,0.0005380399875746457,0,0,1,1,0,0.4,1,1.1,0.9
32,1,0.0052298320232394176,0.0013107194564240961,0,0,1,1,0,0.4,1,1.1,0.9
36,1,0.0014419969629414558,0.0003613985051590819,0,0,1,1,0,0.4,1,1.1,0.9
37,1,0.002858253020225533,0.0007163457312481708,0,0,1,1,0,0.4,1,1.1,0.9
