BUS_I,BUS_TYPE,Pd,Qd,Gs,Bs,area,Vm,Va,baseKV,zone,Vmax,Vmin
1,1,0.010587135216707422,0.0026533861995314584,0,0,1,1,0,0.4,1,1.1,0.9
2,1,0.0,0.0,0,0,1,1,0,0.4,1,1.1,0.9
3,1,0.0,0.0,0,0,1,1,0,0.4,1,1.1,0.9
4,1,0.0031112830024996752,0.0007797610224758103,0,0,1,1,0,0.4,1,1.1,0.9
10,1,0.0,0.0,0,0,1,1,0,0.4,1,1.1,0.9
32,1,0.004195282386352636,0.0010514368768539662,0,0,1,1,0,0.4,1,1.1,0.9
7,1,0.0,0.0,0,0,1,1,0,0.4,1,1.1,0.9
23,1,0.030081470208705868,0.0075391270895867534,0,0,1,1,0,0.4,1,1.1,0.9
22,1,0.010127690235296822,0.002538238433099322,0,0,1,1,0,0.4,1,1.1,0.9
9,1,0.0,0.0,0,0,1,1,0,0.4,1,1.1,0.9
17,1,0.0,0.0,0,0,1,1,0,0.4,1,1.1,0.9
27,1,0.020756012277636255,0.005201947024146289,0,0,1,1,0,0.4,1,1.1,0.9
13,1,0.0,0.0,0,0,1,1,0,0.4,1,1.1,0.9
35,1,0.0070496027354324895,0.0017667969878062163,0,0,1,1,0,0.4,1,1.1,0.9
18,3,0.0,0.0,0,0,1,1,0,0.4,1,1.1,0.9
19,1,0.011246774497170016,0.002818707386766908,0,0,1,1,0,0.4,1,1.1,0.9
14,1,0.0,0.0,0,0,1,1,0,0.4,1,1.1,0.9
28,1,0.04013717977997716,0.010059325467784628,0,0,1,1,0,0.4,1,1.1,0.9
26,1,0.026047968770558184,0.006528236340323254,0,0,1,1,0,0.4,1,1.1,0.9
16,1,0.0,0.0,0,0,1,1,0,0.4,1,1.1,0.9
25,1,0.01029709814992408,0.002580696058657368,0,0,1,1,0,0.4,1,1.1,0.9
24,1,0.011053810961569233,0.0027703461661065802,0,0,1,1,0,0.4,1,1.1,0.9
31,1,0.035693437186691816,0.008945618593361574,0,0,1,1,0,0.4,1,1.1,0.9
33,1,0.007288544612008096,0.0018266814669234141,0,0,1,1,0,0.4,1,1.1,0.9
37,1,0.011483993697271672,0.002878160122462616,0,0,1,1,0,0.4,1,1.1,0.9
36,1,0.0076975516924692716,0.0019291883038148245,0,0,1,1,0,0.4,1,1.1,0.9
30,1,0.010399400712452137,0.0026063354976587974,0,0,1,1,0,0.4,1,1.1,0.9
29,1,0.040797705941335236,0.010224868928324473,0,0,1,1,0,0.4,1,1.1,0.9
20,1,0.01025607990623544,0.0025704159177595077,0,0,1,1,0,0.4,1,1.1,0.9
34,1,0.011388606021996567,0.0028542537175665172,0,0,1,1,0,0.4,1,1.1,0.9
21,1,0.011830004173937689,0.002964878522188924,0,0,1,1,0,0.4,1,1.1,0.9
