BUS_I,BUS_TYPE,Pd,Qd,Gs,Bs,area,Vm,Va,baseKV,zone,Vmax,Vmin
1,1,0.0032189067001812182,0.0008067340636550806,0,0,1,1,0,0.4,1,1.1,0.9
2,1,0.014960935591491711,0.0037495639016584563,0,0,1,1,0,0.4,1,1.1,0.9
3,1,0.01231571849076489,0.0030866100046725263,0,0,1,1,0,0.4,1,1.1,0.9
4,1,0.0,0.0,0,0,1,1,0,0.4,1,1.1,0.9
5,1,0.006904521853451263,0.0017304362913396836,0,0,1,1,0,0.4,1,1.1,0.9
6,1,0.0,0.0,0,0,1,1,0,0.4,1,1.1,0.9
9,1,0.0,0.0,0,0,1,1,0,0.4,1,1.1,0.9
7,3,0.013001810703275822,0.003258560921612706,0,0,1,1,0,0.4,1,1.1,0.9
10,1,0.007991262815262395,0.0020027992499221637,0,0,1,1,0,0.4,1,1.1,0.9
8,1,0.1720486050793599,0.043119444969947754,0,0,1,1,0,0.4,1,1.1,0.9
