F_BUS,T_BUS,BR_R,BR_X,BR_B,RATE_A,RATE_B,RATE_C,TAP,SHIFT,BR_STATUS,ANGMIN,ANGMAX
1,2,6.1520156885954,2.366159880229,6.208467967049578e-09,0,0,0,0,0,1,-90,90
2,3,8.751721260464231,3.366046638640089,8.83202902145791e-09,0,0,0,0,0,1,-90,90
3,4,3.9354333507095456,1.513628211811364,3.971545771515619e-09,0,0,0,0,0,1,-90,90
4,5,2.469874461461904,0.9499517159468863,2.492538584556354e-09,0,0,0,0,0,1,-90,90
4,6,34.448326897876434,13.249356499183245,3.4764432486801466e-08,0,0,0,0,0,1,-90,90
6,9,42.66711912616808,16.41043043314157,4.305864219952649e-08,0,0,0,0,0,1,-90,90
6,7,15.796721548724065,6.075662134124641,1.594167581553207e-08,0,0,0,0,0,1,-90,90
9,10,27.972770935040987,10.758758051938843,2.8229455367248674e-08,0,0,0,0,0,1,-90,90
7,8,2.6057334031236623,1.0022051550475626,5.259288396794691e-09,0,0,0,0,0,1,-90,90
