BUS_I,BUS_TYPE,Pd,Qd,Gs,Bs,area,Vm,Va,baseKV,zone,Vmax,Vmin
39,1,0.0003685033587968676,9.235564736809757e-05,0,0,1,1,0,0.4,1,1.1,0.9
38,1,0.0016735209931135438,0.0004194238967257324,0,0,1,1,0,0.4,1,1.1,0.9
28,1,0.0005289485695572654,0.0001325670075990246,0,0,1,1,0,0.4,1,1.1,0.9
29,1,0.006606070006793118,0.0016556372078352336,0,0,1,1,0,0.4,1,1.1,0.9
30,1,0.0022338127875679856,0.0005598462569474132,0,0,1,1,0,0.4,1,1.1,0.9
31,1,0.0,0.0,0,0,1,1,0,0.4,1,1.1,0.9
44,1,0.0,0.0,0,0,1,1,0,0.4,1,1.1,0.9
45,1,0.0,0.0,0,0,1,1,0,0.4,1,1.1,0.9
41,1,0.013075638099466826,0.0032770638112226747,0,0,1,1,0,0.4,1,1.1,0.9
52,1,0.002137908792123293,0.0005358104500190859,0,0,1,1,0,0.4,1,1.1,0.9
49,1,0.0021991741514001168,0.0005511649964083608,0,0,1,1,0,0.4,1,1.1,0.9
42,1,0.02881895671482889,0.007222711381956145,0,0,1,1,0,0.4,1,1.1,0.9
32,1,0.0025253030828292044,0.0006329006112096425,0,0,1,1,0,0.4,1,1.1,0.9
33,3,0.017820154586617478,0.004466151729037158,0,0,1,1,0,0.4,1,1.1,0.9
34,1,0.009860969303498135,0.002471391866481001,0,0,1,1,0,0.4,1,1.1,0.9
35,1,0.0030837950603853285,0.0007728718947970943,0,0,1,1,0,0.4,1,1.1,0.9
36,1,0.0,0.0,0,0,1,1,0,0.4,1,1.1,0.9
37,1,0.01482395054901956,0.0037152322138318717,0,0,1,1,0,0.4,1,1.1,0.9
40,1,0.006840690775511412,0.0017144387152400093,0,0,1,1,0,0.4,1,1.1,0.9
47,1,0.0,0.0,0,0,1,1,0,0.4,1,1.1,0.9
46,1,0.005135472757309539,0.001287070795205417,0,0,1,1,0,0.4,1,1.1,0.9
43,1,0.0,0.0,0,0,1,1,0,0.4,1,1.1,0.9
48,1,0.0,0.0,0,0,1,1,0,0.4,1,1.1,0.9
50,1,0.0010139674879356426,0.0002541242068030126,0,0,1,1,0,0.4,1,1.1,0.9
