BUS_I,BUS_TYPE,Pd,Qd,Gs,Bs,area,Vm,Va,baseKV,zone,Vmax,Vmin
15,1,0.0,0.0,0,0,1,1,0,0.4,1,1.1,0.9
32,1,0.0,0.0,0,0,1,1,0,0.4,1,1.1,0.9
85,1,0.019304365369632717,0.004838130014780936,0,0,1,1,0,0.4,1,1.1,0.9
16,1,0.0,0.0,0,0,1,1,0,0.4,1,1.1,0.9
34,1,0.0,0.0,0,0,1,1,0,0.4,1,1.1,0.9
22,1,0.0,0.0,0,0,1,1,0,0.4,1,1.1,0.9
36,1,0.0,0.0,0,0,1,1,0,0.4,1,1.1,0.9
49,1,0.004666821892445625,0.0011696158168968355,0,0,1,1,0,0.4,1,1.1,0.9
82,1,0.003110243532421154,0.0007795005067173243,0,0,1,1,0,0.4,1,1.1,0.9
41,1,0.0,0.0,0,0,1,1,0,0.4,1,1.1,0.9
48,3,0.08141694647484986,0.020405010209319223,0,0,1,1,0,0.4,1,1.1,0.9
55,1,0.004674476411136679,0.0011715342201138687,0,0,1,1,0,0.4,1,1.1,0.9
47,1,0.010446764526474233,0.0026182059883922185,0,0,1,1,0,0.4,1,1.1,0.9
44,1,0.03208708792759474,0.008041782271362218,0,0,1,1,0,0.4,1,1.1,0.9
38,1,0.024853892901548845,0.006228972718279115,0,0,1,1,0,0.4,1,1.1,0.9
39,1,0.004192996995856194,0.001050864104004685,0,0,1,1,0,0.4,1,1.1,0.9
40,1,0.00805426037696667,0.0020185879271619207,0,0,1,1,0,0.4,1,1.1,0.9
45,1,0.022256890211222156,0.005578102491573732,0,0,1,1,0,0.4,1,1.1,0.9
46,1,0.019071135786847347,0.00477967717143682,0,0,1,1,0,0.4,1,1.1,0.9
57,1,0.0,0.0,0,0,1,1,0,0.4,1,1.1,0.9
50,1,0.0022274135935600164,0.000558242467752195,0,0,1,1,0,0.4,1,1.1,0.9
51,1,0.0016267640459155326,0.0004077055011552631,0,0,1,1,0,0.4,1,1.1,0.9
56,1,0.011293239315435844,0.002830352567925615,0,0,1,1,0,0.4,1,1.1,0.9
58,1,0.009531268024620352,0.002388760937014677,0,0,1,1,0,0.4,1,1.1,0.9
78,1,0.004215830071423878,0.0010565866121585944,0,0,1,1,0,0.4,1,1.1,0.9
79,1,0.004371663904216008,0.0010956422521298504,0,0,1,1,0,0.4,1,1.1,0.9
80,1,0.00275321588024713,0.0006900209425350608,0,0,1,1,0,0.4,1,1.1,0.9
81,1,0.004174124674928898,0.001046134254533924,0,0,1,1,0,0.4,1,1.1,0.9
