BUS_I,BUS_TYPE,Pd,Qd,Gs,Bs,area,Vm,Va,baseKV,zone,Vmax,Vmin
1,1,0.0014454200081095384,0.0003622564011454324,0,0,1,1,0,0.4,1,1.1,0.9
2,1,0.0,0.0,0,0,1,1,0,0.4,1,1.1,0.9
4,1,0.0,0.0,0,0,1,1,0,0.4,1,1.1,0.9
5,1,0.03183893080710759,0.007979588234416609,0,0,1,1,0,0.4,1,1.1,0.9
8,1,0.0,0.0,0,0,1,1,0,0.4,1,1.1,0.9
6,1,0.06949478914435131,0.017417035929037403,0,0,1,1,0,0.4,1,1.1,0.9
14,1,0.008604411797569586,0.002156468870136633,0,0,1,1,0,0.4,1,1.1,0.9
7,1,0.0,0.0,0,0,1,1,0,0.4,1,1.1,0.9
10,1,0.049928741457875736,0.0125133221435801,0,0,1,1,0,0.4,1,1.1,0.9
9,1,0.0031669967820910565,0.0007937242118434325,0,0,1,1,0,0.4,1,1.1,0.9
24,3,0.049596081932897086,0.012429949807754246,0,0,1,1,0,0.4,1,1.1,0.9
11,1,0.05004686634815895,0.012542927031709233,0,0,1,1,0,0.4,1,1.1,0.9
25,1,0.04202108823062212,0.010531477431635395,0,0,1,1,0,0.4,1,1.1,0.9
23,1,0.015072030605816317,0.003777406936796089,0,0,1,1,0,0.4,1,1.1,0.9
26,1,0.0,0.0,0,0,1,1,0,0.4,1,1.1,0.9
20,1,0.005735474573529156,0.0014374454250050414,0,0,1,1,0,0.4,1,1.1,0.9
19,1,0.009169465488335296,0.002298084674070639,0,0,1,1,0,0.4,1,1.1,0.9
15,1,0.012322175837381419,0.003088228368285267,0,0,1,1,0,0.4,1,1.1,0.9
16,1,0.013004849408059264,0.0032593224928188723,0,0,1,1,0,0.4,1,1.1,0.9
17,1,0.009324846766591533,0.0023370268931838917,0,0,1,1,0,0.4,1,1.1,0.9
18,1,0.0,0.0,0,0,1,1,0,0.4,1,1.1,0.9
21,1,0.056328978506759504,0.014117372749492697,0,0,1,1,0,0.4,1,1.1,0.9
22,1,0.003978821841863579,0.0009971867506645934,0,0,1,1,0,0.4,1,1.1,0.9
32,1,0.040594876032962884,0.010174034961560913,0,0,1,1,0,0.4,1,1.1,0.9
30,1,0.001879409322594789,0.00047102437607240315,0,0,1,1,0,0.4,1,1.1,0.9
27,1,0.0,0.0,0,0,1,1,0,0.4,1,1.1,0.9
31,1,0.0,0.0,0,0,1,1,0,0.4,1,1.1,0.9
28,1,0.001904665374332361,0.00047735413929573216,0,0,1,1,0,0.4,1,1.1,0.9
33,1,0.0024631916194487904,0.0006173340111433455,0,0,1,1,0,0.4,1,1.1,0.9
29,1,0.001688451559305605,0.0004231658493384361,0,0,1,1,0,0.4,1,1.1,0.9
34,1,0.0,0.0,0,0,1,1,0,0.4,1,1.1,0.9
35,1,0.00661902705516379,0.0016588845502588147,0,0,1,1,0,0.4,1,1.1,0.9
