BUS_I,BUS_TYPE,Pd,Qd,Gs,Bs,area,Vm,Va,baseKV,zone,Vmax,Vmin
1,1,0.004107986224324015,0.0010295583963342056,0,0,1,1,0,0.4,1,1.1,0.9
2,1,0.0004400719837278906,0.00011029243553830457,0,0,1,1,0,0.4,1,1.1,0.9
3,1,0.0004012343326403872,0.00010055880266137903,0,0,1,1,0,0.4,1,1.1,0.9
4,1,0.0,0.0,0,0,1,1,0,0.4,1,1.1,0.9
6,1,0.005354066039969265,0.0013418554359649199,0,0,1,1,0,0.4,1,1.1,0.9
7,1,0.0,0.0,0,0,1,1,0,0.4,1,1.1,0.9
8,1,0.0,0.0,0,0,1,1,0,0.4,1,1.1,0.9
9,3,0.07493898965099154,0.018781481191718567,0,0,1,1,0,0.4,1,1.1,0.9
