BUS_I,BUS_TYPE,Pd,Qd,Gs,Bs,area,Vm,Va,baseKV,zone,Vmax,Vmin
1,1,0.00339621895049911,0.00085117270247202,0,0,1,1,0,0.4,1,1.1,0.9
2,1,0.0032925179959952034,0.0008251827934053368,0,0,1,1,0,0.4,1,1.1,0.9
3,3,0.0024688513427859114,0.0006187524715189326,0,0,1,1,0,0.4,1,1.1,0.9
4,1,0.0,0.0,0,0,1,1,0,0.4,1,1.1,0.9
5,1,0.0020528199536140744,0.0005144851769198785,0,0,1,1,0,0.4,1,1.1,0.9
15,1,0.003122435884658772,0.0007825561982245102,0,0,1,1,0,0.4,1,1.1,0.9
16,1,0.0,0.0,0,0,1,1,0,0.4,1,1.1,0.9
17,1,0.0,0.0,0,0,1,1,0,0.4,1,1.1,0.9
24,1,0.0,0.0,0,0,1,1,0,0.4,1,1.1,0.9
14,1,0.004985356072211268,0.00124944800751016,0,0,1,1,0,0.4,1,1.1,0.9
6,1,0.00336288115787458,0.000842817464056516,0,0,1,1,0,0.4,1,1.1,0.9
7,1,0.0010722992441387427,0.0002687435229575365,0,0,1,1,0,0.4,1,1.1,0.9
8,1,0.0,0.0,0,0,1,1,0,0.4,1,1.1,0.9
9,1,0.0027740637233692176,0.000695245904538271,0,0,1,1,0,0.4,1,1.1,0.9
10,1,0.0,0.0,0,0,1,1,0,0.4,1,1.1,0.9
20,1,0.0,0.0,0,0,1,1,0,0.4,1,1.1,0.9
43,1,0.004475382583243661,0.0011216366033809148,0,0,1,1,0,0.4,1,1.1,0.9
25,1,0.0,0.0,0,0,1,1,0,0.4,1,1.1,0.9
28,1,0.0,0.0,0,0,1,1,0,0.4,1,1.1,0.9
29,1,0.0,0.0,0,0,1,1,0,0.4,1,1.1,0.9
34,1,0.0025769555701250055,0.0006458459447825877,0,0,1,1,0,0.4,1,1.1,0.9
26,1,0.002340859216227388,0.0005866746208721276,0,0,1,1,0,0.4,1,1.1,0.9
30,1,0.006150079900747898,0.0015413553147888583,0,0,1,1,0,0.4,1,1.1,0.9
33,1,0.0,0.0,0,0,1,1,0,0.4,1,1.1,0.9
11,1,0.0050555176185401495,0.0012670321485413482,0,0,1,1,0,0.4,1,1.1,0.9
12,1,0.004932574118678656,0.0012362196030153605,0,0,1,1,0,0.4,1,1.1,0.9
13,1,0.004430168635842746,0.0011103049200119704,0,0,1,1,0,0.4,1,1.1,0.9
18,1,0.004656516843714889,0.0011670331282347993,0,0,1,1,0,0.4,1,1.1,0.9
19,1,0.005017624737014783,0.0012575352972362642,0,0,1,1,0,0.4,1,1.1,0.9
42,1,0.0022591807546626292,0.0005662040688031524,0,0,1,1,0,0.4,1,1.1,0.9
37,1,0.0,0.0,0,0,1,1,0,0.4,1,1.1,0.9
21,1,0.0,0.0,0,0,1,1,0,0.4,1,1.1,0.9
22,1,0.0,0.0,0,0,1,1,0,0.4,1,1.1,0.9
35,1,0.0028425795437193833,0.0007124175877599807,0,0,1,1,0,0.4,1,1.1,0.9
36,1,0.0,0.0,0,0,1,1,0,0.4,1,1.1,0.9
32,1,0.019714153996530624,0.004940832725672921,0,0,1,1,0,0.4,1,1.1,0.9
31,1,0.020073545826219487,0.005030904808592569,0,0,1,1,0,0.4,1,1.1,0.9
41,1,0.004275225065651741,0.0010714724008804347,0,0,1,1,0,0.4,1,1.1,0.9
38,1,0.0,0.0,0,0,1,1,0,0.4,1,1.1,0.9
39,1,0.0015338000889220944,0.0003844065373193276,0,0,1,1,0,0.4,1,1.1,0.9
40,1,0.003377986176153793,0.0008466031384835777,0,0,1,1,0,0.4,1,1.1,0.9
