F_BUS,T_BUS,BR_R,BR_X,BR_B,RATE_A,RATE_B,RATE_C,TAP,SHIFT,BR_STATUS,ANGMIN,ANGMAX
1,2,1.752056146786295,1.1213159339432288,2.9421739904384903e-09,0,0,0,0,0,1,-90,90
2,3,16.59165539411249,10.618659452231993,2.7861856509801945e-08,0,0,0,0,0,1,-90,90
3,4,10.322109374999997,6.6061499999999995,1.7333600744069402e-08,0,0,0,0,0,1,-90,90
