BUS_I,BUS_TYPE,Pd,Qd,Gs,Bs,area,Vm,Va,baseKV,zone,Vmax,Vmin
11,1,0.006816063591715232,0.0017082665611793918,0,0,1,1,0,0.4,1,1.1,0.9
12,1,0.00722908700856107,0.001811779986852149,0,0,1,1,0,0.4,1,1.1,0.9
2,1,0.029499116978353446,0.0073931756123418796,0,0,1,1,0,0.4,1,1.1,0.9
10,1,0.04241986991762645,0.010631421543358211,0,0,1,1,0,0.4,1,1.1,0.9
19,1,0.0,0.0,0,0,1,1,0,0.4,1,1.1,0.9
20,1,0.002664459327605991,0.0006677764536270192,0,0,1,1,0,0.4,1,1.1,0.9
4,1,0.011605392058651968,0.0029085854197823174,0,0,1,1,0,0.4,1,1.1,0.9
9,1,0.00532219715053353,0.001333868339390416,0,0,1,1,0,0.4,1,1.1,0.9
3,1,0.009764353538407615,0.0024471776732643315,0,0,1,1,0,0.4,1,1.1,0.9
5,1,0.003565530147912419,0.0008936060884113692,0,0,1,1,0,0.4,1,1.1,0.9
13,1,0.005078741564268419,0.0012728526179915554,0,0,1,1,0,0.4,1,1.1,0.9
15,1,0.006729594071519527,0.0016865952566318385,0,0,1,1,0,0.4,1,1.1,0.9
6,1,0.0718560001211285,0.018008811181900498,0,0,1,1,0,0.4,1,1.1,0.9
14,1,0.013253511403215922,0.0033216430632839987,0,0,1,1,0,0.4,1,1.1,0.9
16,1,0.017776779206341693,0.004455280834024731,0,0,1,1,0,0.4,1,1.1,0.9
17,1,0.03175716692018591,0.007959096272735071,0,0,1,1,0,0.4,1,1.1,0.9
8,3,0.11153465711156589,0.027953220006322006,0,0,1,1,0,0.4,1,1.1,0.9
7,1,0.005528355751562778,0.0013855365551720068,0,0,1,1,0,0.4,1,1.1,0.9
18,1,0.008179023455840538,0.002049856502174787,0,0,1,1,0,0.4,1,1.1,0.9
