F_BUS,T_BUS,BR_R,BR_X,BR_B,RATE_A,RATE_B,RATE_C,TAP,SHIFT,BR_STATUS,ANGMIN,ANGMAX
1,2,0.4327164462692761,0.16642940241126006,4.36687149621314e-10,0,0,0,0,0,1,-90,90
1,3,6.3959868212450655,2.459994931248102,6.454677833638212e-09,0,0,0,0,0,1,-90,90
3,5,0.43250999999999995,0.16634999999999997,4.364788089546779e-10,0,0,0,0,0,1,-90,90
3,6,1.0080310343773533,0.38770424399128983,2.0345619073518728e-09,0,0,0,0,0,1,-90,90
5,7,6.3392497040106,2.438172963081,6.397420083865903e-09,0,0,0,0,0,1,-90,90
6,10,0.4317793027679528,0.16606896260305878,8.714828133612509e-10,0,0,0,0,0,1,-90,90
10,9,4.344121336992282,1.6708158988431858,4.383983970601824e-09,0,0,0,0,0,1,-90,90
