BUS_I,BUS_TYPE,Pd,Qd,Gs,Bs,area,Vm,Va,baseKV,zone,Vmax,Vmin
1,1,0.002981274670544374,0.0007471778631250237,0,0,1,1,0,0.4,1,1.1,0.9
2,1,0.011386005402511635,0.0028536019408856392,0,0,1,1,0,0.4,1,1.1,0.9
3,1,0.0,0.0,0,0,1,1,0,0.4,1,1.1,0.9
4,1,0.0057566511590798446,0.0014427527776271862,0,0,1,1,0,0.4,1,1.1,0.9
5,1,0.004580064228939724,0.0011478722968285477,0,0,1,1,0,0.4,1,1.1,0.9
19,1,0.0,0.0,0,0,1,1,0,0.4,1,1.1,0.9
18,1,0.005210572991682468,0.0013058926881337556,0,0,1,1,0,0.4,1,1.1,0.9
17,1,0.008398139242613232,0.0021047720948088214,0,0,1,1,0,0.4,1,1.1,0.9
21,1,0.009768287961786033,0.0024481637327111714,0,0,1,1,0,0.4,1,1.1,0.9
20,1,0.004932630411236639,0.0012362337112602664,0,0,1,1,0,0.4,1,1.1,0.9
6,1,0.004702192265513846,0.0011784804679899274,0,0,1,1,0,0.4,1,1.1,0.9
7,1,0.0,0.0,0,0,1,1,0,0.4,1,1.1,0.9
8,1,0.004754010042243433,0.0011914672269998353,0,0,1,1,0,0.4,1,1.1,0.9
9,1,0.008866011041937051,0.0022220318208881354,0,0,1,1,0,0.4,1,1.1,0.9
28,1,0.011642713579297392,0.0029179390745528565,0,0,1,1,0,0.4,1,1.1,0.9
23,3,0.007170010018471594,0.0017969738974800307,0,0,1,1,0,0.4,1,1.1,0.9
26,1,0.012621407448898921,0.0031632228792849125,0,0,1,1,0,0.4,1,1.1,0.9
30,1,0.006876372169691452,0.0017233813155713958,0,0,1,1,0,0.4,1,1.1,0.9
31,1,0.006418351089804761,0.0016085904124999036,0,0,1,1,0,0.4,1,1.1,0.9
22,1,0.0,0.0,0,0,1,1,0,0.4,1,1.1,0.9
25,1,0.00613557788687111,0.0015377207675106332,0,0,1,1,0,0.4,1,1.1,0.9
10,1,0.0062970974117978395,0.0015782013762516206,0,0,1,1,0,0.4,1,1.1,0.9
11,1,0.0,0.0,0,0,1,1,0,0.4,1,1.1,0.9
12,1,0.0,0.0,0,0,1,1,0,0.4,1,1.1,0.9
14,1,0.00433303424398118,0.0010859607466742547,0,0,1,1,0,0.4,1,1.1,0.9
13,1,0.007494338864528968,0.0018782583683613079,0,0,1,1,0,0.4,1,1.1,0.9
15,1,0.005335952553525151,0.0013373157683426184,0,0,1,1,0,0.4,1,1.1,0.9
16,1,0.0027926925109177498,0.0006999147187909949,0,0,1,1,0,0.4,1,1.1,0.9
34,1,0.009616588167576039,0.0024101441804725873,0,0,1,1,0,0.4,1,1.1,0.9
32,1,0.0027952531326838215,0.0007005564710986062,0,0,1,1,0,0.4,1,1.1,0.9
33,1,0.005762757644897955,0.001444283207234984,0,0,1,1,0,0.4,1,1.1,0.9
35,1,0.008200107323144731,0.0020551406174139516,0,0,1,1,0,0.4,1,1.1,0.9
24,1,0.00396618602780929,0.0009940199171496508,0,0,1,1,0,0.4,1,1.1,0.9
