F_BUS,T_BUS,BR_R,BR_X,BR_B,RATE_A,RATE_B,RATE_C,TAP,SHIFT,BR_STATUS,ANGMIN,ANGMAX
1,2,4.8319775840264265,1.8584529169332407,4.876316896190971e-09,0,0,0,0,0,1,-90,90
1,3,5.7621051933686624,2.2161943051417934,5.814979565497025e-09,0,0,0,0,0,1,-90,90
2,4,0.521261958519024,0.2004853686611631,5.260451753896242e-10,0,0,0,0,0,1,-90,90
2,5,6.2661299999999995,2.4100499999999996,6.323629417019665e-09,0,0,0,0,0,1,-90,90
4,6,3.630426928028532,1.3963180492417433,3.6637405413583136e-09,0,0,0,0,0,1,-90,90
5,11,1.2274156390126254,0.47208293808177904,1.2386786807439729e-09,0,0,0,0,0,1,-90,90
6,7,4.803820403594837,1.8476232321518602,4.847901339144192e-09,0,0,0,0,0,1,-90,90
6,8,3.862405333521457,1.4855405128928683,3.897847632830782e-09,0,0,0,0,0,1,-90,90
11,12,2.1796291347367185,0.8383188979756612,2.1996299014885166e-09,0,0,0,0,0,1,-90,90
7,9,1.80768461900511,0.6952633150019654,1.8242723392962966e-09,0,0,0,0,0,1,-90,90
8,13,2.0899581674785215,0.8038300644148161,2.1091360932836847e-09,0,0,0,0,0,1,-90,90
9,10,1.4509299999999998,0.5580499999999999,1.4642440597364472e-09,0,0,0,0,0,1,-90,90
13,14,1.0934189498928772,0.420545749958799,1.1034524078928067e-09,0,0,0,0,0,1,-90,90
13,15,1.6958499999999999,0.6522499999999999,1.711411500695453e-09,0,0,0,0,0,1,-90,90
10,16,2.1257599999999996,0.8175999999999999,2.145266451465853e-09,0,0,0,0,0,1,-90,90
