BUS_I,BUS_TYPE,Pd,Qd,Gs,Bs,area,Vm,Va,baseKV,zone,Vmax,Vmin
1,1,0.03710678829247694,0.009299837769977424,0,0,1,1,0,0.4,1,1.1,0.9
2,1,0.0,0.0,0,0,1,1,0,0.4,1,1.1,0.9
3,1,0.0,0.0,0,0,1,1,0,0.4,1,1.1,0.9
4,1,0.051271770391389596,0.012849916922508916,0,0,1,1,0,0.4,1,1.1,0.9
5,3,0.044574833562371456,0.011171506342354165,0,0,1,1,0,0.4,1,1.1,0.9
6,1,0.035101852098549643,0.008797353394457917,0,0,1,1,0,0.4,1,1.1,0.9
