BUS_I,BUS_TYPE,Pd,Qd,Gs,Bs,area,Vm,Va,baseKV,zone,Vmax,Vmin
1,1,0.09329600709967475,0.02338218343702742,0,0,1,1,0,0.4,1,1.1,0.9
2,3,0.0,0.0,0,0,1,1,0,0.4,1,1.1,0.9
3,1,0.0,0.0,0,0,1,1,0,0.4,1,1.1,0.9
4,1,0.0,0.0,0,0,1,1,0,0.4,1,1.1,0.9
5,1,0.0,0.0,0,0,1,1,0,0.4,1,1.1,0.9
9,1,0.05431495661271536,0.013612611282880115,0,0,1,1,0,0.4,1,1.1,0.9
6,1,0.09442225864606756,0.02366444868151808,0,0,1,1,0,0.4,1,1.1,0.9
25,1,0.09558428122678203,0.023955678992277313,0,0,1,1,0,0.4,1,1.1,0.9
17,1,0.0,0.0,0,0,1,1,0,0.4,1,1.1,0.9
24,1,0.0,0.0,0,0,1,1,0,0.4,1,1.1,0.9
19,1,0.07146957161185859,0.017911963068353763,0,0,1,1,0,0.4,1,1.1,0.9
15,1,0.00857648284981709,0.0021494692160265237,0,0,1,1,0,0.4,1,1.1,0.9
23,1,0.02975208111616202,0.007456574401390915,0,0,1,1,0,0.4,1,1.1,0.9
10,1,0.004371591306116639,0.0010956240573310654,0,0,1,1,0,0.4,1,1.1,0.9
11,1,0.032247559663661524,0.008082000279461569,0,0,1,1,0,0.4,1,1.1,0.9
12,1,0.017362286792220644,0.004351399242930694,0,0,1,1,0,0.4,1,1.1,0.9
13,1,0.0072440878406546715,0.0018155395497597654,0,0,1,1,0,0.4,1,1.1,0.9
21,1,0.0,0.0,0,0,1,1,0,0.4,1,1.1,0.9
22,1,0.0,0.0,0,0,1,1,0,0.4,1,1.1,0.9
14,1,0.01778977188246337,0.004458537105604396,0,0,1,1,0,0.4,1,1.1,0.9
16,1,0.02241974944589759,0.005618918863227521,0,0,1,1,0,0.4,1,1.1,0.9
18,1,0.003699103603937167,0.0009270827520777101,0,0,1,1,0,0.4,1,1.1,0.9
