BUS_I,BUS_TYPE,Pd,Qd,Gs,Bs,area,Vm,Va,baseKV,zone,Vmax,Vmin
164,1,0.0015298829265084288,0.0003834248038780335,0,0,1,1,0,0.4,1,1.1,0.9
165,1,0.004099981361837299,0.0010275521886853336,0,0,1,1,0,0.4,1,1.1,0.9
166,1,0.00043430185754552114,0.00010884630560150228,0,0,1,1,0,0.4,1,1.1,0.9
167,1,0.00046649999132757406,0.00011691591858737824,0,0,1,1,0,0.4,1,1.1,0.9
72,1,0.0,0.0,0,0,1,1,0,0.4,1,1.1,0.9
168,1,0.03358621254336362,0.008417498315923717,0,0,1,1,0,0.4,1,1.1,0.9
73,1,0.0,0.0,0,0,1,1,0,0.4,1,1.1,0.9
169,1,0.03367865252950242,0.008440665960285006,0,0,1,1,0,0.4,1,1.1,0.9
171,3,0.08401946583980731,0.021057263045014946,0,0,1,1,0,0.4,1,1.1,0.9
75,1,0.0,0.0,0,0,1,1,0,0.4,1,1.1,0.9
50,1,0.000494520305214767,0.00012393847120930837,0,0,1,1,0,0.4,1,1.1,0.9
51,1,0.0027564493372320554,0.0006908313232438139,0,0,1,1,0,0.4,1,1.1,0.9
52,1,0.0,0.0,0,0,1,1,0,0.4,1,1.1,0.9
53,1,0.0006045756811054792,0.000151520948394622,0,0,1,1,0,0.4,1,1.1,0.9
54,1,0.0007203194147882753,0.000180529062426407,0,0,1,1,0,0.4,1,1.1,0.9
55,1,0.0,0.0,0,0,1,1,0,0.4,1,1.1,0.9
59,1,0.0008516805572981801,0.0002134512680614518,0,0,1,1,0,0.4,1,1.1,0.9
60,1,0.0009715474891641395,0.00024349275296582884,0,0,1,1,0,0.4,1,1.1,0.9
56,1,0.0,0.0,0,0,1,1,0,0.4,1,1.1,0.9
63,1,0.0015008195031831837,0.0003761408233881415,0,0,1,1,0,0.4,1,1.1,0.9
62,1,0.003324980765091802,0.0008333187302528762,0,0,1,1,0,0.4,1,1.1,0.9
61,1,0.001169382990990629,0.0002930750034593709,0,0,1,1,0,0.4,1,1.1,0.9
64,1,0.0,0.0,0,0,1,1,0,0.4,1,1.1,0.9
66,1,0.0,0.0,0,0,1,1,0,0.4,1,1.1,0.9
65,1,0.0,0.0,0,0,1,1,0,0.4,1,1.1,0.9
80,1,0.0,0.0,0,0,1,1,0,0.4,1,1.1,0.9
82,1,0.0027711754220742183,0.0006945220279994935,0,0,1,1,0,0.4,1,1.1,0.9
84,1,0.023374287624301337,0.005858148681082826,0,0,1,1,0,0.4,1,1.1,0.9
67,1,0.0025510913226517253,0.0006393637533396592,0,0,1,1,0,0.4,1,1.1,0.9
68,1,0.006688710059939935,0.001676348757471652,0,0,1,1,0,0.4,1,1.1,0.9
69,1,0.0,0.0,0,0,1,1,0,0.4,1,1.1,0.9
70,1,0.0,0.0,0,0,1,1,0,0.4,1,1.1,0.9
71,1,0.0011126376962498053,0.00027885329202641983,0,0,1,1,0,0.4,1,1.1,0.9
77,1,0.0,0.0,0,0,1,1,0,0.4,1,1.1,0.9
74,1,0.0,0.0,0,0,1,1,0,0.4,1,1.1,0.9
76,1,0.0,0.0,0,0,1,1,0,0.4,1,1.1,0.9
79,1,0.038248019887303815,0.009585857368499625,0,0,1,1,0,0.4,1,1.1,0.9
85,1,0.0004944328347659539,0.000123916549048403,0,0,1,1,0,0.4,1,1.1,0.9
