F_BUS,T_BUS,BR_R,BR_X,BR_B,RATE_A,RATE_B,RATE_C,TAP,SHIFT,BR_STATUS,ANGMIN,ANGMAX
1,2,2.466580676793017,0.948684875689622,2.489214575379158e-09,0,0,0,0,0,1,-90,90
2,4,0.07921226309832594,0.030466255037817663,7.993913262528471e-11,0,0,0,0,0,1,-90,90
4,13,1.6184022481413196,0.6224624031312769,1.6332530708614748e-09,0,0,0,0,0,1,-90,90
13,21,0.3626999999999999,0.13949999999999999,3.6602821670680834e-10,0,0,0,0,0,1,-90,90
13,16,2.2762925468358777,0.8754971333984147,2.29718031877953e-09,0,0,0,0,0,1,-90,90
21,19,1.9436869286590095,0.7475718956380806,1.9615226367063437e-09,0,0,0,0,0,1,-90,90
21,23,2.1373957688694567,0.8220752957190218,2.1570089927652735e-09,0,0,0,0,0,1,-90,90
16,14,0.15514955471812863,0.05967290566081871,1.5657324189779988e-10,0,0,0,0,0,1,-90,90
17,15,1.5569132269568566,0.598812779598791,1.5711998126006636e-09,0,0,0,0,0,1,-90,90
15,14,0.5733183361123817,0.22050705235091606,5.785792340020117e-10,0,0,0,0,0,1,-90,90
27,12,0.08154278883535879,0.03136261109052261,8.229104379020187e-11,0,0,0,0,0,1,-90,90
12,9,1.7113842877010845,0.6582247260388786,1.7270883345113855e-09,0,0,0,0,0,1,-90,90
8,9,4.180196869466927,1.607768026718049,4.218555295324959e-09,0,0,0,0,0,1,-90,90
9,10,2.323239823805252,0.8935537783866354,2.3445583945124788e-09,0,0,0,0,0,1,-90,90
9,11,1.8531259679671392,0.7127407569104383,1.87013066828809e-09,0,0,0,0,0,1,-90,90
10,23,0.866529419833371,0.33328054608975816,8.744808885183184e-10,0,0,0,0,0,1,-90,90
11,24,1.9411577111153513,0.7465991196597506,1.9589702104941327e-09,0,0,0,0,0,1,-90,90
24,25,1.5541746741180102,0.5977594900453885,1.5684361301855537e-09,0,0,0,0,0,1,-90,90
25,26,2.11118302892326,0.8119934726627924,2.1305557188267416e-09,0,0,0,0,0,1,-90,90
19,18,0.179193581241158,0.06892060816967616,1.808379018114355e-10,0,0,0,0,0,1,-90,90
18,20,2.1710247795464097,0.8350095305947731,2.1909465908013904e-09,0,0,0,0,0,1,-90,90
