F_BUS,T_BUS,BR_R,BR_X,BR_B,RATE_A,RATE_B,RATE_C,TAP,SHIFT,BR_STATUS,ANGMIN,ANGMAX
1,2,2.3805567073332923,0.9155987335897278,2.4024012306441592e-09,0,0,0,0,0,1,-90,90
2,3,0.9064965130279146,0.3486525050107364,1.8296294574830311e-09,0,0,0,0,0,1,-90,90
2,4,0.6981886298112031,0.26853408838892434,1.4091907311539272e-09,0,0,0,0,0,1,-90,90
3,6,0.27684044625832094,0.10647709471473885,5.587615928108644e-10,0,0,0,0,0,1,-90,90
4,9,0.9220617051516179,0.3546391173660069,1.861045501131986e-09,0,0,0,0,0,1,-90,90
6,5,0.7927339917736157,0.30489768914369836,1.6000165940544046e-09,0,0,0,0,0,1,-90,90
9,10,5.739493322664188,2.2074974317939184,1.1584320406371145e-08,0,0,0,0,0,1,-90,90
9,11,5.504114700914218,2.1169671926593145,5.55462169430758e-09,0,0,0,0,0,1,-90,90
5,7,0.9837921265033264,0.37838158711666403,1.9856392482724643e-09,0,0,0,0,0,1,-90,90
10,12,1.0174501980547503,0.391326999251827,2.0535730994318677e-09,0,0,0,0,0,1,-90,90
11,22,4.659589999999999,1.7921499999999997,4.70234744495417e-09,0,0,0,0,0,1,-90,90
7,8,0.33855367208624665,0.13021295080240258,6.833206333237963e-10,0,0,0,0,0,1,-90,90
12,13,0.9396097070599603,0.3613883488692155,9.482317768832753e-10,0,0,0,0,0,1,-90,90
13,15,2.01367367178003,0.7744898737615502,2.03215159390983e-09,0,0,0,0,0,1,-90,90
13,16,2.964318685968338,1.140122571526284,2.9915199403795433e-09,0,0,0,0,0,1,-90,90
16,17,3.8619575605800334,1.485368292530782,3.897395751024222e-09,0,0,0,0,0,1,-90,90
17,18,2.225427381732746,0.8559336083587485,2.2458484034908705e-09,0,0,0,0,0,1,-90,90
19,20,3.2914083553498537,1.2659262905191746,3.321611058071674e-09,0,0,0,0,0,1,-90,90
20,21,2.3208580363482305,0.892637706287781,2.3421547512385107e-09,0,0,0,0,0,1,-90,90
18,21,3.8794599999999995,1.4920999999999995,3.9150587967614964e-09,0,0,0,0,0,1,-90,90
