BUS_I,BUS_TYPE,Pd,Qd,Gs,Bs,area,Vm,Va,baseKV,zone,Vmax,Vmin
1,1,0.002486867765924401,0.0006232678127837865,0,0,1,1,0,0.4,1,1.1,0.9
2,1,0.0010139536704324974,0.00025412074381029486,0,0,1,1,0,0.4,1,1.1,0.9
3,1,0.0,0.0,0,0,1,1,0,0.4,1,1.1,0.9
4,1,0.0,0.0,0,0,1,1,0,0.4,1,1.1,0.9
5,1,0.011931989957177244,0.0029904385688169486,0,0,1,1,0,0.4,1,1.1,0.9
6,1,0.0007649642381616211,0.00019171810986885534,0,0,1,1,0,0.4,1,1.1,0.9
16,1,0.0,0.0,0,0,1,1,0,0.4,1,1.1,0.9
18,1,0.027321643977096105,0.00684744943683494,0,0,1,1,0,0.4,1,1.1,0.9
8,1,0.007409337247061596,0.0018569549549157282,0,0,1,1,0,0.4,1,1.1,0.9
33,1,0.0026124908810320345,0.0006547519331946346,0,0,1,1,0,0.4,1,1.1,0.9
13,1,0.0,0.0,0,0,1,1,0,0.4,1,1.1,0.9
15,1,0.01939526775745273,0.004860912300678773,0,0,1,1,0,0.4,1,1.1,0.9
12,1,0.02104391642279913,0.005274102604473396,0,0,1,1,0,0.4,1,1.1,0.9
7,1,0.005073938967897385,0.0012716489738827399,0,0,1,1,0,0.4,1,1.1,0.9
9,1,0.0,0.0,0,0,1,1,0,0.4,1,1.1,0.9
10,1,0.0021838511089555435,0.0005473246799747798,0,0,1,1,0,0.4,1,1.1,0.9
24,1,0.0,0.0,0,0,1,1,0,0.4,1,1.1,0.9
21,1,0.0,0.0,0,0,1,1,0,0.4,1,1.1,0.9
17,3,0.0,0.0,0,0,1,1,0,0.4,1,1.1,0.9
19,1,0.009156909814117533,0.002294937925491982,0,0,1,1,0,0.4,1,1.1,0.9
26,1,0.0,0.0,0,0,1,1,0,0.4,1,1.1,0.9
20,1,0.03366934707095948,0.008438333792538704,0,0,1,1,0,0.4,1,1.1,0.9
25,1,0.003496078528566576,0.0008761998718536965,0,0,1,1,0,0.4,1,1.1,0.9
27,1,0.0,0.0,0,0,1,1,0,0.4,1,1.1,0.9
29,1,0.0,0.0,0,0,1,1,0,0.4,1,1.1,0.9
28,1,0.0,0.0,0,0,1,1,0,0.4,1,1.1,0.9
30,1,0.0068452282804889976,0.0017155759211830138,0,0,1,1,0,0.4,1,1.1,0.9
32,1,0.0018289069328777086,0.0004583672841229971,0,0,1,1,0,0.4,1,1.1,0.9
31,1,0.002114313293529858,0.0005298968606431719,0,0,1,1,0,0.4,1,1.1,0.9
23,1,0.0025283335767273415,0.0006336601245739747,0,0,1,1,0,0.4,1,1.1,0.9
