BUS_I,BUS_TYPE,Pd,Qd,Gs,Bs,area,Vm,Va,baseKV,zone,Vmax,Vmin
1,1,0.012641620726299523,0.0031682888041271134,0,0,1,1,0,0.4,1,1.1,0.9
2,1,0.007976611453103214,0.0019991272724361147,0,0,1,1,0,0.4,1,1.1,0.9
4,1,0.0,0.0,0,0,1,1,0,0.4,1,1.1,0.9
32,1,0.011945792555021843,0.002993897825914255,0,0,1,1,0,0.4,1,1.1,0.9
17,1,0.0,0.0,0,0,1,1,0,0.4,1,1.1,0.9
18,3,0.006460440800391755,0.0016191390883152047,0,0,1,1,0,0.4,1,1.1,0.9
9,1,0.028563118889956975,0.007158592379040037,0,0,1,1,0,0.4,1,1.1,0.9
6,1,0.006231398961221798,0.001561735792453846,0,0,1,1,0,0.4,1,1.1,0.9
7,1,0.0073232250922885276,0.0018353732145856149,0,0,1,1,0,0.4,1,1.1,0.9
12,1,0.023529261581317296,0.005896988815870564,0,0,1,1,0,0.4,1,1.1,0.9
13,1,0.0,0.0,0,0,1,1,0,0.4,1,1.1,0.9
14,1,0.00885040308650192,0.0022181200985282356,0,0,1,1,0,0.4,1,1.1,0.9
15,1,0.004997121408735844,0.0012523966787916876,0,0,1,1,0,0.4,1,1.1,0.9
23,1,0.005174753471632678,0.0012969154701962754,0,0,1,1,0,0.4,1,1.1,0.9
24,1,0.005094873675493031,0.0012768957061751408,0,0,1,1,0,0.4,1,1.1,0.9
31,1,0.007561465814581556,0.0018950819678752817,0,0,1,1,0,0.4,1,1.1,0.9
30,1,0.005496697884049006,0.0013776023456764034,0,0,1,1,0,0.4,1,1.1,0.9
19,1,0.006573944954399865,0.0016475859107718915,0,0,1,1,0,0.4,1,1.1,0.9
20,1,0.0,0.0,0,0,1,1,0,0.4,1,1.1,0.9
21,1,0.006314254828478787,0.0015825014302047423,0,0,1,1,0,0.4,1,1.1,0.9
22,1,0.005448287536002928,0.0013654695687928826,0,0,1,1,0,0.4,1,1.1,0.9
25,1,0.00775556874065771,0.0019437287467061008,0,0,1,1,0,0.4,1,1.1,0.9
26,1,0.00954057759997719,0.002391094136531799,0,0,1,1,0,0.4,1,1.1,0.9
27,1,0.006193058752429738,0.001552126830367911,0,0,1,1,0,0.4,1,1.1,0.9
29,1,0.014033315402330255,0.003517080367827362,0,0,1,1,0,0.4,1,1.1,0.9
28,1,0.005914602701993926,0.0014823391657845357,0,0,1,1,0,0.4,1,1.1,0.9
