F_BUS,T_BUS,BR_R,BR_X,BR_B,RATE_A,RATE_B,RATE_C,TAP,SHIFT,BR_STATUS,ANGMIN,ANGMAX
1,2,0.20107338550276516,0.1286869667217697,6.753127016857026e-10,0,0,0,0,0,1,-90,90
2,4,0.20556437727468235,0.13156120145579672,6.903958703465296e-10,0,0,0,0,0,1,-90,90
4,11,0.23902343749999996,0.15297499999999997,8.027694114799139e-10,0,0,0,0,0,1,-90,90
4,12,2.4771925651197138,1.5854032416766168,4.1598732710543735e-09,0,0,0,0,0,1,-90,90
3,5,1.7979824059807865,1.1507087398277034,3.0192965447173693e-09,0,0,0,0,0,1,-90,90
3,10,1.4984326005365434,0.9589968643433878,2.5162717712045254e-09,0,0,0,0,0,1,-90,90
5,6,0.6522782603453254,0.4174580866210083,1.0953508171736488e-09,0,0,0,0,0,1,-90,90
10,14,2.48110268633488,1.5879057192543231,4.166439417327611e-09,0,0,0,0,0,1,-90,90
11,15,0.562287444318854,0.35986396436406665,1.8884640162469066e-09,0,0,0,0,0,1,-90,90
6,8,9.71861214134116,6.219911770458341,1.6320166404405405e-08,0,0,0,0,0,1,-90,90
8,13,2.27675061963598,1.4571203965670272,3.8232772780110855e-09,0,0,0,0,0,1,-90,90
14,15,1.4972625113998952,0.9582480072959328,2.514306876511706e-09,0,0,0,0,0,1,-90,90
