F_BUS,T_BUS,BR_R,BR_X,BR_B,RATE_A,RATE_B,RATE_C,TAP,SHIFT,BR_STATUS,ANGMIN,ANGMAX
1,2,4.956514939805264,1.9063518999251017,5.001997034732767e-09,0,0,0,0,0,1,-90,90
1,3,0.12154785943977621,0.046749176707606234,1.2266320991252025e-10,0,0,0,0,0,1,-90,90
2,4,3.1310086530191734,1.2042340973150665,3.1597394920270033e-09,0,0,0,0,0,1,-90,90
3,5,5.025090459906932,1.9327270999642048,5.071201819217342e-09,0,0,0,0,0,1,-90,90
4,20,6.3467301449845275,2.4410500557632804,6.40496916704723e-09,0,0,0,0,0,1,-90,90
4,21,0.34860068038987174,0.13407718476533528,3.517995185715049e-10,0,0,0,0,0,1,-90,90
5,23,0.060758133751884276,0.023368512981493957,6.131566404090418e-11,0,0,0,0,0,1,-90,90
20,16,2.8764026055245497,1.1063086944325193,2.9027971222248916e-09,0,0,0,0,0,1,-90,90
21,25,4.5072115690742285,1.7335429111823957,4.5485707553033795e-09,0,0,0,0,0,1,-90,90
23,22,4.584349797642019,1.7632114606315457,4.626416821591194e-09,0,0,0,0,0,1,-90,90
16,17,0.9612199999999999,0.3696999999999999,9.70040370727649e-10,0,0,0,0,0,1,-90,90
16,14,4.454579999999999,1.7132999999999996,4.4954562271238335e-09,0,0,0,0,0,1,-90,90
22,19,3.8702811058204567,1.488569656084791,3.905795674986259e-09,0,0,0,0,0,1,-90,90
6,7,3.357116263081801,1.2911985627237694,3.387921916331007e-09,0,0,0,0,0,1,-90,90
7,8,0.5071695559094475,0.195065213811326,5.118234577268239e-10,0,0,0,0,0,1,-90,90
8,18,3.1626959778004506,1.2164215299232504,3.1917175868213253e-09,0,0,0,0,0,1,-90,90
11,10,5.675565643412561,2.1829098628509853,5.727645909183153e-09,0,0,0,0,0,1,-90,90
10,12,7.015490003538854,2.698265385976483,7.07986571634896e-09,0,0,0,0,0,1,-90,90
10,9,1.8248605475682476,0.7018694413724029,1.8416058780397452e-09,0,0,0,0,0,1,-90,90
18,19,5.5679744089817245,2.141528618839125,5.6190673934070195e-09,0,0,0,0,0,1,-90,90
19,24,5.880967140975477,2.261910438836722,5.93493221704602e-09,0,0,0,0,0,1,-90,90
12,13,1.029231625011189,0.3958583173119959,1.0386760856936755e-09,0,0,0,0,0,1,-90,90
12,14,2.9548946627813932,1.136497947223613,2.982009440238046e-09,0,0,0,0,0,1,-90,90
17,26,2.7326296647249086,1.0510114095095804,2.7577048886114754e-09,0,0,0,0,0,1,-90,90
26,27,3.9641844658932435,1.524686333035863,4.0005607133932605e-09,0,0,0,0,0,1,-90,90
