BUS_I,BUS_TYPE,Pd,Qd,Gs,Bs,area,Vm,Va,baseKV,zone,Vmax,Vmin
1,1,0.012589040842839079,0.003155111043166174,0,0,1,1,0,0.4,1,1.1,0.9
2,1,0.07657853305810124,0.019192389502693235,0,0,1,1,0,0.4,1,1.1,0.9
3,1,0.011144507261846572,0.0027930768015975373,0,0,1,1,0,0.4,1,1.1,0.9
4,1,0.012666432257024554,0.0031745071598831783,0,0,1,1,0,0.4,1,1.1,0.9
5,1,0.0,0.0,0,0,1,1,0,0.4,1,1.1,0.9
6,1,0.011570132085946795,0.0028997484376283426,0,0,1,1,0,0.4,1,1.1,0.9
7,1,0.007085380708359576,0.0017757637930532232,0,0,1,1,0,0.4,1,1.1,0.9
8,1,0.017724738985944205,0.004442238325376559,0,0,1,1,0,0.4,1,1.1,0.9
10,1,0.00646842435536938,0.0016211399557989224,0,0,1,1,0,0.4,1,1.1,0.9
15,3,0.048026606930244846,0.012036602294257372,0,0,1,1,0,0.4,1,1.1,0.9
11,1,0.006408240427286605,0.0016060564416149887,0,0,1,1,0,0.4,1,1.1,0.9
14,1,0.0,0.0,0,0,1,1,0,0.4,1,1.1,0.9
13,1,0.045760225284463434,0.011468593512023456,0,0,1,1,0,0.4,1,1.1,0.9
16,1,0.06962371051513534,0.017449346670239917,0,0,1,1,0,0.4,1,1.1,0.9
