F_BUS,T_BUS,BR_R,BR_X,BR_B,RATE_A,RATE_B,RATE_C,TAP,SHIFT,BR_STATUS,ANGMIN,ANGMAX
1,2,1.5293506449601972,0.5882117865231529,1.5433843101576737e-09,0,0,0,0,0,1,-90,90
1,3,1.2892767416602817,0.4958756698693391,1.3011074347710986e-09,0,0,0,0,0,1,-90,90
2,4,1.2960228035134054,0.4984703090436175,1.3079154000037777e-09,0,0,0,0,0,1,-90,90
3,5,2.091302895525084,0.8043472675096477,2.110493160856993e-09,0,0,0,0,0,1,-90,90
4,7,3.738991534468888,1.4380736671034187,3.773301361024263e-09,0,0,0,0,0,1,-90,90
4,11,3.37363382735348,1.2975514720590309,3.404591049484309e-09,0,0,0,0,0,1,-90,90
24,9,1.8567659831006955,0.7141407627310367,3.747608170037008e-09,0,0,0,0,0,1,-90,90
24,22,1.4095968403324584,0.5421526308970994,2.8450632354146207e-09,0,0,0,0,0,1,-90,90
9,8,2.4904097221623474,0.9578498931393643,2.5132622814237167e-09,0,0,0,0,0,1,-90,90
9,10,2.2977471693622658,0.8837489112931791,2.318831813743554e-09,0,0,0,0,0,1,-90,90
22,23,8.61961276582328,3.315235679162801,8.6987082695824e-09,0,0,0,0,0,1,-90,90
7,12,3.8082353406320553,1.4647059002430982,3.843180563913417e-09,0,0,0,0,0,1,-90,90
11,10,0.2570943931006077,0.09888245888484914,2.5945354902656363e-10,0,0,0,0,0,1,-90,90
15,17,3.26001,1.2538499999999997,3.2899245843572155e-09,0,0,0,0,0,1,-90,90
15,16,7.42368335078527,2.8552628272251037,7.49180473747989e-09,0,0,0,0,0,1,-90,90
17,20,2.8472676767197593,1.0951029525845226,2.8733948447661173e-09,0,0,0,0,0,1,-90,90
17,18,3.6364661970454755,1.3986408450174908,3.669835228064916e-09,0,0,0,0,0,1,-90,90
20,23,5.274761533191363,2.0287544358428318,5.323163930376909e-09,0,0,0,0,0,1,-90,90
23,25,3.12020397488553,1.2000784518790502,3.1488356677387537e-09,0,0,0,0,0,1,-90,90
25,30,0.2304662841901576,0.088640878534676,2.325810946048191e-10,0,0,0,0,0,1,-90,90
30,27,3.0646097871454843,1.1786960719790325,3.0927313352387464e-09,0,0,0,0,0,1,-90,90
27,29,0.9150836995640093,0.3519552690630805,9.234807132309984e-10,0,0,0,0,0,1,-90,90
27,26,5.6751082409323,2.1827339388201152,5.727184309474943e-09,0,0,0,0,0,1,-90,90
26,28,7.905126740413909,3.0404333616976573,7.977665959842868e-09,0,0,0,0,0,1,-90,90
28,31,1.1184803232809004,0.4301847397234233,1.1287437500748898e-09,0,0,0,0,0,1,-90,90
29,32,1.3668967389644886,0.5257295149863418,1.3794396906135197e-09,0,0,0,0,0,1,-90,90
