F_BUS,T_BUS,BR_R,BR_X,BR_B,RATE_A,RATE_B,RATE_C,TAP,SHIFT,BR_STATUS,ANGMIN,ANGMAX
1,2,0.4570867573362591,0.17580259897548425,4.6128108813920203e-10,0,0,0,0,0,1,-90,90
1,3,3.252661907736077,1.2510238106677223,3.2825090643473995e-09,0,0,0,0,0,1,-90,90
3,5,2.6828099999999995,1.0318499999999997,2.707428067447456e-09,0,0,0,0,0,1,-90,90
3,6,0.2839333149453306,0.10920512113281947,2.8653875084944014e-10,0,0,0,0,0,1,-90,90
5,11,1.700449497900083,0.6540190376538781,3.432106409243756e-09,0,0,0,0,0,1,-90,90
6,7,2.564708244542778,0.9864262479010686,2.588242583742052e-09,0,0,0,0,0,1,-90,90
11,10,1.340278868685542,0.5154918725713624,1.3525775687752621e-09,0,0,0,0,0,1,-90,90
7,8,4.65752205176906,1.7913546352957928,4.700260520765549e-09,0,0,0,0,0,1,-90,90
10,12,4.788538371766607,1.841745527602541,4.832479075957692e-09,0,0,0,0,0,1,-90,90
12,13,3.1751541394180345,1.2212131305453977,3.2042900673295392e-09,0,0,0,0,0,1,-90,90
12,14,2.118758418835528,0.814907084167511,2.1382006222192046e-09,0,0,0,0,0,1,-90,90
13,15,1.4434970999852408,0.5551911923020157,1.4567429537608139e-09,0,0,0,0,0,1,-90,90
15,16,4.0136199999999995,1.5436999999999996,4.05044987907025e-09,0,0,0,0,0,1,-90,90
15,17,4.985859490676058,1.9176382656446374,5.031610857796728e-09,0,0,0,0,0,1,-90,90
16,20,2.3689002099775953,0.9111154653759983,2.390637770649251e-09,0,0,0,0,0,1,-90,90
17,18,2.3731502888747924,0.9127501111056895,2.394926849225496e-09,0,0,0,0,0,1,-90,90
20,21,2.241095970982924,0.8619599888395862,2.261660771237091e-09,0,0,0,0,0,1,-90,90
18,19,5.250758904241479,2.019522655477492,5.298941047909853e-09,0,0,0,0,0,1,-90,90
