F_BUS,T_BUS,BR_R,BR_X,BR_B,RATE_A,RATE_B,RATE_C,TAP,SHIFT,BR_STATUS,ANGMIN,ANGMAX
1,2,2.4151667963946095,0.928910306305619,2.437328909660365e-09,0,0,0,0,0,1,-90,90
1,3,8.54990191670884,3.288423814118785,8.628357738050897e-09,0,0,0,0,0,1,-90,90
3,4,2.8013699999999995,1.0774499999999998,2.827076000650542e-09,0,0,0,0,0,1,-90,90
3,5,7.1423299999999985,2.7470499999999993,7.207869625121418e-09,0,0,0,0,0,1,-90,90
4,21,2.6440748120541393,1.0169518507900537,5.336674873424683e-09,0,0,0,0,0,1,-90,90
4,18,1.691522255047609,0.6505854827106189,3.4140880867656764e-09,0,0,0,0,0,1,-90,90
5,9,2.753206685455393,1.0589256482520744,2.7784707287083e-09,0,0,0,0,0,1,-90,90
5,6,3.2326125455436494,1.2433125175167883,3.262275724701953e-09,0,0,0,0,0,1,-90,90
21,27,6.363417185678612,2.447468148337928,1.284361866355335e-08,0,0,0,0,0,1,-90,90
18,19,0.6332425779305053,0.24355483766557898,6.390533541293769e-10,0,0,0,0,0,1,-90,90
6,7,2.387667186462034,0.9183335332546285,2.40957695712727e-09,0,0,0,0,0,1,-90,90
27,14,6.7627423230779,2.6010547396453463,1.3649597532748071e-08,0,0,0,0,0,1,-90,90
19,20,0.5539452782515206,0.2130558762505849,5.590284046086597e-10,0,0,0,0,0,1,-90,90
7,8,1.3869731859666756,0.5334512253717983,1.3997003636050258e-09,0,0,0,0,0,1,-90,90
10,11,2.928043437091319,1.1261705527274302,2.954911821666968e-09,0,0,0,0,0,1,-90,90
10,12,2.021261134957737,0.777408128829899,2.0398086813547284e-09,0,0,0,0,0,1,-90,90
11,13,1.7045322602899031,0.6555893308807321,1.7201734313568753e-09,0,0,0,0,0,1,-90,90
12,14,1.0535359972580312,0.4052061527915505,1.063203480321991e-09,0,0,0,0,0,1,-90,90
13,15,0.17528298564295003,0.06741653293959617,1.7689142170921999e-10,0,0,0,0,0,1,-90,90
15,16,4.6399286027732485,1.7845879241435572,4.68250563032811e-09,0,0,0,0,0,1,-90,90
16,17,4.974223941716778,1.913163054506453,5.01986853842543e-09,0,0,0,0,0,1,-90,90
20,23,2.2700799187961613,0.8731076610754467,2.2909106822688043e-09,0,0,0,0,0,1,-90,90
23,24,8.994579310886543,3.459453581110209,9.077115591926538e-09,0,0,0,0,0,1,-90,90
23,22,1.0398380878258158,0.3999377260868523,1.0493798757945987e-09,0,0,0,0,0,1,-90,90
24,28,0.7586204040336312,0.2917770784744736,7.655816753400289e-10,0,0,0,0,0,1,-90,90
28,26,2.594423327424652,0.9978551259325587,2.618230338902094e-09,0,0,0,0,0,1,-90,90
