BUS_I,BUS_TYPE,Pd,Qd,Gs,Bs,area,Vm,Va,baseKV,zone,Vmax,Vmin
1,1,0.0009120602219862456,0.00022858383846282194,0,0,1,1,0,0.4,1,1.1,0.9
2,1,0.006578045554656255,0.001648613618070173,0,0,1,1,0,0.4,1,1.1,0.9
3,1,0.0,0.0,0,0,1,1,0,0.4,1,1.1,0.9
4,1,0.0,0.0,0,0,1,1,0,0.4,1,1.1,0.9
5,1,0.0,0.0,0,0,1,1,0,0.4,1,1.1,0.9
21,1,0.01684718572763127,0.0042223027472149755,0,0,1,1,0,0.4,1,1.1,0.9
18,3,0.0057138902598002856,0.0014320358860691294,0,0,1,1,0,0.4,1,1.1,0.9
9,1,0.001649328674764727,0.000413360730219639,0,0,1,1,0,0.4,1,1.1,0.9
6,1,0.007142623751335758,0.0017901102519529352,0,0,1,1,0,0.4,1,1.1,0.9
27,1,0.0,0.0,0,0,1,1,0,0.4,1,1.1,0.9
19,1,0.0070552666562953064,0.0017682165001809069,0,0,1,1,0,0.4,1,1.1,0.9
7,1,0.006025977880165024,0.0015102524166007896,0,0,1,1,0,0.4,1,1.1,0.9
8,1,0.0033975496334636302,0.0008515062030594535,0,0,1,1,0,0.4,1,1.1,0.9
10,1,0.006082875340066137,0.0015245122642177126,0,0,1,1,0,0.4,1,1.1,0.9
11,1,0.004006160923491891,0.0010040385703887764,0,0,1,1,0,0.4,1,1.1,0.9
12,1,0.00854446683466099,0.002141445246270746,0,0,1,1,0,0.4,1,1.1,0.9
13,1,0.014220377242820588,0.0035639624842692796,0,0,1,1,0,0.4,1,1.1,0.9
14,1,0.007229868344959069,0.0018119758082120547,0,0,1,1,0,0.4,1,1.1,0.9
15,1,0.009088080223730475,0.002277687604086413,0,0,1,1,0,0.4,1,1.1,0.9
16,1,0.015600475647229379,0.0039098477483466496,0,0,1,1,0,0.4,1,1.1,0.9
17,1,0.02204036589235524,0.00552383638201864,0,0,1,1,0,0.4,1,1.1,0.9
20,1,0.010255001132253428,0.0025701455515142776,0,0,1,1,0,0.4,1,1.1,0.9
23,1,0.0,0.0,0,0,1,1,0,0.4,1,1.1,0.9
24,1,0.02337074321019595,0.005857260367173525,0,0,1,1,0,0.4,1,1.1,0.9
22,1,0.00883195435288904,0.002213496410045444,0,0,1,1,0,0.4,1,1.1,0.9
28,1,0.0,0.0,0,0,1,1,0,0.4,1,1.1,0.9
26,1,0.00690375466525799,0.0017302440158541244,0,0,1,1,0,0.4,1,1.1,0.9
