BUS_I,BUS_TYPE,Pd,Qd,Gs,Bs,area,Vm,Va,baseKV,zone,Vmax,Vmin
1,1,0.008774492507275312,0.0021990951140356918,0,0,1,1,0,0.4,1,1.1,0.9
2,1,0.006199657712691956,0.0015537806857057925,0,0,1,1,0,0.4,1,1.1,0.9
4,1,0.0,0.0,0,0,1,1,0,0.4,1,1.1,0.9
7,1,0.011845244974528999,0.0029686982268711665,0,0,1,1,0,0.4,1,1.1,0.9
19,1,0.014704480511999874,0.0036852902001523547,0,0,1,1,0,0.4,1,1.1,0.9
14,1,0.008095608414968354,0.0020289507223058075,0,0,1,1,0,0.4,1,1.1,0.9
11,1,0.0052723109263526444,0.0013213656730808928,0,0,1,1,0,0.4,1,1.1,0.9
18,1,0.0,0.0,0,0,1,1,0,0.4,1,1.1,0.9
21,1,0.002808990925332052,0.0007039994864827221,0,0,1,1,0,0.4,1,1.1,0.9
16,1,0.0,0.0,0,0,1,1,0,0.4,1,1.1,0.9
17,1,0.007227736550155851,0.0018114415300720945,0,0,1,1,0,0.4,1,1.1,0.9
13,3,0.012038933943640301,0.0030172412583071282,0,0,1,1,0,0.4,1,1.1,0.9
8,1,0.002553915861423291,0.0006400716494837159,0,0,1,1,0,0.4,1,1.1,0.9
9,1,0.011654350518497688,0.0029208555664316156,0,0,1,1,0,0.4,1,1.1,0.9
10,1,0.0,0.0,0,0,1,1,0,0.4,1,1.1,0.9
12,1,0.015396638132292835,0.0038587612515740485,0,0,1,1,0,0.4,1,1.1,0.9
20,1,0.005219091283459494,0.001308027573292214,0,0,1,1,0,0.4,1,1.1,0.9
