BUS_I,BUS_TYPE,Pd,Qd,Gs,Bs,area,Vm,Va,baseKV,zone,Vmax,Vmin
1,1,0.021656053790317674,0.005427518690123085,0,0,1,1,0,0.4,1,1.1,0.9
2,1,0.0,0.0,0,0,1,1,0,0.4,1,1.1,0.9
7,1,0.0,0.0,0,0,1,1,0,0.4,1,1.1,0.9
3,3,0.07680434154010103,0.01924898244286178,0,0,1,1,0,0.4,1,1.1,0.9
6,1,0.0,0.0,0,0,1,1,0,0.4,1,1.1,0.9
5,1,0.0,0.0,0,0,1,1,0,0.4,1,1.1,0.9
9,1,0.0,0.0,0,0,1,1,0,0.4,1,1.1,0.9
11,1,0.07152896060830363,0.01792684735388954,0,0,1,1,0,0.4,1,1.1,0.9
10,1,0.028373123555623297,0.007110975059739082,0,0,1,1,0,0.4,1,1.1,0.9
12,1,0.060104045390810656,0.01506349369415035,0,0,1,1,0,0.4,1,1.1,0.9
13,1,0.02663771075245608,0.006676039613259901,0,0,1,1,0,0.4,1,1.1,0.9
14,1,0.0237717254967757,0.0059577560011376835,0,0,1,1,0,0.4,1,1.1,0.9
