BUS_I,BUS_TYPE,Pd,Qd,Gs,Bs,area,Vm,Va,baseKV,zone,Vmax,Vmin
18,1,0.0065447205627658794,0.0016402615878210569,0,0,1,1,0,0.4,1,1.1,0.9
40,1,0.004775461757952804,0.0011968435337395178,0,0,1,1,0,0.4,1,1.1,0.9
26,1,0.0031848507832894658,0.000798198846332989,0,0,1,1,0,0.4,1,1.1,0.9
27,1,0.0,0.0,0,0,1,1,0,0.4,1,1.1,0.9
31,1,0.0035171474317031866,0.000881480236718946,0,0,1,1,0,0.4,1,1.1,0.9
29,1,0.008371846227778434,0.0020981824441357448,0,0,1,1,0,0.4,1,1.1,0.9
30,1,0.0,0.0,0,0,1,1,0,0.4,1,1.1,0.9
58,3,0.0062180085359488935,0.0015583798355403163,0,0,1,1,0,0.4,1,1.1,0.9
61,1,0.0020431780219275575,0.000512068681054835,0,0,1,1,0,0.4,1,1.1,0.9
60,1,0.0020125012606207093,0.0005043803599526865,0,0,1,1,0,0.4,1,1.1,0.9
32,1,0.004962675435887052,0.0012437637042319422,0,0,1,1,0,0.4,1,1.1,0.9
33,1,0.0,0.0,0,0,1,1,0,0.4,1,1.1,0.9
34,1,0.0,0.0,0,0,1,1,0,0.4,1,1.1,0.9
35,1,0.0060255413074852,0.0015101430011734784,0,0,1,1,0,0.4,1,1.1,0.9
36,1,0.00713719803561918,0.0017887504394153348,0,0,1,1,0,0.4,1,1.1,0.9
37,1,0.005943794011584996,0.0014896551975938737,0,0,1,1,0,0.4,1,1.1,0.9
38,1,0.0030774846440682797,0.0007712903553885363,0,0,1,1,0,0.4,1,1.1,0.9
39,1,0.006439173071331336,0.0016138088929763149,0,0,1,1,0,0.4,1,1.1,0.9
47,1,0.003071456830941392,0.0007697796430157503,0,0,1,1,0,0.4,1,1.1,0.9
48,1,0.0,0.0,0,0,1,1,0,0.4,1,1.1,0.9
72,1,0.0029700566987745257,0.0007443663743821696,0,0,1,1,0,0.4,1,1.1,0.9
50,1,0.001992038476100525,0.0004992519027318739,0,0,1,1,0,0.4,1,1.1,0.9
49,1,0.002857112360024648,0.0007160598548544692,0,0,1,1,0,0.4,1,1.1,0.9
52,1,0.002109847279880601,0.0005287775721159831,0,0,1,1,0,0.4,1,1.1,0.9
53,1,0.007105798881342382,0.00178088106956885,0,0,1,1,0,0.4,1,1.1,0.9
55,1,0.0,0.0,0,0,1,1,0,0.4,1,1.1,0.9
56,1,0.0020549749340648352,0.000515025265930859,0,0,1,1,0,0.4,1,1.1,0.9
57,1,0.00671323802447117,0.0016824960448404837,0,0,1,1,0,0.4,1,1.1,0.9
