BUS_I,BUS_TYPE,Pd,Qd,Gs,Bs,area,Vm,Va,baseKV,zone,Vmax,Vmin
1,1,0.005801633665013785,0.0014540264562968516,0,0,1,1,0,0.4,1,1.1,0.9
2,1,0.004917229263869595,0.001232373819887936,0,0,1,1,0,0.4,1,1.1,0.9
4,1,0.0,0.0,0,0,1,1,0,0.4,1,1.1,0.9
17,1,0.0,0.0,0,0,1,1,0,0.4,1,1.1,0.9
5,1,0.03135047195008633,0.007857168905322388,0,0,1,1,0,0.4,1,1.1,0.9
15,1,0.017293374672440086,0.004334128237709411,0,0,1,1,0,0.4,1,1.1,0.9
7,1,0.0,0.0,0,0,1,1,0,0.4,1,1.1,0.9
22,1,0.012284510428640042,0.0030787885270337485,0,0,1,1,0,0.4,1,1.1,0.9
21,1,0.024339551985855044,0.006100066733834653,0,0,1,1,0,0.4,1,1.1,0.9
8,1,0.0,0.0,0,0,1,1,0,0.4,1,1.1,0.9
10,1,0.0,0.0,0,0,1,1,0,0.4,1,1.1,0.9
9,1,0.0,0.0,0,0,1,1,0,0.4,1,1.1,0.9
20,1,0.018937546410304214,0.004746196517712459,0,0,1,1,0,0.4,1,1.1,0.9
29,1,0.09535828854624918,0.023899039887604816,0,0,1,1,0,0.4,1,1.1,0.9
11,1,0.0,0.0,0,0,1,1,0,0.4,1,1.1,0.9
13,1,0.0,0.0,0,0,1,1,0,0.4,1,1.1,0.9
19,1,0.005669866281960279,0.0014210024371844102,0,0,1,1,0,0.4,1,1.1,0.9
25,1,0.0053446196280974535,0.0013394879419844708,0,0,1,1,0,0.4,1,1.1,0.9
23,1,0.0052247594660351886,0.0013094481537528318,0,0,1,1,0,0.4,1,1.1,0.9
14,1,0.0,0.0,0,0,1,1,0,0.4,1,1.1,0.9
26,1,0.0,0.0,0,0,1,1,0,0.4,1,1.1,0.9
18,1,0.00491610365528323,0.001232091715784418,0,0,1,1,0,0.4,1,1.1,0.9
16,1,0.01879558178863299,0.0047106168296992485,0,0,1,1,0,0.4,1,1.1,0.9
32,1,0.03303214847800987,0.008278636771740743,0,0,1,1,0,0.4,1,1.1,0.9
31,1,0.03290921047528656,0.00824782560392745,0,0,1,1,0,0.4,1,1.1,0.9
30,3,0.01776846722412299,0.0044531976549155175,0,0,1,1,0,0.4,1,1.1,0.9
27,1,0.004350677131416371,0.0010903824710673225,0,0,1,1,0,0.4,1,1.1,0.9
28,1,0.005243217161364032,0.0013140740882533588,0,0,1,1,0,0.4,1,1.1,0.9
24,1,0.005335342013118338,0.0013371627524930488,0,0,1,1,0,0.4,1,1.1,0.9
