BUS_I,BUS_TYPE,Pd,Qd,Gs,Bs,area,Vm,Va,baseKV,zone,Vmax,Vmin
1,1,0.05831306490832381,0.014614631674483174,0,0,1,1,0,0.4,1,1.1,0.9
2,1,0.0,0.0,0,0,1,1,0,0.4,1,1.1,0.9
3,1,0.0,0.0,0,0,1,1,0,0.4,1,1.1,0.9
6,1,0.0,0.0,0,0,1,1,0,0.4,1,1.1,0.9
37,1,0.0057842788978193695,0.0014496769416427766,0,0,1,1,0,0.4,1,1.1,0.9
40,1,0.005735357543059329,0.0014374160944045334,0,0,1,1,0,0.4,1,1.1,0.9
5,1,0.0,0.0,0,0,1,1,0,0.4,1,1.1,0.9
41,1,0.004417954769247522,0.0011072438364985058,0,0,1,1,0,0.4,1,1.1,0.9
20,1,0.00439305108199247,0.0011010023841388794,0,0,1,1,0,0.4,1,1.1,0.9
36,1,0.0030159810249800073,0.0007558760954617783,0,0,1,1,0,0.4,1,1.1,0.9
21,3,0.0,0.0,0,0,1,1,0,0.4,1,1.1,0.9
18,1,0.0,0.0,0,0,1,1,0,0.4,1,1.1,0.9
10,1,0.0,0.0,0,0,1,1,0,0.4,1,1.1,0.9
7,1,0.05328812279480924,0.013355262469827774,0,0,1,1,0,0.4,1,1.1,0.9
8,1,0.0,0.0,0,0,1,1,0,0.4,1,1.1,0.9
11,1,0.0,0.0,0,0,1,1,0,0.4,1,1.1,0.9
45,1,0.007031404036262172,0.0017622359638616329,0,0,1,1,0,0.4,1,1.1,0.9
14,1,0.0,0.0,0,0,1,1,0,0.4,1,1.1,0.9
19,1,0.0,0.0,0,0,1,1,0,0.4,1,1.1,0.9
13,1,0.0,0.0,0,0,1,1,0,0.4,1,1.1,0.9
42,1,0.016605564266300714,0.00416174670085473,0,0,1,1,0,0.4,1,1.1,0.9
43,1,0.029461495023812356,0.0073837466617395296,0,0,1,1,0,0.4,1,1.1,0.9
30,1,0.0,0.0,0,0,1,1,0,0.4,1,1.1,0.9
44,1,0.00805920984699918,0.002019828381280097,0,0,1,1,0,0.4,1,1.1,0.9
27,1,0.0,0.0,0,0,1,1,0,0.4,1,1.1,0.9
24,1,0.0,0.0,0,0,1,1,0,0.4,1,1.1,0.9
25,1,0.026762125653657102,0.006707220926722481,0,0,1,1,0,0.4,1,1.1,0.9
22,1,0.0,0.0,0,0,1,1,0,0.4,1,1.1,0.9
29,1,0.0,0.0,0,0,1,1,0,0.4,1,1.1,0.9
26,1,0.007778672230259112,0.0019495190270052169,0,0,1,1,0,0.4,1,1.1,0.9
38,1,0.0048650810072290674,0.0012193042348049722,0,0,1,1,0,0.4,1,1.1,0.9
35,1,0.00866055246429179,0.0021705390475041716,0,0,1,1,0,0.4,1,1.1,0.9
17,1,0.01682799375808365,0.00421749278624847,0,0,1,1,0,0.4,1,1.1,0.9
16,1,0.002553978810708468,0.0006400874260617174,0,0,1,1,0,0.4,1,1.1,0.9
23,1,0.026305527342831366,0.006592786603189663,0,0,1,1,0,0.4,1,1.1,0.9
39,1,0.003241363507967516,0.0008123622702138917,0,0,1,1,0,0.4,1,1.1,0.9
33,1,0.0,0.0,0,0,1,1,0,0.4,1,1.1,0.9
32,1,0.026520295310596163,0.006646612529665905,0,0,1,1,0,0.4,1,1.1,0.9
34,1,0.01383784351908363,0.0034680904959888945,0,0,1,1,0,0.4,1,1.1,0.9
