BUS_I,BUS_TYPE,Pd,Qd,Gs,Bs,area,Vm,Va,baseKV,zone,Vmax,Vmin
4,1,0.0,0.0,0,0,1,1,0,0.4,1,1.1,0.9
32,1,0.01923968021245331,0.00482191838624676,0,0,1,1,0,0.4,1,1.1,0.9
57,1,0.02689328047500926,0.00674009142340119,0,0,1,1,0,0.4,1,1.1,0.9
5,1,0.0,0.0,0,0,1,1,0,0.4,1,1.1,0.9
56,1,0.028471378556843653,0.007135600084255783,0,0,1,1,0,0.4,1,1.1,0.9
55,1,0.008838023703001824,0.0022150175325681798,0,0,1,1,0,0.4,1,1.1,0.9
7,1,0.0,0.0,0,0,1,1,0,0.4,1,1.1,0.9
8,1,0.0,0.0,0,0,1,1,0,0.4,1,1.1,0.9
60,1,0.02771866300358374,0.006946951784190556,0,0,1,1,0,0.4,1,1.1,0.9
58,1,0.029233100366652293,0.007326505564979107,0,0,1,1,0,0.4,1,1.1,0.9
31,1,0.003563014694851073,0.0008929756564482436,0,0,1,1,0,0.4,1,1.1,0.9
36,1,0.009713878374748998,0.002434527404808374,0,0,1,1,0,0.4,1,1.1,0.9
54,1,0.0,0.0,0,0,1,1,0,0.4,1,1.1,0.9
15,1,0.01716386172408489,0.004301669233191928,0,0,1,1,0,0.4,1,1.1,0.9
16,1,0.0289978493472979,0.007267546101875661,0,0,1,1,0,0.4,1,1.1,0.9
17,1,0.01794806512731192,0.004498209132339011,0,0,1,1,0,0.4,1,1.1,0.9
63,1,0.014585818155853364,0.003655550610380594,0,0,1,1,0,0.4,1,1.1,0.9
18,1,0.009726782623018175,0.0024377615142791523,0,0,1,1,0,0.4,1,1.1,0.9
19,1,0.0,0.0,0,0,1,1,0,0.4,1,1.1,0.9
59,1,0.012379303782305187,0.0031025459808939272,0,0,1,1,0,0.4,1,1.1,0.9
23,1,0.012379224315936873,0.003102526064744686,0,0,1,1,0,0.4,1,1.1,0.9
62,3,0.012379309952146828,0.003102547527202001,0,0,1,1,0,0.4,1,1.1,0.9
21,1,0.0,0.0,0,0,1,1,0,0.4,1,1.1,0.9
20,1,0.02019596246848857,0.005061585311159228,0,0,1,1,0,0.4,1,1.1,0.9
24,1,0.0016192644298706703,0.00040582592020084023,0,0,1,1,0,0.4,1,1.1,0.9
22,1,0.009614828755077054,0.0024097032301353587,0,0,1,1,0,0.4,1,1.1,0.9
37,1,0.015104815429187969,0.003785623588053281,0,0,1,1,0,0.4,1,1.1,0.9
38,1,0.014742913557117624,0.003694922429214706,0,0,1,1,0,0.4,1,1.1,0.9
25,1,0.0,0.0,0,0,1,1,0,0.4,1,1.1,0.9
27,1,0.0,0.0,0,0,1,1,0,0.4,1,1.1,0.9
35,1,0.012864336942964384,0.0032241067495499534,0,0,1,1,0,0.4,1,1.1,0.9
30,1,0.0038827616259947896,0.0009731117912073808,0,0,1,1,0,0.4,1,1.1,0.9
33,1,0.0020616239349363625,0.0005166916626276106,0,0,1,1,0,0.4,1,1.1,0.9
34,1,0.002336562541491204,0.0005855977726770771,0,0,1,1,0,0.4,1,1.1,0.9
61,1,0.02532005940093723,0.006345805055908002,0,0,1,1,0,0.4,1,1.1,0.9
