BUS_I,BUS_TYPE,Pd,Qd,Gs,Bs,area,Vm,Va,baseKV,zone,Vmax,Vmin
43,1,0.02638511356951486,0.006612732791769697,0,0,1,1,0,0.4,1,1.1,0.9
14,1,0.0,0.0,0,0,1,1,0,0.4,1,1.1,0.9
15,1,0.0,0.0,0,0,1,1,0,0.4,1,1.1,0.9
19,1,0.0,0.0,0,0,1,1,0,0.4,1,1.1,0.9
17,3,0.0123527938247199,0.003095901959242446,0,0,1,1,0,0.4,1,1.1,0.9
16,1,0.0920280815898218,0.023064411350337852,0,0,1,1,0,0.4,1,1.1,0.9
18,1,0.00762406787366013,0.001910771522813544,0,0,1,1,0,0.4,1,1.1,0.9
20,1,0.0,0.0,0,0,1,1,0,0.4,1,1.1,0.9
21,1,0.03424088684799337,0.00858157516292111,0,0,1,1,0,0.4,1,1.1,0.9
