BUS_I,BUS_TYPE,Pd,Qd,Gs,Bs,area,Vm,Va,baseKV,zone,Vmax,Vmin
1,1,0.035170668640231266,0.008814600445549636,0,0,1,1,0,0.4,1,1.1,0.9
2,1,0.031138579240333943,0.007804063586430167,0,0,1,1,0,0.4,1,1.1,0.9
4,1,0.01672705689744502,0.004192195624404356,0,0,1,1,0,0.4,1,1.1,0.9
21,1,0.006949584977898259,0.001741730174913281,0,0,1,1,0,0.4,1,1.1,0.9
5,1,0.0,0.0,0,0,1,1,0,0.4,1,1.1,0.9
34,1,0.0062317670283495875,0.0015618280387714178,0,0,1,1,0,0.4,1,1.1,0.9
32,1,0.01339387608616566,0.0033568217688560876,0,0,1,1,0,0.4,1,1.1,0.9
6,1,0.0,0.0,0,0,1,1,0,0.4,1,1.1,0.9
27,1,0.009908175470920289,0.0024832228472521775,0,0,1,1,0,0.4,1,1.1,0.9
7,1,0.0,0.0,0,0,1,1,0,0.4,1,1.1,0.9
29,1,0.007469971590989939,0.001872151353951344,0,0,1,1,0,0.4,1,1.1,0.9
28,1,0.021417346125491135,0.005367692910003305,0,0,1,1,0,0.4,1,1.1,0.9
8,1,0.0,0.0,0,0,1,1,0,0.4,1,1.1,0.9
26,1,0.005230118117003063,0.001310791158280046,0,0,1,1,0,0.4,1,1.1,0.9
13,1,0.0,0.0,0,0,1,1,0,0.4,1,1.1,0.9
25,1,0.005322951711399891,0.0013340574501695386,0,0,1,1,0,0.4,1,1.1,0.9
11,1,0.0,0.0,0,0,1,1,0,0.4,1,1.1,0.9
18,1,0.0,0.0,0,0,1,1,0,0.4,1,1.1,0.9
14,1,0.0,0.0,0,0,1,1,0,0.4,1,1.1,0.9
22,1,0.008819300079732832,0.0022103249502434764,0,0,1,1,0,0.4,1,1.1,0.9
31,1,0.010348861342599566,0.0025936691376138056,0,0,1,1,0,0.4,1,1.1,0.9
45,1,0.0071915260842250585,0.0018023663318609915,0,0,1,1,0,0.4,1,1.1,0.9
44,1,0.008873411306691633,0.002223886502062104,0,0,1,1,0,0.4,1,1.1,0.9
15,1,0.0,0.0,0,0,1,1,0,0.4,1,1.1,0.9
16,1,0.0,0.0,0,0,1,1,0,0.4,1,1.1,0.9
43,1,0.011308321861110332,0.002834132610187032,0,0,1,1,0,0.4,1,1.1,0.9
20,1,0.0,0.0,0,0,1,1,0,0.4,1,1.1,0.9
33,1,0.0064553372915852215,0.0016178600284411915,0,0,1,1,0,0.4,1,1.1,0.9
24,1,0.020980453668118293,0.00525819733888383,0,0,1,1,0,0.4,1,1.1,0.9
38,1,0.009277236259996541,0.00232509457546375,0,0,1,1,0,0.4,1,1.1,0.9
35,1,0.00639526936010237,0.0016028055857455433,0,0,1,1,0,0.4,1,1.1,0.9
40,1,0.006389280003139528,0.0016013045113959694,0,0,1,1,0,0.4,1,1.1,0.9
30,1,0.0,0.0,0,0,1,1,0,0.4,1,1.1,0.9
42,3,0.006979632978068322,0.001749260913620476,0,0,1,1,0,0.4,1,1.1,0.9
36,1,0.008087751915997322,0.002026981698058958,0,0,1,1,0,0.4,1,1.1,0.9
39,1,0.002966588484448618,0.0007434971579377759,0,0,1,1,0,0.4,1,1.1,0.9
37,1,0.006165409107151992,0.0015451971760563146,0,0,1,1,0,0.4,1,1.1,0.9
41,1,0.0140876020685322,0.0035306858888649604,0,0,1,1,0,0.4,1,1.1,0.9
