BUS_I,BUS_TYPE,Pd,Qd,Gs,Bs,area,Vm,Va,baseKV,zone,Vmax,Vmin
1,1,0.012969991462227208,0.0032505862680969255,0,0,1,1,0,0.4,1,1.1,0.9
3,1,0.006500960354782905,0.0016292942458939023,0,0,1,1,0,0.4,1,1.1,0.9
2,1,0.07650683600218114,0.019174420526683066,0,0,1,1,0,0.4,1,1.1,0.9
4,1,0.0,0.0,0,0,1,1,0,0.4,1,1.1,0.9
6,1,0.0,0.0,0,0,1,1,0,0.4,1,1.1,0.9
5,1,0.0,0.0,0,0,1,1,0,0.4,1,1.1,0.9
42,3,0.0452486634274443,0.011340384025336329,0,0,1,1,0,0.4,1,1.1,0.9
32,1,0.0,0.0,0,0,1,1,0,0.4,1,1.1,0.9
39,1,0.0034041217234365723,0.0008531533240680494,0,0,1,1,0,0.4,1,1.1,0.9
20,1,0.03354031699438032,0.00840599580709583,0,0,1,1,0,0.4,1,1.1,0.9
38,1,0.02219604505011489,0.005562853256772658,0,0,1,1,0,0.4,1,1.1,0.9
33,1,0.0,0.0,0,0,1,1,0,0.4,1,1.1,0.9
40,1,0.0015993527408074521,0.0004008355805208172,0,0,1,1,0,0.4,1,1.1,0.9
19,1,0.0,0.0,0,0,1,1,0,0.4,1,1.1,0.9
7,1,0.002202132267374718,0.0005519063701551732,0,0,1,1,0,0.4,1,1.1,0.9
8,1,0.003452919348781233,0.0008653831617917709,0,0,1,1,0,0.4,1,1.1,0.9
10,1,0.0,0.0,0,0,1,1,0,0.4,1,1.1,0.9
31,1,0.017113145119272966,0.004288958453879061,0,0,1,1,0,0.4,1,1.1,0.9
23,1,0.02696199885886681,0.006757313873823282,0,0,1,1,0,0.4,1,1.1,0.9
29,1,0.0123086508289558,0.0030848386816542273,0,0,1,1,0,0.4,1,1.1,0.9
26,1,0.0,0.0,0,0,1,1,0,0.4,1,1.1,0.9
25,1,0.0,0.0,0,0,1,1,0,0.4,1,1.1,0.9
41,1,0.014006315870344104,0.0035103136472651453,0,0,1,1,0,0.4,1,1.1,0.9
22,1,0.0,0.0,0,0,1,1,0,0.4,1,1.1,0.9
21,1,0.02066143418419399,0.005178243519583348,0,0,1,1,0,0.4,1,1.1,0.9
30,1,0.0,0.0,0,0,1,1,0,0.4,1,1.1,0.9
27,1,0.013602503629554145,0.00340910875992007,0,0,1,1,0,0.4,1,1.1,0.9
12,1,0.005991637682771601,0.0015016459518690363,0,0,1,1,0,0.4,1,1.1,0.9
14,1,0.0,0.0,0,0,1,1,0,0.4,1,1.1,0.9
15,1,0.0021527949353631185,0.0005395412691904958,0,0,1,1,0,0.4,1,1.1,0.9
18,1,0.036969722628688015,0.00926548587654423,0,0,1,1,0,0.4,1,1.1,0.9
16,1,0.003033427367071602,0.0007602485609484842,0,0,1,1,0,0.4,1,1.1,0.9
17,1,0.0,0.0,0,0,1,1,0,0.4,1,1.1,0.9
36,1,0.0007497313478176804,0.00018790038768147797,0,0,1,1,0,0.4,1,1.1,0.9
28,1,0.012796683359228128,0.003207151163193472,0,0,1,1,0,0.4,1,1.1,0.9
37,1,0.0008104687333939574,0.0002031226113883586,0,0,1,1,0,0.4,1,1.1,0.9
43,1,0.000831174418449311,0.00020831194522165277,0,0,1,1,0,0.4,1,1.1,0.9
35,1,0.0,0.0,0,0,1,1,0,0.4,1,1.1,0.9
34,1,0.0007325826031724079,0.00018360250714536766,0,0,1,1,0,0.4,1,1.1,0.9
