BUS_I,BUS_TYPE,Pd,Qd,Gs,Bs,area,Vm,Va,baseKV,zone,Vmax,Vmin
1,1,0.017214753840710573,0.004314423999911676,0,0,1,1,0,0.4,1,1.1,0.9
2,1,0.0,0.0,0,0,1,1,0,0.4,1,1.1,0.9
3,1,0.0,0.0,0,0,1,1,0,0.4,1,1.1,0.9
4,1,0.0,0.0,0,0,1,1,0,0.4,1,1.1,0.9
5,1,0.012344268143004234,0.0030937652219907817,0,0,1,1,0,0.4,1,1.1,0.9
6,3,0.007368868254617524,0.0018468124693554616,0,0,1,1,0,0.4,1,1.1,0.9
11,1,0.03036910490402838,0.007611215139418288,0,0,1,1,0,0.4,1,1.1,0.9
8,1,0.017116071501109525,0.004289691874301182,0,0,1,1,0,0.4,1,1.1,0.9
9,1,0.0,0.0,0,0,1,1,0,0.4,1,1.1,0.9
14,1,0.0041903039477058064,0.0010501891625166763,0,0,1,1,0,0.4,1,1.1,0.9
7,1,0.01777563768842765,0.0044549947426678485,0,0,1,1,0,0.4,1,1.1,0.9
25,1,0.0,0.0,0,0,1,1,0,0.4,1,1.1,0.9
10,1,0.0,0.0,0,0,1,1,0,0.4,1,1.1,0.9
15,1,0.0,0.0,0,0,1,1,0,0.4,1,1.1,0.9
24,1,0.0012423355840929426,0.00031135864674865655,0,0,1,1,0,0.4,1,1.1,0.9
12,1,0.020577279024171828,0.005157152248370547,0,0,1,1,0,0.4,1,1.1,0.9
19,1,0.0032127771217534285,0.000805197846493749,0,0,1,1,0,0.4,1,1.1,0.9
20,1,0.005503243042169914,0.001379242716926632,0,0,1,1,0,0.4,1,1.1,0.9
21,1,0.002763138735376149,0.00069250784445143,0,0,1,1,0,0.4,1,1.1,0.9
18,1,0.0029723215165924134,0.0007449339912321888,0,0,1,1,0,0.4,1,1.1,0.9
23,1,0.001750407156001674,0.00043869338553138675,0,0,1,1,0,0.4,1,1.1,0.9
22,1,0.006992610648144712,0.0017525134243306843,0,0,1,1,0,0.4,1,1.1,0.9
