F_BUS,T_BUS,BR_R,BR_X,BR_B,RATE_A,RATE_B,RATE_C,TAP,SHIFT,BR_STATUS,ANGMIN,ANGMAX
1,2,6.200891403752118,2.3849582322123535,6.257792176752043e-09,0,0,0,0,0,1,-90,90
1,3,0.6517230819196749,0.2506627238152596,6.577034393761341e-10,0,0,0,0,0,1,-90,90
2,4,2.3643099999999997,0.9093499999999998,2.3860054398733773e-09,0,0,0,0,0,1,-90,90
2,5,11.074567980809087,4.259449223388112,1.1176190705304302e-08,0,0,0,0,0,1,-90,90
3,6,2.240255866774777,0.8616368718364529,2.26081295804394e-09,0,0,0,0,0,1,-90,90
3,7,1.0091444064923063,0.3881324640355025,2.0368090846872315e-09,0,0,0,0,0,1,-90,90
5,15,8.569181611008139,3.295839081156977,8.647814347157664e-09,0,0,0,0,0,1,-90,90
6,12,0.765604903497149,0.2944634244219804,7.726302661401974e-10,0,0,0,0,0,1,-90,90
12,14,1.9090499999999997,0.7342499999999998,1.9265678718062656e-09,0,0,0,0,0,1,-90,90
12,9,0.6282899999999999,0.24164999999999995,6.340553302308262e-10,0,0,0,0,0,1,-90,90
9,11,1.8758999999999997,0.7214999999999999,1.8931136799567183e-09,0,0,0,0,0,1,-90,90
9,8,3.1788735057589377,1.2226436560611298,3.2080435634118116e-09,0,0,0,0,0,1,-90,90
8,10,2.067660300343577,0.7952539616706067,2.08663361590908e-09,0,0,0,0,0,1,-90,90
10,13,1.7744121844227587,0.6824662247779841,1.7906945893771571e-09,0,0,0,0,0,1,-90,90
