F_BUS,T_BUS,BR_R,BR_X,BR_B,RATE_A,RATE_B,RATE_C,TAP,SHIFT,BR_STATUS,ANGMIN,ANGMAX
1,2,0.3096801822874762,0.19819531666398477,5.200364037144052e-10,0,0,0,0,0,1,-90,90
1,3,0.7443764259123711,0.4764009125839175,1.2500084334809133e-09,0,0,0,0,0,1,-90,90
2,4,0.39119483425966745,0.25036469392618715,6.569214512125319e-10,0,0,0,0,0,1,-90,90
3,5,0.7646862312477528,0.48939918799856175,1.28411406480913e-09,0,0,0,0,0,1,-90,90
4,6,0.4585037177283253,0.2934423793461282,7.699511886614056e-10,0,0,0,0,0,1,-90,90
5,7,0.15297371045307692,0.09790317468996923,5.137680923541874e-10,0,0,0,0,0,1,-90,90
6,12,2.2982074107818744,1.4708527429003997,3.859309007327247e-09,0,0,0,0,0,1,-90,90
7,8,0.13225710263923607,0.08464454568911108,4.441905679217676e-10,0,0,0,0,0,1,-90,90
12,13,1.2837409584520878,0.8215942134093362,2.1557467010096938e-09,0,0,0,0,0,1,-90,90
8,9,0.7413053071070365,0.47443539654850336,2.489702396290124e-09,0,0,0,0,0,1,-90,90
13,20,0.026301268076283548,0.016832811568821472,4.416691039926492e-11,0,0,0,0,0,1,-90,90
9,10,0.0742188702956167,0.04750007698919469,2.492669315238858e-10,0,0,0,0,0,1,-90,90
10,11,0.07610142111329653,0.048704909512509775,2.555895508778555e-10,0,0,0,0,0,1,-90,90
11,29,0.05592981129464461,0.03579507922857255,1.8784242318155312e-10,0,0,0,0,0,1,-90,90
29,27,1.1888741165729442,0.7608794346066843,3.9928794634834305e-09,0,0,0,0,0,1,-90,90
27,26,0.043496652357971476,0.02783785750910174,1.460851805160537e-10,0,0,0,0,0,1,-90,90
14,15,2.1497078933267084,1.3758130517290934,3.6099383358161433e-09,0,0,0,0,0,1,-90,90
14,16,0.9737114995334583,0.6231753597014132,1.635123767793062e-09,0,0,0,0,0,1,-90,90
15,17,2.3772997616066402,1.5214718474282498,3.99212635902348e-09,0,0,0,0,0,1,-90,90
16,18,3.0021965087174585,1.9214057655791732,5.0414962433342275e-09,0,0,0,0,0,1,-90,90
18,19,2.6139869334519195,1.6729516374092286,4.3895878457178134e-09,0,0,0,0,0,1,-90,90
19,22,2.22248399869219,1.4223897591630015,3.732149010813334e-09,0,0,0,0,0,1,-90,90
22,23,2.0646699321505464,1.3213887565763496,3.4671367035560448e-09,0,0,0,0,0,1,-90,90
23,24,0.44328124999999996,0.28369999999999995,7.443885668797242e-10,0,0,0,0,0,1,-90,90
23,25,1.1786084084642845,0.754309381417142,1.979200843909192e-09,0,0,0,0,0,1,-90,90
24,30,1.5941644054106918,1.0202652194628428,2.6770312462219702e-09,0,0,0,0,0,1,-90,90
25,28,0.5579973670647548,0.3571183149214431,9.370278133622667e-10,0,0,0,0,0,1,-90,90
28,26,0.5454639416426569,0.34909692265130043,9.159808176049471e-10,0,0,0,0,0,1,-90,90
