BUS_I,BUS_TYPE,Pd,Qd,Gs,Bs,area,Vm,Va,baseKV,zone,Vmax,Vmin
1,1,0.010374119776323201,0.002599999497819115,0,0,1,1,0,0.4,1,1.1,0.9
2,1,0.0,0.0,0,0,1,1,0,0.4,1,1.1,0.9
5,1,0.0,0.0,0,0,1,1,0,0.4,1,1.1,0.9
7,1,0.0,0.0,0,0,1,1,0,0.4,1,1.1,0.9
4,1,0.0,0.0,0,0,1,1,0,0.4,1,1.1,0.9
6,1,0.0,0.0,0,0,1,1,0,0.4,1,1.1,0.9
12,1,0.09843825222938754,0.024670951548750007,0,0,1,1,0,0.4,1,1.1,0.9
36,1,0.0809337664752307,0.020283913886599565,0,0,1,1,0,0.4,1,1.1,0.9
28,1,0.0024833656989691343,0.0006223901120707291,0,0,1,1,0,0.4,1,1.1,0.9
26,1,0.0023079823525557807,0.0005784349021413745,0,0,1,1,0,0.4,1,1.1,0.9
35,1,0.05856728501996908,0.014678345240247255,0,0,1,1,0,0.4,1,1.1,0.9
11,3,0.07792211838609107,0.01952912372722219,0,0,1,1,0,0.4,1,1.1,0.9
25,1,0.002159359044785588,0.0005411863900846078,0,0,1,1,0,0.4,1,1.1,0.9
8,1,0.0055380833515061975,0.0013879745215260872,0,0,1,1,0,0.4,1,1.1,0.9
9,1,0.0899260285837461,0.022537587207372055,0,0,1,1,0,0.4,1,1.1,0.9
10,1,0.02328541319395579,0.0058358746492372755,0,0,1,1,0,0.4,1,1.1,0.9
13,1,0.0017977925659816618,0.0004505692887220463,0,0,1,1,0,0.4,1,1.1,0.9
14,1,0.0022287957197078597,0.0005585888612166811,0,0,1,1,0,0.4,1,1.1,0.9
15,1,0.0,0.0,0,0,1,1,0,0.4,1,1.1,0.9
16,1,0.0,0.0,0,0,1,1,0,0.4,1,1.1,0.9
17,1,0.0,0.0,0,0,1,1,0,0.4,1,1.1,0.9
18,1,0.0,0.0,0,0,1,1,0,0.4,1,1.1,0.9
23,1,0.0,0.0,0,0,1,1,0,0.4,1,1.1,0.9
34,1,0.00073471545566466,0.00018413705036718722,0,0,1,1,0,0.4,1,1.1,0.9
19,1,0.0,0.0,0,0,1,1,0,0.4,1,1.1,0.9
24,1,0.0020238960165496114,0.0005072361549822111,0,0,1,1,0,0.4,1,1.1,0.9
33,1,0.006374405028983489,0.0015975764914608185,0,0,1,1,0,0.4,1,1.1,0.9
30,1,0.006936470452920936,0.0017384433651317904,0,0,1,1,0,0.4,1,1.1,0.9
27,1,0.0,0.0,0,0,1,1,0,0.4,1,1.1,0.9
32,1,0.0,0.0,0,0,1,1,0,0.4,1,1.1,0.9
31,1,0.0025733529480439347,0.0006449430425794539,0,0,1,1,0,0.4,1,1.1,0.9
29,1,0.008717090052151552,0.002184708702685788,0,0,1,1,0,0.4,1,1.1,0.9
