F_BUS,T_BUS,BR_R,BR_X,BR_B,RATE_A,RATE_B,RATE_C,TAP,SHIFT,BR_STATUS,ANGMIN,ANGMAX
1,3,8.295422369141058,3.1905470650542527,8.37154302896738e-09,0,0,0,0,0,1,-90,90
3,4,0.5963099999999999,0.22934999999999994,6.017818745642042e-10,0,0,0,0,0,1,-90,90
4,6,3.1993160737224473,1.2305061822009413,3.2286737169728575e-09,0,0,0,0,0,1,-90,90
4,10,15.758079999999996,6.0607999999999995,1.590267968327329e-08,0,0,0,0,0,1,-90,90
23,11,55.50176461492592,21.34683254420228,1.120221225590426e-07,0,0,0,0,0,1,-90,90
23,19,1.3783899999999998,0.5301499999999999,2.782076832790171e-09,0,0,0,0,0,1,-90,90
11,9,1.6968999811934113,0.6526538389205429,3.4249422335044997e-09,0,0,0,0,0,1,-90,90
19,18,4.692089999999999,1.8046499999999996,4.735145672257646e-09,0,0,0,0,0,1,-90,90
6,5,0.6894781885034796,0.26518391865518454,6.958049953023693e-10,0,0,0,0,0,1,-90,90
10,8,4.685580725937925,1.802146433053048,9.457153335267996e-09,0,0,0,0,0,1,-90,90
8,7,1.0618991461294918,0.40842274851134297,2.1432867426537657e-09,0,0,0,0,0,1,-90,90
7,9,2.5099698827072854,0.9653730318104945,5.066003860794843e-09,0,0,0,0,0,1,-90,90
12,13,8.462654880122766,3.25486726158568,8.540310103050747e-09,0,0,0,0,0,1,-90,90
12,14,1.057953316168234,0.406905121603167,1.0676613335431843e-09,0,0,0,0,0,1,-90,90
14,15,5.172699999999999,1.9894999999999998,5.22016585762147e-09,0,0,0,0,0,1,-90,90
14,16,24.917453466552928,9.583635948674203,2.5146101619071544e-08,0,0,0,0,0,1,-90,90
15,18,1.6789499999999995,0.6457499999999998,1.6943564224976449e-09,0,0,0,0,0,1,-90,90
15,20,0.9526494567043506,0.366403637193981,9.61391182200726e-10,0,0,0,0,0,1,-90,90
16,22,26.218789999999995,10.084149999999998,2.6459379508988974e-08,0,0,0,0,0,1,-90,90
18,17,1.4832122589003556,0.5704662534232137,1.4968225478990187e-09,0,0,0,0,0,1,-90,90
20,21,3.606897577111894,1.3872682988891902,3.6399952798300925e-09,0,0,0,0,0,1,-90,90
