F_BUS,T_BUS,BR_R,BR_X,BR_B,RATE_A,RATE_B,RATE_C,TAP,SHIFT,BR_STATUS,ANGMIN,ANGMAX
1,2,2.528267009732929,0.9724103883588191,2.5514669559724264e-09,0,0,0,0,0,1,-90,90
2,3,2.205372629953029,0.8482202422896266,2.2256096248020714e-09,0,0,0,0,0,1,-90,90
3,4,6.828508321719025,2.626349354507317,1.3782336497195565e-08,0,0,0,0,0,1,-90,90
4,5,2.139347794572018,0.8228260748353915,4.3179578613886905e-09,0,0,0,0,0,1,-90,90
5,6,16.512339999999995,6.350899999999999,1.6663860942532393e-08,0,0,0,0,0,1,-90,90
