BUS_I,BUS_TYPE,Pd,Qd,Gs,Bs,area,Vm,Va,baseKV,zone,Vmax,Vmin
1,1,0.0016129270270876948,0.00040423761734638316,0,0,1,1,0,0.4,1,1.1,0.9
2,1,0.0004735225315204321,0.00011867593306268023,0,0,1,1,0,0.4,1,1.1,0.9
3,1,0.0,0.0,0,0,1,1,0,0.4,1,1.1,0.9
5,1,0.0,0.0,0,0,1,1,0,0.4,1,1.1,0.9
6,1,0.0038597584894380795,0.0009673466617520403,0,0,1,1,0,0.4,1,1.1,0.9
21,1,0.008119118184623717,0.0020348428259845497,0,0,1,1,0,0.4,1,1.1,0.9
19,3,0.008182753379129671,0.00205079130906807,0,0,1,1,0,0.4,1,1.1,0.9
24,1,0.006043028281714352,0.001514525650033764,0,0,1,1,0,0.4,1,1.1,0.9
23,1,0.017776710076638814,0.004455263508488045,0,0,1,1,0,0.4,1,1.1,0.9
16,1,0.02585425309755476,0.006479686616261064,0,0,1,1,0,0.4,1,1.1,0.9
7,1,0.005334995950880098,0.0013370760211206493,0,0,1,1,0,0.4,1,1.1,0.9
8,1,0.0038561205770399087,0.0009664349149617304,0,0,1,1,0,0.4,1,1.1,0.9
9,1,0.0036932378926434932,0.0009256126662538786,0,0,1,1,0,0.4,1,1.1,0.9
10,1,0.010886249598029182,0.0027283513298745634,0,0,1,1,0,0.4,1,1.1,0.9
11,1,0.0,0.0,0,0,1,1,0,0.4,1,1.1,0.9
20,1,0.014791270464110766,0.0037070418125078504,0,0,1,1,0,0.4,1,1.1,0.9
13,1,0.0,0.0,0,0,1,1,0,0.4,1,1.1,0.9
26,1,0.041142519428447995,0.01031128733419063,0,0,1,1,0,0.4,1,1.1,0.9
12,1,0.011463639090841535,0.0028730587772268063,0,0,1,1,0,0.4,1,1.1,0.9
14,1,0.0,0.0,0,0,1,1,0,0.4,1,1.1,0.9
15,1,0.0028553443570197377,0.0007156167515335109,0,0,1,1,0,0.4,1,1.1,0.9
17,1,0.01287505685352722,0.0032267934123879566,0,0,1,1,0,0.4,1,1.1,0.9
18,1,0.01770807866819481,0.004438062856159325,0,0,1,1,0,0.4,1,1.1,0.9
22,1,0.007614738213205319,0.001908433289496372,0,0,1,1,0,0.4,1,1.1,0.9
