BUS_I,BUS_TYPE,Pd,Qd,Gs,Bs,area,Vm,Va,baseKV,zone,Vmax,Vmin
1,1,0.0007453329319125019,0.00018679804074590823,0,0,1,1,0,0.4,1,1.1,0.9
2,1,0.00016958097769830945,4.250099925215503e-05,0,0,1,1,0,0.4,1,1.1,0.9
4,1,0.0,0.0,0,0,1,1,0,0.4,1,1.1,0.9
27,1,0.0,0.0,0,0,1,1,0,0.4,1,1.1,0.9
30,1,0.0,0.0,0,0,1,1,0,0.4,1,1.1,0.9
5,1,0.0014114291479422234,0.00035373748857540796,0,0,1,1,0,0.4,1,1.1,0.9
34,1,0.0,0.0,0,0,1,1,0,0.4,1,1.1,0.9
39,1,0.06030249897428087,0.01511323085050559,0,0,1,1,0,0.4,1,1.1,0.9
40,1,0.0004200336997228283,0.00010527036817513171,0,0,1,1,0,0.4,1,1.1,0.9
26,1,0.0,0.0,0,0,1,1,0,0.4,1,1.1,0.9
32,1,0.0,0.0,0,0,1,1,0,0.4,1,1.1,0.9
6,1,0.0006384158414191962,0.00016000209202114815,0,0,1,1,0,0.4,1,1.1,0.9
7,1,0.0009655412692280003,0.00024198745235676957,0,0,1,1,0,0.4,1,1.1,0.9
8,1,0.01389858093297342,0.0034833127267918105,0,0,1,1,0,0.4,1,1.1,0.9
9,1,0.0011535664357542573,0.00028911100106124456,0,0,1,1,0,0.4,1,1.1,0.9
10,1,0.0008513618142074027,0.00021337138351280356,0,0,1,1,0,0.4,1,1.1,0.9
11,1,0.001721903285454545,0.00043154964218676317,0,0,1,1,0,0.4,1,1.1,0.9
12,1,0.0007735082541703859,0.00019385944212750605,0,0,1,1,0,0.4,1,1.1,0.9
14,1,0.003274669903757393,0.0008207096398409018,0,0,1,1,0,0.4,1,1.1,0.9
15,1,0.042374139277729095,0.010619960364643133,0,0,1,1,0,0.4,1,1.1,0.9
29,1,0.0,0.0,0,0,1,1,0,0.4,1,1.1,0.9
42,1,0.03790577323092105,0.00950008227105412,0,0,1,1,0,0.4,1,1.1,0.9
20,1,0.0,0.0,0,0,1,1,0,0.4,1,1.1,0.9
31,1,0.0,0.0,0,0,1,1,0,0.4,1,1.1,0.9
18,1,0.025263781949799988,0.006331700597134611,0,0,1,1,0,0.4,1,1.1,0.9
16,1,0.03760492131119096,0.009424681672537667,0,0,1,1,0,0.4,1,1.1,0.9
17,3,0.021751605845877726,0.005451466292601969,0,0,1,1,0,0.4,1,1.1,0.9
19,1,0.0,0.0,0,0,1,1,0,0.4,1,1.1,0.9
36,1,0.0,0.0,0,0,1,1,0,0.4,1,1.1,0.9
35,1,0.005545683677679339,0.0013898793428178684,0,0,1,1,0,0.4,1,1.1,0.9
41,1,0.004005495043205057,0.0010038716850579044,0,0,1,1,0,0.4,1,1.1,0.9
23,1,0.0,0.0,0,0,1,1,0,0.4,1,1.1,0.9
22,1,0.0,0.0,0,0,1,1,0,0.4,1,1.1,0.9
24,1,0.0,0.0,0,0,1,1,0,0.4,1,1.1,0.9
21,1,0.0052961817169862625,0.001327348257145673,0,0,1,1,0,0.4,1,1.1,0.9
33,1,0.015695427606283646,0.003933644952464292,0,0,1,1,0,0.4,1,1.1,0.9
