BUS_I,BUS_TYPE,Pd,Qd,Gs,Bs,area,Vm,Va,baseKV,zone,Vmax,Vmin
1,1,0.014758963004489636,0.00369894479988395,0,0,1,1,0,0.4,1,1.1,0.9
3,1,0.0,0.0,0,0,1,1,0,0.4,1,1.1,0.9
9,1,0.0,0.0,0,0,1,1,0,0.4,1,1.1,0.9
5,1,0.0,0.0,0,0,1,1,0,0.4,1,1.1,0.9
10,1,0.0,0.0,0,0,1,1,0,0.4,1,1.1,0.9
22,1,0.009640609311104192,0.002416164446524728,0,0,1,1,0,0.4,1,1.1,0.9
6,1,0.0,0.0,0,0,1,1,0,0.4,1,1.1,0.9
66,1,0.01584755981685932,0.003971772878459672,0,0,1,1,0,0.4,1,1.1,0.9
11,1,0.0,0.0,0,0,1,1,0,0.4,1,1.1,0.9
7,1,0.0,0.0,0,0,1,1,0,0.4,1,1.1,0.9
8,1,0.0,0.0,0,0,1,1,0,0.4,1,1.1,0.9
20,1,0.0016542137940675546,0.00041458505652471273,0,0,1,1,0,0.4,1,1.1,0.9
15,1,0.0,0.0,0,0,1,1,0,0.4,1,1.1,0.9
12,1,0.009572051300653672,0.0023989821894671555,0,0,1,1,0,0.4,1,1.1,0.9
24,1,0.0014403484901986006,0.0003609853589456196,0,0,1,1,0,0.4,1,1.1,0.9
13,1,0.04223897527036126,0.010586085071234467,0,0,1,1,0,0.4,1,1.1,0.9
14,1,0.02323790840777725,0.005823968827551073,0,0,1,1,0,0.4,1,1.1,0.9
16,1,0.0,0.0,0,0,1,1,0,0.4,1,1.1,0.9
17,1,0.013993481632313141,0.0035070970840140104,0,0,1,1,0,0.4,1,1.1,0.9
19,1,0.0,0.0,0,0,1,1,0,0.4,1,1.1,0.9
47,1,0.02486090361889126,0.00623072976966879,0,0,1,1,0,0.4,1,1.1,0.9
21,3,0.0,0.0,0,0,1,1,0,0.4,1,1.1,0.9
42,1,0.026788692276653682,0.006713879150064716,0,0,1,1,0,0.4,1,1.1,0.9
23,1,0.006196710079238783,0.001553041939126493,0,0,1,1,0,0.4,1,1.1,0.9
25,1,0.0,0.0,0,0,1,1,0,0.4,1,1.1,0.9
26,1,0.09187377839230407,0.02302573932372663,0,0,1,1,0,0.4,1,1.1,0.9
