BUS_I,BUS_TYPE,Pd,Qd,Gs,Bs,area,Vm,Va,baseKV,zone,Vmax,Vmin
1,1,0.028441740044491137,0.00712817197286955,0,0,1,1,0,0.4,1,1.1,0.9
2,1,0.07328828039583542,0.018367774455437528,0,0,1,1,0,0.4,1,1.1,0.9
3,3,0.042197138444249924,0.010575599774242998,0,0,1,1,0,0.4,1,1.1,0.9
4,1,0.06471258592557408,0.016218502825952632,0,0,1,1,0,0.4,1,1.1,0.9
5,1,0.017531033445546833,0.004393691140784823,0,0,1,1,0,0.4,1,1.1,0.9
6,1,0.03632108849434744,0.00910292283891642,0,0,1,1,0,0.4,1,1.1,0.9
7,1,0.0,0.0,0,0,1,1,0,0.4,1,1.1,0.9
8,1,0.02681933332684717,0.006721558521118205,0,0,1,1,0,0.4,1,1.1,0.9
9,1,0.02271668128057526,0.005693336995820364,0,0,1,1,0,0.4,1,1.1,0.9
