BUS_I,BUS_TYPE,Pd,Qd,Gs,Bs,area,Vm,Va,baseKV,zone,Vmax,Vmin
6,1,0.0003329001439311445,8.343264061981477e-05,0,0,1,1,0,0.4,1,1.1,0.9
7,1,0.0005101795935223961,0.00012786305879976227,0,0,1,1,0,0.4,1,1.1,0.9
8,1,0.0,0.0,0,0,1,1,0,0.4,1,1.1,0.9
9,1,0.001205918577788096,0.0003022316846404328,0,0,1,1,0,0.4,1,1.1,0.9
10,1,0.0,0.0,0,0,1,1,0,0.4,1,1.1,0.9
91,1,0.001081342195046877,0.0002710099000889836,0,0,1,1,0,0.4,1,1.1,0.9
90,1,0.004845482061035046,0.0012143922758763178,0,0,1,1,0,0.4,1,1.1,0.9
69,1,0.001041774542007465,0.0002610933114770856,0,0,1,1,0,0.4,1,1.1,0.9
70,1,0.0001277020329853433,3.200514634409292e-05,0,0,1,1,0,0.4,1,1.1,0.9
71,1,0.0,0.0,0,0,1,1,0,0.4,1,1.1,0.9
72,1,0.0002000542260940684,5.013831521092366e-05,0,0,1,1,0,0.4,1,1.1,0.9
73,1,0.000610491327762268,0.00015300354920014088,0,0,1,1,0,0.4,1,1.1,0.9
74,1,0.0005634649573075973,0.00014121762979660244,0,0,1,1,0,0.4,1,1.1,0.9
92,1,0.0,0.0,0,0,1,1,0,0.4,1,1.1,0.9
84,1,0.0,0.0,0,0,1,1,0,0.4,1,1.1,0.9
75,1,0.0004657218254993961,0.00011672089184717227,0,0,1,1,0,0.4,1,1.1,0.9
76,1,0.0,0.0,0,0,1,1,0,0.4,1,1.1,0.9
80,1,0.0009767742731494008,0.0002448027085119277,0,0,1,1,0,0.4,1,1.1,0.9
81,1,0.0,0.0,0,0,1,1,0,0.4,1,1.1,0.9
82,1,0.0,0.0,0,0,1,1,0,0.4,1,1.1,0.9
83,1,0.0019045565635985881,0.0004773268687552654,0,0,1,1,0,0.4,1,1.1,0.9
85,1,0.0018032038216384038,0.00045192547722704217,0,0,1,1,0,0.4,1,1.1,0.9
94,1,0.00066921364846779,0.00016772075004580552,0,0,1,1,0,0.4,1,1.1,0.9
86,1,0.0028740464155860056,0.0007203039292342598,0,0,1,1,0,0.4,1,1.1,0.9
87,1,0.0016364284041702087,0.00041012761764810035,0,0,1,1,0,0.4,1,1.1,0.9
88,1,0.0,0.0,0,0,1,1,0,0.4,1,1.1,0.9
89,1,0.0017760732191784963,0.00044512590730764703,0,0,1,1,0,0.4,1,1.1,0.9
93,3,0.0,0.0,0,0,1,1,0,0.4,1,1.1,0.9
