BUS_I,BUS_TYPE,Pd,Qd,Gs,Bs,area,Vm,Va,baseKV,zone,Vmax,Vmin
1,1,0.008126210899892943,0.00203662042799183,0,0,1,1,0,0.4,1,1.1,0.9
2,1,0.007554198891689707,0.0018932607053222293,0,0,1,1,0,0.4,1,1.1,0.9
4,1,0.0,0.0,0,0,1,1,0,0.4,1,1.1,0.9
10,1,0.0,0.0,0,0,1,1,0,0.4,1,1.1,0.9
8,1,0.00723630556017429,0.0018135891264200368,0,0,1,1,0,0.4,1,1.1,0.9
5,1,0.008135781882635895,0.0020390191423754933,0,0,1,1,0,0.4,1,1.1,0.9
6,1,0.003889072062868641,0.0009746933357679592,0,0,1,1,0,0.4,1,1.1,0.9
7,1,0.0033385656559306747,0.0008367234248313607,0,0,1,1,0,0.4,1,1.1,0.9
9,1,0.0,0.0,0,0,1,1,0,0.4,1,1.1,0.9
11,1,0.0,0.0,0,0,1,1,0,0.4,1,1.1,0.9
12,1,0.007449849157167088,0.0018671081966558484,0,0,1,1,0,0.4,1,1.1,0.9
15,1,0.0,0.0,0,0,1,1,0,0.4,1,1.1,0.9
13,1,0.010768580369702947,0.0026988606413965665,0,0,1,1,0,0.4,1,1.1,0.9
26,1,0.0,0.0,0,0,1,1,0,0.4,1,1.1,0.9
31,1,0.010916401313677273,0.002735908062130763,0,0,1,1,0,0.4,1,1.1,0.9
14,1,0.0,0.0,0,0,1,1,0,0.4,1,1.1,0.9
16,1,0.0,0.0,0,0,1,1,0,0.4,1,1.1,0.9
17,1,0.0,0.0,0,0,1,1,0,0.4,1,1.1,0.9
27,1,0.0018031507391389932,0.00045191217349865013,0,0,1,1,0,0.4,1,1.1,0.9
29,1,0.006393921043912289,0.0016024676658552108,0,0,1,1,0,0.4,1,1.1,0.9
32,1,0.010904035997975866,0.0027328090218934017,0,0,1,1,0,0.4,1,1.1,0.9
24,1,0.0,0.0,0,0,1,1,0,0.4,1,1.1,0.9
18,1,0.012149872999188549,0.0030450452064909807,0,0,1,1,0,0.4,1,1.1,0.9
19,1,0.01090956618748042,0.002734195018030395,0,0,1,1,0,0.4,1,1.1,0.9
21,1,0.0,0.0,0,0,1,1,0,0.4,1,1.1,0.9
22,1,0.010959380976812459,0.0027466797810791945,0,0,1,1,0,0.4,1,1.1,0.9
23,1,0.010813297958955099,0.0027100679256872907,0,0,1,1,0,0.4,1,1.1,0.9
25,3,0.010803687188391144,0.0027076592395357227,0,0,1,1,0,0.4,1,1.1,0.9
