BUS_I,BUS_TYPE,Pd,Qd,Gs,Bs,area,Vm,Va,baseKV,zone,Vmax,Vmin
1,1,0.08281704069128326,0.020755906896278094,0,0,1,1,0,0.4,1,1.1,0.9
2,1,0.0,0.0,0,0,1,1,0,0.4,1,1.1,0.9
4,1,0.0,0.0,0,0,1,1,0,0.4,1,1.1,0.9
24,1,0.0454397807159142,0.011388282532849264,0,0,1,1,0,0.4,1,1.1,0.9
5,1,0.0,0.0,0,0,1,1,0,0.4,1,1.1,0.9
42,3,0.01891751658325665,0.0047411765698626256,0,0,1,1,0,0.4,1,1.1,0.9
33,1,0.01863603032515636,0.004670629463651836,0,0,1,1,0,0.4,1,1.1,0.9
6,1,0.0,0.0,0,0,1,1,0,0.4,1,1.1,0.9
26,1,0.017959961659694032,0.004501190684401854,0,0,1,1,0,0.4,1,1.1,0.9
7,1,0.0,0.0,0,0,1,1,0,0.4,1,1.1,0.9
17,1,0.0,0.0,0,0,1,1,0,0.4,1,1.1,0.9
28,1,0.019942178309074438,0.00499798100532336,0,0,1,1,0,0.4,1,1.1,0.9
8,1,0.0,0.0,0,0,1,1,0,0.4,1,1.1,0.9
21,1,0.011977678843113904,0.0030018892830030665,0,0,1,1,0,0.4,1,1.1,0.9
18,1,0.03756230673493099,0.009414001452985104,0,0,1,1,0,0.4,1,1.1,0.9
9,1,0.0,0.0,0,0,1,1,0,0.4,1,1.1,0.9
23,1,0.021725647711042247,0.005444960570768045,0,0,1,1,0,0.4,1,1.1,0.9
22,1,0.013913677343443558,0.003487096243898564,0,0,1,1,0,0.4,1,1.1,0.9
12,1,0.0,0.0,0,0,1,1,0,0.4,1,1.1,0.9
27,1,0.022034799160701092,0.005522441227555674,0,0,1,1,0,0.4,1,1.1,0.9
14,1,0.0,0.0,0,0,1,1,0,0.4,1,1.1,0.9
15,1,0.0,0.0,0,0,1,1,0,0.4,1,1.1,0.9
16,1,0.0,0.0,0,0,1,1,0,0.4,1,1.1,0.9
36,1,0.01756719462648485,0.00440275398701241,0,0,1,1,0,0.4,1,1.1,0.9
31,1,0.017949612517956903,0.004498596944990747,0,0,1,1,0,0.4,1,1.1,0.9
25,1,0.02312850651693428,0.005796550129156886,0,0,1,1,0,0.4,1,1.1,0.9
32,1,0.013512793511581822,0.0033866252850126696,0,0,1,1,0,0.4,1,1.1,0.9
29,1,0.015190842027515559,0.0038071838859169414,0,0,1,1,0,0.4,1,1.1,0.9
34,1,0.01370024766509258,0.003433605724365647,0,0,1,1,0,0.4,1,1.1,0.9
19,1,0.009757836487742658,0.0024455443464065844,0,0,1,1,0,0.4,1,1.1,0.9
41,1,0.00951862264225954,0.002385591705456075,0,0,1,1,0,0.4,1,1.1,0.9
40,1,0.004615753570361922,0.0011568168889265675,0,0,1,1,0,0.4,1,1.1,0.9
35,1,0.015588501914125353,0.003906846847959077,0,0,1,1,0,0.4,1,1.1,0.9
30,1,0.013441405109156604,0.0033687336648600573,0,0,1,1,0,0.4,1,1.1,0.9
20,1,0.020550229822703273,0.0051503730794626315,0,0,1,1,0,0.4,1,1.1,0.9
37,1,0.005791648747988678,0.0014515240002031507,0,0,1,1,0,0.4,1,1.1,0.9
38,1,0.009228627187413586,0.0023129119935165494,0,0,1,1,0,0.4,1,1.1,0.9
39,1,0.00468176445557436,0.0011733607762252896,0,0,1,1,0,0.4,1,1.1,0.9
