BUS_I,BUS_TYPE,Pd,Qd,Gs,Bs,area,Vm,Va,baseKV,zone,Vmax,Vmin
1,1,0.06195728153975346,0.015527958454581261,0,0,1,1,0,0.4,1,1.1,0.9
2,1,0.04377280793004697,0.010970499771556619,0,0,1,1,0,0.4,1,1.1,0.9
4,3,0.023095609281915213,0.005788305304885199,0,0,1,1,0,0.4,1,1.1,0.9
5,1,0.017714419267406235,0.004439651960114265,0,0,1,1,0,0.4,1,1.1,0.9
10,1,0.0,0.0,0,0,1,1,0,0.4,1,1.1,0.9
9,1,0.0,0.0,0,0,1,1,0,0.4,1,1.1,0.9
6,1,0.05070610146895041,0.012708146926983086,0,0,1,1,0,0.4,1,1.1,0.9
7,1,0.012702290803699619,0.003183494158814931,0,0,1,1,0,0.4,1,1.1,0.9
8,1,0.023370865875317427,0.005857291109950851,0,0,1,1,0,0.4,1,1.1,0.9
