F_BUS,T_BUS,BR_R,BR_X,BR_B,RATE_A,RATE_B,RATE_C,TAP,SHIFT,BR_STATUS,ANGMIN,ANGMAX
1,2,0.8082211520931636,0.5172615373396248,1.3572209181608962e-09,0,0,0,0,0,1,-90,90
1,3,1.7015274183825126,1.0889775477648083,2.857322651197892e-09,0,0,0,0,0,1,-90,90
2,4,0.795399720492997,0.5090558211155181,1.3356902824884097e-09,0,0,0,0,0,1,-90,90
3,5,0.8586669991348546,0.5495468794463069,1.4419330772797356e-09,0,0,0,0,0,1,-90,90
4,7,0.7289370550964965,0.46651971526175784,2.448163146033394e-09,0,0,0,0,0,1,-90,90
7,10,0.5052343749999999,0.32334999999999997,8.484245438863546e-10,0,0,0,0,0,1,-90,90
7,8,0.9878174720349532,0.63220318210237,1.6588114934860228e-09,0,0,0,0,0,1,-90,90
10,12,0.5793548030739437,0.37078707396732397,9.72892698653728e-10,0,0,0,0,0,1,-90,90
8,13,0.582097979323791,0.37254270676722634,9.774992301443387e-10,0,0,0,0,0,1,-90,90
13,14,0.9910642425511691,0.6342811152327482,1.6642636953365484e-09,0,0,0,0,0,1,-90,90
