F_BUS,T_BUS,BR_R,BR_X,BR_B,RATE_A,RATE_B,RATE_C,TAP,SHIFT,BR_STATUS,ANGMIN,ANGMAX
1,2,2.143120108243092,0.8242769647088815,2.162785859963389e-09,0,0,0,0,0,1,-90,90
2,3,3.1985420669415054,1.2302084872851946,3.227892607731757e-09,0,0,0,0,0,1,-90,90
3,20,1.4017899999999996,0.5391499999999999,1.414653140053589e-09,0,0,0,0,0,1,-90,90
3,22,1.5012341746492686,0.577397759480488,1.5150098367967717e-09,0,0,0,0,0,1,-90,90
20,21,1.1866399999999997,0.45639999999999986,1.1975288753045687e-09,0,0,0,0,0,1,-90,90
20,8,4.528125371008876,1.7415866811572605,4.569676466984379e-09,0,0,0,0,0,1,-90,90
20,19,2.865555313333718,1.102136658974507,2.8918502928432877e-09,0,0,0,0,0,1,-90,90
22,23,0.48922092078630053,0.1881618926101156,4.937101218943268e-10,0,0,0,0,0,1,-90,90
21,24,6.695543501664014,2.575209039101544,6.756983313473776e-09,0,0,0,0,0,1,-90,90
8,6,1.9184230458436011,0.7378550176321543,1.9360269268248608e-09,0,0,0,0,0,1,-90,90
19,18,7.418782638362023,2.8533779378315476,7.486859055018147e-09,0,0,0,0,0,1,-90,90
5,6,1.5039728954778542,0.5784511136453285,1.5177736887431323e-09,0,0,0,0,0,1,-90,90
5,7,2.002933519206347,0.770359045848595,2.0213128872825783e-09,0,0,0,0,0,1,-90,90
7,9,6.596813773201628,2.537236066616011,6.657347618836238e-09,0,0,0,0,0,1,-90,90
9,13,0.7282063517945137,0.280079366074813,1.469777073845694e-09,0,0,0,0,0,1,-90,90
13,11,1.1313079424336632,0.4351184393975628,1.1416890783436515e-09,0,0,0,0,0,1,-90,90
11,10,1.18790400567464,0.4568861560287077,1.1988044797793297e-09,0,0,0,0,0,1,-90,90
10,12,3.366840716810167,1.2949387372346797,3.3977356038320872e-09,0,0,0,0,0,1,-90,90
12,14,4.169956797794728,1.6038295376133571,4.208221258453922e-09,0,0,0,0,0,1,-90,90
17,18,1.1329458312705378,0.4357483966425146,1.1433419968165635e-09,0,0,0,0,0,1,-90,90
