BUS_I,BUS_TYPE,Pd,Qd,Gs,Bs,area,Vm,Va,baseKV,zone,Vmax,Vmin
1,1,0.008738115045058292,0.0021899780626100807,0,0,1,1,0,0.4,1,1.1,0.9
2,1,0.010386846149427654,0.0026031890275714275,0,0,1,1,0,0.4,1,1.1,0.9
3,1,0.00410119941943899,0.0010278574626961406,0,0,1,1,0,0.4,1,1.1,0.9
4,1,0.006057005023294047,0.001518028551665119,0,0,1,1,0,0.4,1,1.1,0.9
5,1,0.005456162869053162,0.0013674433133049229,0,0,1,1,0,0.4,1,1.1,0.9
9,1,0.0,0.0,0,0,1,1,0,0.4,1,1.1,0.9
16,1,0.006973283818945373,0.0017476696643494855,0,0,1,1,0,0.4,1,1.1,0.9
10,1,0.0,0.0,0,0,1,1,0,0.4,1,1.1,0.9
17,1,0.013347798413030357,0.0033452736154131434,0,0,1,1,0,0.4,1,1.1,0.9
6,1,0.01508352234594024,0.003780287038356075,0,0,1,1,0,0.4,1,1.1,0.9
7,1,0.027902626287960055,0.006993057329268916,0,0,1,1,0,0.4,1,1.1,0.9
15,1,0.006172774017613063,0.0015470429966091069,0,0,1,1,0,0.4,1,1.1,0.9
18,1,0.0,0.0,0,0,1,1,0,0.4,1,1.1,0.9
13,1,0.006741496691260789,0.0016895783343306948,0,0,1,1,0,0.4,1,1.1,0.9
20,1,0.006882370155533727,0.0017248845525220076,0,0,1,1,0,0.4,1,1.1,0.9
11,1,0.004592275493805339,0.0011509327282871085,0,0,1,1,0,0.4,1,1.1,0.9
12,1,0.011972309216133745,0.003000543527627873,0,0,1,1,0,0.4,1,1.1,0.9
14,3,0.006138078702444404,0.0015383475309734516,0,0,1,1,0,0.4,1,1.1,0.9
19,1,0.003393254613550186,0.0008504297696020758,0,0,1,1,0,0.4,1,1.1,0.9
25,1,0.005089058994639324,0.001275438409785126,0,0,1,1,0,0.4,1,1.1,0.9
23,1,0.00625542066176208,0.001567756198106385,0,0,1,1,0,0.4,1,1.1,0.9
21,1,0.012503298693221305,0.00313362203486911,0,0,1,1,0,0.4,1,1.1,0.9
22,1,0.012999350150818498,0.0032579442490379396,0,0,1,1,0,0.4,1,1.1,0.9
28,1,0.008982923543867859,0.0022513328558542663,0,0,1,1,0,0.4,1,1.1,0.9
29,1,0.0031255638559605555,0.0007833401417290368,0,0,1,1,0,0.4,1,1.1,0.9
24,1,0.004421864767981788,0.0011082237745525048,0,0,1,1,0,0.4,1,1.1,0.9
26,1,0.0,0.0,0,0,1,1,0,0.4,1,1.1,0.9
27,1,0.0,0.0,0,0,1,1,0,0.4,1,1.1,0.9
33,1,0.005504275802500558,0.0013795015510637862,0,0,1,1,0,0.4,1,1.1,0.9
31,1,0.007203989580009495,0.0018054899783466012,0,0,1,1,0,0.4,1,1.1,0.9
34,1,0.010552654071909653,0.002644744410050385,0,0,1,1,0,0.4,1,1.1,0.9
32,1,0.010187319559040892,0.002553182950333807,0,0,1,1,0,0.4,1,1.1,0.9
30,1,0.003904825103180332,0.0009786414198254614,0,0,1,1,0,0.4,1,1.1,0.9
35,1,0.0028262251869302178,0.0007083187995875102,0,0,1,1,0,0.4,1,1.1,0.9
36,1,0.003245739660740803,0.0008134590374826574,0,0,1,1,0,0.4,1,1.1,0.9
