BUS_I,BUS_TYPE,Pd,Qd,Gs,Bs,area,Vm,Va,baseKV,zone,Vmax,Vmin
1,1,0.004699399072197966,0.0011777804277575815,0,0,1,1,0,0.4,1,1.1,0.9
2,1,0.002341109601051598,0.0005867373732242542,0,0,1,1,0,0.4,1,1.1,0.9
3,1,0.0,0.0,0,0,1,1,0,0.4,1,1.1,0.9
4,1,0.0016550247788978832,0.00041478830848218535,0,0,1,1,0,0.4,1,1.1,0.9
5,1,0.0172473455479648,0.004322592251707598,0,0,1,1,0,0.4,1,1.1,0.9
10,1,0.0,0.0,0,0,1,1,0,0.4,1,1.1,0.9
26,1,0.03587415757727582,0.008990911392644312,0,0,1,1,0,0.4,1,1.1,0.9
6,1,0.0,0.0,0,0,1,1,0,0.4,1,1.1,0.9
8,1,0.0,0.0,0,0,1,1,0,0.4,1,1.1,0.9
23,1,0.020061816417472334,0.005027965141660834,0,0,1,1,0,0.4,1,1.1,0.9
9,1,0.0,0.0,0,0,1,1,0,0.4,1,1.1,0.9
15,1,0.0015818091966557435,0.00039643875390151087,0,0,1,1,0,0.4,1,1.1,0.9
32,1,0.02727479398492187,0.006835707721995301,0,0,1,1,0,0.4,1,1.1,0.9
11,1,0.0,0.0,0,0,1,1,0,0.4,1,1.1,0.9
13,1,0.0,0.0,0,0,1,1,0,0.4,1,1.1,0.9
33,1,0.0031804914345502154,0.0007971062905521374,0,0,1,1,0,0.4,1,1.1,0.9
12,1,0.0,0.0,0,0,1,1,0,0.4,1,1.1,0.9
14,1,0.0,0.0,0,0,1,1,0,0.4,1,1.1,0.9
19,3,0.024991502220200367,0.006263460864464371,0,0,1,1,0,0.4,1,1.1,0.9
34,1,0.043469140952922,0.010894393653153098,0,0,1,1,0,0.4,1,1.1,0.9
25,1,0.004086981422428864,0.0010242940967544161,0,0,1,1,0,0.4,1,1.1,0.9
17,1,0.0,0.0,0,0,1,1,0,0.4,1,1.1,0.9
22,1,0.006938552044800339,0.001738965061233031,0,0,1,1,0,0.4,1,1.1,0.9
18,1,0.0,0.0,0,0,1,1,0,0.4,1,1.1,0.9
29,1,0.013549830912054282,0.003395907732555708,0,0,1,1,0,0.4,1,1.1,0.9
28,1,0.0450339757801433,0.011286578229065834,0,0,1,1,0,0.4,1,1.1,0.9
20,1,0.0,0.0,0,0,1,1,0,0.4,1,1.1,0.9
30,1,0.004765328407739373,0.001194303876782185,0,0,1,1,0,0.4,1,1.1,0.9
27,1,0.015185286739553126,0.0038057915995134695,0,0,1,1,0,0.4,1,1.1,0.9
21,1,0.019696353742819684,0.0049363715615734745,0,0,1,1,0,0.4,1,1.1,0.9
24,1,0.038427527934510944,0.009630846325891288,0,0,1,1,0,0.4,1,1.1,0.9
31,1,0.009005887866862093,0.0022570882577139053,0,0,1,1,0,0.4,1,1.1,0.9
