BUS_I,BUS_TYPE,Pd,Qd,Gs,Bs,area,Vm,Va,baseKV,zone,Vmax,Vmin
1,1,0.07859401419431063,0.01969751668986608,0,0,1,1,0,0.4,1,1.1,0.9
2,1,0.0,0.0,0,0,1,1,0,0.4,1,1.1,0.9
3,1,0.0,0.0,0,0,1,1,0,0.4,1,1.1,0.9
4,1,0.0,0.0,0,0,1,1,0,0.4,1,1.1,0.9
11,1,0.0,0.0,0,0,1,1,0,0.4,1,1.1,0.9
32,3,0.0903228367056089,0.0226370366970462,0,0,1,1,0,0.4,1,1.1,0.9
7,1,0.0,0.0,0,0,1,1,0,0.4,1,1.1,0.9
17,1,0.004626619034366153,0.00115954003089559,0,0,1,1,0,0.4,1,1.1,0.9
5,1,0.0,0.0,0,0,1,1,0,0.4,1,1.1,0.9
25,1,0.015543871018018717,0.0038956612910186895,0,0,1,1,0,0.4,1,1.1,0.9
21,1,0.010655436482569915,0.0026705041103298466,0,0,1,1,0,0.4,1,1.1,0.9
6,1,0.0,0.0,0,0,1,1,0,0.4,1,1.1,0.9
15,1,0.0,0.0,0,0,1,1,0,0.4,1,1.1,0.9
12,1,0.016477658476286645,0.004129690488185611,0,0,1,1,0,0.4,1,1.1,0.9
16,1,0.012314445901568726,0.0030862910637558705,0,0,1,1,0,0.4,1,1.1,0.9
9,1,0.0,0.0,0,0,1,1,0,0.4,1,1.1,0.9
18,1,0.005160457923291415,0.001293332668058868,0,0,1,1,0,0.4,1,1.1,0.9
10,1,0.0,0.0,0,0,1,1,0,0.4,1,1.1,0.9
24,1,0.008314913855038599,0.0020839138465366448,0,0,1,1,0,0.4,1,1.1,0.9
26,1,0.008588737399303006,0.0021525404956335027,0,0,1,1,0,0.4,1,1.1,0.9
22,1,0.0,0.0,0,0,1,1,0,0.4,1,1.1,0.9
33,1,0.005903819637183136,0.0014796366750000171,0,0,1,1,0,0.4,1,1.1,0.9
13,1,0.0,0.0,0,0,1,1,0,0.4,1,1.1,0.9
14,1,0.0,0.0,0,0,1,1,0,0.4,1,1.1,0.9
19,1,0.0057074063345572525,0.0014304108612246836,0,0,1,1,0,0.4,1,1.1,0.9
23,1,0.0,0.0,0,0,1,1,0,0.4,1,1.1,0.9
27,1,0.01456612886717165,0.0036506160094902417,0,0,1,1,0,0.4,1,1.1,0.9
28,1,0.02330311568852495,0.005840311312586296,0,0,1,1,0,0.4,1,1.1,0.9
29,1,0.02496359884150148,0.0062564676185631485,0,0,1,1,0,0.4,1,1.1,0.9
31,1,0.014325771267927199,0.003590376716826699,0,0,1,1,0,0.4,1,1.1,0.9
