F_BUS,T_BUS,BR_R,BR_X,BR_B,RATE_A,RATE_B,RATE_C,TAP,SHIFT,BR_STATUS,ANGMIN,ANGMAX
1,2,0.3567069767984018,0.1371949910763084,7.199604003550917e-10,0,0,0,0,0,1,-90,90
1,3,2.9103421542404284,1.1193623670155495,2.9370481078667636e-09,0,0,0,0,0,1,-90,90
2,4,1.260934566534475,0.4849748332824905,2.545010370954433e-09,0,0,0,0,0,1,-90,90
3,5,1.2470834281727308,0.4796474723741272,1.2585269459572038e-09,0,0,0,0,0,1,-90,90
3,6,0.4806493970562823,0.18486515271395473,4.850599439363488e-10,0,0,0,0,0,1,-90,90
4,15,1.2749048236567933,0.49034800909876664,2.5732072736366364e-09,0,0,0,0,0,1,-90,90
4,14,1.101060064404678,0.4234846401556454,1.1111636389884969e-09,0,0,0,0,0,1,-90,90
5,12,2.215907525109969,0.8522721250422958,2.236241190524398e-09,0,0,0,0,0,1,-90,90
6,10,1.3572776859315538,0.5220298792044438,1.3697323709883381e-09,0,0,0,0,0,1,-90,90
15,16,1.5768056288728818,0.6064637034126469,1.5912747516669382e-09,0,0,0,0,0,1,-90,90
10,8,1.0627071690733985,0.4087335265666918,1.0724588088709037e-09,0,0,0,0,0,1,-90,90
16,17,0.6311597267201589,0.24275374104621497,6.36951390208261e-10,0,0,0,0,0,1,-90,90
8,7,0.6574974683623215,0.25288364167781596,6.635308128864122e-10,0,0,0,0,0,1,-90,90
7,9,0.5588989686348291,0.21496114178262657,5.640275511681305e-10,0,0,0,0,0,1,-90,90
18,19,2.1939679683389337,0.8438338339765129,2.214100311450122e-09,0,0,0,0,0,1,-90,90
19,20,2.023976513069187,0.7784525050266106,2.0425489763859356e-09,0,0,0,0,0,1,-90,90
17,21,0.4951666433658162,0.1904487089868524,4.997104037603691e-10,0,0,0,0,0,1,-90,90
21,22,1.457000764147589,0.5603849092875343,1.4703705305800915e-09,0,0,0,0,0,1,-90,90
22,23,1.3274514922648524,0.5105582662557124,1.3396324854659375e-09,0,0,0,0,0,1,-90,90
20,25,4.280902204712957,1.646500847966522,4.320184725357949e-09,0,0,0,0,0,1,-90,90
25,24,1.2571773354323188,0.48352974439704577,1.2687134771781327e-09,0,0,0,0,0,1,-90,90
24,23,1.5806489640894188,0.6079419092651611,1.5951533541911056e-09,0,0,0,0,0,1,-90,90
