BUS_I,BUS_TYPE,Pd,Qd,Gs,Bs,area,Vm,Va,baseKV,zone,Vmax,Vmin
1,1,0.09616973091704008,0.0241024065155264,0,0,1,1,0,0.4,1,1.1,0.9
2,3,0.071893317496365,0.01801816379773363,0,0,1,1,0,0.4,1,1.1,0.9
3,1,0.03221362439532075,0.008073495299516597,0,0,1,1,0,0.4,1,1.1,0.9
4,1,0.0,0.0,0,0,1,1,0,0.4,1,1.1,0.9
5,1,0.038139429252882696,0.009558641990130162,0,0,1,1,0,0.4,1,1.1,0.9
6,1,0.02346922101972729,0.00588194123271666,0,0,1,1,0,0.4,1,1.1,0.9
7,1,0.0,0.0,0,0,1,1,0,0.4,1,1.1,0.9
10,1,0.0,0.0,0,0,1,1,0,0.4,1,1.1,0.9
12,1,0.0620364466316822,0.015547799096842717,0,0,1,1,0,0.4,1,1.1,0.9
11,1,0.037166294309266795,0.009314751383576136,0,0,1,1,0,0.4,1,1.1,0.9
14,1,0.0,0.0,0,0,1,1,0,0.4,1,1.1,0.9
16,1,0.01486175595697622,0.0037247071421941313,0,0,1,1,0,0.4,1,1.1,0.9
15,1,0.0,0.0,0,0,1,1,0,0.4,1,1.1,0.9
17,1,0.0,0.0,0,0,1,1,0,0.4,1,1.1,0.9
19,1,0.009204852722828179,0.0023069535510350913,0,0,1,1,0,0.4,1,1.1,0.9
