F_BUS,T_BUS,BR_R,BR_X,BR_B,RATE_A,RATE_B,RATE_C,TAP,SHIFT,BR_STATUS,ANGMIN,ANGMAX
1,2,4.361165178331091,1.677371222435035,4.401184210058889e-09,0,0,0,0,0,1,-90,90
2,3,8.507845762551279,3.27224837021203,8.585915667171825e-09,0,0,0,0,0,1,-90,90
3,4,1.6871702086603408,0.6489116187155157,1.7026520616399182e-09,0,0,0,0,0,1,-90,90
4,5,0.5818441825847707,0.22378622407106563,5.871833155575799e-10,0,0,0,0,0,1,-90,90
4,6,3.482456705870741,1.3394064253349005,3.5144125111897813e-09,0,0,0,0,0,1,-90,90
5,9,0.5767554191747801,0.22182900737491543,5.820478565109803e-10,0,0,0,0,0,1,-90,90
6,13,4.552914854822888,1.7511210980088032,4.5946934246726195e-09,0,0,0,0,0,1,-90,90
9,7,0.15209966591596213,0.05849987150613929,1.5349536663060643e-10,0,0,0,0,0,1,-90,90
13,14,1.2095199999999997,0.46519999999999995,1.2206188273262167e-09,0,0,0,0,0,1,-90,90
13,15,4.629693998017538,1.7806515376990528,4.672177110539215e-09,0,0,0,0,0,1,-90,90
7,8,2.3549655090800323,0.9057559650307818,2.3765752018048128e-09,0,0,0,0,0,1,-90,90
8,10,1.0991550695841545,0.4227519498400594,1.1092411635074054e-09,0,0,0,0,0,1,-90,90
