F_BUS,T_BUS,BR_R,BR_X,BR_B,RATE_A,RATE_B,RATE_C,TAP,SHIFT,BR_STATUS,ANGMIN,ANGMAX
1,2,7.132721351382374,2.743354365916298,7.1981728053848e-09,0,0,0,0,0,1,-90,90
1,3,1.4985113739626508,0.5763505284471734,1.5122620510791793e-09,0,0,0,0,0,1,-90,90
2,4,1.8198161016751158,0.6999292698750444,1.8365151431774977e-09,0,0,0,0,0,1,-90,90
3,5,1.239561648085264,0.4767544800327939,2.501872288650684e-09,0,0,0,0,0,1,-90,90
3,6,6.327492176133248,2.433650836974326,6.385554666270568e-09,0,0,0,0,0,1,-90,90
4,9,7.116589999999999,2.7371499999999997,7.181893429097062e-09,0,0,0,0,0,1,-90,90
5,11,3.0131301833141175,1.1588962243515837,3.0407793429940037e-09,0,0,0,0,0,1,-90,90
9,20,3.1053785867954726,1.1943763795367204,3.133874238555985e-09,0,0,0,0,0,1,-90,90
9,8,16.508842556153038,6.349554829289631,1.6660331405354742e-08,0,0,0,0,0,1,-90,90
11,10,3.7251539692331708,1.4327515266281428,3.759336819180332e-09,0,0,0,0,0,1,-90,90
8,7,6.781746723382034,2.608364124377706,6.843977555326075e-09,0,0,0,0,0,1,-90,90
10,12,2.6845384928887976,1.03251480495723,2.7091724213754335e-09,0,0,0,0,0,1,-90,90
12,13,1.6753099999999999,0.6443499999999999,1.6906830210396558e-09,0,0,0,0,0,1,-90,90
13,14,5.369321321656264,2.0651235852524095,5.418591420710466e-09,0,0,0,0,0,1,-90,90
14,15,3.0591431635308792,1.1765935244349537,3.0872145486573807e-09,0,0,0,0,0,1,-90,90
15,16,1.3679491009904112,0.5261342696116966,1.3805017093498814e-09,0,0,0,0,0,1,-90,90
16,17,2.7302461341904722,1.0500946669963356,2.7552994862652222e-09,0,0,0,0,0,1,-90,90
17,18,1.1239799999999998,0.4322999999999999,1.1342938930634642e-09,0,0,0,0,0,1,-90,90
17,19,4.956878390608875,1.906491688695721,5.0023638206426264e-09,0,0,0,0,0,1,-90,90
