F_BUS,T_BUS,BR_R,BR_X,BR_B,RATE_A,RATE_B,RATE_C,TAP,SHIFT,BR_STATUS,ANGMIN,ANGMAX
1,2,2.8124220320716704,1.7999501005258691,4.722813802557163e-09,0,0,0,0,0,1,-90,90
1,3,5.824895416976679,3.7279330668650745,9.781567687935242e-09,0,0,0,0,0,1,-90,90
2,4,5.353359374999999,3.4261499999999994,8.98973171806474e-09,0,0,0,0,0,1,-90,90
3,5,2.09484375,1.3406999999999998,3.5178066676617773e-09,0,0,0,0,0,1,-90,90
4,11,3.858281249999999,2.4692999999999996,6.4790930144381484e-09,0,0,0,0,0,1,-90,90
4,8,2.0560241258960263,1.3158554405734568,3.4526180670756563e-09,0,0,0,0,0,1,-90,90
5,12,2.140328572356622,1.3698102863082382,3.59418793063833e-09,0,0,0,0,0,1,-90,90
11,14,1.7472656249999996,1.1182499999999997,2.9341294145690923e-09,0,0,0,0,0,1,-90,90
8,6,0.09572978858226143,0.06126706469264732,3.2151217824100875e-10,0,0,0,0,0,1,-90,90
6,7,0.5521351278902864,0.35336648184978336,2.78155060635344e-09,0,0,0,0,0,1,-90,90
7,9,0.43845472531371493,0.2806110242007776,2.2088505973436915e-09,0,0,0,0,0,1,-90,90
9,10,0.8723758979709426,0.5583205747014033,1.4649540093811832e-09,0,0,0,0,0,1,-90,90
