BUS_I,BUS_TYPE,Pd,Qd,Gs,Bs,area,Vm,Va,baseKV,zone,Vmax,Vmin
1,1,0.00698604963989511,0.0017508690806637562,0,0,1,1,0,0.4,1,1.1,0.9
2,1,0.0048617002831215315,0.0012184569454762022,0,0,1,1,0,0.4,1,1.1,0.9
4,1,0.0,0.0,0,0,1,1,0,0.4,1,1.1,0.9
16,1,0.00938282577712673,0.002351557802940651,0,0,1,1,0,0.4,1,1.1,0.9
17,1,0.003951643809374134,0.0009903752936592923,0,0,1,1,0,0.4,1,1.1,0.9
14,1,0.007234255392077936,0.0018130753058611948,0,0,1,1,0,0.4,1,1.1,0.9
5,1,0.0,0.0,0,0,1,1,0,0.4,1,1.1,0.9
23,3,0.013069997359882131,0.0032756501086239247,0,0,1,1,0,0.4,1,1.1,0.9
26,1,0.0,0.0,0,0,1,1,0,0.4,1,1.1,0.9
20,1,0.00772339152074257,0.00193566437522935,0,0,1,1,0,0.4,1,1.1,0.9
12,1,0.0045104166818753025,0.0011304169761559338,0,0,1,1,0,0.4,1,1.1,0.9
28,1,0.019422961669413288,0.004867853049266854,0,0,1,1,0,0.4,1,1.1,0.9
25,1,0.010497678348414054,0.002630966194976464,0,0,1,1,0,0.4,1,1.1,0.9
6,1,0.009100478170687319,0.002280794822487279,0,0,1,1,0,0.4,1,1.1,0.9
7,1,0.005798531074444615,0.0014532488738035216,0,0,1,1,0,0.4,1,1.1,0.9
9,1,0.0,0.0,0,0,1,1,0,0.4,1,1.1,0.9
11,1,0.0,0.0,0,0,1,1,0,0.4,1,1.1,0.9
15,1,0.0,0.0,0,0,1,1,0,0.4,1,1.1,0.9
18,1,0.012314367544046422,0.003086271425509635,0,0,1,1,0,0.4,1,1.1,0.9
24,1,0.006694952555799511,0.0016779132744089906,0,0,1,1,0,0.4,1,1.1,0.9
13,1,0.00487745193677349,0.0012224046820040167,0,0,1,1,0,0.4,1,1.1,0.9
21,1,0.0,0.0,0,0,1,1,0,0.4,1,1.1,0.9
22,1,0.0,0.0,0,0,1,1,0,0.4,1,1.1,0.9
33,1,0.01008226875907994,0.002526854738106362,0,0,1,1,0,0.4,1,1.1,0.9
31,1,0.0,0.0,0,0,1,1,0,0.4,1,1.1,0.9
29,1,0.005218306410163029,0.0013078308655019959,0,0,1,1,0,0.4,1,1.1,0.9
27,1,0.010155071589213012,0.0025451008472575022,0,0,1,1,0,0.4,1,1.1,0.9
32,1,0.06125974238024061,0.015353138662295677,0,0,1,1,0,0.4,1,1.1,0.9
