F_BUS,T_BUS,BR_R,BR_X,BR_B,RATE_A,RATE_B,RATE_C,TAP,SHIFT,BR_STATUS,ANGMIN,ANGMAX
1,2,0.006266528144315186,0.004010578012361719,1.0523187941421478e-11,0,0,0,0,0,1,-90,90
2,4,1.1983635286207899,0.7669526583173055,2.012375009479781e-09,0,0,0,0,0,1,-90,90
4,17,2.0417968749999993,1.3067499999999996,3.428726682305533e-09,0,0,0,0,0,1,-90,90
4,16,1.6408126027372805,1.0501200657518595,2.7553661289977744e-09,0,0,0,0,0,1,-90,90
17,26,0.7415028194684754,0.4745618044598244,3.7355486237332175e-09,0,0,0,0,0,1,-90,90
17,13,0.3991406249999999,0.25544999999999995,2.0107937195215954e-09,0,0,0,0,0,1,-90,90
16,7,0.5641100262461911,0.36103041679756237,9.472926138876523e-10,0,0,0,0,0,1,-90,90
5,7,1.3048013326144055,0.8350728528732196,2.1911127394799392e-09,0,0,0,0,0,1,-90,90
5,33,1.2096046313424986,0.7741469640591991,2.031251847480848e-09,0,0,0,0,0,1,-90,90
26,27,0.34216600724697743,0.21898624463806557,1.7237665507138067e-09,0,0,0,0,0,1,-90,90
13,24,0.30962871161554595,0.19816237543394943,1.5598499117951304e-09,0,0,0,0,0,1,-90,90
13,11,0.9330468749999998,0.5971499999999998,1.5668369147417244e-09,0,0,0,0,0,1,-90,90
10,11,0.8034602465846084,0.5142145578141494,1.3492260759956495e-09,0,0,0,0,0,1,-90,90
11,12,0.6708845005457351,0.4293660803492705,1.126595703975883e-09,0,0,0,0,0,1,-90,90
15,14,0.08758740805607684,0.056055941155889175,1.470828399792968e-10,0,0,0,0,0,1,-90,90
14,12,0.9892871589277353,0.6331437817137506,1.6612794934744724e-09,0,0,0,0,0,1,-90,90
24,22,1.596928277083603,1.022034097333506,5.3633450617997965e-09,0,0,0,0,0,1,-90,90
22,23,0.12419730510946823,0.07948627527005968,2.0856071390513566e-10,0,0,0,0,0,1,-90,90
27,28,0.6209651037134013,0.39741766637657683,3.1283027894967684e-09,0,0,0,0,0,1,-90,90
18,19,0.6690240621712937,0.42817539978962793,1.123471527044604e-09,0,0,0,0,0,1,-90,90
19,21,1.1510481503967487,0.7366708162539193,1.9329197503467453e-09,0,0,0,0,0,1,-90,90
21,25,0.5771131469963728,0.3693524140776786,9.691283545606262e-10,0,0,0,0,0,1,-90,90
25,23,0.48181158101151705,0.3083594118473709,8.090913664749352e-10,0,0,0,0,0,1,-90,90
28,31,1.8585097669470825,1.1894462508461328,3.120938280041642e-09,0,0,0,0,0,1,-90,90
31,29,0.3873374630276315,0.24789597633768415,6.504438863632667e-10,0,0,0,0,0,1,-90,90
29,30,0.9551065785004871,0.6112682102403117,1.603881096228127e-09,0,0,0,0,0,1,-90,90
30,32,0.37718653106176747,0.24139937987953117,6.333977385765892e-10,0,0,0,0,0,1,-90,90
