BUS_I,BUS_TYPE,Pd,Qd,Gs,Bs,area,Vm,Va,baseKV,zone,Vmax,Vmin
1,1,0.001645583050595658,0.000412421988314921,0,0,1,1,0,0.4,1,1.1,0.9
3,1,0.0,0.0,0,0,1,1,0,0.4,1,1.1,0.9
5,1,0.0,0.0,0,0,1,1,0,0.4,1,1.1,0.9
6,1,0.0,0.0,0,0,1,1,0,0.4,1,1.1,0.9
18,1,0.0006796339479610533,0.0001703323232716558,0,0,1,1,0,0.4,1,1.1,0.9
26,1,0.04547138655733348,0.011396203703376505,0,0,1,1,0,0.4,1,1.1,0.9
14,1,0.0,0.0,0,0,1,1,0,0.4,1,1.1,0.9
24,1,0.009266535049586733,0.002322412599325875,0,0,1,1,0,0.4,1,1.1,0.9
16,1,0.0,0.0,0,0,1,1,0,0.4,1,1.1,0.9
13,1,0.0,0.0,0,0,1,1,0,0.4,1,1.1,0.9
7,3,0.06363045816823087,0.01594729604539379,0,0,1,1,0,0.4,1,1.1,0.9
8,1,0.0,0.0,0,0,1,1,0,0.4,1,1.1,0.9
9,1,0.0,0.0,0,0,1,1,0,0.4,1,1.1,0.9
10,1,0.0,0.0,0,0,1,1,0,0.4,1,1.1,0.9
15,1,0.038125737769636805,0.009555210580976302,0,0,1,1,0,0.4,1,1.1,0.9
25,1,0.04729927382647241,0.011854315435677667,0,0,1,1,0,0.4,1,1.1,0.9
12,1,0.0,0.0,0,0,1,1,0,0.4,1,1.1,0.9
17,1,0.0,0.0,0,0,1,1,0,0.4,1,1.1,0.9
32,1,0.010116053960534643,0.002535322107744452,0,0,1,1,0,0.4,1,1.1,0.9
30,1,0.0,0.0,0,0,1,1,0,0.4,1,1.1,0.9
22,1,0.03927078999939929,0.009842187720873396,0,0,1,1,0,0.4,1,1.1,0.9
23,1,0.05642974147363347,0.014142626329451258,0,0,1,1,0,0.4,1,1.1,0.9
11,1,0.0988810779148509,0.024781934126997644,0,0,1,1,0,0.4,1,1.1,0.9
31,1,0.008464321164838843,0.0021213588480236832,0,0,1,1,0,0.4,1,1.1,0.9
28,1,0.0,0.0,0,0,1,1,0,0.4,1,1.1,0.9
19,1,0.0008215801720169126,0.00020590740040782475,0,0,1,1,0,0.4,1,1.1,0.9
20,1,0.0,0.0,0,0,1,1,0,0.4,1,1.1,0.9
21,1,0.0,0.0,0,0,1,1,0,0.4,1,1.1,0.9
27,1,0.0007779447656405753,0.00019497133671165064,0,0,1,1,0,0.4,1,1.1,0.9
29,1,0.0009220567955084548,0.0002310892159500739,0,0,1,1,0,0.4,1,1.1,0.9
