F_BUS,T_BUS,BR_R,BR_X,BR_B,RATE_A,RATE_B,RATE_C,TAP,SHIFT,BR_STATUS,ANGMIN,ANGMAX
1,2,0.4965800553739115,0.31781123543930334,8.338916111629807e-10,0,0,0,0,0,1,-90,90
1,3,3.0173487349273307,1.9311031903534916,5.066940910694744e-09,0,0,0,0,0,1,-90,90
3,5,2.0157207193924,1.290061260411136,3.384937796350004e-09,0,0,0,0,0,1,-90,90
5,14,16.05821779579126,10.277259389306407,2.6966071160581553e-08,0,0,0,0,0,1,-90,90
5,22,1.0620621186991348,0.6797197559674463,1.783488244710762e-09,0,0,0,0,0,1,-90,90
14,10,2.2774218749999995,1.4575499999999997,3.824404496494684e-09,0,0,0,0,0,1,-90,90
14,12,1.251763148482922,0.8011284150290701,2.102047348431845e-09,0,0,0,0,0,1,-90,90
22,21,2.0212846056576237,1.2936221476208791,3.3942810593985807e-09,0,0,0,0,0,1,-90,90
10,16,2.2876471105391136,1.464094150745033,3.84157541998619e-09,0,0,0,0,0,1,-90,90
10,7,16.254546867624235,10.40290999527951,2.7295760531423595e-08,0,0,0,0,0,1,-90,90
12,11,0.8881211402404894,0.5683975297539132,1.4913945103683148e-09,0,0,0,0,0,1,-90,90
21,20,1.60797748816456,1.0291055924253185,2.7002271311716336e-09,0,0,0,0,0,1,-90,90
6,7,0.8008516358292956,0.5125450469307492,1.3448455162004985e-09,0,0,0,0,0,1,-90,90
16,15,1.0302725962919002,0.659374461626816,1.7301050776435508e-09,0,0,0,0,0,1,-90,90
19,20,0.3854142724310983,0.2466651343559029,6.472143315558168e-10,0,0,0,0,0,1,-90,90
15,17,0.5334873114258776,0.34143187931256164,8.958688309077501e-10,0,0,0,0,0,1,-90,90
11,13,0.12538169777269093,0.0802442865745222,2.1054962807012507e-10,0,0,0,0,0,1,-90,90
17,18,1.193917149676367,0.7641069757928749,2.0049083420981965e-09,0,0,0,0,0,1,-90,90
