BUS_I,BUS_TYPE,Pd,Qd,Gs,Bs,area,Vm,Va,baseKV,zone,Vmax,Vmin
1,1,0.06839085898306642,0.017140364950983075,0,0,1,1,0,0.4,1,1.1,0.9
2,1,0.007847327568325811,0.001966725676662706,0,0,1,1,0,0.4,1,1.1,0.9
3,1,0.0070538892772694945,0.0017678712964573494,0,0,1,1,0,0.4,1,1.1,0.9
4,1,0.0,0.0,0,0,1,1,0,0.4,1,1.1,0.9
5,1,0.006175788782356766,0.0015477985678757468,0,0,1,1,0,0.4,1,1.1,0.9
17,1,0.021308041450726328,0.005340298576254972,0,0,1,1,0,0.4,1,1.1,0.9
6,3,0.03244120314077213,0.008130531909527438,0,0,1,1,0,0.4,1,1.1,0.9
16,1,0.0,0.0,0,0,1,1,0,0.4,1,1.1,0.9
12,1,0.07158105037051095,0.017939902278885644,0,0,1,1,0,0.4,1,1.1,0.9
15,1,0.0,0.0,0,0,1,1,0,0.4,1,1.1,0.9
18,1,0.013914177028893592,0.003487221476877088,0,0,1,1,0,0.4,1,1.1,0.9
7,1,0.014538983945723762,0.0036438128508941817,0,0,1,1,0,0.4,1,1.1,0.9
11,1,0.0,0.0,0,0,1,1,0,0.4,1,1.1,0.9
9,1,0.02078203486824201,0.005208468900118971,0,0,1,1,0,0.4,1,1.1,0.9
8,1,0.061587195780763396,0.015435206220341566,0,0,1,1,0,0.4,1,1.1,0.9
10,1,0.0,0.0,0,0,1,1,0,0.4,1,1.1,0.9
14,1,0.07298450067770994,0.018291640081475845,0,0,1,1,0,0.4,1,1.1,0.9
19,1,0.005506456735632465,0.0013800481444297774,0,0,1,1,0,0.4,1,1.1,0.9
20,1,0.0,0.0,0,0,1,1,0,0.4,1,1.1,0.9
24,1,0.0,0.0,0,0,1,1,0,0.4,1,1.1,0.9
21,1,0.06660032767369685,0.016691615504710513,0,0,1,1,0,0.4,1,1.1,0.9
27,1,0.023539996094287405,0.005899679138416803,0,0,1,1,0,0.4,1,1.1,0.9
22,1,0.0,0.0,0,0,1,1,0,0.4,1,1.1,0.9
23,1,0.0,0.0,0,0,1,1,0,0.4,1,1.1,0.9
25,1,0.04332782753223969,0.010858977171491912,0,0,1,1,0,0.4,1,1.1,0.9
