F_BUS,T_BUS,BR_R,BR_X,BR_B,RATE_A,RATE_B,RATE_C,TAP,SHIFT,BR_STATUS,ANGMIN,ANGMAX
161,160,3.0300546524132606,1.9392349775444868,5.088277567068646e-09,0,0,0,0,0,1,-90,90
160,162,0.18046154503011141,0.11549538881927131,3.0304352119983746e-10,0,0,0,0,0,1,-90,90
160,167,17.374795239916633,11.119868953546646,2.9176959161864387e-08,0,0,0,0,0,1,-90,90
162,163,2.901144598209757,1.8567325428542445,4.871802878583776e-09,0,0,0,0,0,1,-90,90
163,164,1.366310240041315,0.8744385536264415,2.294402755581127e-09,0,0,0,0,0,1,-90,90
164,166,41.3798118968049,26.483079613955134,6.948784518996723e-08,0,0,0,0,0,1,-90,90
167,168,30.278701358394827,19.37836886937269,5.0846091755865345e-08,0,0,0,0,0,1,-90,90
168,24,13.208939605510805,8.453721347526916,2.2181365945315797e-08,0,0,0,0,0,1,-90,90
24,19,3.5018042033511576,2.241154690144741,5.8804720759697434e-09,0,0,0,0,0,1,-90,90
24,22,1.2106946147282822,0.7748445534261006,2.033082223050458e-09,0,0,0,0,0,1,-90,90
22,23,4.039675981930932,2.585392628435796,6.783703607693782e-09,0,0,0,0,0,1,-90,90
