BUS_I,BUS_TYPE,Pd,Qd,Gs,Bs,area,Vm,Va,baseKV,zone,Vmax,Vmin
1,1,0.014438916700274354,0.003618733635160583,0,0,1,1,0,0.4,1,1.1,0.9
2,1,0.014167504954530927,0.0035507114397502633,0,0,1,1,0,0.4,1,1.1,0.9
3,1,0.0,0.0,0,0,1,1,0,0.4,1,1.1,0.9
4,1,0.006635779601171404,0.001663083134056391,0,0,1,1,0,0.4,1,1.1,0.9
5,1,0.00402021046696412,0.001007559717894298,0,0,1,1,0,0.4,1,1.1,0.9
16,1,0.013749186751275885,0.0034458710155174537,0,0,1,1,0,0.4,1,1.1,0.9
15,3,0.008116498225549286,0.002034186202345658,0,0,1,1,0,0.4,1,1.1,0.9
6,1,0.023982762568825273,0.006010646877007691,0,0,1,1,0,0.4,1,1.1,0.9
8,1,0.0,0.0,0,0,1,1,0,0.4,1,1.1,0.9
10,1,0.0,0.0,0,0,1,1,0,0.4,1,1.1,0.9
9,1,0.0,0.0,0,0,1,1,0,0.4,1,1.1,0.9
21,1,0.04329021574938768,0.010849550770155144,0,0,1,1,0,0.4,1,1.1,0.9
19,1,0.012695493002802458,0.0031817904693164515,0,0,1,1,0,0.4,1,1.1,0.9
17,1,0.012805143321032575,0.0032092714294827945,0,0,1,1,0,0.4,1,1.1,0.9
18,1,0.04647241825814188,0.011647085896325822,0,0,1,1,0,0.4,1,1.1,0.9
14,1,0.01162779000751288,0.002914198874903923,0,0,1,1,0,0.4,1,1.1,0.9
20,1,0.004560678194169785,0.0011430136985326634,0,0,1,1,0,0.4,1,1.1,0.9
