F_BUS,T_BUS,BR_R,BR_X,BR_B,RATE_A,RATE_B,RATE_C,TAP,SHIFT,BR_STATUS,ANGMIN,ANGMAX
1,2,0.8689562041834097,0.33421392468592687,8.769299415869058e-10,0,0,0,0,0,1,-90,90
1,3,1.475453691322522,0.5674821889702008,1.4889927859615674e-09,0,0,0,0,0,1,-90,90
2,4,0.17074383855951453,0.06567070713827482,1.7231062239209895e-10,0,0,0,0,0,1,-90,90
3,5,0.44651293063695735,0.17173574255267593,4.5061023362993204e-10,0,0,0,0,0,1,-90,90
3,6,0.5241752976746435,0.20160588372101673,1.0579704960000562e-09,0,0,0,0,0,1,-90,90
4,7,0.460692090009206,0.17718926538815616,4.6491950415495487e-10,0,0,0,0,0,1,-90,90
5,21,1.220924540571957,0.46958636175844504,1.2321280185253177e-09,0,0,0,0,0,1,-90,90
6,29,0.8302186544611173,0.3193148671004298,8.378369274031671e-10,0,0,0,0,0,1,-90,90
7,8,2.42096816990341,0.9311416038090037,2.4431835178761805e-09,0,0,0,0,0,1,-90,90
21,20,0.20203050368280365,0.07770403987800141,2.0388438098537331e-10,0,0,0,0,0,1,-90,90
29,30,1.3009545204864412,0.5003671232640159,1.312892371520025e-09,0,0,0,0,0,1,-90,90
20,19,0.846877443684666,0.32572209372487154,8.546485814202339e-10,0,0,0,0,0,1,-90,90
30,24,0.9862669546612942,0.3793334441004978,9.953171618735269e-10,0,0,0,0,0,1,-90,90
9,10,0.9423502836577959,0.36244241679145994,9.509975016278414e-10,0,0,0,0,0,1,-90,90
10,12,0.8814017098859751,0.339000657648452,8.894896500465816e-10,0,0,0,0,0,1,-90,90
12,17,1.0441893852472424,0.4016113020181702,1.0537711016989983e-09,0,0,0,0,0,1,-90,90
12,18,1.6349683469422744,0.6288339795931825,1.6499711839078e-09,0,0,0,0,0,1,-90,90
17,19,0.09877520114799564,0.03799046197999833,9.968158459072825e-11,0,0,0,0,0,1,-90,90
18,26,0.08300911699247082,0.031926583458642625,8.377082730400034e-11,0,0,0,0,0,1,-90,90
15,24,0.34824664666181954,0.1339410179468537,3.514422361504048e-10,0,0,0,0,0,1,-90,90
15,16,9.057534800374368,3.4836672309132184,9.140648775133408e-09,0,0,0,0,0,1,-90,90
15,23,2.057329861050891,0.7912807157888044,2.076208382183964e-09,0,0,0,0,0,1,-90,90
16,31,2.9522125188444535,1.1354663534017129,2.9793026843456035e-09,0,0,0,0,0,1,-90,90
31,32,1.6730261371851456,0.643471591225056,1.6883782009863773e-09,0,0,0,0,0,1,-90,90
26,25,0.49743806394413365,0.1913223322862053,5.020026674043522e-10,0,0,0,0,0,1,-90,90
25,27,1.2821315398522002,0.49312751532776933,1.293896666985539e-09,0,0,0,0,0,1,-90,90
27,28,0.876377220049805,0.3370681615576173,8.844190543625595e-10,0,0,0,0,0,1,-90,90
