F_BUS,T_BUS,BR_R,BR_X,BR_B,RATE_A,RATE_B,RATE_C,TAP,SHIFT,BR_STATUS,ANGMIN,ANGMAX
1,2,0.34188756418711336,0.21880804107975257,5.741212693729886e-10,0,0,0,0,0,1,-90,90
1,3,3.4371071851671577,2.1997485985069813,5.771828363547034e-09,0,0,0,0,0,1,-90,90
2,4,3.2634083369544524,2.0885813356508494,5.480141231078169e-09,0,0,0,0,0,1,-90,90
3,5,1.522709397774881,0.9745340145759237,5.114078100005049e-09,0,0,0,0,0,1,-90,90
3,34,9.689796655134419,6.2014698592860285,1.62717774448422e-08,0,0,0,0,0,1,-90,90
5,23,0.8387075282667724,0.5367728180907343,1.4084157518454448e-09,0,0,0,0,0,1,-90,90
34,32,8.496350146904145,5.437664094018654,1.4267659436446527e-08,0,0,0,0,0,1,-90,90
34,17,2.2044687950278203,1.4108600288178053,3.7018966334845698e-09,0,0,0,0,0,1,-90,90
23,20,4.759937809408647,3.0463601980215342,7.993217137838148e-09,0,0,0,0,0,1,-90,90
20,22,4.839696786380178,3.0974059432833143,8.12715393431585e-09,0,0,0,0,0,1,-90,90
20,18,4.5322814695576925,2.900660140516923,7.610920849504871e-09,0,0,0,0,0,1,-90,90
14,24,2.3016550973539815,1.4730592623065484,3.8650986013298394e-09,0,0,0,0,0,1,-90,90
24,25,2.0553129209093006,1.3154002693819524,3.45142376241958e-09,0,0,0,0,0,1,-90,90
25,26,0.9741853966676042,0.6234786538672666,1.6359195686723803e-09,0,0,0,0,0,1,-90,90
16,17,5.686627532257688,3.639441620644921,9.549378682531878e-09,0,0,0,0,0,1,-90,90
32,30,2.688189890581889,1.720441529972409,4.514194588990207e-09,0,0,0,0,0,1,-90,90
18,19,2.240120647348329,1.4336772143029304,3.761765692361909e-09,0,0,0,0,0,1,-90,90
19,21,0.4560147534532376,0.2918494422100721,7.657715475199241e-10,0,0,0,0,0,1,-90,90
21,26,3.3490127056401104,2.143368131609671,5.6238940140451005e-09,0,0,0,0,0,1,-90,90
26,27,0.8789609004535464,0.5625349762902697,1.4760120014819652e-09,0,0,0,0,0,1,-90,90
29,30,2.1787568915790794,1.3944044106106108,3.6587194249742654e-09,0,0,0,0,0,1,-90,90
29,31,1.4036844981707766,0.8983580788292971,2.357164197548688e-09,0,0,0,0,0,1,-90,90
31,33,0.6092187499999999,0.3898999999999999,1.0230423060500686e-09,0,0,0,0,0,1,-90,90
33,35,4.19705219914538,2.6861134074530435,7.047980648045062e-09,0,0,0,0,0,1,-90,90
