F_BUS,T_BUS,BR_R,BR_X,BR_B,RATE_A,RATE_B,RATE_C,TAP,SHIFT,BR_STATUS,ANGMIN,ANGMAX
1,2,0.014202667481278772,0.005462564415876451,1.433299434974427e-11,0,0,0,0,0,1,-90,90
1,3,6.418938365202464,2.468822448154794,6.477839986120688e-09,0,0,0,0,0,1,-90,90
2,4,3.24844687481498,1.249402644159608,3.278255353337006e-09,0,0,0,0,0,1,-90,90
4,6,0.0901144555593444,0.034659405984363234,1.818827321085843e-10,0,0,0,0,0,1,-90,90
6,5,1.4248828753858103,0.5480318751483886,2.8759158417068523e-09,0,0,0,0,0,1,-90,90
5,7,1.6946966222807829,0.6518063931849166,1.7102475393230951e-09,0,0,0,0,0,1,-90,90
7,8,1.1818272216453132,0.45454893140204355,1.1926719338141603e-09,0,0,0,0,0,1,-90,90
7,9,5.6514360640575365,2.173629255406745,5.70329491138551e-09,0,0,0,0,0,1,-90,90
8,20,1.5456403312607203,0.5944770504848925,1.5598234742803475e-09,0,0,0,0,0,1,-90,90
9,10,3.089275655851604,1.1881829445583092,3.117623543499086e-09,0,0,0,0,0,1,-90,90
20,21,2.1022972844178223,0.8085758786222393,2.1215884367328963e-09,0,0,0,0,0,1,-90,90
20,18,2.5199199999999995,0.9691999999999998,2.5430433522024277e-09,0,0,0,0,0,1,-90,90
18,16,1.6838864151621526,0.6476486212162125,1.6993381353146487e-09,0,0,0,0,0,1,-90,90
18,15,3.6280851455832726,1.3954173636858742,3.661377270191085e-09,0,0,0,0,0,1,-90,90
11,12,1.3719692730469375,0.5276804896334375,1.3845587714086209e-09,0,0,0,0,0,1,-90,90
12,13,0.7733298726327713,0.29743456639721977,7.804261213285818e-10,0,0,0,0,0,1,-90,90
13,14,0.3180919239558725,0.12234304767533558,3.2101080693246677e-10,0,0,0,0,0,1,-90,90
14,15,3.1547716809773414,1.2133737234528237,3.1837205748697997e-09,0,0,0,0,0,1,-90,90
16,17,1.1481396659908494,0.44159217922724986,1.1586752535786634e-09,0,0,0,0,0,1,-90,90
17,19,1.0906999999999998,0.41949999999999993,1.100708508304703e-09,0,0,0,0,0,1,-90,90
