BUS_I,BUS_TYPE,Pd,Qd,Gs,Bs,area,Vm,Va,baseKV,zone,Vmax,Vmin
1,1,0.0016248439306387021,0.00040722427490540733,0,0,1,1,0,0.4,1,1.1,0.9
2,1,0.0027520583295561583,0.0006897308329855167,0,0,1,1,0,0.4,1,1.1,0.9
6,1,0.04298930713026772,0.010774135961432103,0,0,1,1,0,0.4,1,1.1,0.9
7,1,0.0,0.0,0,0,1,1,0,0.4,1,1.1,0.9
8,1,0.04915472085842205,0.01231933429562077,0,0,1,1,0,0.4,1,1.1,0.9
9,1,0.0,0.0,0,0,1,1,0,0.4,1,1.1,0.9
10,3,0.04191269301041929,0.01050431102868557,0,0,1,1,0,0.4,1,1.1,0.9
11,1,0.07015254615427469,0.0175818853748083,0,0,1,1,0,0.4,1,1.1,0.9
12,1,0.03285115255891892,0.008233274918504981,0,0,1,1,0,0.4,1,1.1,0.9
