BUS_I,BUS_TYPE,Pd,Qd,Gs,Bs,area,Vm,Va,baseKV,zone,Vmax,Vmin
7,1,0.0,0.0,0,0,1,1,0,0.4,1,1.1,0.9
9,1,0.002945393234182169,0.0007381851274969196,0,0,1,1,0,0.4,1,1.1,0.9
10,1,0.0021690810618413448,0.0005436229572351478,0,0,1,1,0,0.4,1,1.1,0.9
35,1,0.0017523008280226275,0.00043916798447661483,0,0,1,1,0,0.4,1,1.1,0.9
24,1,0.0021554616401659593,0.0005402096084132645,0,0,1,1,0,0.4,1,1.1,0.9
11,1,0.011643872327035532,0.0029182294841107004,0,0,1,1,0,0.4,1,1.1,0.9
12,1,0.0,0.0,0,0,1,1,0,0.4,1,1.1,0.9
13,1,0.0,0.0,0,0,1,1,0,0.4,1,1.1,0.9
14,1,0.0,0.0,0,0,1,1,0,0.4,1,1.1,0.9
45,1,0.007085896662157482,0.0017758931032640533,0,0,1,1,0,0.4,1,1.1,0.9
63,1,0.0,0.0,0,0,1,1,0,0.4,1,1.1,0.9
62,1,0.0037613989896341624,0.0009426954474215884,0,0,1,1,0,0.4,1,1.1,0.9
15,1,0.003274014939906655,0.0008205454904268093,0,0,1,1,0,0.4,1,1.1,0.9
21,1,0.0069119564413038966,0.001732299574692885,0,0,1,1,0,0.4,1,1.1,0.9
22,1,0.0022882827206292177,0.0005734977089895101,0,0,1,1,0,0.4,1,1.1,0.9
23,1,0.0035659501632701106,0.0008937113541825979,0,0,1,1,0,0.4,1,1.1,0.9
25,1,0.0015670445618969366,0.0003927383876260035,0,0,1,1,0,0.4,1,1.1,0.9
47,1,0.0033166019069011165,0.0008312187904451828,0,0,1,1,0,0.4,1,1.1,0.9
50,1,0.0027413378544786115,0.0006870440286667909,0,0,1,1,0,0.4,1,1.1,0.9
51,3,0.0026448863650320514,0.0006628710068074037,0,0,1,1,0,0.4,1,1.1,0.9
52,1,0.0026548622607317596,0.0006653712019438368,0,0,1,1,0,0.4,1,1.1,0.9
53,1,0.0055586974035595005,0.001393140889964297,0,0,1,1,0,0.4,1,1.1,0.9
54,1,0.0031542710445606383,0.0007905348413809882,0,0,1,1,0,0.4,1,1.1,0.9
61,1,0.006652415998206805,0.0016672526081775866,0,0,1,1,0,0.4,1,1.1,0.9
60,1,0.003393869788789315,0.0008505839470501188,0,0,1,1,0,0.4,1,1.1,0.9
69,1,0.002988461590370326,0.0007489790750197417,0,0,1,1,0,0.4,1,1.1,0.9
67,1,0.0024787234850961867,0.000621226663604867,0,0,1,1,0,0.4,1,1.1,0.9
85,1,0.0017462238727298937,0.0004376449559161159,0,0,1,1,0,0.4,1,1.1,0.9
68,1,0.00111135226658281,0.000278531132984426,0,0,1,1,0,0.4,1,1.1,0.9
70,1,0.0028223582522596295,0.0007073496544052294,0,0,1,1,0,0.4,1,1.1,0.9
71,1,0.004212024493870254,0.0010556328445193467,0,0,1,1,0,0.4,1,1.1,0.9
79,1,0.003874165665843611,0.0009709574405194944,0,0,1,1,0,0.4,1,1.1,0.9
80,1,0.0019867446649213323,0.0004979251485875017,0,0,1,1,0,0.4,1,1.1,0.9
