F_BUS,T_BUS,BR_R,BR_X,BR_B,RATE_A,RATE_B,RATE_C,TAP,SHIFT,BR_STATUS,ANGMIN,ANGMAX
1,2,12.355479683820528,4.752107570700203,1.2468856341952107e-08,0,0,0,0,0,1,-90,90
2,4,8.872759999999998,3.4125999999999994,8.95417843966777e-09,0,0,0,0,0,1,-90,90
4,10,2.8876691893086384,1.110641995887938,2.914167090713637e-09,0,0,0,0,0,1,-90,90
4,13,7.48621062785816,2.8793117799454464,7.55490577889848e-09,0,0,0,0,0,1,-90,90
10,8,2.413233865044681,0.9281668711710312,2.4353782412979965e-09,0,0,0,0,0,1,-90,90
13,14,2.914064378079604,1.1207939915690783,2.940804487668354e-09,0,0,0,0,0,1,-90,90
8,9,1.4437651985047173,0.5552943071171991,1.457013512412553e-09,0,0,0,0,0,1,-90,90
8,6,0.8143590760650038,0.31321502925577066,8.218318179516886e-10,0,0,0,0,0,1,-90,90
14,20,188.20190743629257,72.38534901395869,1.8992889043210918e-07,0,0,0,0,0,1,-90,90
6,7,0.6320023203334016,0.2430778155128468,6.378017156498486e-10,0,0,0,0,0,1,-90,90
9,11,1.8772765029414353,0.7220294242082445,1.8945028139984756e-09,0,0,0,0,0,1,-90,90
11,12,2.4540205957044545,0.9438540752709442,2.4765392401639957e-09,0,0,0,0,0,1,-90,90
20,19,4.684544829722229,1.8017480114316267,4.727531265801839e-09,0,0,0,0,0,1,-90,90
15,16,4.408643884582964,1.69563226330114,4.449098591588858e-09,0,0,0,0,0,1,-90,90
16,17,8.27971605382249,3.1845061745471117,8.355692588969889e-09,0,0,0,0,0,1,-90,90
17,18,60.08165771999612,23.1083298923062,6.063298051292811e-08,0,0,0,0,0,1,-90,90
18,19,0.16869671465358427,0.0648833517898401,1.702447136171733e-10,0,0,0,0,0,1,-90,90
