BUS_I,BUS_TYPE,Pd,Qd,Gs,Bs,area,Vm,Va,baseKV,zone,Vmax,Vmin
1,1,0.01614191460659698,0.0040455451427095284,0,0,1,1,0,0.4,1,1.1,0.9
2,1,0.003747520241717601,0.0009392171053172516,0,0,1,1,0,0.4,1,1.1,0.9
3,1,0.0075202855532895095,0.0018847612215384462,0,0,1,1,0,0.4,1,1.1,0.9
4,1,0.0,0.0,0,0,1,1,0,0.4,1,1.1,0.9
5,1,0.0,0.0,0,0,1,1,0,0.4,1,1.1,0.9
34,1,0.0,0.0,0,0,1,1,0,0.4,1,1.1,0.9
8,1,0.00443745130929821,0.0011121301300283616,0,0,1,1,0,0.4,1,1.1,0.9
9,1,0.0,0.0,0,0,1,1,0,0.4,1,1.1,0.9
35,1,0.011999214131833646,0.0030072865351135065,0,0,1,1,0,0.4,1,1.1,0.9
7,1,0.003959743963412077,0.0009924053836221029,0,0,1,1,0,0.4,1,1.1,0.9
10,1,0.009410449624069102,0.0023584809915799337,0,0,1,1,0,0.4,1,1.1,0.9
6,1,0.00624247963208886,0.0015645128703468169,0,0,1,1,0,0.4,1,1.1,0.9
12,1,0.0,0.0,0,0,1,1,0,0.4,1,1.1,0.9
13,1,0.0,0.0,0,0,1,1,0,0.4,1,1.1,0.9
22,1,0.00831391184015124,0.002083662717933919,0,0,1,1,0,0.4,1,1.1,0.9
21,1,0.0042439497298301975,0.0010636340628639677,0,0,1,1,0,0.4,1,1.1,0.9
11,1,0.0,0.0,0,0,1,1,0,0.4,1,1.1,0.9
28,3,0.004972216701110442,0.0012461549707031459,0,0,1,1,0,0.4,1,1.1,0.9
18,1,0.0013321856569752841,0.0003338771976628523,0,0,1,1,0,0.4,1,1.1,0.9
14,1,0.0070467066413097395,0.001766071158200704,0,0,1,1,0,0.4,1,1.1,0.9
15,1,0.006413247121945606,0.0016073112375764587,0,0,1,1,0,0.4,1,1.1,0.9
16,1,0.0,0.0,0,0,1,1,0,0.4,1,1.1,0.9
17,1,0.027535370765097437,0.0069010144190652595,0,0,1,1,0,0.4,1,1.1,0.9
19,1,0.0,0.0,0,0,1,1,0,0.4,1,1.1,0.9
20,1,0.007297255834268318,0.0018288647050188195,0,0,1,1,0,0.4,1,1.1,0.9
31,1,0.0012918980535124942,0.00032378017246649255,0,0,1,1,0,0.4,1,1.1,0.9
32,1,0.0017036928755088704,0.0004269856832452157,0,0,1,1,0,0.4,1,1.1,0.9
23,1,0.0021017554183705937,0.0005267495604565788,0,0,1,1,0,0.4,1,1.1,0.9
25,1,0.0,0.0,0,0,1,1,0,0.4,1,1.1,0.9
27,1,0.001430044400478929,0.0003584029106344122,0,0,1,1,0,0.4,1,1.1,0.9
33,1,0.0016797038899360338,0.00042097347673638837,0,0,1,1,0,0.4,1,1.1,0.9
29,1,0.003639009350763083,0.0009120217125444062,0,0,1,1,0,0.4,1,1.1,0.9
30,1,0.00401185519682051,0.0010054656898084542,0,0,1,1,0,0.4,1,1.1,0.9
