F_BUS,T_BUS,BR_R,BR_X,BR_B,RATE_A,RATE_B,RATE_C,TAP,SHIFT,BR_STATUS,ANGMIN,ANGMAX
1,2,2.329537203719624,0.8959758475844708,2.3509135606001074e-09,0,0,0,0,0,1,-90,90
1,3,2.433994527729959,0.9361517414345996,2.4563294084894602e-09,0,0,0,0,0,1,-90,90
1,10,6.281077526271671,2.4157990485660275,6.338714105151451e-09,0,0,0,0,0,1,-90,90
3,4,3.0047641794771534,1.155678530568136,3.032336570825803e-09,0,0,0,0,0,1,-90,90
10,11,2.1214052089731017,0.81592508037427,2.1408716998978734e-09,0,0,0,0,0,1,-90,90
10,9,3.21392421780809,1.2361246991569577,3.2434159086714066e-09,0,0,0,0,0,1,-90,90
4,7,5.663471173103135,2.178258143501206,5.715440457296269e-09,0,0,0,0,0,1,-90,90
11,12,0.48938603680308773,0.18822539877041838,4.938767530527894e-10,0,0,0,0,0,1,-90,90
12,16,2.932152729104424,1.1277510496555478,2.9590588214670355e-09,0,0,0,0,0,1,-90,90
7,5,2.3858051014986037,0.9176173467302324,2.407697785253763e-09,0,0,0,0,0,1,-90,90
5,6,2.2036230010812496,0.847547308108173,2.223843940942584e-09,0,0,0,0,0,1,-90,90
6,8,10.167307937145678,3.910503052748338,1.0260605439598598e-08,0,0,0,0,0,1,-90,90
8,14,7.620699041998097,2.9310380930761917,7.690628288949122e-09,0,0,0,0,0,1,-90,90
14,13,3.273165665569632,1.2589098713729354,3.3032009692704882e-09,0,0,0,0,0,1,-90,90
