BUS_I,BUS_TYPE,Pd,Qd,Gs,Bs,area,Vm,Va,baseKV,zone,Vmax,Vmin
1,1,0.04299640292002155,0.010775914333977857,0,0,1,1,0,0.4,1,1.1,0.9
2,1,0.0,0.0,0,0,1,1,0,0.4,1,1.1,0.9
3,1,0.0,0.0,0,0,1,1,0,0.4,1,1.1,0.9
4,1,0.0,0.0,0,0,1,1,0,0.4,1,1.1,0.9
6,1,0.007215160879393261,0.0018082897698868984,0,0,1,1,0,0.4,1,1.1,0.9
27,1,0.011298186419845571,0.002831592429162836,0,0,1,1,0,0.4,1,1.1,0.9
15,1,0.017993609919861348,0.004509623733318175,0,0,1,1,0,0.4,1,1.1,0.9
14,1,0.006693406020587163,0.0016775256761488817,0,0,1,1,0,0.4,1,1.1,0.9
10,1,0.016215438664855888,0.004063972008667551,0,0,1,1,0,0.4,1,1.1,0.9
16,1,0.0036229019718136096,0.0009079848228532545,0,0,1,1,0,0.4,1,1.1,0.9
7,3,0.03040528473708229,0.0076202826603067614,0,0,1,1,0,0.4,1,1.1,0.9
8,1,0.021461222016566497,0.00537868924484635,0,0,1,1,0,0.4,1,1.1,0.9
9,1,0.0,0.0,0,0,1,1,0,0.4,1,1.1,0.9
11,1,0.0,0.0,0,0,1,1,0,0.4,1,1.1,0.9
12,1,0.002993553759565122,0.0007502552929191626,0,0,1,1,0,0.4,1,1.1,0.9
13,1,0.0032563269814612945,0.0008161124701738195,0,0,1,1,0,0.4,1,1.1,0.9
24,1,0.007394844229576971,0.0018533226623459133,0,0,1,1,0,0.4,1,1.1,0.9
26,1,0.0,0.0,0,0,1,1,0,0.4,1,1.1,0.9
25,1,0.002865129172570543,0.0007180690574704839,0,0,1,1,0,0.4,1,1.1,0.9
22,1,0.003194165158695689,0.0008005332488558855,0,0,1,1,0,0.4,1,1.1,0.9
18,1,0.002402251664849135,0.000602061018853644,0,0,1,1,0,0.4,1,1.1,0.9
19,1,0.005763869078020181,0.0014445617586323028,0,0,1,1,0,0.4,1,1.1,0.9
20,1,0.002687171397455533,0.0006734686348892806,0,0,1,1,0,0.4,1,1.1,0.9
