BUS_I,BUS_TYPE,Pd,Qd,Gs,Bs,area,Vm,Va,baseKV,zone,Vmax,Vmin
1,1,0.005062078597920312,0.0012686764849729128,0,0,1,1,0,0.4,1,1.1,0.9
2,1,0.0041829407863181135,0.001048343780322993,0,0,1,1,0,0.4,1,1.1,0.9
4,1,0.0,0.0,0,0,1,1,0,0.4,1,1.1,0.9
5,1,0.0,0.0,0,0,1,1,0,0.4,1,1.1,0.9
8,3,0.07607683659750233,0.01906665251741263,0,0,1,1,0,0.4,1,1.1,0.9
12,1,0.08446064170301719,0.02116783213882988,0,0,1,1,0,0.4,1,1.1,0.9
11,1,0.0,0.0,0,0,1,1,0,0.4,1,1.1,0.9
9,1,0.00936261410343067,0.0023464922800246948,0,0,1,1,0,0.4,1,1.1,0.9
10,1,0.04630529158677805,0.011605200004222488,0,0,1,1,0,0.4,1,1.1,0.9
