BUS_I,BUS_TYPE,Pd,Qd,Gs,Bs,area,Vm,Va,baseKV,zone,Vmax,Vmin
1,1,0.009325484899528306,0.0023371868243733255,0,0,1,1,0,0.4,1,1.1,0.9
2,1,0.006574925177265158,0.0016478315777790655,0,0,1,1,0,0.4,1,1.1,0.9
3,1,0.0,0.0,0,0,1,1,0,0.4,1,1.1,0.9
4,1,0.011195456927647876,0.002805845991500258,0,0,1,1,0,0.4,1,1.1,0.9
5,1,0.02022149329140413,0.005067983938531052,0,0,1,1,0,0.4,1,1.1,0.9
6,1,0.023451730980685873,0.005877557815742016,0,0,1,1,0,0.4,1,1.1,0.9
20,1,0.007480842234415586,0.0018748757940057338,0,0,1,1,0,0.4,1,1.1,0.9
9,1,0.0,0.0,0,0,1,1,0,0.4,1,1.1,0.9
14,1,0.001932803855073217,0.00048440630732280576,0,0,1,1,0,0.4,1,1.1,0.9
12,1,0.018159942569656865,0.004551310624858244,0,0,1,1,0,0.4,1,1.1,0.9
19,3,0.019242029338891947,0.004822507132828876,0,0,1,1,0,0.4,1,1.1,0.9
13,1,0.0,0.0,0,0,1,1,0,0.4,1,1.1,0.9
21,1,0.007610968027043154,0.0019074883917759228,0,0,1,1,0,0.4,1,1.1,0.9
15,1,0.0,0.0,0,0,1,1,0,0.4,1,1.1,0.9
16,1,0.013780662070511946,0.0034537594741020777,0,0,1,1,0,0.4,1,1.1,0.9
18,1,0.007971397481157232,0.0019978205278897354,0,0,1,1,0,0.4,1,1.1,0.9
