BUS_I,BUS_TYPE,Pd,Qd,Gs,Bs,area,Vm,Va,baseKV,zone,Vmax,Vmin
1,1,0.004642492262409665,0.001163518236838044,0,0,1,1,0,0.4,1,1.1,0.9
2,3,0.05198966194256866,0.013029837504958147,0,0,1,1,0,0.4,1,1.1,0.9
3,1,0.0,0.0,0,0,1,1,0,0.4,1,1.1,0.9
7,1,0.0,0.0,0,0,1,1,0,0.4,1,1.1,0.9
4,1,0.005932691135934177,0.0014868725546575195,0,0,1,1,0,0.4,1,1.1,0.9
6,1,0.006942771180769052,0.00174002247638115,0,0,1,1,0,0.4,1,1.1,0.9
