F_BUS,T_BUS,BR_R,BR_X,BR_B,RATE_A,RATE_B,RATE_C,TAP,SHIFT,BR_STATUS,ANGMIN,ANGMAX
1,2,3.4978432447931627,2.238619676667624,5.873820560110555e-09,0,0,0,0,0,1,-90,90
1,3,0.8119720128954487,0.5196620882530872,1.363519623321961e-09,0,0,0,0,0,1,-90,90
2,4,5.496866371548281,3.5179944777909005,9.230718602797152e-09,0,0,0,0,0,1,-90,90
2,6,25.980712585884596,16.627656054966142,4.3628611425185815e-08,0,0,0,0,0,1,-90,90
4,8,2.805749245314266,1.7956795170011302,4.711608397024134e-09,0,0,0,0,0,1,-90,90
4,9,3.8388198116081673,2.4568446794292274,6.446412019620719e-09,0,0,0,0,0,1,-90,90
4,7,1.6415819310540976,1.0506124358746223,2.7566580383740795e-09,0,0,0,0,0,1,-90,90
6,22,2.2808593749999995,1.4597499999999999,3.8301769845000965e-09,0,0,0,0,0,1,-90,90
8,21,1.1077042327314073,0.7089307089481006,1.8601336427596176e-09,0,0,0,0,0,1,-90,90
9,16,1.7543749999999998,1.1227999999999998,2.9460679693075582e-09,0,0,0,0,0,1,-90,90
9,14,0.9345742036701811,0.5981274903489159,1.569401710793781e-09,0,0,0,0,0,1,-90,90
21,20,1.1577997942593936,0.7409918683260118,1.9442575781907976e-09,0,0,0,0,0,1,-90,90
16,19,0.9100096306260327,0.582406163600661,1.5281511789376602e-09,0,0,0,0,0,1,-90,90
16,18,2.0003876914148435,1.2802481225054996,3.3591895141428505e-09,0,0,0,0,0,1,-90,90
14,15,1.5986718018451833,1.0231499531809174,2.684600378397603e-09,0,0,0,0,0,1,-90,90
13,17,0.8590011204795449,0.5497607171069088,1.4424941569756128e-09,0,0,0,0,0,1,-90,90
13,15,2.0136859023262486,1.288758977488799,3.381520790645985e-09,0,0,0,0,0,1,-90,90
