F_BUS,T_BUS,BR_R,BR_X,BR_B,RATE_A,RATE_B,RATE_C,TAP,SHIFT,BR_STATUS,ANGMIN,ANGMAX
1,2,1.058807101758258,0.6776365451252853,1.7780221948929808e-09,0,0,0,0,0,1,-90,90
2,3,3.730079497459788,2.3872508783742643,6.263807755147626e-09,0,0,0,0,0,1,-90,90
3,7,6.976291265563766,4.464826409960811,1.171507131715711e-08,0,0,0,0,0,1,-90,90
3,13,2.4918749999999994,1.5947999999999998,4.184529032286867e-09,0,0,0,0,0,1,-90,90
7,24,5.252953096565795,3.361889981802109,8.821122543394341e-09,0,0,0,0,0,1,-90,90
7,5,7.470810520678449,4.781318733234208,1.2545502289839233e-08,0,0,0,0,0,1,-90,90
13,14,7.980575135067556,5.107568086443236,1.340153432537221e-08,0,0,0,0,0,1,-90,90
13,12,1.3375737800829477,0.8560472192530867,4.492293004731605e-09,0,0,0,0,0,1,-90,90
5,4,0.8321816282873974,0.5325962421039343,1.3974570087602198e-09,0,0,0,0,0,1,-90,90
14,18,1.1363486080418446,0.7272631091467805,1.908235261058387e-09,0,0,0,0,0,1,-90,90
12,10,0.5472524173827944,0.3502415471249885,2.7569524496944755e-09,0,0,0,0,0,1,-90,90
8,9,2.1599888213220213,1.3823928456460937,3.6272027819361275e-09,0,0,0,0,0,1,-90,90
8,10,0.1929992160403442,0.12351949826582029,9.722929393281271e-10,0,0,0,0,0,1,-90,90
9,11,1.143658378222424,0.7319413620623514,1.9205103332590313e-09,0,0,0,0,0,1,-90,90
18,16,1.5241677114082128,0.9754673353012563,2.5594879512262444e-09,0,0,0,0,0,1,-90,90
17,19,0.9589389097897946,0.6137209022654685,1.6103166122718487e-09,0,0,0,0,0,1,-90,90
17,15,0.9255367526724202,0.5923435217103489,1.5542253973438686e-09,0,0,0,0,0,1,-90,90
19,22,1.8781929709702911,1.2020435014209863,3.1539916790618744e-09,0,0,0,0,0,1,-90,90
15,16,1.518015878797186,0.9715301624301992,2.5491573679656034e-09,0,0,0,0,0,1,-90,90
22,20,1.3672731321373301,0.8750548045678912,2.296019710657419e-09,0,0,0,0,0,1,-90,90
20,21,3.157174514446705,2.0205916892458915,5.3017460409123376e-09,0,0,0,0,0,1,-90,90
