BUS_I,BUS_TYPE,Pd,Qd,Gs,Bs,area,Vm,Va,baseKV,zone,Vmax,Vmin
1,1,0.05005605158232571,0.012545229068386643,0,0,1,1,0,0.4,1,1.1,0.9
3,1,0.0,0.0,0,0,1,1,0,0.4,1,1.1,0.9
15,1,0.0,0.0,0,0,1,1,0,0.4,1,1.1,0.9
4,1,0.0,0.0,0,0,1,1,0,0.4,1,1.1,0.9
14,1,0.0,0.0,0,0,1,1,0,0.4,1,1.1,0.9
24,1,0.029821770977161387,0.007474040326935266,0,0,1,1,0,0.4,1,1.1,0.9
5,1,0.0,0.0,0,0,1,1,0,0.4,1,1.1,0.9
10,1,0.0,0.0,0,0,1,1,0,0.4,1,1.1,0.9
16,1,0.011881897372126337,0.002977884183598256,0,0,1,1,0,0.4,1,1.1,0.9
6,1,0.0,0.0,0,0,1,1,0,0.4,1,1.1,0.9
11,1,0.0,0.0,0,0,1,1,0,0.4,1,1.1,0.9
9,1,0.0,0.0,0,0,1,1,0,0.4,1,1.1,0.9
18,1,0.018178430194157533,0.004555944060316288,0,0,1,1,0,0.4,1,1.1,0.9
19,1,0.02909334389212407,0.007291479290805981,0,0,1,1,0,0.4,1,1.1,0.9
25,1,0.0625775365358094,0.015683409009716147,0,0,1,1,0,0.4,1,1.1,0.9
20,1,0.06486859470618178,0.0162576023119795,0,0,1,1,0,0.4,1,1.1,0.9
23,1,0.051401903857623894,0.012882531443466235,0,0,1,1,0,0.4,1,1.1,0.9
17,1,0.053629976390085765,0.01344093905687424,0,0,1,1,0,0.4,1,1.1,0.9
21,3,0.014403111740910081,0.0036097600664748803,0,0,1,1,0,0.4,1,1.1,0.9
22,1,0.07183853267932527,0.01800443342832759,0,0,1,1,0,0.4,1,1.1,0.9
