BUS_I,BUS_TYPE,Pd,Qd,Gs,Bs,area,Vm,Va,baseKV,zone,Vmax,Vmin
1,1,0.00500337650130283,0.001253964352761492,0,0,1,1,0,0.4,1,1.1,0.9
2,1,0.006331782126326739,0.0015868941851165188,0,0,1,1,0,0.4,1,1.1,0.9
3,1,0.0,0.0,0,0,1,1,0,0.4,1,1.1,0.9
30,1,0.0,0.0,0,0,1,1,0,0.4,1,1.1,0.9
26,1,0.0,0.0,0,0,1,1,0,0.4,1,1.1,0.9
33,1,0.009409251694291125,0.002358180762077256,0,0,1,1,0,0.4,1,1.1,0.9
29,1,0.0,0.0,0,0,1,1,0,0.4,1,1.1,0.9
24,1,0.0034220184658806767,0.0008576386705235114,0,0,1,1,0,0.4,1,1.1,0.9
4,1,0.003315087847686194,0.0008308393314372531,0,0,1,1,0,0.4,1,1.1,0.9
5,1,0.006981864872554251,0.001749820279105714,0,0,1,1,0,0.4,1,1.1,0.9
6,1,0.0040046824208293105,0.001003668022692864,0,0,1,1,0,0.4,1,1.1,0.9
7,1,0.005729397467401438,0.0014359223586417318,0,0,1,1,0,0.4,1,1.1,0.9
8,1,0.0036317719888948295,0.000910207858682227,0,0,1,1,0,0.4,1,1.1,0.9
17,1,0.004221154856553872,0.0010579211291067768,0,0,1,1,0,0.4,1,1.1,0.9
14,1,0.0,0.0,0,0,1,1,0,0.4,1,1.1,0.9
16,1,0.013542065291621408,0.003393961484617468,0,0,1,1,0,0.4,1,1.1,0.9
15,3,0.0,0.0,0,0,1,1,0,0.4,1,1.1,0.9
12,1,0.005354458909457764,0.0013419538983400253,0,0,1,1,0,0.4,1,1.1,0.9
9,1,0.0031461940809589133,0.0007885105634893528,0,0,1,1,0,0.4,1,1.1,0.9
10,1,0.0,0.0,0,0,1,1,0,0.4,1,1.1,0.9
11,1,0.0,0.0,0,0,1,1,0,0.4,1,1.1,0.9
13,1,0.006697108869776479,0.0016784536976331426,0,0,1,1,0,0.4,1,1.1,0.9
25,1,0.007295031683257521,0.0018283072802313843,0,0,1,1,0,0.4,1,1.1,0.9
23,1,0.006889032443504468,0.0017265542792797212,0,0,1,1,0,0.4,1,1.1,0.9
27,1,0.0,0.0,0,0,1,1,0,0.4,1,1.1,0.9
21,1,0.008078131532965459,0.002024570602795844,0,0,1,1,0,0.4,1,1.1,0.9
18,1,0.0195136480662537,0.004890581202722555,0,0,1,1,0,0.4,1,1.1,0.9
20,1,0.006031532874876051,0.0015116446295085314,0,0,1,1,0,0.4,1,1.1,0.9
22,1,0.0018599770640945873,0.0004661541930177091,0,0,1,1,0,0.4,1,1.1,0.9
28,1,0.004667520566303506,0.0011697909210713385,0,0,1,1,0,0.4,1,1.1,0.9
31,1,0.001641122696257602,0.00041130411814481666,0,0,1,1,0,0.4,1,1.1,0.9
