BUS_I,BUS_TYPE,Pd,Qd,Gs,Bs,area,Vm,Va,baseKV,zone,Vmax,Vmin
1,1,0.08549969624778167,0.021428243754739694,0,0,1,1,0,0.4,1,1.1,0.9
2,1,0.0,0.0,0,0,1,1,0,0.4,1,1.1,0.9
5,3,0.0,0.0,0,0,1,1,0,0.4,1,1.1,0.9
3,1,0.0,0.0,0,0,1,1,0,0.4,1,1.1,0.9
15,1,0.02798630195908002,0.007014028429235211,0,0,1,1,0,0.4,1,1.1,0.9
4,1,0.0,0.0,0,0,1,1,0,0.4,1,1.1,0.9
6,1,0.0,0.0,0,0,1,1,0,0.4,1,1.1,0.9
12,1,0.018213112181991613,0.004564636185807047,0,0,1,1,0,0.4,1,1.1,0.9
10,1,0.09482087520316389,0.023764351407784864,0,0,1,1,0,0.4,1,1.1,0.9
14,1,0.028588278861553088,0.007164898062310085,0,0,1,1,0,0.4,1,1.1,0.9
11,1,0.09689247099581891,0.02428354225353546,0,0,1,1,0,0.4,1,1.1,0.9
13,1,0.02708442993100747,0.006787997992856655,0,0,1,1,0,0.4,1,1.1,0.9
