BUS_I,BUS_TYPE,Pd,Qd,Gs,Bs,area,Vm,Va,baseKV,zone,Vmax,Vmin
17,1,0.0005951013131999234,0.0001491464479716734,0,0,1,1,0,0.4,1,1.1,0.9
18,1,0.00010493498431622728,2.6299186090807257e-05,0,0,1,1,0,0.4,1,1.1,0.9
19,1,0.0005100623922492889,0.0001278336853919173,0,0,1,1,0,0.4,1,1.1,0.9
20,1,0.0014483589146778927,0.00036299296056122954,0,0,1,1,0,0.4,1,1.1,0.9
21,1,0.0002191641209917629,5.492770633119771e-05,0,0,1,1,0,0.4,1,1.1,0.9
26,1,0.0,0.0,0,0,1,1,0,0.4,1,1.1,0.9
36,1,0.0007885579112184021,0.0001976312417221566,0,0,1,1,0,0.4,1,1.1,0.9
22,1,0.00042821377098785444,0.00010732048728304223,0,0,1,1,0,0.4,1,1.1,0.9
23,1,0.0003840596631371334,9.625442474340058e-05,0,0,1,1,0,0.4,1,1.1,0.9
24,1,0.0,0.0,0,0,1,1,0,0.4,1,1.1,0.9
25,1,0.031181223022107143,0.007814751125574304,0,0,1,1,0,0.4,1,1.1,0.9
35,1,0.0,0.0,0,0,1,1,0,0.4,1,1.1,0.9
28,1,0.006068533194723567,0.0015209177837709536,0,0,1,1,0,0.4,1,1.1,0.9
29,1,0.019835375613355466,0.0049712137266315504,0,0,1,1,0,0.4,1,1.1,0.9
30,1,0.0,0.0,0,0,1,1,0,0.4,1,1.1,0.9
31,1,0.016233575949870124,0.004068517640773751,0,0,1,1,0,0.4,1,1.1,0.9
32,1,0.014284779454432742,0.0035801031999598966,0,0,1,1,0,0.4,1,1.1,0.9
33,3,0.0580525017763974,0.014549328397986885,0,0,1,1,0,0.4,1,1.1,0.9
34,1,0.0,0.0,0,0,1,1,0,0.4,1,1.1,0.9
