F_BUS,T_BUS,BR_R,BR_X,BR_B,RATE_A,RATE_B,RATE_C,TAP,SHIFT,BR_STATUS,ANGMIN,ANGMAX
1,3,7.830787894801701,3.0118414980006545,7.902644964277721e-09,0,0,0,0,0,1,-90,90
3,4,6.743489999999999,2.59365,6.805369779653142e-09,0,0,0,0,0,1,-90,90
3,7,22.569454596502236,8.680559460193168,2.2776556983741365e-08,0,0,0,0,0,1,-90,90
4,8,5.319859999999999,2.0460999999999996,5.368676230851617e-09,0,0,0,0,0,1,-90,90
7,6,29.760161873238626,11.446216105091779,3.003324780636197e-08,0,0,0,0,0,1,-90,90
