BUS_I,BUS_TYPE,Pd,Qd,Gs,Bs,area,Vm,Va,baseKV,zone,Vmax,Vmin
132,1,0.3907492644020043,0.18924850619902128,0,0,1,1,0,20,1,1.05,0.95
61,1,0.0,0.0,0,0,1,1,0,20,1,1.05,0.95
113,1,0.0,0.0,0,0,1,1,0,20,1,1.05,0.95
133,1,0.0,0.0,0,0,1,1,0,20,1,1.05,0.95
134,1,0.10926370605665278,0.05291882809974249,0,0,1,1,0,20,1,1.05,0.95
135,1,0.0,0.0,0,0,1,1,0,20,1,1.05,0.95
67,1,0.0,0.0,0,0,1,1,0,20,1,1.05,0.95
136,1,0.09456667862711021,0.04580073284020678,0,0,1,1,0,20,1,1.05,0.95
126,1,0.0,0.0,0,0,1,1,0,20,1,1.05,0.95
48,3,0.11721114801711124,0.05676794991810841,0,0,1,1,0,20,1,1.05,0.95
75,1,0.0,0.0,0,0,1,1,0,20,1,1.05,0.95
53,1,0.19516294304981524,0.09452172736423646,0,0,1,1,0,20,1,1.05,0.95
49,1,0.3449074107572359,0.16704628315211828,0,0,1,1,0,20,1,1.05,0.95
50,1,0.0,0.0,0,0,1,1,0,20,1,1.05,0.95
60,1,0.25220966660128175,0.12215071658878582,0,0,1,1,0,20,1,1.05,0.95
51,1,0.0,0.0,0,0,1,1,0,20,1,1.05,0.95
104,1,0.33847660504080096,0.16393170179173122,0,0,1,1,0,20,1,1.05,0.95
52,1,0.09784354737229509,0.04738779280815209,0,0,1,1,0,20,1,1.05,0.95
65,1,0.0,0.0,0,0,1,1,0,20,1,1.05,0.95
54,1,0.0,0.0,0,0,1,1,0,20,1,1.05,0.95
55,1,0.0,0.0,0,0,1,1,0,20,1,1.05,0.95
119,1,0.297018888718324,0.14385281336065858,0,0,1,1,0,20,1,1.05,0.95
62,1,0.3120483388403139,0.15113190827829626,0,0,1,1,0,20,1,1.05,0.95
63,1,0.0,0.0,0,0,1,1,0,20,1,1.05,0.95
118,1,0.0,0.0,0,0,1,1,0,20,1,1.05,0.95
64,1,0.2291623243508935,0.11098837927915942,0,0,1,1,0,20,1,1.05,0.95
66,1,0.11896063515088375,0.05761526520912384,0,0,1,1,0,20,1,1.05,0.95
102,1,0.0,0.0,0,0,1,1,0,20,1,1.05,0.95
73,1,0.24126028946024294,0.11684769120517444,0,0,1,1,0,20,1,1.05,0.95
74,1,0.0,0.0,0,0,1,1,0,20,1,1.05,0.95
76,1,0.0,0.0,0,0,1,1,0,20,1,1.05,0.95
123,1,0.09072831109128479,0.04394172659611453,0,0,1,1,0,20,1,1.05,0.95
114,1,0.0,0.0,0,0,1,1,0,20,1,1.05,0.95
100,1,0.33112281105666486,0.16037009681079048,0,0,1,1,0,20,1,1.05,0.95
109,1,0.0,0.0,0,0,1,1,0,20,1,1.05,0.95
110,1,0.14258303879242615,0.06905611746212502,0,0,1,1,0,20,1,1.05,0.95
111,1,0.0,0.0,0,0,1,1,0,20,1,1.05,0.95
112,1,0.2803307526562733,0.1357703801772657,0,0,1,1,0,20,1,1.05,0.95
115,1,0.0,0.0,0,0,1,1,0,20,1,1.05,0.95
116,1,0.17669687337641318,0.08557820163193194,0,0,1,1,0,20,1,1.05,0.95
127,1,0.3713143252634483,0.1798357355680403,0,0,1,1,0,20,1,1.05,0.95
124,1,0.2657448080752719,0.12870608479674683,0,0,1,1,0,20,1,1.05,0.95
125,1,0.0,0.0,0,0,1,1,0,20,1,1.05,0.95
