F_BUS,T_BUS,BR_R,BR_X,BR_B,RATE_A,RATE_B,RATE_C,TAP,SHIFT,BR_STATUS,ANGMIN,ANGMAX
1,2,2.9467323440991064,1.1333585938842718,2.973772222285275e-09,0,0,0,0,0,1,-90,90
1,3,3.19833210070093,1.2301277310388192,3.2276807147937733e-09,0,0,0,0,0,1,-90,90
2,4,3.8017964181881365,1.4622293916108218,3.836682556470182e-09,0,0,0,0,0,1,-90,90
3,5,5.238349999999999,2.01475,5.286418276774495e-09,0,0,0,0,0,1,-90,90
4,19,1.2953106365921736,0.4981963986892976,1.3071966980788368e-09,0,0,0,0,0,1,-90,90
4,12,2.362325425274986,0.9085867020288408,2.384002654244709e-09,0,0,0,0,0,1,-90,90
5,23,3.178033618000615,1.222320622307929,3.2071959686546775e-09,0,0,0,0,0,1,-90,90
19,20,3.996065192817576,1.536948151083683,4.0327339850321635e-09,0,0,0,0,0,1,-90,90
12,10,4.075502287742048,1.5675008799007877,4.112900012590957e-09,0,0,0,0,0,1,-90,90
23,18,2.5570362342044426,0.9834754746940165,2.5805001733127794e-09,0,0,0,0,0,1,-90,90
20,21,1.8593840689517211,0.7151477188275851,1.8764461950136412e-09,0,0,0,0,0,1,-90,90
10,11,1.783445843631654,0.6859407090890977,1.7998111434730182e-09,0,0,0,0,0,1,-90,90
10,9,1.525545875874065,0.5867484137977174,1.5395446276553902e-09,0,0,0,0,0,1,-90,90
18,16,0.6255343350722812,0.24059012887395428,6.31274378702471e-10,0,0,0,0,0,1,-90,90
6,7,1.7677646375569227,0.6799094759834319,1.7839860431274275e-09,0,0,0,0,0,1,-90,90
7,8,0.8182199999999998,0.3147,8.257281705923482e-10,0,0,0,0,0,1,-90,90
8,9,2.169693002316361,0.8344973085832158,2.189602592884198e-09,0,0,0,0,0,1,-90,90
11,14,0.3555849117821669,0.13676342760852575,3.5884783884056885e-10,0,0,0,0,0,1,-90,90
14,13,4.661856659466507,1.793021792102503,4.704634903797311e-09,0,0,0,0,0,1,-90,90
15,16,0.08953872769871227,0.03443797219181241,1.8072071037086382e-10,0,0,0,0,0,1,-90,90
15,17,2.879333764706639,1.107436063348707,2.9057551783823322e-09,0,0,0,0,0,1,-90,90
17,26,1.4530918482283863,0.558881480087841,1.4664257455699932e-09,0,0,0,0,0,1,-90,90
26,24,3.3519391298083163,1.2892073576185832,3.382697276519187e-09,0,0,0,0,0,1,-90,90
21,22,2.118662498989488,0.8148701919190339,2.1381038221911013e-09,0,0,0,0,0,1,-90,90
