F_BUS,T_BUS,BR_R,BR_X,BR_B,RATE_A,RATE_B,RATE_C,TAP,SHIFT,BR_STATUS,ANGMIN,ANGMAX
1,2,2.030539916112142,1.2995455463117709,3.4098232175324197e-09,0,0,0,0,0,1,-90,90
2,6,1.7086113720611495,1.0935112781191356,2.869218516693405e-09,0,0,0,0,0,1,-90,90
6,20,1.7523062141217507,1.1214759770379206,2.9425939208223337e-09,0,0,0,0,0,1,-90,90
4,15,3.6343557709597776,2.3259876934142576,6.103061845895364e-09,0,0,0,0,0,1,-90,90
4,7,0.9859765624999998,0.631025,3.311440221468297e-09,0,0,0,0,0,1,-90,90
4,12,2.667281847111205,1.7070603821511714,4.479084354764416e-09,0,0,0,0,0,1,-90,90
7,8,0.6790253528929706,0.4345762258515012,1.1402663868931912e-09,0,0,0,0,0,1,-90,90
7,11,0.48483779659465404,0.31029618982057855,8.141731972110658e-10,0,0,0,0,0,1,-90,90
12,5,1.3127058236376743,0.8401317271281116,2.2043865080968717e-09,0,0,0,0,0,1,-90,90
5,13,0.5003906249999999,0.3202499999999999,8.402905835150922e-10,0,0,0,0,0,1,-90,90
5,14,0.28742187499999994,0.18394999999999995,4.826587129979741e-10,0,0,0,0,0,1,-90,90
13,16,0.7885669677914907,0.5046828593865541,1.324216251066332e-09,0,0,0,0,0,1,-90,90
14,21,1.1242854601423753,0.7195426944911201,1.8879779878781116e-09,0,0,0,0,0,1,-90,90
14,20,1.318191025392349,0.8436422562511033,2.2135976386673807e-09,0,0,0,0,0,1,-90,90
8,9,0.6294220667714687,0.40283012273373997,1.056969114408714e-09,0,0,0,0,0,1,-90,90
9,10,0.6675286683126226,0.4272183477200785,1.1209603581391362e-09,0,0,0,0,0,1,-90,90
16,17,3.8023897969654104,2.4335294700578625,6.385236216693504e-09,0,0,0,0,0,1,-90,90
17,19,1.9092487250591035,1.221919184037826,3.206142651564186e-09,0,0,0,0,0,1,-90,90
