BUS_I,BUS_TYPE,Pd,Qd,Gs,Bs,area,Vm,Va,baseKV,zone,Vmax,Vmin
1,1,0.0017191877644645633,0.00043086906847424603,0,0,1,1,0,0.4,1,1.1,0.9
2,1,0.001021520652354996,0.0002560172082451286,0,0,1,1,0,0.4,1,1.1,0.9
3,1,0.0008696021590577916,0.00021794284484866514,0,0,1,1,0,0.4,1,1.1,0.9
5,1,0.0,0.0,0,0,1,1,0,0.4,1,1.1,0.9
15,1,0.0,0.0,0,0,1,1,0,0.4,1,1.1,0.9
9,1,0.0,0.0,0,0,1,1,0,0.4,1,1.1,0.9
14,1,0.0017433595690856528,0.0004369270937555474,0,0,1,1,0,0.4,1,1.1,0.9
6,3,0.09748888491603598,0.024433017671835124,0,0,1,1,0,0.4,1,1.1,0.9
7,1,0.0850758528359595,0.021322018582710486,0,0,1,1,0,0.4,1,1.1,0.9
8,1,0.0,0.0,0,0,1,1,0,0.4,1,1.1,0.9
16,1,0.010545448828311816,0.002642938605785545,0,0,1,1,0,0.4,1,1.1,0.9
10,1,0.0012024208189902604,0.000301355063653405,0,0,1,1,0,0.4,1,1.1,0.9
11,1,0.0017087562590643464,0.0004282546867833809,0,0,1,1,0,0.4,1,1.1,0.9
12,1,0.001091203741694081,0.00027348143665143664,0,0,1,1,0,0.4,1,1.1,0.9
13,1,0.0065623861173749265,0.0016446889931433903,0,0,1,1,0,0.4,1,1.1,0.9
