BUS_I,BUS_TYPE,Pd,Qd,Gs,Bs,area,Vm,Va,baseKV,zone,Vmax,Vmin
1,1,0.005809971346162395,0.00145611607616502,0,0,1,1,0,0.4,1,1.1,0.9
2,1,0.0004393912585521419,0.00011012182972756977,0,0,1,1,0,0.4,1,1.1,0.9
3,3,0.0,0.0,0,0,1,1,0,0.4,1,1.1,0.9
9,1,0.012969555087450688,0.0032504769022688577,0,0,1,1,0,0.4,1,1.1,0.9
4,1,0.0003445894377165464,8.636225379444466e-05,0,0,1,1,0,0.4,1,1.1,0.9
5,1,0.0003437340705450215,8.614787857376412e-05,0,0,1,1,0,0.4,1,1.1,0.9
6,1,0.0017333847258582215,0.00043442716239353095,0,0,1,1,0,0.4,1,1.1,0.9
7,1,0.0006690737006906256,0.0001676856758266724,0,0,1,1,0,0.4,1,1.1,0.9
17,1,0.0014269610946087113,0.00035763016134222794,0,0,1,1,0,0.4,1,1.1,0.9
18,1,0.0013075160098969655,0.0003276944013005631,0,0,1,1,0,0.4,1,1.1,0.9
10,1,0.00247531206937382,0.0006203716822323511,0,0,1,1,0,0.4,1,1.1,0.9
11,1,0.0004127336603136369,0.00010344080584047701,0,0,1,1,0,0.4,1,1.1,0.9
12,1,0.004282293725715673,0.00107324397408498,0,0,1,1,0,0.4,1,1.1,0.9
13,1,0.0016913995006171093,0.00042390467307430664,0,0,1,1,0,0.4,1,1.1,0.9
14,1,0.000738091981964294,0.00018498328762612629,0,0,1,1,0,0.4,1,1.1,0.9
15,1,0.00033403625316163734,8.37173764328223e-05,0,0,1,1,0,0.4,1,1.1,0.9
16,1,0.0019478077663599872,0.000488166641948974,0,0,1,1,0,0.4,1,1.1,0.9
19,1,0.0008188031576604824,0.00020521141500493462,0,0,1,1,0,0.4,1,1.1,0.9
20,1,0.0004693030138818637,0.00011761842225907883,0,0,1,1,0,0.4,1,1.1,0.9
25,1,0.0012710879916795368,0.00031856467934689696,0,0,1,1,0,0.4,1,1.1,0.9
21,1,0.0005421746833018169,0.00013588178416179533,0,0,1,1,0,0.4,1,1.1,0.9
22,1,0.0006711740744493549,0.000168212079110582,0,0,1,1,0,0.4,1,1.1,0.9
23,1,0.0,0.0,0,0,1,1,0,0.4,1,1.1,0.9
24,1,0.0007513306975527345,0.000188301222508686,0,0,1,1,0,0.4,1,1.1,0.9
26,1,0.0021938108233756142,0.0005498208197002634,0,0,1,1,0,0.4,1,1.1,0.9
27,1,0.002152631460894272,0.0005395002986266241,0,0,1,1,0,0.4,1,1.1,0.9
28,1,0.001933799259578073,0.00048465577920751054,0,0,1,1,0,0.4,1,1.1,0.9
29,1,0.0014067223625303384,0.0003525578569564273,0,0,1,1,0,0.4,1,1.1,0.9
30,1,0.0016361230436334829,0.0004100510870836516,0,0,1,1,0,0.4,1,1.1,0.9
