F_BUS,T_BUS,BR_R,BR_X,BR_B,RATE_A,RATE_B,RATE_C,TAP,SHIFT,BR_STATUS,ANGMIN,ANGMAX
1,2,3.861156390214411,1.4850601500824658,3.896587228939284e-09,0,0,0,0,0,1,-90,90
1,3,14.842150116839532,5.708519275707513,1.4978345021674995e-08,0,0,0,0,0,1,-90,90
3,4,15.940297144125706,6.1308835169714255,1.608656889286177e-08,0,0,0,0,0,1,-90,90
4,11,0.34773418052818444,0.13374391558776325,3.5092506751236485e-10,0,0,0,0,0,1,-90,90
11,8,2.8205483662544504,1.08482629471325,2.846430351903552e-09,0,0,0,0,0,1,-90,90
8,6,2.94384066234231,1.1322464085931963,2.9708540058068525e-09,0,0,0,0,0,1,-90,90
19,15,0.2729187143195976,0.10496873627676831,2.7542307777313806e-10,0,0,0,0,0,1,-90,90
15,13,9.373420549456638,3.605161749791015,9.459433162835857e-09,0,0,0,0,0,1,-90,90
15,14,8.600231424635734,3.3077813171675903,8.679149080852694e-09,0,0,0,0,0,1,-90,90
6,7,1.6279136030606152,0.626120616561775,1.6428517041109235e-09,0,0,0,0,0,1,-90,90
7,9,5.10159,1.9621499999999996,5.148403336281462e-09,0,0,0,0,0,1,-90,90
9,13,1.1919699999999998,0.4584499999999999,1.2029077845823388e-09,0,0,0,0,0,1,-90,90
9,18,1.5999257979230745,0.6153560761242595,1.6146070765839549e-09,0,0,0,0,0,1,-90,90
13,12,2.0574264397585105,0.791317861445581,2.0763058471195075e-09,0,0,0,0,0,1,-90,90
18,10,4.673286484279758,1.7974178785691377,4.716169611251585e-09,0,0,0,0,0,1,-90,90
10,17,1.9050710799810728,0.7327196461465665,1.9225524403230925e-09,0,0,0,0,0,1,-90,90
14,20,10.878876959936816,4.184183446129545,1.0978703979648354e-08,0,0,0,0,0,1,-90,90
20,21,3.109457765637485,1.1959452944759559,3.1379908488597345e-09,0,0,0,0,0,1,-90,90
