F_BUS,T_BUS,BR_R,BR_X,BR_B,RATE_A,RATE_B,RATE_C,TAP,SHIFT,BR_STATUS,ANGMIN,ANGMAX
1,2,3.129722409777273,1.2037393883758745,3.1584414459280683e-09,0,0,0,0,0,1,-90,90
2,4,0.33265958521460426,0.12794599431330936,3.357121443245883e-10,0,0,0,0,0,1,-90,90
4,10,7.329176576435853,2.818914067859944,7.396430747731256e-09,0,0,0,0,0,1,-90,90
8,6,0.22916244630158333,0.0881394024236859,2.3126529240677771e-10,0,0,0,0,0,1,-90,90
6,5,1.1105228201616204,0.4271241616006232,1.1207132271187581e-09,0,0,0,0,0,1,-90,90
10,11,6.715929999999998,2.5830499999999996,6.777556882899793e-09,0,0,0,0,0,1,-90,90
11,13,15.123198399805949,5.816614769156134,1.5261972266843753e-08,0,0,0,0,0,1,-90,90
5,7,3.1853939021433373,1.2251515008243605,3.2146237924187133e-09,0,0,0,0,0,1,-90,90
7,9,0.3969660205925258,0.152679238689433,8.012173400092661e-10,0,0,0,0,0,1,-90,90
9,12,0.3168209739642931,0.12185422075549734,6.394563888363076e-10,0,0,0,0,0,1,-90,90
12,13,3.459218013976742,1.3304684669141316,3.4909605758367084e-09,0,0,0,0,0,1,-90,90
