BUS_I,BUS_TYPE,Pd,Qd,Gs,Bs,area,Vm,Va,baseKV,zone,Vmax,Vmin
1,1,0.01570833516200885,0.003936879890861687,0,0,1,1,0,0.4,1,1.1,0.9
3,1,0.0,0.0,0,0,1,1,0,0.4,1,1.1,0.9
5,1,0.0,0.0,0,0,1,1,0,0.4,1,1.1,0.9
6,1,0.005987068170944883,0.0015005007242534982,0,0,1,1,0,0.4,1,1.1,0.9
9,1,0.0,0.0,0,0,1,1,0,0.4,1,1.1,0.9
22,1,0.010311647659021676,0.0025843425093599716,0,0,1,1,0,0.4,1,1.1,0.9
7,1,0.0,0.0,0,0,1,1,0,0.4,1,1.1,0.9
14,1,0.0,0.0,0,0,1,1,0,0.4,1,1.1,0.9
25,1,0.08582556463309313,0.021509914070528664,0,0,1,1,0,0.4,1,1.1,0.9
13,1,0.0,0.0,0,0,1,1,0,0.4,1,1.1,0.9
28,1,0.009630561611832743,0.002413646255716904,0,0,1,1,0,0.4,1,1.1,0.9
29,1,0.016700289577760062,0.004185487101730684,0,0,1,1,0,0.4,1,1.1,0.9
10,1,0.0,0.0,0,0,1,1,0,0.4,1,1.1,0.9
31,1,0.004418073891272209,0.001107273691292073,0,0,1,1,0,0.4,1,1.1,0.9
23,1,0.03704026979066115,0.009283166661965788,0,0,1,1,0,0.4,1,1.1,0.9
30,1,0.0,0.0,0,0,1,1,0,0.4,1,1.1,0.9
19,1,0.03325515513249968,0.008334527507743921,0,0,1,1,0,0.4,1,1.1,0.9
20,1,0.0,0.0,0,0,1,1,0,0.4,1,1.1,0.9
11,1,0.010315572144877,0.0025853260782287566,0,0,1,1,0,0.4,1,1.1,0.9
15,1,0.018574694173020663,0.004655257174899691,0,0,1,1,0,0.4,1,1.1,0.9
16,1,0.08577524392522733,0.021497302512343306,0,0,1,1,0,0.4,1,1.1,0.9
24,1,0.006036158329399159,0.001512803877685395,0,0,1,1,0,0.4,1,1.1,0.9
17,1,0.01825834713347826,0.004575973133296085,0,0,1,1,0,0.4,1,1.1,0.9
18,1,0.0,0.0,0,0,1,1,0,0.4,1,1.1,0.9
21,1,0.0,0.0,0,0,1,1,0,0.4,1,1.1,0.9
27,1,0.03699574866800393,0.009272008616845151,0,0,1,1,0,0.4,1,1.1,0.9
26,3,0.014949164953738634,0.003746613901763828,0,0,1,1,0,0.4,1,1.1,0.9
