BUS_I,BUS_TYPE,Pd,Qd,Gs,Bs,area,Vm,Va,baseKV,zone,Vmax,Vmin
1,1,0.040458620664589544,0.01013988614730157,0,0,1,1,0,0.4,1,1.1,0.9
2,1,0.06878219342326242,0.017238442606719334,0,0,1,1,0,0.4,1,1.1,0.9
3,1,0.0,0.0,0,0,1,1,0,0.4,1,1.1,0.9
5,1,0.09872186868517582,0.024742032532825954,0,0,1,1,0,0.4,1,1.1,0.9
6,1,0.0,0.0,0,0,1,1,0,0.4,1,1.1,0.9
8,1,0.0,0.0,0,0,1,1,0,0.4,1,1.1,0.9
24,1,0.002161471060600057,0.0005417157111427219,0,0,1,1,0,0.4,1,1.1,0.9
23,1,0.0021012278155399535,0.0005266173307229445,0,0,1,1,0,0.4,1,1.1,0.9
11,1,0.0,0.0,0,0,1,1,0,0.4,1,1.1,0.9
9,3,0.0,0.0,0,0,1,1,0,0.4,1,1.1,0.9
10,1,0.0,0.0,0,0,1,1,0,0.4,1,1.1,0.9
19,1,0.0,0.0,0,0,1,1,0,0.4,1,1.1,0.9
28,1,0.024905735128888346,0.006241965605189498,0,0,1,1,0,0.4,1,1.1,0.9
12,1,0.0,0.0,0,0,1,1,0,0.4,1,1.1,0.9
40,1,0.014811080916015405,0.0037120067797642713,0,0,1,1,0,0.4,1,1.1,0.9
15,1,0.0,0.0,0,0,1,1,0,0.4,1,1.1,0.9
38,1,0.0016391647968790014,0.0004108134223064324,0,0,1,1,0,0.4,1,1.1,0.9
21,1,0.0,0.0,0,0,1,1,0,0.4,1,1.1,0.9
35,1,0.0011301267960267367,0.0002832364735991938,0,0,1,1,0,0.4,1,1.1,0.9
16,1,0.0,0.0,0,0,1,1,0,0.4,1,1.1,0.9
18,1,0.0,0.0,0,0,1,1,0,0.4,1,1.1,0.9
32,1,0.06260019489663866,0.015689087730229086,0,0,1,1,0,0.4,1,1.1,0.9
30,1,0.07352513364049633,0.018427135474054324,0,0,1,1,0,0.4,1,1.1,0.9
29,1,0.02264188621356338,0.005674591585042086,0,0,1,1,0,0.4,1,1.1,0.9
44,1,0.029628218970606243,0.007425531621551529,0,0,1,1,0,0.4,1,1.1,0.9
41,1,0.0,0.0,0,0,1,1,0,0.4,1,1.1,0.9
37,1,0.007102171477194095,0.0017799719563942114,0,0,1,1,0,0.4,1,1.1,0.9
36,1,0.0,0.0,0,0,1,1,0,0.4,1,1.1,0.9
31,1,0.050948835563330346,0.012768981825470743,0,0,1,1,0,0.4,1,1.1,0.9
25,1,0.010691540713586344,0.0026795526835616786,0,0,1,1,0,0.4,1,1.1,0.9
26,1,0.0,0.0,0,0,1,1,0,0.4,1,1.1,0.9
27,1,0.0,0.0,0,0,1,1,0,0.4,1,1.1,0.9
43,1,0.07689490308612902,0.019271679305754366,0,0,1,1,0,0.4,1,1.1,0.9
42,1,0.013457602554715615,0.0033727931273713247,0,0,1,1,0,0.4,1,1.1,0.9
