BUS_I,BUS_TYPE,Pd,Qd,Gs,Bs,area,Vm,Va,baseKV,zone,Vmax,Vmin
1,1,0.0007784409370615646,0.0001950956889914796,0,0,1,1,0,0.4,1,1.1,0.9
10,1,0.015705661798786186,0.003936209882881609,0,0,1,1,0,0.4,1,1.1,0.9
5,3,0.0,0.0,0,0,1,1,0,0.4,1,1.1,0.9
2,1,0.0014197198589778243,0.00035581533662361754,0,0,1,1,0,0.4,1,1.1,0.9
4,1,0.0,0.0,0,0,1,1,0,0.4,1,1.1,0.9
6,1,0.0,0.0,0,0,1,1,0,0.4,1,1.1,0.9
9,1,0.0034947614771826036,0.0008758697876623857,0,0,1,1,0,0.4,1,1.1,0.9
8,1,0.0015375253852617202,0.00038534018458975534,0,0,1,1,0,0.4,1,1.1,0.9
7,1,0.004275430481111368,0.0010715238828474247,0,0,1,1,0,0.4,1,1.1,0.9
