BUS_I,BUS_TYPE,Pd,Qd,Gs,Bs,area,Vm,Va,baseKV,zone,Vmax,Vmin
1,1,0.02345493842043845,0.005878361675917702,0,0,1,1,0,0.4,1,1.1,0.9
2,1,0.009181540213377722,0.0023011108854238435,0,0,1,1,0,0.4,1,1.1,0.9
4,1,0.0,0.0,0,0,1,1,0,0.4,1,1.1,0.9
5,1,0.0,0.0,0,0,1,1,0,0.4,1,1.1,0.9
28,1,0.0,0.0,0,0,1,1,0,0.4,1,1.1,0.9
40,1,0.006004150686011857,0.001504782006092656,0,0,1,1,0,0.4,1,1.1,0.9
7,1,0.0,0.0,0,0,1,1,0,0.4,1,1.1,0.9
8,1,0.0,0.0,0,0,1,1,0,0.4,1,1.1,0.9
14,1,0.0,0.0,0,0,1,1,0,0.4,1,1.1,0.9
24,1,0.09031753101235637,0.022635706964973547,0,0,1,1,0,0.4,1,1.1,0.9
9,1,0.0,0.0,0,0,1,1,0,0.4,1,1.1,0.9
30,1,0.01164398967777295,0.0029182588949778327,0,0,1,1,0,0.4,1,1.1,0.9
48,1,0.07532431984923325,0.018878054042574748,0,0,1,1,0,0.4,1,1.1,0.9
15,1,0.0,0.0,0,0,1,1,0,0.4,1,1.1,0.9
10,1,0.0,0.0,0,0,1,1,0,0.4,1,1.1,0.9
11,1,0.0,0.0,0,0,1,1,0,0.4,1,1.1,0.9
37,1,0.013112422888568035,0.0032862829483882978,0,0,1,1,0,0.4,1,1.1,0.9
34,1,0.015143445932066542,0.003795305304695306,0,0,1,1,0,0.4,1,1.1,0.9
42,1,0.0054760614916596565,0.0013724303782222042,0,0,1,1,0,0.4,1,1.1,0.9
23,1,0.006396970288871452,0.0016032318786784179,0,0,1,1,0,0.4,1,1.1,0.9
19,1,0.0,0.0,0,0,1,1,0,0.4,1,1.1,0.9
39,1,0.010765273333895993,0.002698031820096761,0,0,1,1,0,0.4,1,1.1,0.9
16,1,0.0,0.0,0,0,1,1,0,0.4,1,1.1,0.9
17,1,0.0,0.0,0,0,1,1,0,0.4,1,1.1,0.9
22,1,0.0055149388418497805,0.001382173960632112,0,0,1,1,0,0.4,1,1.1,0.9
44,1,0.002145495175999686,0.0005377117770419241,0,0,1,1,0,0.4,1,1.1,0.9
36,1,0.011029838426912238,0.002764338082585905,0,0,1,1,0,0.4,1,1.1,0.9
20,1,0.0,0.0,0,0,1,1,0,0.4,1,1.1,0.9
21,1,0.0,0.0,0,0,1,1,0,0.4,1,1.1,0.9
31,1,0.04000085627001077,0.010025159575632266,0,0,1,1,0,0.4,1,1.1,0.9
47,1,0.036584990437945906,0.009169062900494993,0,0,1,1,0,0.4,1,1.1,0.9
29,1,0.0,0.0,0,0,1,1,0,0.4,1,1.1,0.9
46,1,0.003985693406489011,0.0009989089270959982,0,0,1,1,0,0.4,1,1.1,0.9
27,1,0.0,0.0,0,0,1,1,0,0.4,1,1.1,0.9
32,1,0.05143969731565048,0.012892003376893708,0,0,1,1,0,0.4,1,1.1,0.9
26,3,0.06952388383551103,0.017424327745985298,0,0,1,1,0,0.4,1,1.1,0.9
41,1,0.003564760454218253,0.0008934131849880953,0,0,1,1,0,0.4,1,1.1,0.9
35,1,0.0,0.0,0,0,1,1,0,0.4,1,1.1,0.9
33,1,0.014854412066994801,0.003722866589870135,0,0,1,1,0,0.4,1,1.1,0.9
38,1,0.01087335614309212,0.002725119925467799,0,0,1,1,0,0.4,1,1.1,0.9
45,1,0.0021454935869735427,0.000537711378794433,0,0,1,1,0,0.4,1,1.1,0.9
43,1,0.0021454967637996336,0.0005377121749821017,0,0,1,1,0,0.4,1,1.1,0.9
25,1,0.02121772476807758,0.005317663081909961,0,0,1,1,0,0.4,1,1.1,0.9
