F_BUS,T_BUS,BR_R,BR_X,BR_B,RATE_A,RATE_B,RATE_C,TAP,SHIFT,BR_STATUS,ANGMIN,ANGMAX
1,2,1.50880877567571,0.5803110675675809,1.5226539440644145e-09,0,0,0,0,0,1,-90,90
1,3,0.5913856283856986,0.22745601091757642,5.968123158093536e-10,0,0,0,0,0,1,-90,90
2,4,0.28692942405682675,0.11035747079108724,2.895623529314362e-10,0,0,0,0,0,1,-90,90
3,5,5.483609440942751,2.1090805542087505,5.533928273462625e-09,0,0,0,0,0,1,-90,90
5,18,0.021891946048050732,0.008419979249250281,2.209283146459793e-11,0,0,0,0,0,1,-90,90
18,19,3.6821510345155897,1.41621193635215,3.7159392798700603e-09,0,0,0,0,0,1,-90,90
19,20,0.6084926556874077,0.23403563680284914,6.140763210379152e-10,0,0,0,0,0,1,-90,90
6,7,0.24514584181426588,0.09428686223625612,2.473953551485114e-10,0,0,0,0,0,1,-90,90
6,8,5.035484790416321,1.9367249193908929,5.081691530439325e-09,0,0,0,0,0,1,-90,90
7,9,0.4189879712318874,0.1611492197045721,4.228326990118867e-10,0,0,0,0,0,1,-90,90
8,10,12.47923346651982,4.799705179430701,1.259374571717169e-08,0,0,0,0,0,1,-90,90
9,16,2.7665433765931495,1.064055144843519,2.791929800320989e-09,0,0,0,0,0,1,-90,90
16,17,0.833250927769031,0.32048112606501195,1.6817940510647476e-09,0,0,0,0,0,1,-90,90
16,15,1.3658486084891694,0.5253263878804498,1.3783819422574205e-09,0,0,0,0,0,1,-90,90
17,21,3.560212797614744,1.3693126144672092,3.592882110305162e-09,0,0,0,0,0,1,-90,90
15,14,2.6856952889777106,1.0329597265298887,2.7103398324852156e-09,0,0,0,0,0,1,-90,90
12,13,2.0568372944618685,0.7910912671007186,2.075711295693229e-09,0,0,0,0,0,1,-90,90
13,14,5.8515125635677725,2.2505817552183744,5.90520735781692e-09,0,0,0,0,0,1,-90,90
21,20,1.2117168573557957,0.4660449451368446,1.2228358435387926e-09,0,0,0,0,0,1,-90,90
