BUS_I,BUS_TYPE,Pd,Qd,Gs,Bs,area,Vm,Va,baseKV,zone,Vmax,Vmin
1,1,0.00344365600881691,0.000863061549956294,0,0,1,1,0,0.4,1,1.1,0.9
3,1,0.0,0.0,0,0,1,1,0,0.4,1,1.1,0.9
6,1,0.026785740802892,0.0067131394410133785,0,0,1,1,0,0.4,1,1.1,0.9
7,1,0.02781613108709691,0.006971379588539414,0,0,1,1,0,0.4,1,1.1,0.9
10,3,0.024244998329342602,0.006076369353743632,0,0,1,1,0,0.4,1,1.1,0.9
9,1,0.0,0.0,0,0,1,1,0,0.4,1,1.1,0.9
12,1,0.021359239769061022,0.005353130084356815,0,0,1,1,0,0.4,1,1.1,0.9
11,1,0.03688403982783632,0.009244011742450021,0,0,1,1,0,0.4,1,1.1,0.9
8,1,0.0057015223090179324,0.0014289361854182307,0,0,1,1,0,0.4,1,1.1,0.9
