BUS_I,BUS_TYPE,Pd,Qd,Gs,Bs,area,Vm,Va,baseKV,zone,Vmax,Vmin
1,1,0.011469897275939427,0.002874627226257915,0,0,1,1,0,0.4,1,1.1,0.9
2,1,0.0,0.0,0,0,1,1,0,0.4,1,1.1,0.9
4,1,0.0,0.0,0,0,1,1,0,0.4,1,1.1,0.9
3,1,0.0,0.0,0,0,1,1,0,0.4,1,1.1,0.9
24,1,0.004371823968510783,0.0010956823680235365,0,0,1,1,0,0.4,1,1.1,0.9
22,1,0.005040163847625507,0.0012631841308272276,0,0,1,1,0,0.4,1,1.1,0.9
25,1,0.006191213052260255,0.0015516642543019655,0,0,1,1,0,0.4,1,1.1,0.9
20,1,0.005898896108346484,0.0014784027223583667,0,0,1,1,0,0.4,1,1.1,0.9
5,1,0.006317753443873309,0.0015833782658751364,0,0,1,1,0,0.4,1,1.1,0.9
6,1,0.03392608832536666,0.008502679216239288,0,0,1,1,0,0.4,1,1.1,0.9
7,1,0.02529300218773295,0.00633902387906984,0,0,1,1,0,0.4,1,1.1,0.9
8,1,0.0,0.0,0,0,1,1,0,0.4,1,1.1,0.9
9,1,0.03275054122695558,0.0082080593418373,0,0,1,1,0,0.4,1,1.1,0.9
11,1,0.0332262092636714,0.008327272989188115,0,0,1,1,0,0.4,1,1.1,0.9
12,1,0.0,0.0,0,0,1,1,0,0.4,1,1.1,0.9
13,1,0.0,0.0,0,0,1,1,0,0.4,1,1.1,0.9
26,1,0.0,0.0,0,0,1,1,0,0.4,1,1.1,0.9
27,1,0.007142333007555714,0.0017900373846930222,0,0,1,1,0,0.4,1,1.1,0.9
23,1,0.005332941928856872,0.0013365612346766867,0,0,1,1,0,0.4,1,1.1,0.9
18,1,0.007146684062380325,0.001791127861822927,0,0,1,1,0,0.4,1,1.1,0.9
14,3,0.008642450013026427,0.002166002145558364,0,0,1,1,0,0.4,1,1.1,0.9
15,1,0.009189013871147766,0.002302983960621349,0,0,1,1,0,0.4,1,1.1,0.9
16,1,0.007148724376855392,0.001791639212831489,0,0,1,1,0,0.4,1,1.1,0.9
17,1,0.006199428839835369,0.0015537233247609587,0,0,1,1,0,0.4,1,1.1,0.9
19,1,0.004250417469629315,0.0010652550312537977,0,0,1,1,0,0.4,1,1.1,0.9
21,1,0.004177112157074699,0.001046882988136996,0,0,1,1,0,0.4,1,1.1,0.9
