F_BUS,T_BUS,BR_R,BR_X,BR_B,RATE_A,RATE_B,RATE_C,TAP,SHIFT,BR_STATUS,ANGMIN,ANGMAX
1,2,30.47261095944066,11.720234984400255,3.075223448548225e-08,0,0,0,0,0,1,-90,90
2,4,23.045524594001137,8.863663305385053,2.32569955065209e-08,0,0,0,0,0,1,-90,90
4,22,2.0994901862497173,0.8074962254806607,2.1187555800011833e-09,0,0,0,0,0,1,-90,90
4,3,3.230180679445109,1.2423771844019649,3.259821543253598e-09,0,0,0,0,0,1,-90,90
3,24,11.370293135094093,4.373189667343882,1.1474629500061088e-08,0,0,0,0,0,1,-90,90
24,25,0.7351307474386656,0.2827425951687175,7.418764723774963e-10,0,0,0,0,0,1,-90,90
22,20,1.4257063549551996,0.5483485980596922,1.4387889568563984e-09,0,0,0,0,0,1,-90,90
20,19,4.029653106712986,1.5498665795049944,4.0666301091734335e-09,0,0,0,0,0,1,-90,90
5,6,1.2614320436245952,0.48516617062484435,1.2730072275289098e-09,0,0,0,0,0,1,-90,90
5,7,0.23844648582401357,0.09171018685538984,2.406345243621973e-10,0,0,0,0,0,1,-90,90
6,8,1.3597817617328036,0.5229929852818476,1.372259424751862e-09,0,0,0,0,0,1,-90,90
8,9,2.813075904800069,1.0819522710769496,2.8388893214636363e-09,0,0,0,0,0,1,-90,90
9,11,0.08478292523117278,0.03260881739660492,8.556091240571504e-11,0,0,0,0,0,1,-90,90
11,12,2.8936479424992387,1.1129415163458611,5.840401412574147e-09,0,0,0,0,0,1,-90,90
12,13,1.9651449999999995,0.7558249999999999,3.966355224264134e-09,0,0,0,0,0,1,-90,90
13,26,4.016089999999999,1.5446499999999999,4.052942544345315e-09,0,0,0,0,0,1,-90,90
13,27,0.36002214559026213,0.13847005599625467,7.266515794064659e-10,0,0,0,0,0,1,-90,90
26,23,17.132562091326125,6.589446958202355,1.7289774331146315e-08,0,0,0,0,0,1,-90,90
27,18,0.6362297821374185,0.2447037623605456,1.284135939186769e-09,0,0,0,0,0,1,-90,90
23,21,2.634533661455915,1.0132821774830445,2.658708734372118e-09,0,0,0,0,0,1,-90,90
18,16,0.5857481067859054,0.22528773337919442,1.1822461260889669e-09,0,0,0,0,0,1,-90,90
14,15,2.5341534467743725,0.9746744026055278,2.557407408282976e-09,0,0,0,0,0,1,-90,90
14,16,1.2150616752688657,0.46733141356494834,2.4524227085053764e-09,0,0,0,0,0,1,-90,90
15,17,1.0230720009814713,0.39348923114671974,1.0324599395696557e-09,0,0,0,0,0,1,-90,90
19,21,2.0949429975808265,0.8057473067618565,2.1141666653072114e-09,0,0,0,0,0,1,-90,90
