F_BUS,T_BUS,BR_R,BR_X,BR_B,RATE_A,RATE_B,RATE_C,TAP,SHIFT,BR_STATUS,ANGMIN,ANGMAX
1,2,4.011982939164825,2.567669081065488,6.737199532871756e-09,0,0,0,0,0,1,-90,90
2,4,0.8178612865484226,0.5234312233909905,2.7468185988023986e-09,0,0,0,0,0,1,-90,90
2,5,1.421365014464938,0.9096736092575604,2.3868545446723353e-09,0,0,0,0,0,1,-90,90
4,7,2.58139228447754,1.6520910620656257,8.669705308747499e-09,0,0,0,0,0,1,-90,90
5,15,3.4586838494217202,2.213557663629901,5.808061392087038e-09,0,0,0,0,0,1,-90,90
7,6,1.0378533435639627,0.6642261398809363,3.485670386676217e-09,0,0,0,0,0,1,-90,90
15,16,1.5661708451104146,1.0023493408706654,2.6300225215493507e-09,0,0,0,0,0,1,-90,90
6,8,0.7495423439326688,0.47970710011690804,2.5173668013962186e-09,0,0,0,0,0,1,-90,90
8,12,2.845944158655741,1.821404261539674,4.779106478520058e-09,0,0,0,0,0,1,-90,90
12,10,4.008203125,2.56525,6.7308522072196415e-09,0,0,0,0,0,1,-90,90
10,9,1.9366827375202766,1.239476952012977,3.2522117447634426e-09,0,0,0,0,0,1,-90,90
9,11,0.7191652118639595,0.4602657355929341,1.2076720172783445e-09,0,0,0,0,0,1,-90,90
11,14,3.3399999999999994,2.1376,5.608759254713071e-09,0,0,0,0,0,1,-90,90
14,18,0.959815509923724,0.6142819263511833,1.6117886599107287e-09,0,0,0,0,0,1,-90,90
