F_BUS,T_BUS,BR_R,BR_X,BR_B,RATE_A,RATE_B,RATE_C,TAP,SHIFT,BR_STATUS,ANGMIN,ANGMAX
1,2,1.2266900874609514,0.7850816559750088,2.0599429283567063e-09,0,0,0,0,0,1,-90,90
2,10,3.304792489408221,2.1150671932212615,5.5496363652319205e-09,0,0,0,0,0,1,-90,90
10,18,2.1904259947252753,1.401872636624176,7.356629981843998e-09,0,0,0,0,0,1,-90,90
10,7,1.7570898325084499,1.124537492805408,5.901253808050305e-09,0,0,0,0,0,1,-90,90
18,11,5.4661672679773785,3.4983470515055224,9.179166542538262e-09,0,0,0,0,0,1,-90,90
18,14,9.69501256561826,6.204808041995687,1.6280536362865553e-08,0,0,0,0,0,1,-90,90
18,13,1.7251012016745915,1.1040647690717384,2.8969093803020977e-09,0,0,0,0,0,1,-90,90
7,21,3.9267968749999995,2.5131499999999996,6.5941491958187465e-09,0,0,0,0,0,1,-90,90
7,5,1.3469531249999998,0.8620499999999999,2.2618969477570188e-09,0,0,0,0,0,1,-90,90
3,13,0.9084375220458157,0.5814000141093221,1.5255111853602035e-09,0,0,0,0,0,1,-90,90
14,20,1.072802231512299,0.6865934281678713,1.8015237857698932e-09,0,0,0,0,0,1,-90,90
4,5,2.225977188014379,1.4246254003292025,3.73801501618438e-09,0,0,0,0,0,1,-90,90
5,8,0.341640625,0.21864999999999998,5.737065919924275e-10,0,0,0,0,0,1,-90,90
8,16,24.549069607304034,15.711404548674583,4.122449741154548e-08,0,0,0,0,0,1,-90,90
8,19,2.6478249116932773,1.6946079434836976,4.446410921652543e-09,0,0,0,0,0,1,-90,90
16,15,1.6443611612417801,1.0523911431947393,2.761325114133404e-09,0,0,0,0,0,1,-90,90
