F_BUS,T_BUS,BR_R,BR_X,BR_B,RATE_A,RATE_B,RATE_C,TAP,SHIFT,BR_STATUS,ANGMIN,ANGMAX
1,2,2.309917842970548,1.4783474195011508,3.878973975864646e-09,0,0,0,0,0,1,-90,90
2,4,0.1793532395742011,0.1147860733274887,3.011823779414884e-10,0,0,0,0,0,1,-90,90
4,11,1.1203160174086975,0.7170022511415663,1.8813122248036896e-09,0,0,0,0,0,1,-90,90
11,12,0.5306103301831258,0.3395906113172005,1.7820752096173449e-09,0,0,0,0,0,1,-90,90
11,13,2.8561743924485805,1.8279516111670917,4.796285795425288e-09,0,0,0,0,0,1,-90,90
6,9,1.380578593509329,0.8835702998459707,4.63672632527198e-09,0,0,0,0,0,1,-90,90
6,10,2.3177629325132982,1.483368276808511,3.892147993402657e-09,0,0,0,0,0,1,-90,90
6,7,1.811872602748163,1.1595984657588245,3.042621924857731e-09,0,0,0,0,0,1,-90,90
9,20,2.6061964231166974,1.6679657107946866,4.3765054813640365e-09,0,0,0,0,0,1,-90,90
9,18,3.911400460241901,2.5032962945548167,1.3136588940281876e-08,0,0,0,0,0,1,-90,90
10,16,1.1818081847890607,0.7563572382649989,1.9845741298596708e-09,0,0,0,0,0,1,-90,90
7,8,2.8416132459399903,1.818632477401594,4.771833710024304e-09,0,0,0,0,0,1,-90,90
12,14,0.12803188114080777,0.08194040393011698,4.299999989501974e-10,0,0,0,0,0,1,-90,90
13,19,1.7485176706951358,1.1190513092448868,2.936231936389427e-09,0,0,0,0,0,1,-90,90
18,15,1.2984939872496086,0.8310361518397497,4.36104201687157e-09,0,0,0,0,0,1,-90,90
15,14,1.0070601646977082,0.6445185054065333,3.3822503106593667e-09,0,0,0,0,0,1,-90,90
20,21,0.985271506585056,0.6305737642144359,1.6545361320251572e-09,0,0,0,0,0,1,-90,90
16,17,0.08165063307487606,0.05225640516792068,1.3711339638080612e-10,0,0,0,0,0,1,-90,90
