F_BUS,T_BUS,BR_R,BR_X,BR_B,RATE_A,RATE_B,RATE_C,TAP,SHIFT,BR_STATUS,ANGMIN,ANGMAX
1,2,1.9090957584231512,1.2218212853908168,3.205885779398e-09,0,0,0,0,0,1,-90,90
1,3,1.1478452708389189,0.7346209733369081,1.9275412532324607e-09,0,0,0,0,0,1,-90,90
2,4,1.102996652987135,0.7059178579117664,1.852228348909921e-09,0,0,0,0,0,1,-90,90
3,11,5.039415556414154,3.225225956105059,8.462535521072729e-09,0,0,0,0,0,1,-90,90
4,12,1.0411294648358458,0.6663228574949414,1.748336683009736e-09,0,0,0,0,0,1,-90,90
11,219,1.4809374999999998,0.9477999999999998,2.4868927870588742e-09,0,0,0,0,0,1,-90,90
11,218,3.9728821619491343,2.5426445836474456,6.671538800513977e-09,0,0,0,0,0,1,-90,90
11,9,5.541630037371491,3.5466432239177546,9.305888849791409e-09,0,0,0,0,0,1,-90,90
12,164,0.7776562499999998,0.4976999999999999,1.3058942183152582e-09,0,0,0,0,0,1,-90,90
12,264,0.17265624999999998,0.11049999999999997,2.8993632936274065e-10,0,0,0,0,0,1,-90,90
8,170,3.4854687499999994,2.2306999999999997,5.853040451669371e-09,0,0,0,0,0,1,-90,90
8,167,0.9124218749999998,0.5839499999999999,1.5322019867092525e-09,0,0,0,0,0,1,-90,90
167,166,0.5322339812183893,0.3406297479797692,8.937641520453366e-10,0,0,0,0,0,1,-90,90
9,172,2.0910937499999998,1.3382999999999998,3.511509408019509e-09,0,0,0,0,0,1,-90,90
9,171,2.3610683538154453,1.5110837464418851,3.9648694552312995e-09,0,0,0,0,0,1,-90,90
172,173,0.7678124999999999,0.4913999999999999,1.2893639117543054e-09,0,0,0,0,0,1,-90,90
171,169,0.9418752556103743,0.6028001635906396,1.5816621427215352e-09,0,0,0,0,0,1,-90,90
164,165,0.3521093749999999,0.22534999999999997,5.912864418270913e-10,0,0,0,0,0,1,-90,90
164,163,1.1594531249999998,0.7420499999999999,1.947033965643635e-09,0,0,0,0,0,1,-90,90
163,42,2.4616747293631334,1.5754718267924053,4.133814646828973e-09,0,0,0,0,0,1,-90,90
166,168,0.4972528601961131,0.3182418305255124,8.350214316040404e-10,0,0,0,0,0,1,-90,90
168,169,1.8892187499999995,1.2090999999999998,3.1725069306107666e-09,0,0,0,0,0,1,-90,90
