BUS_I,BUS_TYPE,Pd,Qd,Gs,Bs,area,Vm,Va,baseKV,zone,Vmax,Vmin
1,1,0.011819432737952948,0.0029622290705878076,0,0,1,1,0,0.4,1,1.1,0.9
2,1,0.0,0.0,0,0,1,1,0,0.4,1,1.1,0.9
4,1,0.0,0.0,0,0,1,1,0,0.4,1,1.1,0.9
5,1,0.0,0.0,0,0,1,1,0,0.4,1,1.1,0.9
6,1,0.0,0.0,0,0,1,1,0,0.4,1,1.1,0.9
26,1,0.020991062067893265,0.005260856054484024,0,0,1,1,0,0.4,1,1.1,0.9
32,1,0.01570840233619967,0.003936896726300853,0,0,1,1,0,0.4,1,1.1,0.9
35,1,0.013051659704767259,0.003271054259036891,0,0,1,1,0,0.4,1,1.1,0.9
20,1,0.0,0.0,0,0,1,1,0,0.4,1,1.1,0.9
11,1,0.0,0.0,0,0,1,1,0,0.4,1,1.1,0.9
33,1,0.030838508349536414,0.007728858732215516,0,0,1,1,0,0.4,1,1.1,0.9
12,1,0.0,0.0,0,0,1,1,0,0.4,1,1.1,0.9
30,1,0.0,0.0,0,0,1,1,0,0.4,1,1.1,0.9
7,1,0.004330503299402035,0.0010853264321707915,0,0,1,1,0,0.4,1,1.1,0.9
9,1,0.0,0.0,0,0,1,1,0,0.4,1,1.1,0.9
13,1,0.0014369120192189737,0.00036012409813372,0,0,1,1,0,0.4,1,1.1,0.9
14,1,0.0,0.0,0,0,1,1,0,0.4,1,1.1,0.9
10,1,0.003061410170993531,0.0007672617126869705,0,0,1,1,0,0.4,1,1.1,0.9
24,1,0.0,0.0,0,0,1,1,0,0.4,1,1.1,0.9
16,1,0.002057588908215296,0.0005156803896064138,0,0,1,1,0,0.4,1,1.1,0.9
25,1,0.0014503229616620811,0.0003634851971348073,0,0,1,1,0,0.4,1,1.1,0.9
31,1,0.009125772070166358,0.002287134071248748,0,0,1,1,0,0.4,1,1.1,0.9
15,1,0.0017179168971040043,0.0004305505590902702,0,0,1,1,0,0.4,1,1.1,0.9
17,1,0.0,0.0,0,0,1,1,0,0.4,1,1.1,0.9
18,1,0.009007254137602111,0.0022574306774386164,0,0,1,1,0,0.4,1,1.1,0.9
19,1,0.0,0.0,0,0,1,1,0,0.4,1,1.1,0.9
22,1,0.0059980025700942605,0.0015032411429984427,0,0,1,1,0,0.4,1,1.1,0.9
21,1,0.0,0.0,0,0,1,1,0,0.4,1,1.1,0.9
34,1,0.006402720789342838,0.001604673089948403,0,0,1,1,0,0.4,1,1.1,0.9
27,1,0.0068859165727312615,0.001725773368453523,0,0,1,1,0,0.4,1,1.1,0.9
36,1,0.007037030721171456,0.0017636461440266927,0,0,1,1,0,0.4,1,1.1,0.9
23,1,0.00659146882422759,0.0016519778065408144,0,0,1,1,0,0.4,1,1.1,0.9
28,3,0.03319832296482671,0.008320284023901855,0,0,1,1,0,0.4,1,1.1,0.9
29,1,0.019379929778814694,0.0048570682408822525,0,0,1,1,0,0.4,1,1.1,0.9
