F_BUS,T_BUS,BR_R,BR_X,BR_B,RATE_A,RATE_B,RATE_C,TAP,SHIFT,BR_STATUS,ANGMIN,ANGMAX
1,2,0.07660243786826777,0.04902556023569137,1.286361174632425e-10,0,0,0,0,0,1,-90,90
1,3,0.8684757638438079,0.5558244888600371,1.4584046341176534e-09,0,0,0,0,0,1,-90,90
2,4,1.6124216833635359,1.031949877352663,2.7076901314566656e-09,0,0,0,0,0,1,-90,90
3,5,1.2326473589527664,0.7888943097297706,2.0699467911149566e-09,0,0,0,0,0,1,-90,90
4,11,0.9225580506169077,0.5904371523948209,1.5492233546130632e-09,0,0,0,0,0,1,-90,90
5,15,1.2321809774641705,0.7885958255770692,4.138327222056028e-09,0,0,0,0,0,1,-90,90
11,9,0.0835654394034611,0.0534818812182151,1.4032887174500805e-10,0,0,0,0,0,1,-90,90
15,20,1.3571518096285944,0.8685771581623005,6.837069855363749e-09,0,0,0,0,0,1,-90,90
9,7,0.912878166354905,0.5842420264671392,1.532968222745082e-09,0,0,0,0,0,1,-90,90
20,19,0.4579198127332402,0.2930686801492738,2.3069119648958425e-09,0,0,0,0,0,1,-90,90
20,21,2.0975374306597496,1.3424239556222397,7.0446601654610475e-09,0,0,0,0,0,1,-90,90
6,7,0.7095261909037595,0.4540967621784061,1.1914855058960406e-09,0,0,0,0,0,1,-90,90
6,8,0.23511846786486543,0.15047581943351387,3.9482721035659343e-10,0,0,0,0,0,1,-90,90
8,10,1.350271156101737,0.8641735399051119,2.267468815316688e-09,0,0,0,0,0,1,-90,90
21,25,7.619722680597819,4.876622515582604,1.2795565899146742e-08,0,0,0,0,0,1,-90,90
25,23,2.1188997200677995,1.3560958208433918,3.5582031181853918e-09,0,0,0,0,0,1,-90,90
19,18,0.838488888838741,0.5366328888567943,4.224145792139254e-09,0,0,0,0,0,1,-90,90
26,24,1.545561934017094,0.9891596377709403,2.5954146111229377e-09,0,0,0,0,0,1,-90,90
24,22,1.6022471591714684,1.0254381818697398,2.69060436597027e-09,0,0,0,0,0,1,-90,90
17,16,0.47756072822909196,0.3056388660666189,8.019530401624053e-10,0,0,0,0,0,1,-90,90
16,18,2.093944352964035,1.3401243858969822,3.5162963378865893e-09,0,0,0,0,0,1,-90,90
23,22,2.7457204653206015,1.757261097805185,4.610803913389823e-09,0,0,0,0,0,1,-90,90
