BUS_I,BUS_TYPE,Pd,Qd,Gs,Bs,area,Vm,Va,baseKV,zone,Vmax,Vmin
1,1,0.0031150492081994208,0.0007807049225983412,0,0,1,1,0,0.4,1,1.1,0.9
2,1,0.0,0.0,0,0,1,1,0,0.4,1,1.1,0.9
3,3,0.0,0.0,0,0,1,1,0,0.4,1,1.1,0.9
12,1,0.040537920236078995,0.010159760493317932,0,0,1,1,0,0.4,1,1.1,0.9
11,1,0.04229657392927146,0.010600520655888441,0,0,1,1,0,0.4,1,1.1,0.9
9,1,0.013808313288680462,0.0034606895226172597,0,0,1,1,0,0.4,1,1.1,0.9
22,1,0.039245736114044937,0.009835908625321752,0,0,1,1,0,0.4,1,1.1,0.9
4,1,0.0011463365361578178,0.0002872990174206732,0,0,1,1,0,0.4,1,1.1,0.9
5,1,0.0,0.0,0,0,1,1,0,0.4,1,1.1,0.9
6,1,0.0,0.0,0,0,1,1,0,0.4,1,1.1,0.9
7,1,0.003296328329150266,0.0008261377529106528,0,0,1,1,0,0.4,1,1.1,0.9
8,1,0.009915605740169878,0.0024850850482614315,0,0,1,1,0,0.4,1,1.1,0.9
10,1,0.002374188886700371,0.0005950278236845734,0,0,1,1,0,0.4,1,1.1,0.9
13,1,0.00148719198477505,0.0003727254453337514,0,0,1,1,0,0.4,1,1.1,0.9
16,1,0.004131010103038474,0.0010353287242642977,0,0,1,1,0,0.4,1,1.1,0.9
14,1,0.0014875219696052116,0.00037280814732786814,0,0,1,1,0,0.4,1,1.1,0.9
17,1,0.0013801361244245864,0.00034589471760443943,0,0,1,1,0,0.4,1,1.1,0.9
15,1,0.014287035519895774,0.00358066862326302,0,0,1,1,0,0.4,1,1.1,0.9
18,1,0.0,0.0,0,0,1,1,0,0.4,1,1.1,0.9
21,1,0.0,0.0,0,0,1,1,0,0.4,1,1.1,0.9
19,1,0.004127168763431077,0.0010343659938095193,0,0,1,1,0,0.4,1,1.1,0.9
20,1,0.002153426295307698,0.0005396995029080779,0,0,1,1,0,0.4,1,1.1,0.9
