BUS_I,BUS_TYPE,Pd,Qd,Gs,Bs,area,Vm,Va,baseKV,zone,Vmax,Vmin
1,3,0.09165434244498774,0.022970743491296772,0,0,1,1,0,0.4,1,1.1,0.9
2,1,0.0,0.0,0,0,1,1,0,0.4,1,1.1,0.9
4,1,0.0,0.0,0,0,1,1,0,0.4,1,1.1,0.9
5,1,0.0030147405697341844,0.0007555652080722219,0,0,1,1,0,0.4,1,1.1,0.9
10,1,0.008637823622403625,0.0021648426627728025,0,0,1,1,0,0.4,1,1.1,0.9
11,1,0.0,0.0,0,0,1,1,0,0.4,1,1.1,0.9
9,1,0.0,0.0,0,0,1,1,0,0.4,1,1.1,0.9
12,1,0.0015936892706753267,0.0003994161811098863,0,0,1,1,0,0.4,1,1.1,0.9
15,1,0.0,0.0,0,0,1,1,0,0.4,1,1.1,0.9
16,1,0.03969203085048758,0.009947760629698883,0,0,1,1,0,0.4,1,1.1,0.9
14,1,0.0,0.0,0,0,1,1,0,0.4,1,1.1,0.9
13,1,0.002942039898324118,0.0007373447023105005,0,0,1,1,0,0.4,1,1.1,0.9
17,1,0.00385197131196176,0.0009653950111094415,0,0,1,1,0,0.4,1,1.1,0.9
8,1,0.006161729638054271,0.0015442750141753472,0,0,1,1,0,0.4,1,1.1,0.9
