BUS_I,BUS_TYPE,Pd,Qd,Gs,Bs,area,Vm,Va,baseKV,zone,Vmax,Vmin
1,1,0.004680043180978499,0.0011729293841475671,0,0,1,1,0,0.4,1,1.1,0.9
2,1,0.004944854895784102,0.0012392974558834045,0,0,1,1,0,0.4,1,1.1,0.9
3,1,0.0038638727776132437,0.0009683777995661346,0,0,1,1,0,0.4,1,1.1,0.9
4,1,0.0,0.0,0,0,1,1,0,0.4,1,1.1,0.9
14,1,0.003797577030874804,0.0009517625192393272,0,0,1,1,0,0.4,1,1.1,0.9
5,1,0.005811393121276033,0.0014564724065970155,0,0,1,1,0,0.4,1,1.1,0.9
6,1,0.0,0.0,0,0,1,1,0,0.4,1,1.1,0.9
15,1,0.0,0.0,0,0,1,1,0,0.4,1,1.1,0.9
16,1,0.005287096195683206,0.0013250712108675603,0,0,1,1,0,0.4,1,1.1,0.9
13,1,0.0039450362746997186,0.000988719289371149,0,0,1,1,0,0.4,1,1.1,0.9
18,1,0.010369639826047118,0.0025988767164439996,0,0,1,1,0,0.4,1,1.1,0.9
7,1,0.004531709618509894,0.0011357534891084239,0,0,1,1,0,0.4,1,1.1,0.9
8,3,0.002147142375045189,0.0005381246040367396,0,0,1,1,0,0.4,1,1.1,0.9
9,1,0.0029507068840321877,0.0007395168536808766,0,0,1,1,0,0.4,1,1.1,0.9
10,1,0.004294791644756163,0.0010763762478517838,0,0,1,1,0,0.4,1,1.1,0.9
11,1,0.03741916901687896,0.00937812775930522,0,0,1,1,0,0.4,1,1.1,0.9
12,1,0.023453920858206388,0.005878106650783098,0,0,1,1,0,0.4,1,1.1,0.9
17,1,0.0014680713081823363,0.000367933352065995,0,0,1,1,0,0.4,1,1.1,0.9
