BUS_I,BUS_TYPE,Pd,Qd,Gs,Bs,area,Vm,Va,baseKV,zone,Vmax,Vmin
1,1,0.07815946391894768,0.01958860812489082,0,0,1,1,0,0.4,1,1.1,0.9
2,1,0.0,0.0,0,0,1,1,0,0.4,1,1.1,0.9
4,1,0.0,0.0,0,0,1,1,0,0.4,1,1.1,0.9
5,1,0.05985767099958049,0.015001746451272367,0,0,1,1,0,0.4,1,1.1,0.9
14,1,0.06611766113262793,0.016570647866833668,0,0,1,1,0,0.4,1,1.1,0.9
6,1,0.0,0.0,0,0,1,1,0,0.4,1,1.1,0.9
11,1,0.0,0.0,0,0,1,1,0,0.4,1,1.1,0.9
26,1,0.017610565550756956,0.004413623765245045,0,0,1,1,0,0.4,1,1.1,0.9
12,1,0.0,0.0,0,0,1,1,0,0.4,1,1.1,0.9
17,1,0.013438482937208854,0.003368001299535528,0,0,1,1,0,0.4,1,1.1,0.9
15,1,0.03960666576335162,0.009926366122167619,0,0,1,1,0,0.4,1,1.1,0.9
13,1,0.0,0.0,0,0,1,1,0,0.4,1,1.1,0.9
18,1,0.0,0.0,0,0,1,1,0,0.4,1,1.1,0.9
16,1,0.09094384993924942,0.02279267728443266,0,0,1,1,0,0.4,1,1.1,0.9
19,1,0.08761958228878985,0.021959537277553492,0,0,1,1,0,0.4,1,1.1,0.9
21,1,0.018308816299077022,0.004588621898496541,0,0,1,1,0,0.4,1,1.1,0.9
20,1,0.0314531388770327,0.007882899662654921,0,0,1,1,0,0.4,1,1.1,0.9
24,1,0.05406331478332592,0.013549543895559596,0,0,1,1,0,0.4,1,1.1,0.9
22,1,0.0,0.0,0,0,1,1,0,0.4,1,1.1,0.9
27,3,0.011989869088404149,0.0030049444464594656,0,0,1,1,0,0.4,1,1.1,0.9
25,1,0.017771889982931315,0.004454055479133348,0,0,1,1,0,0.4,1,1.1,0.9
28,1,0.011994962914780161,0.0030062210796876487,0,0,1,1,0,0.4,1,1.1,0.9
