F_BUS,T_BUS,BR_R,BR_X,BR_B,RATE_A,RATE_B,RATE_C,TAP,SHIFT,BR_STATUS,ANGMIN,ANGMAX
1,2,1.8633545989965636,0.7166748457679092,1.880453159534442e-09,0,0,0,0,0,1,-90,90
1,3,1.484728733388568,0.571049512841757,1.4983529378979208e-09,0,0,0,0,0,1,-90,90
2,4,2.2332959173802633,0.8589599682231783,2.2537891425897257e-09,0,0,0,0,0,1,-90,90
3,5,3.0850481402192087,1.186556977007388,3.1133572352332305e-09,0,0,0,0,0,1,-90,90
4,7,0.933324108344137,0.3589708109015912,1.8837770002022417e-09,0,0,0,0,0,1,-90,90
7,6,0.8394968539423849,0.3228834053624558,8.472002657278941e-10,0,0,0,0,0,1,-90,90
6,8,0.3461622813088492,0.133139338964942,3.4933874419255204e-10,0,0,0,0,0,1,-90,90
8,9,1.4085629107465147,0.5417549656717364,1.421488200551139e-09,0,0,0,0,0,1,-90,90
9,11,0.9333941038646958,0.35899773225565224,9.419591379163058e-10,0,0,0,0,0,1,-90,90
11,16,5.051910013158022,1.9430423127530854,5.098267474716017e-09,0,0,0,0,0,1,-90,90
11,10,4.942808870809965,1.9010803349269096,4.988165195768306e-09,0,0,0,0,0,1,-90,90
10,24,5.185654657524603,1.9944825605863858,5.2332393899947226e-09,0,0,0,0,0,1,-90,90
24,23,3.6443102246676777,1.4016577787183377,3.6777512342473077e-09,0,0,0,0,0,1,-90,90
16,14,3.8211448489019886,1.4696710957315342,3.85620853273229e-09,0,0,0,0,0,1,-90,90
23,22,3.9229970632935705,1.5088450243436813,3.9589953659316014e-09,0,0,0,0,0,1,-90,90
14,12,2.6645773786191733,1.0248374533150668,2.6890281394355615e-09,0,0,0,0,0,1,-90,90
12,13,2.7397878573207417,1.0537645605079777,2.7649287663911735e-09,0,0,0,0,0,1,-90,90
13,15,1.8817317027389702,0.7237429625919116,1.898998895710536e-09,0,0,0,0,0,1,-90,90
19,20,2.8434373216071602,1.093629739079677,2.8695293414542386e-09,0,0,0,0,0,1,-90,90
20,22,3.4910991880635285,1.342730456947511,3.5231342987413286e-09,0,0,0,0,0,1,-90,90
