BUS_I,BUS_TYPE,Pd,Qd,Gs,Bs,area,Vm,Va,baseKV,zone,Vmax,Vmin
1,1,0.004250262518256762,0.0010652161967792098,0,0,1,1,0,0.4,1,1.1,0.9
2,1,0.0,0.0,0,0,1,1,0,0.4,1,1.1,0.9
3,1,0.0,0.0,0,0,1,1,0,0.4,1,1.1,0.9
4,1,0.0019292445958150586,0.0004835142728675125,0,0,1,1,0,0.4,1,1.1,0.9
5,1,0.005020655531021344,0.0012582948858148573,0,0,1,1,0,0.4,1,1.1,0.9
6,1,0.00631235352006923,0.0015820249174001253,0,0,1,1,0,0.4,1,1.1,0.9
7,1,0.0009068977862534766,0.00022729001010898353,0,0,1,1,0,0.4,1,1.1,0.9
8,1,0.005604783322513389,0.0014046911100041807,0,0,1,1,0,0.4,1,1.1,0.9
20,1,0.003030818952478939,0.0007595948306294545,0,0,1,1,0,0.4,1,1.1,0.9
39,1,0.012780973492813564,0.0032032138995345453,0,0,1,1,0,0.4,1,1.1,0.9
44,1,0.0013254907784251242,0.0003321993029360049,0,0,1,1,0,0.4,1,1.1,0.9
45,1,0.0018346905526790773,0.00045981679587949863,0,0,1,1,0,0.4,1,1.1,0.9
21,3,0.006270339669954433,0.0015714952540113116,0,0,1,1,0,0.4,1,1.1,0.9
38,1,0.003847213632136465,0.0009642026241481127,0,0,1,1,0,0.4,1,1.1,0.9
43,1,0.0017777042100663892,0.0004455346721552582,0,0,1,1,0,0.4,1,1.1,0.9
9,1,0.015273891521349931,0.003827998051062433,0,0,1,1,0,0.4,1,1.1,0.9
10,1,0.0,0.0,0,0,1,1,0,0.4,1,1.1,0.9
11,1,0.0,0.0,0,0,1,1,0,0.4,1,1.1,0.9
13,1,0.0,0.0,0,0,1,1,0,0.4,1,1.1,0.9
15,1,0.0,0.0,0,0,1,1,0,0.4,1,1.1,0.9
12,1,0.0,0.0,0,0,1,1,0,0.4,1,1.1,0.9
26,1,0.0,0.0,0,0,1,1,0,0.4,1,1.1,0.9
29,1,0.003513653078695218,0.0008806044693033185,0,0,1,1,0,0.4,1,1.1,0.9
25,1,0.013759568984399522,0.003448473048411782,0,0,1,1,0,0.4,1,1.1,0.9
27,1,0.0063907475177267335,0.0016016723052206063,0,0,1,1,0,0.4,1,1.1,0.9
16,1,0.0,0.0,0,0,1,1,0,0.4,1,1.1,0.9
18,1,0.0,0.0,0,0,1,1,0,0.4,1,1.1,0.9
23,1,0.05134758851255053,0.01286891873482594,0,0,1,1,0,0.4,1,1.1,0.9
19,1,0.0,0.0,0,0,1,1,0,0.4,1,1.1,0.9
22,1,0.0,0.0,0,0,1,1,0,0.4,1,1.1,0.9
35,1,0.00552996561709131,0.0013859400255054892,0,0,1,1,0,0.4,1,1.1,0.9
24,1,0.0106932915172098,0.0026799914763113203,0,0,1,1,0,0.4,1,1.1,0.9
33,1,0.004103046401184832,0.0010283203599553983,0,0,1,1,0,0.4,1,1.1,0.9
36,1,0.0048823960595084075,0.00122364379596309,0,0,1,1,0,0.4,1,1.1,0.9
34,1,0.003747624232098906,0.000939243167763512,0,0,1,1,0,0.4,1,1.1,0.9
37,1,0.005051828201181298,0.00126610749339112,0,0,1,1,0,0.4,1,1.1,0.9
32,1,0.00413080488644398,0.0010352772921376082,0,0,1,1,0,0.4,1,1.1,0.9
41,1,0.0005396889890919775,0.00013525881046989093,0,0,1,1,0,0.4,1,1.1,0.9
42,1,0.0062410831453795605,0.0015641628777863707,0,0,1,1,0,0.4,1,1.1,0.9
