F_BUS,T_BUS,BR_R,BR_X,BR_B,RATE_A,RATE_B,RATE_C,TAP,SHIFT,BR_STATUS,ANGMIN,ANGMAX
1,3,4.466160524471202,1.7177540478735394,4.507143017089987e-09,0,0,0,0,0,1,-90,90
3,11,5.506519607095067,2.1178921565750253,5.55704866844798e-09,0,0,0,0,0,1,-90,90
3,12,4.308337805599381,1.657053002153608,4.3478720814835e-09,0,0,0,0,0,1,-90,90
11,33,0.34670397624773874,0.13334768317220722,3.498854098459318e-10,0,0,0,0,0,1,-90,90
12,10,8.586270751240324,3.3024118274001246,8.66506030118093e-09,0,0,0,0,0,1,-90,90
7,16,3.7022399897849407,1.4239384576095928,3.736212575907401e-09,0,0,0,0,0,1,-90,90
7,13,2.4166855823998543,0.9294944547691747,2.4388616323872987e-09,0,0,0,0,0,1,-90,90
13,14,3.79655525680887,1.460213560311104,3.831393301016293e-09,0,0,0,0,0,1,-90,90
8,25,0.3579549999999999,0.13767499999999996,7.224793510410012e-10,0,0,0,0,0,1,-90,90
8,28,0.6982505983255333,0.2685579224328974,1.4093158054566137e-09,0,0,0,0,0,1,-90,90
25,32,1.653862300900038,0.636100884961553,1.6690385130329744e-09,0,0,0,0,0,1,-90,90
25,20,1.7119699999999995,0.6584499999999999,3.455358842875956e-09,0,0,0,0,0,1,-90,90
28,27,1.857398310382841,0.714383965531862,1.874442214677889e-09,0,0,0,0,0,1,-90,90
10,15,1.4153099999999996,0.5443499999999999,1.428297202611836e-09,0,0,0,0,0,1,-90,90
15,31,8.704220787177032,3.34777722583732,8.784092673153409e-09,0,0,0,0,0,1,-90,90
15,14,7.517673363125314,2.8914128319712744,7.586657223294826e-09,0,0,0,0,0,1,-90,90
30,29,2.293909346604688,0.8822728256171876,2.3149587742619076e-09,0,0,0,0,0,1,-90,90
29,27,2.2443960553721065,0.8632292520661947,2.2649911379422312e-09,0,0,0,0,0,1,-90,90
20,22,0.27968680267953394,0.10757184718443613,2.822532716328062e-10,0,0,0,0,0,1,-90,90
20,18,1.19603612133294,0.4600138928203616,2.4140224351167575e-09,0,0,0,0,0,1,-90,90
26,24,1.0437682029769066,0.40144930883727187,1.0533460545655008e-09,0,0,0,0,0,1,-90,90
24,23,1.742013436593653,0.6700051679206357,1.7579985433572472e-09,0,0,0,0,0,1,-90,90
31,21,2.848012108133063,1.0953892723588705,2.874146107249361e-09,0,0,0,0,0,1,-90,90
21,19,3.689659999999999,1.4190999999999998,3.7235171493091875e-09,0,0,0,0,0,1,-90,90
17,18,0.5065002058241606,0.19480777147083098,1.0222959310694727e-09,0,0,0,0,0,1,-90,90
17,19,1.6890468551454005,0.6496334058251542,3.4090918573096996e-09,0,0,0,0,0,1,-90,90
22,23,3.853155626767363,1.4819829333720627,3.888513048688896e-09,0,0,0,0,0,1,-90,90
