BUS_I,BUS_TYPE,Pd,Qd,Gs,Bs,area,Vm,Va,baseKV,zone,Vmax,Vmin
1,1,0.007672340369242519,0.001922869750612989,0,0,1,1,0,0.4,1,1.1,0.9
3,1,0.0,0.0,0,0,1,1,0,0.4,1,1.1,0.9
11,1,0.0022302521145245503,0.0005589538681641297,0,0,1,1,0,0.4,1,1.1,0.9
12,1,0.01784629025169211,0.00447270194414305,0,0,1,1,0,0.4,1,1.1,0.9
7,1,0.0,0.0,0,0,1,1,0,0.4,1,1.1,0.9
16,1,0.018209354952995076,0.0045636945354584095,0,0,1,1,0,0.4,1,1.1,0.9
13,1,0.016853814360367342,0.004223964039175798,0,0,1,1,0,0.4,1,1.1,0.9
8,1,0.0,0.0,0,0,1,1,0,0.4,1,1.1,0.9
25,1,0.0,0.0,0,0,1,1,0,0.4,1,1.1,0.9
28,3,0.0057546373092918005,0.001442248059294403,0,0,1,1,0,0.4,1,1.1,0.9
10,1,0.0,0.0,0,0,1,1,0,0.4,1,1.1,0.9
15,1,0.0,0.0,0,0,1,1,0,0.4,1,1.1,0.9
33,1,0.003159783984297093,0.0007919165143185807,0,0,1,1,0,0.4,1,1.1,0.9
30,1,0.01425246561546415,0.003572004588520814,0,0,1,1,0,0.4,1,1.1,0.9
29,1,0.01806610935432921,0.004527793804348088,0,0,1,1,0,0.4,1,1.1,0.9
14,1,0.013525491597711133,0.0033898077253807497,0,0,1,1,0,0.4,1,1.1,0.9
32,1,0.016229199487693687,0.004067420795961246,0,0,1,1,0,0.4,1,1.1,0.9
20,1,0.0,0.0,0,0,1,1,0,0.4,1,1.1,0.9
27,1,0.00537815536988275,0.001347892791136084,0,0,1,1,0,0.4,1,1.1,0.9
26,1,0.00809557340813927,0.0020289419487674256,0,0,1,1,0,0.4,1,1.1,0.9
24,1,0.012205562882092442,0.003059002406784175,0,0,1,1,0,0.4,1,1.1,0.9
31,1,0.004744771044344902,0.0011891517158611113,0,0,1,1,0,0.4,1,1.1,0.9
21,1,0.0,0.0,0,0,1,1,0,0.4,1,1.1,0.9
17,1,0.019433656372471256,0.004870533394508626,0,0,1,1,0,0.4,1,1.1,0.9
18,1,0.003733048247240633,0.0009355900816098105,0,0,1,1,0,0.4,1,1.1,0.9
19,1,0.0,0.0,0,0,1,1,0,0.4,1,1.1,0.9
22,1,0.009696234085393628,0.00243010532906099,0,0,1,1,0,0.4,1,1.1,0.9
23,1,0.006618569947276599,0.0016587699882234061,0,0,1,1,0,0.4,1,1.1,0.9
