BUS_I,BUS_TYPE,Pd,Qd,Gs,Bs,area,Vm,Va,baseKV,zone,Vmax,Vmin
1,1,0.061469552547734646,0.015405722046899242,0,0,1,1,0,0.4,1,1.1,0.9
2,1,0.03240104208783985,0.008120466600883698,0,0,1,1,0,0.4,1,1.1,0.9
3,1,0.0,0.0,0,0,1,1,0,0.4,1,1.1,0.9
4,1,0.012816190503059502,0.003212040114281275,0,0,1,1,0,0.4,1,1.1,0.9
5,1,0.0,0.0,0,0,1,1,0,0.4,1,1.1,0.9
31,3,0.012632925038499285,0.0031661094593343716,0,0,1,1,0,0.4,1,1.1,0.9
32,1,0.057985228813884064,0.014532468204300798,0,0,1,1,0,0.4,1,1.1,0.9
30,1,0.020249790580330107,0.005075075907641058,0,0,1,1,0,0.4,1,1.1,0.9
11,1,0.0,0.0,0,0,1,1,0,0.4,1,1.1,0.9
13,1,0.018391392313636654,0.004609317398550142,0,0,1,1,0,0.4,1,1.1,0.9
9,1,0.03012944121636489,0.007551149757390146,0,0,1,1,0,0.4,1,1.1,0.9
28,1,0.013373540471450122,0.0033517251833926234,0,0,1,1,0,0.4,1,1.1,0.9
27,1,0.020544844452553324,0.005149023378477166,0,0,1,1,0,0.4,1,1.1,0.9
19,1,0.022480115130984035,0.005634047930010467,0,0,1,1,0,0.4,1,1.1,0.9
20,1,0.0,0.0,0,0,1,1,0,0.4,1,1.1,0.9
10,1,0.009878199126404714,0.002475710067144816,0,0,1,1,0,0.4,1,1.1,0.9
12,1,0.012724892985104238,0.003189158799436851,0,0,1,1,0,0.4,1,1.1,0.9
29,1,0.013606176905957565,0.0034100293697655474,0,0,1,1,0,0.4,1,1.1,0.9
18,1,0.013985908820349844,0.0035051991584332215,0,0,1,1,0,0.4,1,1.1,0.9
14,1,0.00790387566737236,0.001980897966196051,0,0,1,1,0,0.4,1,1.1,0.9
15,1,0.013754583867536656,0.003447223660355785,0,0,1,1,0,0.4,1,1.1,0.9
16,1,0.013838933580202746,0.0034683636910573345,0,0,1,1,0,0.4,1,1.1,0.9
17,1,0.013835174425330986,0.0034674215580388678,0,0,1,1,0,0.4,1,1.1,0.9
25,1,0.0179775432406471,0.004505597043942176,0,0,1,1,0,0.4,1,1.1,0.9
21,1,0.0,0.0,0,0,1,1,0,0.4,1,1.1,0.9
22,1,0.02486675140482784,0.006232195362974658,0,0,1,1,0,0.4,1,1.1,0.9
23,1,0.018699402186981386,0.00468651194934445,0,0,1,1,0,0.4,1,1.1,0.9
24,1,0.024871479233811715,0.00623338026860992,0,0,1,1,0,0.4,1,1.1,0.9
26,1,0.01350154115713381,0.0033838051791583988,0,0,1,1,0,0.4,1,1.1,0.9
