BUS_I,BUS_TYPE,Pd,Qd,Gs,Bs,area,Vm,Va,baseKV,zone,Vmax,Vmin
1,1,0.03869255817741978,0.009697269165932382,0,0,1,1,0,0.4,1,1.1,0.9
2,1,0.0013713685655991137,0.00034369736023486723,0,0,1,1,0,0.4,1,1.1,0.9
3,1,0.0,0.0,0,0,1,1,0,0.4,1,1.1,0.9
4,1,0.0,0.0,0,0,1,1,0,0.4,1,1.1,0.9
5,1,0.012813319686574157,0.0032113206198488647,0,0,1,1,0,0.4,1,1.1,0.9
6,1,0.0,0.0,0,0,1,1,0,0.4,1,1.1,0.9
11,1,0.0,0.0,0,0,1,1,0,0.4,1,1.1,0.9
10,1,0.0,0.0,0,0,1,1,0,0.4,1,1.1,0.9
35,1,0.020237993951466592,0.005072119393760131,0,0,1,1,0,0.4,1,1.1,0.9
19,1,0.028470550822093002,0.007135392634372571,0,0,1,1,0,0.4,1,1.1,0.9
38,1,0.001945051560923969,0.00048747587175313644,0,0,1,1,0,0.4,1,1.1,0.9
9,1,0.0,0.0,0,0,1,1,0,0.4,1,1.1,0.9
7,1,0.0,0.0,0,0,1,1,0,0.4,1,1.1,0.9
23,1,0.0,0.0,0,0,1,1,0,0.4,1,1.1,0.9
20,1,0.0018015500217817785,0.0004515109959130195,0,0,1,1,0,0.4,1,1.1,0.9
25,1,0.020783522382325722,0.005208841706289907,0,0,1,1,0,0.4,1,1.1,0.9
39,3,0.006674647324047886,0.0016728243036340613,0,0,1,1,0,0.4,1,1.1,0.9
24,1,0.0,0.0,0,0,1,1,0,0.4,1,1.1,0.9
26,1,0.012522648863153895,0.0031384716445894715,0,0,1,1,0,0.4,1,1.1,0.9
12,1,0.0,0.0,0,0,1,1,0,0.4,1,1.1,0.9
33,1,0.03565836989039395,0.008936829900467125,0,0,1,1,0,0.4,1,1.1,0.9
32,1,0.036277415099429014,0.009091977254394144,0,0,1,1,0,0.4,1,1.1,0.9
13,1,0.0,0.0,0,0,1,1,0,0.4,1,1.1,0.9
34,1,0.004687796009522937,0.0011748724261363653,0,0,1,1,0,0.4,1,1.1,0.9
28,1,0.023428989429054674,0.005871858245648784,0,0,1,1,0,0.4,1,1.1,0.9
14,1,0.0,0.0,0,0,1,1,0,0.4,1,1.1,0.9
15,1,0.0,0.0,0,0,1,1,0,0.4,1,1.1,0.9
40,1,0.017690612672875652,0.0044336854651094975,0,0,1,1,0,0.4,1,1.1,0.9
21,1,0.0,0.0,0,0,1,1,0,0.4,1,1.1,0.9
16,1,0.0,0.0,0,0,1,1,0,0.4,1,1.1,0.9
29,1,0.00907217231660597,0.0022737007067469913,0,0,1,1,0,0.4,1,1.1,0.9
27,1,0.03115023162895102,0.0078069839502977545,0,0,1,1,0,0.4,1,1.1,0.9
36,1,0.0009428314538822623,0.00023629583612642268,0,0,1,1,0,0.4,1,1.1,0.9
17,1,0.008960173788900154,0.002245631229811107,0,0,1,1,0,0.4,1,1.1,0.9
31,1,0.0,0.0,0,0,1,1,0,0.4,1,1.1,0.9
22,1,0.029280600826468547,0.007338410302376713,0,0,1,1,0,0.4,1,1.1,0.9
30,1,0.017970953346583152,0.004503945460807764,0,0,1,1,0,0.4,1,1.1,0.9
18,1,0.025953424935557284,0.006504541421735051,0,0,1,1,0,0.4,1,1.1,0.9
