BUS_I,BUS_TYPE,Pd,Qd,Gs,Bs,area,Vm,Va,baseKV,zone,Vmax,Vmin
1,1,0.005091097590139991,0.0012759493299780939,0,0,1,1,0,0.4,1,1.1,0.9
2,1,0.0056403776420541184,0.001413611887373874,0,0,1,1,0,0.4,1,1.1,0.9
3,1,0.0030030906305601726,0.0007526454580929336,0,0,1,1,0,0.4,1,1.1,0.9
4,1,0.00494368269333206,0.0012390036742563977,0,0,1,1,0,0.4,1,1.1,0.9
5,1,0.0,0.0,0,0,1,1,0,0.4,1,1.1,0.9
30,1,0.0,0.0,0,0,1,1,0,0.4,1,1.1,0.9
7,1,0.0,0.0,0,0,1,1,0,0.4,1,1.1,0.9
28,1,0.04864000874883429,0.012190335281217268,0,0,1,1,0,0.4,1,1.1,0.9
6,1,0.0036941748091872486,0.0009258474796737913,0,0,1,1,0,0.4,1,1.1,0.9
8,1,0.0,0.0,0,0,1,1,0,0.4,1,1.1,0.9
9,1,0.0,0.0,0,0,1,1,0,0.4,1,1.1,0.9
10,1,0.010171521888372392,0.0025492236808545253,0,0,1,1,0,0.4,1,1.1,0.9
25,1,0.014314260662760417,0.003587491887241298,0,0,1,1,0,0.4,1,1.1,0.9
27,1,0.0014991065904518149,0.0003757115269912046,0,0,1,1,0,0.4,1,1.1,0.9
29,3,0.05767455595544064,0.014454606246529455,0,0,1,1,0,0.4,1,1.1,0.9
24,1,0.0017506062788510105,0.000438743290421579,0,0,1,1,0,0.4,1,1.1,0.9
26,1,0.005455148700619533,0.0013671891387363817,0,0,1,1,0,0.4,1,1.1,0.9
11,1,0.0019017444489600325,0.00047662208639245315,0,0,1,1,0,0.4,1,1.1,0.9
13,1,0.003229624972974528,0.0008094203160293491,0,0,1,1,0,0.4,1,1.1,0.9
14,1,0.0033639109681993097,0.0008430755588524964,0,0,1,1,0,0.4,1,1.1,0.9
15,1,0.003757150569968652,0.0009416306930872436,0,0,1,1,0,0.4,1,1.1,0.9
16,1,0.004757234559763833,0.0011922753672675892,0,0,1,1,0,0.4,1,1.1,0.9
18,1,0.0024634799459348415,0.0006174062725722766,0,0,1,1,0,0.4,1,1.1,0.9
20,1,0.002202959164753697,0.0005521136101732613,0,0,1,1,0,0.4,1,1.1,0.9
23,1,0.0044661866206230924,0.001119331877899529,0,0,1,1,0,0.4,1,1.1,0.9
19,1,0.0036792179379702013,0.0009220989344003868,0,0,1,1,0,0.4,1,1.1,0.9
21,1,0.0,0.0,0,0,1,1,0,0.4,1,1.1,0.9
22,1,0.0,0.0,0,0,1,1,0,0.4,1,1.1,0.9
