F_BUS,T_BUS,BR_R,BR_X,BR_B,RATE_A,RATE_B,RATE_C,TAP,SHIFT,BR_STATUS,ANGMIN,ANGMAX
140,141,0.2390008305339506,0.09192339635921178,2.4119395586376636e-10,0,0,0,0,0,1,-90,90
140,57,43.923953513678725,16.893828274491817,4.432700958181575e-08,0,0,0,0,0,1,-90,90
57,55,25.272054139816976,9.72002082300653,2.5503956187800172e-08,0,0,0,0,0,1,-90,90
57,54,26.207464569498566,10.079794065191756,2.644795015379218e-08,0,0,0,0,0,1,-90,90
142,55,47.1656906397611,18.140650246061963,4.759849361625796e-08,0,0,0,0,0,1,-90,90
142,143,2.4746771001685293,0.9517988846802035,2.497385293355011e-09,0,0,0,0,0,1,-90,90
144,56,8.708369684708702,3.3493729556571927,8.788279641901179e-09,0,0,0,0,0,1,-90,90
56,54,10.18052695252206,3.915587289431562,1.0273945755630683e-08,0,0,0,0,0,1,-90,90
