F_BUS,T_BUS,BR_R,BR_X,BR_B,RATE_A,RATE_B,RATE_C,TAP,SHIFT,BR_STATUS,ANGMIN,ANGMAX
1,2,1.3305296746886224,0.511742182572547,1.3427389139833643e-09,0,0,0,0,0,1,-90,90
1,3,1.7825233411167243,0.6855859004295094,1.798880175867705e-09,0,0,0,0,0,1,-90,90
2,4,2.683900639024114,1.032269476547736,2.7085287144203467e-09,0,0,0,0,0,1,-90,90
3,5,1.8057647110953619,0.6945248888828316,1.8223348138801222e-09,0,0,0,0,0,1,-90,90
4,6,0.05751474855898118,0.022121057138069687,5.804251681660977e-11,0,0,0,0,0,1,-90,90
5,7,1.2660044425426151,0.48692478559331354,1.2776215838069215e-09,0,0,0,0,0,1,-90,90
7,18,2.623653457050021,1.009097483480777,2.6477286907655694e-09,0,0,0,0,0,1,-90,90
18,16,0.3555520973194925,0.1367508066613433,3.588147232650108e-10,0,0,0,0,0,1,-90,90
16,15,2.403539550975002,0.9244382888365392,2.4255949700238845e-09,0,0,0,0,0,1,-90,90
8,9,3.272859453765736,1.258792097602206,3.3028919475982668e-09,0,0,0,0,0,1,-90,90
9,10,6.781542934853035,2.608285744174244,6.843771896787736e-09,0,0,0,0,0,1,-90,90
9,11,3.4186205477394043,1.314854056822848,3.449990578126018e-09,0,0,0,0,0,1,-90,90
10,12,4.239610647259205,1.6306194797150788,4.278514267293864e-09,0,0,0,0,0,1,-90,90
12,19,1.180579653896297,0.45406909765242187,2.3828258362062455e-09,0,0,0,0,0,1,-90,90
12,20,1.8323995924481098,0.7047690740185039,1.849214102889617e-09,0,0,0,0,0,1,-90,90
12,17,2.1199585294291623,0.8153686651650626,2.1394117452973375e-09,0,0,0,0,0,1,-90,90
19,21,0.13641143506071038,0.05246593656181169,2.7532635408706047e-10,0,0,0,0,0,1,-90,90
17,15,6.376903645928995,2.4526552484342288,6.4354195468170255e-09,0,0,0,0,0,1,-90,90
21,22,2.8457419790044076,1.094516145770926,2.8718551469056718e-09,0,0,0,0,0,1,-90,90
15,13,1.809985249309022,0.6961481728111624,1.8265940807008804e-09,0,0,0,0,0,1,-90,90
13,14,0.353890533925396,0.13611174381746002,3.5713791299181965e-10,0,0,0,0,0,1,-90,90
22,23,2.1915075143242495,0.8428875055093267,2.2116172797564802e-09,0,0,0,0,0,1,-90,90
23,24,0.7091821796812758,0.27276237680049076,7.156897947311408e-10,0,0,0,0,0,1,-90,90
24,27,0.3010329117374693,0.11578188912979591,3.037952573844057e-10,0,0,0,0,0,1,-90,90
27,25,1.2145760778661634,0.4671446453331398,1.225721300899094e-09,0,0,0,0,0,1,-90,90
25,26,0.7887821004844192,0.3033777309555459,7.960201422954577e-10,0,0,0,0,0,1,-90,90
