F_BUS,T_BUS,BR_R,BR_X,BR_B,RATE_A,RATE_B,RATE_C,TAP,SHIFT,BR_STATUS,ANGMIN,ANGMAX
1,2,5.425901913300955,3.4725772245126114,9.111550171075479e-09,0,0,0,0,0,1,-90,90
2,3,3.1622656249999994,2.0238499999999995,5.310295386251428e-09,0,0,0,0,0,1,-90,90
3,15,9.226275116314794,5.9048160744414675,1.5493399983580697e-08,0,0,0,0,0,1,-90,90
15,13,0.060344667700397814,0.0386205873282546,1.0133494414287164e-10,0,0,0,0,0,1,-90,90
13,11,0.5271504551163477,0.33737629127446256,8.852275430419232e-10,0,0,0,0,0,1,-90,90
4,5,0.26815673244512145,0.17162030876487774,4.5030735174107545e-10,0,0,0,0,0,1,-90,90
4,6,5.775718979094814,3.696460146620681,9.698987208568856e-09,0,0,0,0,0,1,-90,90
5,7,0.5017387142363515,0.321112777111265,8.42554388299693e-10,0,0,0,0,0,1,-90,90
6,8,15.510937499999997,9.926999999999998,2.6047040195329653e-08,0,0,0,0,0,1,-90,90
7,9,3.3909677162933405,2.1702193384277377,5.694347772812432e-09,0,0,0,0,0,1,-90,90
8,17,3.8409204017143916,2.4581890570972105,6.449939475967619e-09,0,0,0,0,0,1,-90,90
14,9,20.31057477013373,12.998767852885587,3.4106923416326164e-08,0,0,0,0,0,1,-90,90
14,12,4.464093404707793,2.8570197790129876,7.496414729807911e-09,0,0,0,0,0,1,-90,90
12,10,1.9017633593633705,1.2171285499925573,3.193572707216625e-09,0,0,0,0,0,1,-90,90
17,16,2.033450023853502,1.3014080152662415,3.4147100719415714e-09,0,0,0,0,0,1,-90,90
10,11,1.0523544728309622,0.6735068626118157,1.7671864936315436e-09,0,0,0,0,0,1,-90,90
