BUS_I,BUS_TYPE,Pd,Qd,Gs,Bs,area,Vm,Va,baseKV,zone,Vmax,Vmin
1,1,0.008029355157614394,0.0020123460908225347,0,0,1,1,0,0.4,1,1.1,0.9
2,1,0.01819752752229827,0.004560730301910386,0,0,1,1,0,0.4,1,1.1,0.9
3,3,0.0,0.0,0,0,1,1,0,0.4,1,1.1,0.9
10,1,0.0,0.0,0,0,1,1,0,0.4,1,1.1,0.9
23,1,0.0,0.0,0,0,1,1,0,0.4,1,1.1,0.9
38,1,0.0095743934649124,0.0023995691911625093,0,0,1,1,0,0.4,1,1.1,0.9
21,1,0.0,0.0,0,0,1,1,0,0.4,1,1.1,0.9
11,1,0.0,0.0,0,0,1,1,0,0.4,1,1.1,0.9
12,1,0.0,0.0,0,0,1,1,0,0.4,1,1.1,0.9
31,1,0.018549565224980077,0.00464895926686557,0,0,1,1,0,0.4,1,1.1,0.9
37,1,0.021007898317991238,0.0052650756165041,0,0,1,1,0,0.4,1,1.1,0.9
16,1,0.0,0.0,0,0,1,1,0,0.4,1,1.1,0.9
39,1,0.011070614791141978,0.0027745576027771194,0,0,1,1,0,0.4,1,1.1,0.9
34,1,0.00844069270763283,0.002115436998440832,0,0,1,1,0,0.4,1,1.1,0.9
13,1,0.0,0.0,0,0,1,1,0,0.4,1,1.1,0.9
27,1,0.041344997250307707,0.010362033059756307,0,0,1,1,0,0.4,1,1.1,0.9
14,1,0.0,0.0,0,0,1,1,0,0.4,1,1.1,0.9
42,1,0.012349176195626742,0.003094995295927552,0,0,1,1,0,0.4,1,1.1,0.9
41,1,0.010368367256675406,0.00259855778049582,0,0,1,1,0,0.4,1,1.1,0.9
7,1,0.0,0.0,0,0,1,1,0,0.4,1,1.1,0.9
5,1,0.00674150985014648,0.0016895816322583192,0,0,1,1,0,0.4,1,1.1,0.9
8,1,0.0,0.0,0,0,1,1,0,0.4,1,1.1,0.9
17,1,0.0,0.0,0,0,1,1,0,0.4,1,1.1,0.9
6,1,0.006475094522503607,0.0016228116572611457,0,0,1,1,0,0.4,1,1.1,0.9
9,1,0.016090187347548492,0.004032581069568926,0,0,1,1,0,0.4,1,1.1,0.9
28,1,0.008125204834315334,0.0020363682841904327,0,0,1,1,0,0.4,1,1.1,0.9
19,1,0.0,0.0,0,0,1,1,0,0.4,1,1.1,0.9
32,1,0.007339296330708398,0.0018394010466062513,0,0,1,1,0,0.4,1,1.1,0.9
29,1,0.008510806475208204,0.0021330091649876485,0,0,1,1,0,0.4,1,1.1,0.9
20,1,0.0,0.0,0,0,1,1,0,0.4,1,1.1,0.9
35,1,0.009769865316949868,0.0024485590551792244,0,0,1,1,0,0.4,1,1.1,0.9
33,1,0.008469155718605398,0.002122570501410789,0,0,1,1,0,0.4,1,1.1,0.9
4,1,0.046683187880940086,0.011699909743095122,0,0,1,1,0,0.4,1,1.1,0.9
30,1,0.006903291436664834,0.0017301279198252036,0,0,1,1,0,0.4,1,1.1,0.9
26,1,0.019048988368719922,0.004774126505235653,0,0,1,1,0,0.4,1,1.1,0.9
43,1,0.007603447697686167,0.0019056036195761428,0,0,1,1,0,0.4,1,1.1,0.9
40,1,0.007334538672009233,0.0018382086649396299,0,0,1,1,0,0.4,1,1.1,0.9
36,1,0.00797153154416952,0.001997854127247767,0,0,1,1,0,0.4,1,1.1,0.9
