BUS_I,BUS_TYPE,Pd,Qd,Gs,Bs,area,Vm,Va,baseKV,zone,Vmax,Vmin
1,1,0.0520986653302341,0.013057156329041666,0,0,1,1,0,0.4,1,1.1,0.9
2,1,0.0,0.0,0,0,1,1,0,0.4,1,1.1,0.9
3,1,0.0,0.0,0,0,1,1,0,0.4,1,1.1,0.9
4,3,0.0,0.0,0,0,1,1,0,0.4,1,1.1,0.9
5,1,0.01518133749700189,0.003804801826031828,0,0,1,1,0,0.4,1,1.1,0.9
10,1,0.04851502464324716,0.012159011311688445,0,0,1,1,0,0.4,1,1.1,0.9
14,1,0.03826668515953464,0.009590535326675658,0,0,1,1,0,0.4,1,1.1,0.9
8,1,0.0,0.0,0,0,1,1,0,0.4,1,1.1,0.9
6,1,0.04065432906376695,0.010188935295619827,0,0,1,1,0,0.4,1,1.1,0.9
7,1,0.0,0.0,0,0,1,1,0,0.4,1,1.1,0.9
9,1,0.01311614555873428,0.0032872159374776346,0,0,1,1,0,0.4,1,1.1,0.9
11,1,0.0,0.0,0,0,1,1,0,0.4,1,1.1,0.9
12,1,0.012297937853980305,0.003082153757038261,0,0,1,1,0,0.4,1,1.1,0.9
