BUS_I,BUS_TYPE,Pd,Qd,Gs,Bs,area,Vm,Va,baseKV,zone,Vmax,Vmin
1,1,0.00895378291497076,0.002244029525824136,0,0,1,1,0,0.4,1,1.1,0.9
8,1,0.0,0.0,0,0,1,1,0,0.4,1,1.1,0.9
3,1,0.03845307196664874,0.009637248263806264,0,0,1,1,0,0.4,1,1.1,0.9
4,1,0.0,0.0,0,0,1,1,0,0.4,1,1.1,0.9
6,1,0.014075602617286805,0.0035276785429035865,0,0,1,1,0,0.4,1,1.1,0.9
5,1,0.007142223309786665,0.0017900098918405597,0,0,1,1,0,0.4,1,1.1,0.9
7,1,0.05512552425037499,0.013815758682014,0,0,1,1,0,0.4,1,1.1,0.9
9,1,0.01822604337866081,0.0045678770491835085,0,0,1,1,0,0.4,1,1.1,0.9
23,1,0.043263297758040116,0.010842804485603303,0,0,1,1,0,0.4,1,1.1,0.9
21,1,0.035464454388883467,0.008888230094660247,0,0,1,1,0,0.4,1,1.1,0.9
10,1,0.007994891903516673,0.0020037087851735498,0,0,1,1,0,0.4,1,1.1,0.9
11,1,0.0054108846380472335,0.0013560955189459033,0,0,1,1,0,0.4,1,1.1,0.9
12,1,0.0,0.0,0,0,1,1,0,0.4,1,1.1,0.9
13,1,0.011761973726654126,0.00294782848492433,0,0,1,1,0,0.4,1,1.1,0.9
14,1,0.007184421569428167,0.0018005857726133216,0,0,1,1,0,0.4,1,1.1,0.9
15,3,0.06845647799746986,0.017156810626199368,0,0,1,1,0,0.4,1,1.1,0.9
16,1,0.0,0.0,0,0,1,1,0,0.4,1,1.1,0.9
18,1,0.04562714801274643,0.011435241203866669,0,0,1,1,0,0.4,1,1.1,0.9
17,1,0.020834666156296165,0.005221659544285494,0,0,1,1,0,0.4,1,1.1,0.9
19,1,0.0,0.0,0,0,1,1,0,0.4,1,1.1,0.9
27,1,0.0,0.0,0,0,1,1,0,0.4,1,1.1,0.9
28,1,0.027759490638309056,0.006957184153979195,0,0,1,1,0,0.4,1,1.1,0.9
20,1,0.021005713000709025,0.0052645279243664685,0,0,1,1,0,0.4,1,1.1,0.9
26,1,0.04131546094553992,0.010354630564005396,0,0,1,1,0,0.4,1,1.1,0.9
25,1,0.0,0.0,0,0,1,1,0,0.4,1,1.1,0.9
22,1,0.03488911482295584,0.008744036407413515,0,0,1,1,0,0.4,1,1.1,0.9
24,1,0.0,0.0,0,0,1,1,0,0.4,1,1.1,0.9
