F_BUS,T_BUS,BR_R,BR_X,BR_B,RATE_A,RATE_B,RATE_C,TAP,SHIFT,BR_STATUS,ANGMIN,ANGMAX
1,2,5.296245846331191,2.037017633204304,5.344845388402114e-09,0,0,0,0,0,1,-90,90
2,3,3.9061099999999995,1.5023499999999996,3.941953343150347e-09,0,0,0,0,0,1,-90,90
3,4,4.960019999999999,1.9076999999999995,5.005534258147514e-09,0,0,0,0,0,1,-90,90
4,5,4.895849555038316,1.8830190596301215,4.940774970762328e-09,0,0,0,0,0,1,-90,90
5,6,1.7172916408271242,0.6604967849335093,1.733049894837224e-09,0,0,0,0,0,1,-90,90
6,7,0.6681199217635511,0.25696920067828893,6.742507403071546e-10,0,0,0,0,0,1,-90,90
7,9,0.7238775970054886,0.2784144603867264,7.305200605071097e-10,0,0,0,0,0,1,-90,90
9,8,1.2964928044361745,0.498651078629298,1.308389713760634e-09,0,0,0,0,0,1,-90,90
8,10,4.440948323307059,1.7080570474257921,4.481699463102216e-09,0,0,0,0,0,1,-90,90
10,11,0.7988081204229355,0.30723389247035976,1.6122763264920016e-09,0,0,0,0,0,1,-90,90
10,12,3.1146730150928508,1.1979511596510966,3.1432539546160854e-09,0,0,0,0,0,1,-90,90
11,13,0.3875157650338881,0.14904452501303392,7.821433935546107e-10,0,0,0,0,0,1,-90,90
12,17,1.5724281997142024,0.6047800768131548,1.5868571542345925e-09,0,0,0,0,0,1,-90,90
13,14,1.0663181719996848,0.4101223738460327,2.1522058943430296e-09,0,0,0,0,0,1,-90,90
17,16,0.9675654347641903,0.37214055183238093,9.76444032627197e-10,0,0,0,0,0,1,-90,90
14,15,2.152954793829649,0.8280595360883266,2.1727107908349624e-09,0,0,0,0,0,1,-90,90
