BUS_I,BUS_TYPE,Pd,Qd,Gs,Bs,area,Vm,Va,baseKV,zone,Vmax,Vmin
1,1,0.017696475393979078,0.004435154801521011,0,0,1,1,0,0.4,1,1.1,0.9
2,1,0.0,0.0,0,0,1,1,0,0.4,1,1.1,0.9
3,1,0.0,0.0,0,0,1,1,0,0.4,1,1.1,0.9
4,1,0.0,0.0,0,0,1,1,0,0.4,1,1.1,0.9
5,1,0.02149400166709303,0.005386904599666349,0,0,1,1,0,0.4,1,1.1,0.9
6,1,0.009743683838384833,0.0024419973581303227,0,0,1,1,0,0.4,1,1.1,0.9
7,1,0.0,0.0,0,0,1,1,0,0.4,1,1.1,0.9
9,1,0.008833127172302543,0.002213790346297568,0,0,1,1,0,0.4,1,1.1,0.9
8,1,0.009667649000148701,0.0024229412313944536,0,0,1,1,0,0.4,1,1.1,0.9
10,1,0.0,0.0,0,0,1,1,0,0.4,1,1.1,0.9
11,1,0.008813071359795938,0.0022087638858778093,0,0,1,1,0,0.4,1,1.1,0.9
12,1,0.0,0.0,0,0,1,1,0,0.4,1,1.1,0.9
13,1,0.011771404218872678,0.0029501919890635806,0,0,1,1,0,0.4,1,1.1,0.9
17,1,0.01165283376315837,0.002920475431711218,0,0,1,1,0,0.4,1,1.1,0.9
14,3,0.005858008740376821,0.0014681553820075357,0,0,1,1,0,0.4,1,1.1,0.9
16,1,0.03711802470936976,0.009302653881503848,0,0,1,1,0,0.4,1,1.1,0.9
15,1,0.05125661104032013,0.01284611763100104,0,0,1,1,0,0.4,1,1.1,0.9
