BUS_I,BUS_TYPE,Pd,Qd,Gs,Bs,area,Vm,Va,baseKV,zone,Vmax,Vmin
130,1,0.0,0.0,0,0,1,1,0,0.4,1,1.1,0.9
131,1,0.0,0.0,0,0,1,1,0,0.4,1,1.1,0.9
132,1,0.00023952331117166553,6.0030200362986456e-05,0,0,1,1,0,0.4,1,1.1,0.9
150,1,0.0028310011582543303,0.0007095157708305675,0,0,1,1,0,0.4,1,1.1,0.9
153,1,0.0002635660482771212,6.605587827573337e-05,0,0,1,1,0,0.4,1,1.1,0.9
138,1,0.0005216680967159605,0.00013074234910852978,0,0,1,1,0,0.4,1,1.1,0.9
139,1,0.0005268167178222265,0.00013203271519060493,0,0,1,1,0,0.4,1,1.1,0.9
140,1,0.000561793780039217,0.00014079879329266385,0,0,1,1,0,0.4,1,1.1,0.9
141,1,0.0,0.0,0,0,1,1,0,0.4,1,1.1,0.9
142,1,0.00184482225022467,0.00046235603863922824,0,0,1,1,0,0.4,1,1.1,0.9
143,1,0.00025812883688776394,6.46931846509567e-05,0,0,1,1,0,0.4,1,1.1,0.9
144,1,0.0010068437673760823,0.0002523388341374943,0,0,1,1,0,0.4,1,1.1,0.9
152,1,0.0003152578291252434,7.901105974117497e-05,0,0,1,1,0,0.4,1,1.1,0.9
145,1,0.00036144399264955953,9.058640343862104e-05,0,0,1,1,0,0.4,1,1.1,0.9
146,1,0.0008698652919855176,0.0002180087921766986,0,0,1,1,0,0.4,1,1.1,0.9
147,1,0.0007735805280896396,0.00019387755567909563,0,0,1,1,0,0.4,1,1.1,0.9
156,3,0.05752888773905546,0.014418098350185897,0,0,1,1,0,0.4,1,1.1,0.9
148,1,0.0013000678285762328,0.00032582771110311926,0,0,1,1,0,0.4,1,1.1,0.9
149,1,0.0008024155713480271,0.00020110429872890174,0,0,1,1,0,0.4,1,1.1,0.9
151,1,0.0010052447322258721,0.00025193807815268,0,0,1,1,0,0.4,1,1.1,0.9
110,1,0.0,0.0,0,0,1,1,0,0.4,1,1.1,0.9
154,1,0.00023068335283905818,5.781469796653475e-05,0,0,1,1,0,0.4,1,1.1,0.9
