F_BUS,T_BUS,BR_R,BR_X,BR_B,RATE_A,RATE_B,RATE_C,TAP,SHIFT,BR_STATUS,ANGMIN,ANGMAX
1,2,2.897712738398919,1.1145048993841997,2.9243028016673802e-09,0,0,0,0,0,1,-90,90
1,3,1.7219221350257587,0.6622777442406764,1.7377228794912009e-09,0,0,0,0,0,1,-90,90
2,4,3.543082983499334,1.3627242244228208,3.575595109165976e-09,0,0,0,0,0,1,-90,90
3,5,0.6288099999999999,0.24184999999999995,6.345801018676816e-10,0,0,0,0,0,1,-90,90
3,8,6.812834436396511,2.6203209370755816,6.875350536181277e-09,0,0,0,0,0,1,-90,90
5,10,5.086464798997295,1.95633261499896,5.133139343035387e-09,0,0,0,0,0,1,-90,90
5,9,4.939468577613789,1.899795606774535,4.984794251291125e-09,0,0,0,0,0,1,-90,90
8,11,6.43426092207852,2.4747157392609695,6.493303146221961e-09,0,0,0,0,0,1,-90,90
11,12,7.396869878110602,2.8449499531194626,7.464745218354373e-09,0,0,0,0,0,1,-90,90
