BUS_I,BUS_TYPE,Pd,Qd,Gs,Bs,area,Vm,Va,baseKV,zone,Vmax,Vmin
1,1,0.002316052980279267,0.0005804575921122422,0,0,1,1,0,0.4,1,1.1,0.9
2,1,0.0036172581893791716,0.0009065703576444732,0,0,1,1,0,0.4,1,1.1,0.9
3,1,0.003667094029362493,0.0009190603964837927,0,0,1,1,0,0.4,1,1.1,0.9
4,1,0.0,0.0,0,0,1,1,0,0.4,1,1.1,0.9
5,1,0.0041124305862438185,0.0010306722584264851,0,0,1,1,0,0.4,1,1.1,0.9
22,1,0.0045694508708008725,0.0011452123385452275,0,0,1,1,0,0.4,1,1.1,0.9
27,1,0.0038593492145830733,0.0009672440878045219,0,0,1,1,0,0.4,1,1.1,0.9
23,1,0.0,0.0,0,0,1,1,0,0.4,1,1.1,0.9
26,1,0.003153169977885009,0.0007902588880600871,0,0,1,1,0,0.4,1,1.1,0.9
11,1,0.0,0.0,0,0,1,1,0,0.4,1,1.1,0.9
6,1,0.020867362350104914,0.005229853982880406,0,0,1,1,0,0.4,1,1.1,0.9
7,1,0.00467299578467919,0.001171163140144779,0,0,1,1,0,0.4,1,1.1,0.9
8,1,0.0,0.0,0,0,1,1,0,0.4,1,1.1,0.9
9,1,0.03437127770221543,0.008614254191388789,0,0,1,1,0,0.4,1,1.1,0.9
10,3,0.009659317715140147,0.0024208532145500884,0,0,1,1,0,0.4,1,1.1,0.9
21,1,0.0052103491276918774,0.0013058365825290715,0,0,1,1,0,0.4,1,1.1,0.9
12,1,0.021760783733237206,0.00545376648799591,0,0,1,1,0,0.4,1,1.1,0.9
17,1,0.0,0.0,0,0,1,1,0,0.4,1,1.1,0.9
13,1,0.02335111965405015,0.005852342240409561,0,0,1,1,0,0.4,1,1.1,0.9
15,1,0.0,0.0,0,0,1,1,0,0.4,1,1.1,0.9
14,1,0.0031655168944182315,0.0007933533170312331,0,0,1,1,0,0.4,1,1.1,0.9
18,1,0.003318172158564049,0.000831612332608094,0,0,1,1,0,0.4,1,1.1,0.9
19,1,0.016251420525932658,0.004072989913101594,0,0,1,1,0,0.4,1,1.1,0.9
20,1,0.008187922357694095,0.0020520867772100913,0,0,1,1,0,0.4,1,1.1,0.9
