F_BUS,T_BUS,BR_R,BR_X,BR_B,RATE_A,RATE_B,RATE_C,TAP,SHIFT,BR_STATUS,ANGMIN,ANGMAX
1,2,2.900444645512918,1.115555632889584,2.9270597773749778e-09,0,0,0,0,0,1,-90,90
2,3,1.7711597625801363,0.6812152933000524,1.7874123225808144e-09,0,0,0,0,0,1,-90,90
3,4,4.615758299427986,1.7752916536261485,4.658113534847742e-09,0,0,0,0,0,1,-90,90
4,5,1.134523271018337,0.43635510423782203,1.1449339115059747e-09,0,0,0,0,0,1,-90,90
5,6,1.0958896918249164,0.4214960353172756,1.105945821908045e-09,0,0,0,0,0,1,-90,90
6,7,4.935152720027698,1.898135661549115,4.980438790425953e-09,0,0,0,0,0,1,-90,90
7,15,3.4468536960541107,1.325712960020812,3.47848280015428e-09,0,0,0,0,0,1,-90,90
7,10,13.441839607912534,5.16993831073559,1.3565184948836974e-08,0,0,0,0,0,1,-90,90
15,16,4.062756987440637,1.5625988413233218,4.100037758549825e-09,0,0,0,0,0,1,-90,90
10,8,0.36201778467155465,0.1392376094890595,3.6533974121720023e-10,0,0,0,0,0,1,-90,90
16,17,1.1822754770699482,0.45472133733459547,1.1931243025313049e-09,0,0,0,0,0,1,-90,90
8,9,7.338250810494099,2.822404157882346,7.405588249000404e-09,0,0,0,0,0,1,-90,90
9,11,13.636155266092672,5.244675102343336,1.3761283691163649e-08,0,0,0,0,0,1,-90,90
11,12,7.159371484970382,2.753604417296301,7.225067486587493e-09,0,0,0,0,0,1,-90,90
12,13,5.230428851810987,2.0117034045426876,5.278424442349642e-09,0,0,0,0,0,1,-90,90
13,19,10.950594790356144,4.211767227060056,1.1051079908996213e-08,0,0,0,0,0,1,-90,90
