BUS_I,BUS_TYPE,Pd,Qd,Gs,Bs,area,Vm,Va,baseKV,zone,Vmax,Vmin
1,1,0.024586431252488973,0.006161940510416175,0,0,1,1,0,0.4,1,1.1,0.9
2,1,0.021959664150495835,0.005503610618982198,0,0,1,1,0,0.4,1,1.1,0.9
3,3,0.0804921129380337,0.02017322507639872,0,0,1,1,0,0.4,1,1.1,0.9
5,1,0.0,0.0,0,0,1,1,0,0.4,1,1.1,0.9
7,1,0.0,0.0,0,0,1,1,0,0.4,1,1.1,0.9
6,1,0.025930872298428602,0.006498889198079133,0,0,1,1,0,0.4,1,1.1,0.9
