F_BUS,T_BUS,BR_R,BR_X,BR_B,RATE_A,RATE_B,RATE_C,TAP,SHIFT,BR_STATUS,ANGMIN,ANGMAX
1,2,1.746847755428569,1.1179825634742844,2.9334276990523186e-09,0,0,0,0,0,1,-90,90
1,3,1.9695045572033485,1.260482916610143,3.3073284168903754e-09,0,0,0,0,0,1,-90,90
2,17,6.284708379410419,4.022213362822668,1.0553717450955384e-08,0,0,0,0,0,1,-90,90
3,18,2.4171874999999994,1.5469999999999997,4.059108611078369e-09,0,0,0,0,0,1,-90,90
3,19,1.5713705267180298,1.0056771370995392,2.6387541869200915e-09,0,0,0,0,0,1,-90,90
17,27,3.601601195846642,2.3050247653418507,6.0480580955061446e-09,0,0,0,0,0,1,-90,90
17,14,2.7147823846924433,1.7374607262031636,4.5588505463101094e-09,0,0,0,0,0,1,-90,90
18,21,1.7802998142028006,1.1393918810897925,2.9896027122975814e-09,0,0,0,0,0,1,-90,90
18,20,1.5793566656492952,1.010788266015549,2.6521650643572647e-09,0,0,0,0,0,1,-90,90
4,5,4.237165351590442,2.7117858250178832,7.115341430982773e-09,0,0,0,0,0,1,-90,90
4,7,3.9557811754180525,2.531699952267554,6.64282163989394e-09,0,0,0,0,0,1,-90,90
4,21,2.0668716402097456,1.322797849734237,3.4708339641707778e-09,0,0,0,0,0,1,-90,90
5,31,8.795270842209037,5.6289733390137835,1.4769627764655083e-08,0,0,0,0,0,1,-90,90
7,22,5.258540476788564,3.365465905144681,8.830505259123099e-09,0,0,0,0,0,1,-90,90
11,15,6.689108723048911,4.2810295827513025,1.1232814507839077e-08,0,0,0,0,0,1,-90,90
11,16,5.955812317633036,3.811719883285143,1.0001412411933654e-08,0,0,0,0,0,1,-90,90
11,28,1.0952590589188116,0.7009657977080395,1.8392348452153338e-09,0,0,0,0,0,1,-90,90
15,30,2.625426381897378,1.680272884414322,4.408797759591251e-09,0,0,0,0,0,1,-90,90
16,26,2.1344737948457664,1.3660632287012904,3.5843561828693785e-09,0,0,0,0,0,1,-90,90
16,13,3.87717687017897,2.4813931969145413,6.510823848136457e-09,0,0,0,0,0,1,-90,90
28,24,0.6985416551516574,0.44706665929706074,1.1730395129145047e-09,0,0,0,0,0,1,-90,90
12,13,5.253534782257355,3.362262260644707,8.822099350282324e-09,0,0,0,0,0,1,-90,90
12,23,3.543978014300189,2.268145929152121,5.951293259343067e-09,0,0,0,0,0,1,-90,90
13,25,0.3226690659980838,0.20650820223877364,5.418482365647832e-10,0,0,0,0,0,1,-90,90
14,29,4.448343688582968,2.8469399606930996,7.469966716013235e-09,0,0,0,0,0,1,-90,90
29,24,0.8024372067007763,0.5135598122884969,1.3475081165895467e-09,0,0,0,0,0,1,-90,90
