F_BUS,T_BUS,BR_R,BR_X,BR_B,RATE_A,RATE_B,RATE_C,TAP,SHIFT,BR_STATUS,ANGMIN,ANGMAX
108,109,4.631646248464709,2.964253599017414,7.77778106605794e-09,0,0,0,0,0,1,-90,90
109,110,2.9155793813464466,1.8659708040617256,4.896042765861526e-09,0,0,0,0,0,1,-90,90
110,111,0.36832145620618345,0.2357257319719574,6.185108910795889e-10,0,0,0,0,0,1,-90,90
