BUS_I,BUS_TYPE,Pd,Qd,Gs,Bs,area,Vm,Va,baseKV,zone,Vmax,Vmin
1,1,0.0009142429747920622,0.0002291308878820834,0,0,1,1,0,0.4,1,1.1,0.9
2,1,0.0013672489667834547,0.0003426648914488045,0,0,1,1,0,0.4,1,1.1,0.9
4,1,0.018730896064890524,0.0046944050591709845,0,0,1,1,0,0.4,1,1.1,0.9
8,1,0.014977290635598738,0.0037536628620890196,0,0,1,1,0,0.4,1,1.1,0.9
5,1,0.0,0.0,0,0,1,1,0,0.4,1,1.1,0.9
21,1,0.0,0.0,0,0,1,1,0,0.4,1,1.1,0.9
23,1,0.0065691578314561044,0.0016463861446695007,0,0,1,1,0,0.4,1,1.1,0.9
6,1,0.009421895819737158,0.0023613496786233207,0,0,1,1,0,0.4,1,1.1,0.9
19,1,0.0003254236886693698,8.155886430479224e-05,0,0,1,1,0,0.4,1,1.1,0.9
22,1,0.0018022483519397829,0.00045168601394821387,0,0,1,1,0,0.4,1,1.1,0.9
7,1,0.009717017560988299,0.0024353141590411883,0,0,1,1,0,0.4,1,1.1,0.9
9,1,0.014351578185136911,0.0035968445399511867,0,0,1,1,0,0.4,1,1.1,0.9
20,1,0.0,0.0,0,0,1,1,0,0.4,1,1.1,0.9
13,1,0.008948773887409642,0.0022427741451822823,0,0,1,1,0,0.4,1,1.1,0.9
10,1,0.007216140103104176,0.0018085351864823805,0,0,1,1,0,0.4,1,1.1,0.9
11,1,0.003979458255070638,0.000997346250849133,0,0,1,1,0,0.4,1,1.1,0.9
12,1,0.0,0.0,0,0,1,1,0,0.4,1,1.1,0.9
14,1,0.0033822938879315245,0.0008476827528219829,0,0,1,1,0,0.4,1,1.1,0.9
18,1,0.0031366712606701735,0.0007861239197545221,0,0,1,1,0,0.4,1,1.1,0.9
16,1,0.006842294395149849,0.0017148406202058789,0,0,1,1,0,0.4,1,1.1,0.9
15,1,0.007607345081742148,0.0019065803960937504,0,0,1,1,0,0.4,1,1.1,0.9
17,3,0.05488651262407855,0.013755856721968971,0,0,1,1,0,0.4,1,1.1,0.9
