F_BUS,T_BUS,BR_R,BR_X,BR_B,RATE_A,RATE_B,RATE_C,TAP,SHIFT,BR_STATUS,ANGMIN,ANGMAX
1,2,0.8530193593013552,0.5459323899528673,2.8648983388807733e-09,0,0,0,0,0,1,-90,90
1,3,0.7605527478096437,0.48675375859817194,1.277172833225987e-09,0,0,0,0,0,1,-90,90
2,4,6.527343749999999,4.177499999999999,1.0961167564822163e-08,0,0,0,0,0,1,-90,90
2,5,6.002343749999999,3.841499999999999,1.0079551214904689e-08,0,0,0,0,0,1,-90,90
2,6,0.5196091870423337,0.33254987970709365,1.7451274471003746e-09,0,0,0,0,0,1,-90,90
3,7,1.774118613905355,1.1354359128994274,2.9792228127845475e-09,0,0,0,0,0,1,-90,90
3,8,1.6109263586153229,1.0309928695138066,2.705179078606264e-09,0,0,0,0,0,1,-90,90
4,21,2.5875837769611802,1.6560536172551554,4.345249837238451e-09,0,0,0,0,0,1,-90,90
5,11,1.0802325742994983,0.6913488475516788,1.8140013318397714e-09,0,0,0,0,0,1,-90,90
5,9,2.2598105485490696,1.4462787510714044,3.794830337746353e-09,0,0,0,0,0,1,-90,90
6,23,1.5521004295962737,0.9933442749416151,2.6063945056114476e-09,0,0,0,0,0,1,-90,90
7,22,2.6803758664425965,1.7154405545232616,4.501072738628588e-09,0,0,0,0,0,1,-90,90
11,13,1.042735808500771,0.6673509174404935,1.7510341665118018e-09,0,0,0,0,0,1,-90,90
23,24,0.6852593094044475,0.43856595801884635,1.1507348782935579e-09,0,0,0,0,0,1,-90,90
22,27,4.848242786375125,3.10287538328008,8.141504969214783e-09,0,0,0,0,0,1,-90,90
27,29,1.5728906249999999,1.0066499999999998,2.641306841203646e-09,0,0,0,0,0,1,-90,90
27,28,1.0559018515309202,0.675777184979789,1.7731434975576998e-09,0,0,0,0,0,1,-90,90
13,14,6.880735082278585,4.403670452658295,1.1554606758071535e-08,0,0,0,0,0,1,-90,90
13,15,3.171020657049047,2.02945322051139,5.324997442248554e-09,0,0,0,0,0,1,-90,90
24,20,1.2907214756150647,0.8260617443936413,2.1674688687463795e-09,0,0,0,0,0,1,-90,90
14,16,7.3227252287660995,4.686544146410304,1.229682721453975e-08,0,0,0,0,0,1,-90,90
15,25,4.387982856877127,2.808309028401361,7.368604628153261e-09,0,0,0,0,0,1,-90,90
16,17,0.39441366669380823,0.25242474668403725,6.623267375012617e-10,0,0,0,0,0,1,-90,90
25,26,1.5320109416249807,0.9804870026399878,2.5726588464553294e-09,0,0,0,0,0,1,-90,90
18,19,1.9779340036882327,1.2658777623604691,3.321483727065286e-09,0,0,0,0,0,1,-90,90
19,20,2.7972332430540083,1.7902292755545655,4.6973077363982724e-09,0,0,0,0,0,1,-90,90
