BUS_I,BUS_TYPE,Pd,Qd,Gs,Bs,area,Vm,Va,baseKV,zone,Vmax,Vmin
1,1,0.05684018579284491,0.014245493372327321,0,0,1,1,0,0.4,1,1.1,0.9
2,1,0.0,0.0,0,0,1,1,0,0.4,1,1.1,0.9
3,1,0.0,0.0,0,0,1,1,0,0.4,1,1.1,0.9
4,1,0.0,0.0,0,0,1,1,0,0.4,1,1.1,0.9
10,1,0.0,0.0,0,0,1,1,0,0.4,1,1.1,0.9
18,1,0.059347553593443764,0.01487389897810059,0,0,1,1,0,0.4,1,1.1,0.9
14,3,0.0,0.0,0,0,1,1,0,0.4,1,1.1,0.9
7,1,0.0,0.0,0,0,1,1,0,0.4,1,1.1,0.9
12,1,0.021919493504509568,0.005493542906092499,0,0,1,1,0,0.4,1,1.1,0.9
11,1,0.07120908202797188,0.01784667822473375,0,0,1,1,0,0.4,1,1.1,0.9
9,1,0.0,0.0,0,0,1,1,0,0.4,1,1.1,0.9
15,1,0.0,0.0,0,0,1,1,0,0.4,1,1.1,0.9
17,1,0.05457114042280662,0.013676816997865868,0,0,1,1,0,0.4,1,1.1,0.9
13,1,0.06371408351320824,0.015968254532439826,0,0,1,1,0,0.4,1,1.1,0.9
16,1,0.02502287509889205,0.0062713236490284825,0,0,1,1,0,0.4,1,1.1,0.9
