F_BUS,T_BUS,BR_R,BR_X,BR_B,RATE_A,RATE_B,RATE_C,TAP,SHIFT,BR_STATUS,ANGMIN,ANGMAX
1,2,2.595529634199603,1.6611389658877462,4.358593070867982e-09,0,0,0,0,0,1,-90,90
2,4,5.78159384385618,3.700220060067955,9.708852688239663e-09,0,0,0,0,0,1,-90,90
4,15,5.005513454109317,3.203528610629963,8.405604763570786e-09,0,0,0,0,0,1,-90,90
15,16,1.4871668607896014,0.9517867909053448,2.4973535610048693e-09,0,0,0,0,0,1,-90,90
5,25,0.8454687499999999,0.5410999999999999,1.4197696635129317e-09,0,0,0,0,0,1,-90,90
5,24,0.29225835149277435,0.18704534495537561,4.907804591923006e-10,0,0,0,0,0,1,-90,90
25,26,1.374878952093988,0.8799225293401524,2.30879193013993e-09,0,0,0,0,0,1,-90,90
25,27,0.6770553946226562,0.4333154525585,1.1369582965698305e-09,0,0,0,0,0,1,-90,90
24,23,0.5584234487234329,0.35739100718299704,9.377433191845343e-10,0,0,0,0,0,1,-90,90
16,17,0.11626040908808585,0.07440666181637495,3.904650571434307e-10,0,0,0,0,0,1,-90,90
16,18,1.102693417659281,0.7057237873019399,1.8517191351519999e-09,0,0,0,0,0,1,-90,90
27,31,0.07080781334324046,0.0453170005396739,1.1890538275296278e-10,0,0,0,0,0,1,-90,90
21,14,0.3577255495005236,0.22894435168033508,6.007175109007129e-10,0,0,0,0,0,1,-90,90
14,19,0.6125640593224534,0.39204099796637015,2.057319962173304e-09,0,0,0,0,0,1,-90,90
14,11,0.5035554087120441,0.32227546157570824,1.6912102148949109e-09,0,0,0,0,0,1,-90,90
7,8,0.3090226563928786,0.1977745000914423,5.189322407064597e-10,0,0,0,0,0,1,-90,90
7,9,0.4231417587044881,0.2708107255708724,1.4211378773589004e-09,0,0,0,0,0,1,-90,90
8,10,1.5743131864992153,1.007560439359498,2.6436957049683534e-09,0,0,0,0,0,1,-90,90
9,11,0.07623131171337554,0.04878803949656034,2.560257934558755e-10,0,0,0,0,0,1,-90,90
10,12,0.76921875,0.4922999999999999,1.291725384120156e-09,0,0,0,0,0,1,-90,90
12,28,0.83339521718298,0.5333729389971072,1.399494951260075e-09,0,0,0,0,0,1,-90,90
28,29,0.08632345636251873,0.055247012072011985,1.4496032478206498e-10,0,0,0,0,0,1,-90,90
19,17,0.55918119909651,0.35787596742176636,1.8780315721521574e-09,0,0,0,0,0,1,-90,90
29,30,0.4406225849207483,0.2819984543492789,7.399239523981567e-10,0,0,0,0,0,1,-90,90
18,20,0.31951378988068413,0.20448882552363784,5.365496784436333e-10,0,0,0,0,0,1,-90,90
20,22,0.33807973393879504,0.21637102972082883,5.677268971736975e-10,0,0,0,0,0,1,-90,90
31,30,1.476891700961031,0.9452106886150597,2.4800988011898544e-09,0,0,0,0,0,1,-90,90
