BUS_I,BUS_TYPE,Pd,Qd,Gs,Bs,area,Vm,Va,baseKV,zone,Vmax,Vmin
1,1,0.019805654103604135,0.004963764814136415,0,0,1,1,0,0.4,1,1.1,0.9
2,1,0.027624306510852126,0.0069233038180008775,0,0,1,1,0,0.4,1,1.1,0.9
4,3,0.050484646815522644,0.012652645159111077,0,0,1,1,0,0.4,1,1.1,0.9
7,1,0.003932640649293534,0.0009856126528057232,0,0,1,1,0,0.4,1,1.1,0.9
6,1,0.0,0.0,0,0,1,1,0,0.4,1,1.1,0.9
9,1,0.0,0.0,0,0,1,1,0,0.4,1,1.1,0.9
10,1,0.018279271151213868,0.0045812171864570185,0,0,1,1,0,0.4,1,1.1,0.9
8,1,0.07160592467892508,0.01794613636821368,0,0,1,1,0,0.4,1,1.1,0.9
