BUS_I,BUS_TYPE,Pd,Qd,Gs,Bs,area,Vm,Va,baseKV,zone,Vmax,Vmin
1,1,0.006822159230349858,0.0017097942722267506,0,0,1,1,0,0.4,1,1.1,0.9
2,1,0.0,0.0,0,0,1,1,0,0.4,1,1.1,0.9
3,1,0.009125085980460494,0.002286962120960033,0,0,1,1,0,0.4,1,1.1,0.9
4,1,0.007968277496810899,0.001997038586104931,0,0,1,1,0,0.4,1,1.1,0.9
5,1,0.0,0.0,0,0,1,1,0,0.4,1,1.1,0.9
6,1,0.00906082481595256,0.0022708567550058798,0,0,1,1,0,0.4,1,1.1,0.9
7,1,0.011486106487586533,0.002878689637628825,0,0,1,1,0,0.4,1,1.1,0.9
12,1,0.006962485229772861,0.0017449632827931665,0,0,1,1,0,0.4,1,1.1,0.9
13,1,0.004592673764227231,0.0011510325442637159,0,0,1,1,0,0.4,1,1.1,0.9
11,3,0.00336866778788849,0.0008442677302433946,0,0,1,1,0,0.4,1,1.1,0.9
14,1,0.0,0.0,0,0,1,1,0,0.4,1,1.1,0.9
8,1,0.007874795529415068,0.0019736097966244954,0,0,1,1,0,0.4,1,1.1,0.9
9,1,0.0033530377452442683,0.0008403504723071006,0,0,1,1,0,0.4,1,1.1,0.9
10,1,0.03327772314308823,0.008340183584352071,0,0,1,1,0,0.4,1,1.1,0.9
23,1,0.0011733375656248636,0.000294066113286979,0,0,1,1,0,0.4,1,1.1,0.9
25,1,0.0031842846313791745,0.0007980569552892972,0,0,1,1,0,0.4,1,1.1,0.9
22,1,0.006929662110803697,0.0017367370337545295,0,0,1,1,0,0.4,1,1.1,0.9
24,1,0.0028484778861477844,0.0007138958517170644,0,0,1,1,0,0.4,1,1.1,0.9
26,1,0.004487928289717229,0.0011247808538073951,0,0,1,1,0,0.4,1,1.1,0.9
17,1,0.005594983514175779,0.0014022350465206395,0,0,1,1,0,0.4,1,1.1,0.9
15,1,0.002954202460041378,0.000740392927609503,0,0,1,1,0,0.4,1,1.1,0.9
21,1,0.0,0.0,0,0,1,1,0,0.4,1,1.1,0.9
16,1,0.01183309398009996,0.002965652900607862,0,0,1,1,0,0.4,1,1.1,0.9
19,1,0.002574744579311304,0.0006452918182514456,0,0,1,1,0,0.4,1,1.1,0.9
20,1,0.0033962815084502005,0.0008511883809724544,0,0,1,1,0,0.4,1,1.1,0.9
