F_BUS,T_BUS,BR_R,BR_X,BR_B,RATE_A,RATE_B,RATE_C,TAP,SHIFT,BR_STATUS,ANGMIN,ANGMAX
1,2,1.2912054511431723,0.8263714887316302,2.1682815939626453e-09,0,0,0,0,0,1,-90,90
1,3,0.7320763438062398,0.4685288600359935,1.229353283975975e-09,0,0,0,0,0,1,-90,90
3,5,1.3496433170114868,0.8637717228873516,2.2664145044460557e-09,0,0,0,0,0,1,-90,90
5,7,0.47377428692617424,0.3032155436327515,7.955945857611576e-10,0,0,0,0,0,1,-90,90
7,8,0.48773590614630546,0.3121509799336355,8.190399034293286e-10,0,0,0,0,0,1,-90,90
