F_BUS,T_BUS,BR_R,BR_X,BR_B,RATE_A,RATE_B,RATE_C,TAP,SHIFT,BR_STATUS,ANGMIN,ANGMAX
1,2,0.654738961581214,0.41903293541197706,3.298448991188498e-09,0,0,0,0,0,1,-90,90
1,3,0.35281920517412013,0.22580429131143692,1.777435313407955e-09,0,0,0,0,0,1,-90,90
2,4,0.8692078779643839,0.5562930418972057,2.9192681016779936e-09,0,0,0,0,0,1,-90,90
3,5,0.8957023494732349,0.5732495036628703,4.512376205457709e-09,0,0,0,0,0,1,-90,90
4,8,0.12573284151334008,0.08046901856853765,2.1113929295189165e-10,0,0,0,0,0,1,-90,90
5,6,1.6733987734471363,1.0709752150061673,8.430261249159098e-09,0,0,0,0,0,1,-90,90
8,9,4.037070338475906,2.5837250166245798,6.779328030794722e-09,0,0,0,0,0,1,-90,90
6,7,1.1732967489869162,0.7509099193516265,5.910843412639336e-09,0,0,0,0,0,1,-90,90
9,10,1.1469643838225785,0.7340572056464503,1.9260620067638216e-09,0,0,0,0,0,1,-90,90
7,21,0.7631129480647059,0.48839228676141183,3.8444162962718224e-09,0,0,0,0,0,1,-90,90
21,20,0.9489616881349682,0.6073354804063796,4.780686512600428e-09,0,0,0,0,0,1,-90,90
17,19,0.10356681394621658,0.06628276092557862,1.7391656473113449e-10,0,0,0,0,0,1,-90,90
17,15,1.5950402937954107,1.020825788029063,2.6785020986422956e-09,0,0,0,0,0,1,-90,90
19,25,2.5813536932182797,1.6520663636596988,4.33478784925922e-09,0,0,0,0,0,1,-90,90
15,16,0.15743023276213244,0.10075534896776477,2.6436774699887525e-10,0,0,0,0,0,1,-90,90
20,18,1.09619115964794,0.7015623421746816,1.8408000932964186e-09,0,0,0,0,0,1,-90,90
10,11,0.6792569882658007,0.4347244724901125,1.1406553650492032e-09,0,0,0,0,0,1,-90,90
11,12,1.8222656249999996,1.1662499999999998,3.060074607414446e-09,0,0,0,0,0,1,-90,90
11,13,0.5121266228892142,0.32776103864909706,8.599984837469556e-10,0,0,0,0,0,1,-90,90
16,18,3.8101073715246865,2.4384687177757995,6.398196102242391e-09,0,0,0,0,0,1,-90,90
25,24,5.421015625,3.4694499999999993,9.103344777443987e-09,0,0,0,0,0,1,-90,90
24,23,2.6015815087131267,1.6650121655764012,4.368755797570403e-09,0,0,0,0,0,1,-90,90
22,23,6.663162641811442,4.264424090759323,1.1189244051771954e-08,0,0,0,0,0,1,-90,90
