BUS_I,BUS_TYPE,Pd,Qd,Gs,Bs,area,Vm,Va,baseKV,zone,Vmax,Vmin
1,1,0.03389664927886656,0.008495301095707923,0,0,1,1,0,0.4,1,1.1,0.9
3,1,0.0,0.0,0,0,1,1,0,0.4,1,1.1,0.9
8,1,0.0,0.0,0,0,1,1,0,0.4,1,1.1,0.9
4,1,0.0,0.0,0,0,1,1,0,0.4,1,1.1,0.9
14,1,0.03607410244115877,0.009041022299101519,0,0,1,1,0,0.4,1,1.1,0.9
12,1,0.027355320118634344,0.006855889473481494,0,0,1,1,0,0.4,1,1.1,0.9
5,1,0.0,0.0,0,0,1,1,0,0.4,1,1.1,0.9
6,3,0.0,0.0,0,0,1,1,0,0.4,1,1.1,0.9
13,1,0.06304899550581078,0.015801567765511847,0,0,1,1,0,0.4,1,1.1,0.9
20,1,0.07589659988800891,0.019021480940037847,0,0,1,1,0,0.4,1,1.1,0.9
11,1,0.0,0.0,0,0,1,1,0,0.4,1,1.1,0.9
18,1,0.09631674191375265,0.02413925094434232,0,0,1,1,0,0.4,1,1.1,0.9
16,1,0.0,0.0,0,0,1,1,0,0.4,1,1.1,0.9
15,1,0.027288170215811057,0.006839060121460939,0,0,1,1,0,0.4,1,1.1,0.9
17,1,0.09800939387205375,0.024563469512900737,0,0,1,1,0,0.4,1,1.1,0.9
19,1,0.06731768658674875,0.016871402595461844,0,0,1,1,0,0.4,1,1.1,0.9
