BUS_I,BUS_TYPE,Pd,Qd,Gs,Bs,area,Vm,Va,baseKV,zone,Vmax,Vmin
1,1,0.0007307602285121203,0.00018314577700307645,0,0,1,1,0,0.4,1,1.1,0.9
2,1,0.0,0.0,0,0,1,1,0,0.4,1,1.1,0.9
3,1,0.0,0.0,0,0,1,1,0,0.4,1,1.1,0.9
4,1,0.0,0.0,0,0,1,1,0,0.4,1,1.1,0.9
5,1,0.0,0.0,0,0,1,1,0,0.4,1,1.1,0.9
6,1,0.0,0.0,0,0,1,1,0,0.4,1,1.1,0.9
7,1,0.0,0.0,0,0,1,1,0,0.4,1,1.1,0.9
8,1,0.011012505713208273,0.002759994095057536,0,0,1,1,0,0.4,1,1.1,0.9
33,1,0.0007857826629197899,0.0001969356989350776,0,0,1,1,0,0.4,1,1.1,0.9
9,1,0.0009142938592617216,0.00022914364073229273,0,0,1,1,0,0.4,1,1.1,0.9
10,1,0.002128262680023066,0.0005333929064436071,0,0,1,1,0,0.4,1,1.1,0.9
25,3,0.023246232951808048,0.005826055154947162,0,0,1,1,0,0.4,1,1.1,0.9
34,1,0.011194608383355453,0.0028056333262542667,0,0,1,1,0,0.4,1,1.1,0.9
32,1,0.008494582527265924,0.0021289430603530324,0,0,1,1,0,0.4,1,1.1,0.9
11,1,0.0010828233324914002,0.0002713811081234956,0,0,1,1,0,0.4,1,1.1,0.9
28,1,0.0,0.0,0,0,1,1,0,0.4,1,1.1,0.9
35,1,0.004460495220723946,0.00111790547862916,0,0,1,1,0,0.4,1,1.1,0.9
36,1,0.0,0.0,0,0,1,1,0,0.4,1,1.1,0.9
26,1,0.0032287812224564053,0.000809208852216447,0,0,1,1,0,0.4,1,1.1,0.9
19,1,0.011051968795790425,0.0027698844758424356,0,0,1,1,0,0.4,1,1.1,0.9
13,1,0.009564772678803561,0.0023971579948787827,0,0,1,1,0,0.4,1,1.1,0.9
14,1,0.0,0.0,0,0,1,1,0,0.4,1,1.1,0.9
15,1,0.005321656369712901,0.001333732806941169,0,0,1,1,0,0.4,1,1.1,0.9
16,1,0.010892180282122734,0.002729837699416985,0,0,1,1,0,0.4,1,1.1,0.9
17,1,0.003347506324461748,0.0008389641675827612,0,0,1,1,0,0.4,1,1.1,0.9
20,1,0.0018817884378091803,0.0004716206385501884,0,0,1,1,0,0.4,1,1.1,0.9
22,1,0.005539263541109599,0.0013882703049219159,0,0,1,1,0,0.4,1,1.1,0.9
23,1,0.005119689861497963,0.0012831152286543268,0,0,1,1,0,0.4,1,1.1,0.9
38,1,0.001414408476500258,0.0003544841786967623,0,0,1,1,0,0.4,1,1.1,0.9
24,1,0.005677461959713781,0.0014229060934724139,0,0,1,1,0,0.4,1,1.1,0.9
27,1,0.004994575141741381,0.0012517585241289637,0,0,1,1,0,0.4,1,1.1,0.9
29,1,0.0050366074665724805,0.0012622928177181362,0,0,1,1,0,0.4,1,1.1,0.9
37,1,0.0053950478276684555,0.0013521264401305754,0,0,1,1,0,0.4,1,1.1,0.9
30,1,0.0016289234957933179,0.00040824671031024326,0,0,1,1,0,0.4,1,1.1,0.9
31,1,0.0006471351369250213,0.00016218735346262695,0,0,1,1,0,0.4,1,1.1,0.9
