BUS_I,BUS_TYPE,Pd,Qd,Gs,Bs,area,Vm,Va,baseKV,zone,Vmax,Vmin
14,1,0.0,0.0,0,0,1,1,0,0.4,1,1.1,0.9
61,1,0.026615232205633294,0.006670405958384976,0,0,1,1,0,0.4,1,1.1,0.9
43,1,0.0,0.0,0,0,1,1,0,0.4,1,1.1,0.9
13,1,0.0,0.0,0,0,1,1,0,0.4,1,1.1,0.9
12,1,0.006420087370630734,0.0016090255654934045,0,0,1,1,0,0.4,1,1.1,0.9
44,1,0.0,0.0,0,0,1,1,0,0.4,1,1.1,0.9
42,3,0.0007849228473607918,0.000196720208843406,0,0,1,1,0,0.4,1,1.1,0.9
57,1,0.003936155959258095,0.0009864936725297673,0,0,1,1,0,0.4,1,1.1,0.9
53,1,0.0004791940684781532,0.00012009735421067895,0,0,1,1,0,0.4,1,1.1,0.9
24,1,0.0019311636700337575,0.00048399523820360607,0,0,1,1,0,0.4,1,1.1,0.9
25,1,0.000345712331103849,8.664367740493299e-05,0,0,1,1,0,0.4,1,1.1,0.9
26,1,0.0014560470038830087,0.0003649197773421685,0,0,1,1,0,0.4,1,1.1,0.9
27,1,0.0009533596509141715,0.0002389344510244672,0,0,1,1,0,0.4,1,1.1,0.9
28,1,0.001159487582254592,0.0002905949802574863,0,0,1,1,0,0.4,1,1.1,0.9
29,1,0.0016124145742463286,0.00040410918455796975,0,0,1,1,0,0.4,1,1.1,0.9
30,1,0.0,0.0,0,0,1,1,0,0.4,1,1.1,0.9
31,1,0.00129322547822771,0.0003241128564596763,0,0,1,1,0,0.4,1,1.1,0.9
32,1,0.0005789690696785935,0.00014510332663140497,0,0,1,1,0,0.4,1,1.1,0.9
33,1,0.0008950474708423127,0.00022432004111090585,0,0,1,1,0,0.4,1,1.1,0.9
40,1,0.000648323915664798,0.00016248528949894413,0,0,1,1,0,0.4,1,1.1,0.9
34,1,0.0008107004391868812,0.00020318068233396487,0,0,1,1,0,0.4,1,1.1,0.9
41,1,0.0007912878144084148,0.00019831541995377167,0,0,1,1,0,0.4,1,1.1,0.9
35,1,0.00060704057431873,0.0001521387088653712,0,0,1,1,0,0.4,1,1.1,0.9
36,1,0.0012405008063100596,0.0003108988080908272,0,0,1,1,0,0.4,1,1.1,0.9
37,1,0.000640192948758253,0.00016044747710332771,0,0,1,1,0,0.4,1,1.1,0.9
38,1,0.0004935351814504792,0.00012369157592106582,0,0,1,1,0,0.4,1,1.1,0.9
39,1,0.0,0.0,0,0,1,1,0,0.4,1,1.1,0.9
46,1,0.0002819812209844436,7.067115560273758e-05,0,0,1,1,0,0.4,1,1.1,0.9
47,1,0.001734351861241412,0.00043466954936850663,0,0,1,1,0,0.4,1,1.1,0.9
45,1,0.0,0.0,0,0,1,1,0,0.4,1,1.1,0.9
52,1,0.0,0.0,0,0,1,1,0,0.4,1,1.1,0.9
54,1,0.000600147918418913,0.00015041124646233771,0,0,1,1,0,0.4,1,1.1,0.9
51,1,0.000507606842443204,0.00012721826659973585,0,0,1,1,0,0.4,1,1.1,0.9
55,1,0.00076135574432669,0.0001908137360654878,0,0,1,1,0,0.4,1,1.1,0.9
56,1,0.0005587917493671905,0.00014004641348522027,0,0,1,1,0,0.4,1,1.1,0.9
49,1,0.0013282334077461848,0.0003328866706367072,0,0,1,1,0,0.4,1,1.1,0.9
48,1,0.006031929807512064,0.0015117441102043933,0,0,1,1,0,0.4,1,1.1,0.9
