BUS_I,BUS_TYPE,Pd,Qd,Gs,Bs,area,Vm,Va,baseKV,zone,Vmax,Vmin
45,1,0.010371405775018711,0.0025993193049756833,0,0,1,1,0,0.4,1,1.1,0.9
46,1,0.0038716150868810637,0.000970318205175701,0,0,1,1,0,0.4,1,1.1,0.9
47,1,0.0,0.0,0,0,1,1,0,0.4,1,1.1,0.9
48,1,0.0,0.0,0,0,1,1,0,0.4,1,1.1,0.9
51,1,0.0,0.0,0,0,1,1,0,0.4,1,1.1,0.9
80,1,0.0,0.0,0,0,1,1,0,0.4,1,1.1,0.9
75,1,0.021125979961499945,0.005294669665969865,0,0,1,1,0,0.4,1,1.1,0.9
49,1,0.0,0.0,0,0,1,1,0,0.4,1,1.1,0.9
50,1,0.0,0.0,0,0,1,1,0,0.4,1,1.1,0.9
104,1,0.016847790712963915,0.0042224543708317235,0,0,1,1,0,0.4,1,1.1,0.9
54,1,0.007474684563327938,0.001873332536160171,0,0,1,1,0,0.4,1,1.1,0.9
100,1,0.0015452998954157717,0.00038728866050213656,0,0,1,1,0,0.4,1,1.1,0.9
55,1,0.043291707029271646,0.01084992452012459,0,0,1,1,0,0.4,1,1.1,0.9
56,1,0.0,0.0,0,0,1,1,0,0.4,1,1.1,0.9
102,1,0.0,0.0,0,0,1,1,0,0.4,1,1.1,0.9
67,1,0.008784822327467148,0.00220168401101109,0,0,1,1,0,0.4,1,1.1,0.9
68,1,0.012542533972119255,0.0031434553226690337,0,0,1,1,0,0.4,1,1.1,0.9
69,1,0.0,0.0,0,0,1,1,0,0.4,1,1.1,0.9
70,1,0.0034330655081145837,0.000860407320286559,0,0,1,1,0,0.4,1,1.1,0.9
72,1,0.0,0.0,0,0,1,1,0,0.4,1,1.1,0.9
74,1,0.004313836031540322,0.0010811492210912191,0,0,1,1,0,0.4,1,1.1,0.9
84,1,0.011592634438492292,0.0029053880587797745,0,0,1,1,0,0.4,1,1.1,0.9
101,3,0.0015105938057781692,0.00037859049453002424,0,0,1,1,0,0.4,1,1.1,0.9
