BUS_I,BUS_TYPE,Pd,Qd,Gs,Bs,area,Vm,Va,baseKV,zone,Vmax,Vmin
1,1,0.0773746849785911,0.01939192398254238,0,0,1,1,0,0.4,1,1.1,0.9
2,1,0.04201668731834031,0.010530374459048867,0,0,1,1,0,0.4,1,1.1,0.9
3,1,0.0,0.0,0,0,1,1,0,0.4,1,1.1,0.9
4,3,0.04315453021836287,0.010815544770597383,0,0,1,1,0,0.4,1,1.1,0.9
5,1,0.03439757033949004,0.008620843747436362,0,0,1,1,0,0.4,1,1.1,0.9
9,1,0.06517780087221026,0.016335096681981996,0,0,1,1,0,0.4,1,1.1,0.9
6,1,0.0,0.0,0,0,1,1,0,0.4,1,1.1,0.9
12,1,0.0,0.0,0,0,1,1,0,0.4,1,1.1,0.9
8,1,0.06818682233150777,0.017089228545868505,0,0,1,1,0,0.4,1,1.1,0.9
7,1,0.07018869496716275,0.017590945121310382,0,0,1,1,0,0.4,1,1.1,0.9
13,1,0.03717856928978909,0.009317827783683503,0,0,1,1,0,0.4,1,1.1,0.9
