BUS_I,BUS_TYPE,Pd,Qd,Gs,Bs,area,Vm,Va,baseKV,zone,Vmax,Vmin
1,1,0.002148192124348391,0.0005383876960117708,0,0,1,1,0,0.4,1,1.1,0.9
2,1,0.0,0.0,0,0,1,1,0,0.4,1,1.1,0.9
3,1,0.0,0.0,0,0,1,1,0,0.4,1,1.1,0.9
4,1,0.0,0.0,0,0,1,1,0,0.4,1,1.1,0.9
5,1,0.0,0.0,0,0,1,1,0,0.4,1,1.1,0.9
19,1,0.0005815064646095078,0.00014573925774540684,0,0,1,1,0,0.4,1,1.1,0.9
20,1,0.002285463113911418,0.0005727910489346436,0,0,1,1,0,0.4,1,1.1,0.9
18,1,0.0,0.0,0,0,1,1,0,0.4,1,1.1,0.9
22,1,0.0016700381006084682,0.0004185510015828768,0,0,1,1,0,0.4,1,1.1,0.9
38,1,0.0007417021772801046,0.00018588808786079863,0,0,1,1,0,0.4,1,1.1,0.9
21,1,0.0,0.0,0,0,1,1,0,0.4,1,1.1,0.9
6,1,0.00936545852300447,0.0023472051587674625,0,0,1,1,0,0.4,1,1.1,0.9
8,1,0.0037644737655276876,0.0009434660589000983,0,0,1,1,0,0.4,1,1.1,0.9
7,1,0.00956343481811585,0.0023968226953843485,0,0,1,1,0,0.4,1,1.1,0.9
9,1,0.0,0.0,0,0,1,1,0,0.4,1,1.1,0.9
10,1,0.002053007506302948,0.0005145321820545211,0,0,1,1,0,0.4,1,1.1,0.9
26,1,0.011056713431500732,0.002771073593640389,0,0,1,1,0,0.4,1,1.1,0.9
17,1,0.003277710017442597,0.0008214715641511342,0,0,1,1,0,0.4,1,1.1,0.9
27,1,0.0,0.0,0,0,1,1,0,0.4,1,1.1,0.9
15,1,0.0,0.0,0,0,1,1,0,0.4,1,1.1,0.9
16,1,0.016272589230622796,0.004078295290593905,0,0,1,1,0,0.4,1,1.1,0.9
11,1,0.000760954414565767,0.00019071315334624436,0,0,1,1,0,0.4,1,1.1,0.9
12,1,0.000476817319264681,0.00011950168470861928,0,0,1,1,0,0.4,1,1.1,0.9
13,1,0.0008033042288950355,0.0002013270173041421,0,0,1,1,0,0.4,1,1.1,0.9
14,1,0.0,0.0,0,0,1,1,0,0.4,1,1.1,0.9
37,1,0.0,0.0,0,0,1,1,0,0.4,1,1.1,0.9
30,3,0.0673772416218866,0.01688632849421659,0,0,1,1,0,0.4,1,1.1,0.9
36,1,0.0010535443022973228,0.00026404309145870134,0,0,1,1,0,0.4,1,1.1,0.9
29,1,0.0,0.0,0,0,1,1,0,0.4,1,1.1,0.9
33,1,0.013760040011515604,0.0034485910989347835,0,0,1,1,0,0.4,1,1.1,0.9
28,1,0.060991329829890924,0.015285868136105081,0,0,1,1,0,0.4,1,1.1,0.9
23,1,0.0012966275817066207,0.0003249655039639864,0,0,1,1,0,0.4,1,1.1,0.9
24,1,0.0,0.0,0,0,1,1,0,0.4,1,1.1,0.9
31,1,0.0012763184550594142,0.0003198755570362099,0,0,1,1,0,0.4,1,1.1,0.9
25,1,0.0012230238922201853,0.00030651868053910866,0,0,1,1,0,0.4,1,1.1,0.9
32,1,0.0,0.0,0,0,1,1,0,0.4,1,1.1,0.9
34,1,0.006729086117663398,0.0016864679513954113,0,0,1,1,0,0.4,1,1.1,0.9
35,1,0.001226302143484831,0.00030734028775259554,0,0,1,1,0,0.4,1,1.1,0.9
