BUS_I,BUS_TYPE,Pd,Qd,Gs,Bs,area,Vm,Va,baseKV,zone,Vmax,Vmin
1,3,0.06705780504110337,0.016806270140589618,0,0,1,1,0,0.4,1,1.1,0.9
3,1,0.0,0.0,0,0,1,1,0,0.4,1,1.1,0.9
6,1,0.0,0.0,0,0,1,1,0,0.4,1,1.1,0.9
11,1,0.03095457777288667,0.007757948471772175,0,0,1,1,0,0.4,1,1.1,0.9
29,1,0.0,0.0,0,0,1,1,0,0.4,1,1.1,0.9
28,1,0.024351399597012942,0.0061030360250829765,0,0,1,1,0,0.4,1,1.1,0.9
7,1,0.0,0.0,0,0,1,1,0,0.4,1,1.1,0.9
9,1,0.0,0.0,0,0,1,1,0,0.4,1,1.1,0.9
12,1,0.051349764909105804,0.012869464191218653,0,0,1,1,0,0.4,1,1.1,0.9
36,1,0.010056084755270955,0.002520292408171669,0,0,1,1,0,0.4,1,1.1,0.9
10,1,0.0,0.0,0,0,1,1,0,0.4,1,1.1,0.9
16,1,0.0,0.0,0,0,1,1,0,0.4,1,1.1,0.9
15,1,0.005433426630749059,0.0013617450748569843,0,0,1,1,0,0.4,1,1.1,0.9
14,1,0.0,0.0,0,0,1,1,0,0.4,1,1.1,0.9
20,1,0.0032966026254883734,0.0008262064980530562,0,0,1,1,0,0.4,1,1.1,0.9
18,1,0.003651554162651825,0.0009151657387667954,0,0,1,1,0,0.4,1,1.1,0.9
37,1,0.07964523645091631,0.01996097782181763,0,0,1,1,0,0.4,1,1.1,0.9
22,1,0.0,0.0,0,0,1,1,0,0.4,1,1.1,0.9
13,1,0.03715458794789418,0.009311817492860941,0,0,1,1,0,0.4,1,1.1,0.9
25,1,0.0,0.0,0,0,1,1,0,0.4,1,1.1,0.9
33,1,0.0,0.0,0,0,1,1,0,0.4,1,1.1,0.9
34,1,0.0,0.0,0,0,1,1,0,0.4,1,1.1,0.9
39,1,0.04759684772814618,0.01192889448542815,0,0,1,1,0,0.4,1,1.1,0.9
38,1,0.029434080796929885,0.007376876008839397,0,0,1,1,0,0.4,1,1.1,0.9
23,1,0.01631175378488943,0.004088110853130397,0,0,1,1,0,0.4,1,1.1,0.9
21,1,0.0,0.0,0,0,1,1,0,0.4,1,1.1,0.9
17,1,0.04344131268618851,0.010887419232084876,0,0,1,1,0,0.4,1,1.1,0.9
19,1,0.0,0.0,0,0,1,1,0,0.4,1,1.1,0.9
24,1,0.0,0.0,0,0,1,1,0,0.4,1,1.1,0.9
26,1,0.02295497089978003,0.005753058003831271,0,0,1,1,0,0.4,1,1.1,0.9
32,1,0.0,0.0,0,0,1,1,0,0.4,1,1.1,0.9
30,1,0.05219321400370845,0.01308085246026562,0,0,1,1,0,0.4,1,1.1,0.9
40,1,0.0028865802699235012,0.0007234452092354413,0,0,1,1,0,0.4,1,1.1,0.9
35,1,0.0,0.0,0,0,1,1,0,0.4,1,1.1,0.9
41,1,0.02768959545153025,0.0069396667689438285,0,0,1,1,0,0.4,1,1.1,0.9
