BUS_I,BUS_TYPE,Pd,Qd,Gs,Bs,area,Vm,Va,baseKV,zone,Vmax,Vmin
1,1,0.0716793384700816,0.017964535598630853,0,0,1,1,0,0.4,1,1.1,0.9
3,1,0.0,0.0,0,0,1,1,0,0.4,1,1.1,0.9
8,1,0.0,0.0,0,0,1,1,0,0.4,1,1.1,0.9
4,3,0.0,0.0,0,0,1,1,0,0.4,1,1.1,0.9
25,1,0.0,0.0,0,0,1,1,0,0.4,1,1.1,0.9
19,1,0.011807272487818248,0.0029591814246260045,0,0,1,1,0,0.4,1,1.1,0.9
5,1,0.0,0.0,0,0,1,1,0,0.4,1,1.1,0.9
9,1,0.0,0.0,0,0,1,1,0,0.4,1,1.1,0.9
24,1,0.01659612379886597,0.004159380696690644,0,0,1,1,0,0.4,1,1.1,0.9
6,1,0.0,0.0,0,0,1,1,0,0.4,1,1.1,0.9
14,1,0.0,0.0,0,0,1,1,0,0.4,1,1.1,0.9
11,1,0.0811769627570554,0.020344864620179755,0,0,1,1,0,0.4,1,1.1,0.9
10,1,0.0,0.0,0,0,1,1,0,0.4,1,1.1,0.9
26,1,0.02858359811788383,0.007163724957367027,0,0,1,1,0,0.4,1,1.1,0.9
20,1,0.015718122765293496,0.003939332895470619,0,0,1,1,0,0.4,1,1.1,0.9
13,1,0.0,0.0,0,0,1,1,0,0.4,1,1.1,0.9
23,1,0.0043281696945611774,0.001084741575667767,0,0,1,1,0,0.4,1,1.1,0.9
17,1,0.01252615492850654,0.0031393503473953715,0,0,1,1,0,0.4,1,1.1,0.9
27,1,0.02586169027834049,0.0064815505494645554,0,0,1,1,0,0.4,1,1.1,0.9
18,1,0.025951051189156547,0.006503946504808803,0,0,1,1,0,0.4,1,1.1,0.9
22,1,0.0,0.0,0,0,1,1,0,0.4,1,1.1,0.9
21,1,0.03342870940718962,0.00837802430908875,0,0,1,1,0,0.4,1,1.1,0.9
16,1,0.025048185373375643,0.006277667001752942,0,0,1,1,0,0.4,1,1.1,0.9
15,1,0.043992708150730794,0.011025611961860528,0,0,1,1,0,0.4,1,1.1,0.9
