F_BUS,T_BUS,BR_R,BR_X,BR_B,RATE_A,RATE_B,RATE_C,TAP,SHIFT,BR_STATUS,ANGMIN,ANGMAX
1,2,2.1097526605024464,0.8114433309624793,2.1291122250238627e-09,0,0,0,0,0,1,-90,90
1,3,1.2099816737358247,0.4653775668214711,1.22108473748399e-09,0,0,0,0,0,1,-90,90
2,4,8.214816236893173,3.159544706497374,8.290197236735986e-09,0,0,0,0,0,1,-90,90
3,5,3.1940227459708406,1.228470286911862,3.2233318164562723e-09,0,0,0,0,0,1,-90,90
4,7,16.80821595009662,6.464698442344854,1.6962451916837053e-08,0,0,0,0,0,1,-90,90
7,6,3.1320670735352754,1.2046411821289522,3.1608076248476127e-09,0,0,0,0,0,1,-90,90
