BUS_I,BUS_TYPE,Pd,Qd,Gs,Bs,area,Vm,Va,baseKV,zone,Vmax,Vmin
1,1,0.0034429711683072817,0.0008628899127456668,0,0,1,1,0,0.4,1,1.1,0.9
2,1,0.0038154460986011417,0.0009562409297567196,0,0,1,1,0,0.4,1,1.1,0.9
3,1,0.0007960356384063841,0.0001995053368119351,0,0,1,1,0,0.4,1,1.1,0.9
18,1,0.0,0.0,0,0,1,1,0,0.4,1,1.1,0.9
20,1,0.015811989526241618,0.003962858123305758,0,0,1,1,0,0.4,1,1.1,0.9
17,1,0.0,0.0,0,0,1,1,0,0.4,1,1.1,0.9
4,3,0.09297534005402375,0.023301816699835644,0,0,1,1,0,0.4,1,1.1,0.9
5,1,0.0,0.0,0,0,1,1,0,0.4,1,1.1,0.9
8,1,0.0,0.0,0,0,1,1,0,0.4,1,1.1,0.9
6,1,0.003584934545748581,0.0008984692889254647,0,0,1,1,0,0.4,1,1.1,0.9
9,1,0.038215821253846205,0.00957778763028325,0,0,1,1,0,0.4,1,1.1,0.9
7,1,0.005330606663035328,0.0013359759618926624,0,0,1,1,0,0.4,1,1.1,0.9
13,1,0.0,0.0,0,0,1,1,0,0.4,1,1.1,0.9
19,1,0.0012372513208132106,0.0003100844102583229,0,0,1,1,0,0.4,1,1.1,0.9
10,1,0.002737185581926148,0.0006860033710703891,0,0,1,1,0,0.4,1,1.1,0.9
12,1,0.0,0.0,0,0,1,1,0,0.4,1,1.1,0.9
14,1,0.0,0.0,0,0,1,1,0,0.4,1,1.1,0.9
15,1,0.0014559657147826185,0.0003648994043732083,0,0,1,1,0,0.4,1,1.1,0.9
16,1,0.0040883199222110315,0.0010246295564210193,0,0,1,1,0,0.4,1,1.1,0.9
