F_BUS,T_BUS,BR_R,BR_X,BR_B,RATE_A,RATE_B,RATE_C,TAP,SHIFT,BR_STATUS,ANGMIN,ANGMAX
1,2,1.5443042282568669,0.5939631647141795,1.5584751108950784e-09,0,0,0,0,0,1,-90,90
2,3,3.320551153971878,1.277135059219953,3.3510212775628924e-09,0,0,0,0,0,1,-90,90
3,4,2.396511001898535,0.9217350007302058,2.4185019254016194e-09,0,0,0,0,0,1,-90,90
18,20,1.5284099999999996,0.5878499999999999,1.5424350336279375e-09,0,0,0,0,0,1,-90,90
18,17,11.669341815700443,4.488208390654017,1.1776422318563612e-08,0,0,0,0,0,1,-90,90
17,16,3.3400765353034707,1.2846448212705655,3.370725828181374e-09,0,0,0,0,0,1,-90,90
17,13,6.5938599999999985,2.5360999999999994,6.654366741147933e-09,0,0,0,0,0,1,-90,90
4,5,5.406607499522506,2.0794644228932713,5.4562197449238464e-09,0,0,0,0,0,1,-90,90
5,8,6.620249999999999,2.5462499999999997,6.680998901718355e-09,0,0,0,0,0,1,-90,90
5,6,3.5965277350830904,1.3832798981088812,3.6295302818004967e-09,0,0,0,0,0,1,-90,90
8,9,7.442825033712513,2.8626250129663515,7.511122068791238e-09,0,0,0,0,0,1,-90,90
6,7,0.947706969351865,0.3645026805199481,9.564033414736065e-10,0,0,0,0,0,1,-90,90
9,13,13.783529786470408,5.301357610180926,1.3910010553258722e-08,0,0,0,0,0,1,-90,90
13,19,3.595149999999999,1.3827499999999997,3.628139904310676e-09,0,0,0,0,0,1,-90,90
10,12,6.225647623251434,2.394479855096705,6.28277556488476e-09,0,0,0,0,0,1,-90,90
12,14,7.737989999999999,2.976149999999999,7.808995535139551e-09,0,0,0,0,0,1,-90,90
14,15,3.412906498671916,1.3126563456430447,3.4442240956602118e-09,0,0,0,0,0,1,-90,90
15,16,5.434093753738426,2.090036059130164,5.483958219185229e-09,0,0,0,0,0,1,-90,90
