F_BUS,T_BUS,BR_R,BR_X,BR_B,RATE_A,RATE_B,RATE_C,TAP,SHIFT,BR_STATUS,ANGMIN,ANGMAX
1,2,0.9901609070636269,0.6337029805207212,1.662746751840781e-09,0,0,0,0,0,1,-90,90
2,4,1.4268359374999997,0.9131749999999998,4.792083394856483e-09,0,0,0,0,0,1,-90,90
2,5,1.979570841630092,1.2669253386432588,3.32423241866854e-09,0,0,0,0,0,1,-90,90
2,6,1.624549400074978,1.039711616047986,2.7280558330566177e-09,0,0,0,0,0,1,-90,90
4,12,0.6885450698498187,0.44066884470388407,3.4687576641981106e-09,0,0,0,0,0,1,-90,90
4,9,0.17790487104492497,0.11385911746875199,8.962505316752324e-10,0,0,0,0,0,1,-90,90
6,19,1.7234585621931895,1.1030134798036413,2.894150946351957e-09,0,0,0,0,0,1,-90,90
12,14,0.10298679059673992,0.06591154598191355,1.7294254936307254e-10,0,0,0,0,0,1,-90,90
9,10,0.3953918568386542,0.25305078837673867,1.3279387642407113e-09,0,0,0,0,0,1,-90,90
19,20,0.9542757673968887,0.6107364911340089,1.602485940699317e-09,0,0,0,0,0,1,-90,90
7,16,1.8306086807790367,1.1715895556985834,3.074084844334584e-09,0,0,0,0,0,1,-90,90
16,11,1.253370816719963,0.8021573227007764,2.1047470562471183e-09,0,0,0,0,0,1,-90,90
10,11,1.1444021380766154,0.7324173683690338,3.843518612605176e-09,0,0,0,0,0,1,-90,90
20,21,2.593579482874414,1.659890869039625,4.355318241738268e-09,0,0,0,0,0,1,-90,90
11,15,3.1179110874220317,1.9954630959501003,5.2358121757337785e-09,0,0,0,0,0,1,-90,90
15,17,0.9913654504998761,0.6344738883199207,1.6647695045790343e-09,0,0,0,0,0,1,-90,90
