BUS_I,BUS_TYPE,Pd,Qd,Gs,Bs,area,Vm,Va,baseKV,zone,Vmax,Vmin
1,1,0.08297583334795623,0.02079570408741419,0,0,1,1,0,0.4,1,1.1,0.9
2,1,0.0,0.0,0,0,1,1,0,0.4,1,1.1,0.9
4,3,0.0,0.0,0,0,1,1,0,0.4,1,1.1,0.9
6,1,0.0,0.0,0,0,1,1,0,0.4,1,1.1,0.9
7,1,0.0,0.0,0,0,1,1,0,0.4,1,1.1,0.9
25,1,0.016020926855857688,0.004015222754116873,0,0,1,1,0,0.4,1,1.1,0.9
13,1,0.0,0.0,0,0,1,1,0,0.4,1,1.1,0.9
12,1,0.008437828931023518,0.002114719268367667,0,0,1,1,0,0.4,1,1.1,0.9
11,1,0.007727058097555553,0.0019365833059991901,0,0,1,1,0,0.4,1,1.1,0.9
9,1,0.0,0.0,0,0,1,1,0,0.4,1,1.1,0.9
14,1,0.025501845107570777,0.006391364848560158,0,0,1,1,0,0.4,1,1.1,0.9
23,1,0.009848179786694345,0.0024681865114259053,0,0,1,1,0,0.4,1,1.1,0.9
19,1,0.027533933652428465,0.006900654244679557,0,0,1,1,0,0.4,1,1.1,0.9
18,1,0.02529162571334876,0.006338678902070845,0,0,1,1,0,0.4,1,1.1,0.9
20,1,0.008746879438439015,0.002192174626644417,0,0,1,1,0,0.4,1,1.1,0.9
26,1,0.005124245021513264,0.0012842568593668714,0,0,1,1,0,0.4,1,1.1,0.9
24,1,0.0,0.0,0,0,1,1,0,0.4,1,1.1,0.9
21,1,0.011600390827103265,0.0029073319930053507,0,0,1,1,0,0.4,1,1.1,0.9
22,1,0.010793220380634466,0.002705036010240333,0,0,1,1,0,0.4,1,1.1,0.9
