F_BUS,T_BUS,BR_R,BR_X,BR_B,RATE_A,RATE_B,RATE_C,TAP,SHIFT,BR_STATUS,ANGMIN,ANGMAX
1,2,1.1981140433616573,0.46081309360063744,1.209108207066587e-09,0,0,0,0,0,1,-90,90
2,4,2.3964255510477197,0.9217021350183537,2.4184156904345945e-09,0,0,0,0,0,1,-90,90
4,5,3.8371555347425605,1.4758290518240618,3.872366136224095e-09,0,0,0,0,0,1,-90,90
5,9,0.7872799999999998,0.30279999999999996,7.945042581994377e-10,0,0,0,0,0,1,-90,90
9,14,11.942059999999998,4.593099999999999,1.2051643026208182e-08,0,0,0,0,0,1,-90,90
9,7,9.959060473802959,3.8304078745396,1.005044705073438e-08,0,0,0,0,0,1,-90,90
14,18,1.7918684438375643,0.6891801707067554,1.8083110313511648e-09,0,0,0,0,0,1,-90,90
14,26,2.169401868421033,0.8343853340080897,2.189308787478822e-09,0,0,0,0,0,1,-90,90
14,12,1.4735982035498196,0.5667685398268536,1.4871202718160927e-09,0,0,0,0,0,1,-90,90
7,6,1.2795735537137398,0.4921436745052845,1.2913152081914356e-09,0,0,0,0,0,1,-90,90
6,8,6.2073977649828365,2.387460678839553,6.264358241815538e-09,0,0,0,0,0,1,-90,90
18,16,2.9938966349941487,1.1514987057669803,3.021369303312442e-09,0,0,0,0,0,1,-90,90
26,24,2.2685859374956427,0.8725330528829395,2.2894029918601413e-09,0,0,0,0,0,1,-90,90
12,10,0.5138654484369286,0.1976405570911264,5.185807932688541e-10,0,0,0,0,0,1,-90,90
10,11,2.224667471049203,0.8556413350189244,2.2450815196961265e-09,0,0,0,0,0,1,-90,90
11,13,0.5322709121481243,0.20471958159543244,5.371551496511834e-10,0,0,0,0,0,1,-90,90
13,23,3.884378891384914,1.4939918813018904,3.920022824999144e-09,0,0,0,0,0,1,-90,90
16,15,0.736412090258973,0.28323541933037427,7.431695730874694e-10,0,0,0,0,0,1,-90,90
24,25,2.0432215371366573,0.785854437360253,2.061970597119037e-09,0,0,0,0,0,1,-90,90
15,17,1.4645515954697024,0.5632890751806547,1.477990650027257e-09,0,0,0,0,0,1,-90,90
17,19,4.253690731757033,1.6360348968296283,4.292723553811155e-09,0,0,0,0,0,1,-90,90
