BUS_I,BUS_TYPE,Pd,Qd,Gs,Bs,area,Vm,Va,baseKV,zone,Vmax,Vmin
1,1,0.011036598779126359,0.002766032386559714,0,0,1,1,0,0.4,1,1.1,0.9
2,1,0.007812570467513961,0.001958014726085221,0,0,1,1,0,0.4,1,1.1,0.9
3,1,0.0007411382318904086,0.0001857467498232956,0,0,1,1,0,0.4,1,1.1,0.9
4,1,0.0,0.0,0,0,1,1,0,0.4,1,1.1,0.9
5,1,0.0,0.0,0,0,1,1,0,0.4,1,1.1,0.9
32,1,0.0009587894069961365,0.00024029527617308455,0,0,1,1,0,0.4,1,1.1,0.9
21,1,0.0,0.0,0,0,1,1,0,0.4,1,1.1,0.9
33,1,0.0005972097981056808,0.00014967488410064892,0,0,1,1,0,0.4,1,1.1,0.9
22,1,0.0,0.0,0,0,1,1,0,0.4,1,1.1,0.9
20,1,0.005077330395549958,0.0012724989457727604,0,0,1,1,0,0.4,1,1.1,0.9
24,1,0.000707480586884131,0.00017731134884461992,0,0,1,1,0,0.4,1,1.1,0.9
6,1,0.0063236685384455635,0.0015848607283152282,0,0,1,1,0,0.4,1,1.1,0.9
7,1,0.0020274565317568182,0.0005081285042080069,0,0,1,1,0,0.4,1,1.1,0.9
8,1,0.0,0.0,0,0,1,1,0,0.4,1,1.1,0.9
9,1,0.002295489012099761,0.000575303775876005,0,0,1,1,0,0.4,1,1.1,0.9
10,1,0.0,0.0,0,0,1,1,0,0.4,1,1.1,0.9
16,1,0.0012224446304195274,0.0003063735038471783,0,0,1,1,0,0.4,1,1.1,0.9
18,3,0.09862798325962573,0.02471850262720062,0,0,1,1,0,0.4,1,1.1,0.9
13,1,0.007203546349922264,0.0018053788944157167,0,0,1,1,0,0.4,1,1.1,0.9
11,1,0.0013723579572223104,0.00034394532514937776,0,0,1,1,0,0.4,1,1.1,0.9
19,1,0.00034720461055628684,8.701767788985116e-05,0,0,1,1,0,0.4,1,1.1,0.9
17,1,0.0,0.0,0,0,1,1,0,0.4,1,1.1,0.9
12,1,0.001041368633559042,0.00026099158123058614,0,0,1,1,0,0.4,1,1.1,0.9
14,1,0.0008383422004912541,0.00021010836073558024,0,0,1,1,0,0.4,1,1.1,0.9
15,1,0.02727612459043079,0.006836041203170532,0,0,1,1,0,0.4,1,1.1,0.9
23,1,0.0,0.0,0,0,1,1,0,0.4,1,1.1,0.9
29,1,0.0,0.0,0,0,1,1,0,0.4,1,1.1,0.9
25,1,0.0020820676702064172,0.0005218153456563145,0,0,1,1,0,0.4,1,1.1,0.9
30,1,0.0,0.0,0,0,1,1,0,0.4,1,1.1,0.9
28,1,0.0005516523479342258,0.00013825711082237634,0,0,1,1,0,0.4,1,1.1,0.9
26,1,0.00032248287829781666,8.082182775093731e-05,0,0,1,1,0,0.4,1,1.1,0.9
27,1,0.00032154510444490906,8.058679946909768e-05,0,0,1,1,0,0.4,1,1.1,0.9
31,1,0.0007097715444540111,0.00017788551693402325,0,0,1,1,0,0.4,1,1.1,0.9
