BUS_I,BUS_TYPE,Pd,Qd,Gs,Bs,area,Vm,Va,baseKV,zone,Vmax,Vmin
143,1,0.0,0.0,0,0,1,1,0,20,1,1.05,0.95
153,1,0.0,0.0,0,0,1,1,0,20,1,1.05,0.95
152,1,0.10244086317827644,0.04961437447590931,0,0,1,1,0,20,1,1.05,0.95
90,1,0.0,0.0,0,0,1,1,0,20,1,1.05,0.95
160,1,0.11550441213748451,0.0559413400044853,0,0,1,1,0,20,1,1.05,0.95
155,1,0.07596090032543261,0.036789543130991836,0,0,1,1,0,20,1,1.05,0.95
156,1,0.07101153521126163,0.03439245620128551,0,0,1,1,0,20,1,1.05,0.95
157,1,0.0,0.0,0,0,1,1,0,20,1,1.05,0.95
158,1,0.06968951541333562,0.03375217279011668,0,0,1,1,0,20,1,1.05,0.95
91,1,0.0,0.0,0,0,1,1,0,20,1,1.05,0.95
159,1,0.3377285432811639,0.1635693989457551,0,0,1,1,0,20,1,1.05,0.95
95,1,0.0,0.0,0,0,1,1,0,20,1,1.05,0.95
197,1,0.14832823172985177,0.07183864139827856,0,0,1,1,0,20,1,1.05,0.95
161,1,0.1284546751514509,0.062213438645613295,0,0,1,1,0,20,1,1.05,0.95
80,1,0.0,0.0,0,0,1,1,0,20,1,1.05,0.95
162,1,0.0,0.0,0,0,1,1,0,20,1,1.05,0.95
203,1,0.06979676421520187,0.033804115755577874,0,0,1,1,0,20,1,1.05,0.95
50,1,0.26103075871382864,0.1264229664877031,0,0,1,1,0,20,1,1.05,0.95
51,1,0.0,0.0,0,0,1,1,0,20,1,1.05,0.95
52,1,0.0,0.0,0,0,1,1,0,20,1,1.05,0.95
54,1,0.0,0.0,0,0,1,1,0,20,1,1.05,0.95
78,1,0.22222480927723745,0.10762838737634198,0,0,1,1,0,20,1,1.05,0.95
53,1,0.0,0.0,0,0,1,1,0,20,1,1.05,0.95
200,1,0.30148893130050103,0.14601775379277337,0,0,1,1,0,20,1,1.05,0.95
103,1,0.07985802450408444,0.038677006516010984,0,0,1,1,0,20,1,1.05,0.95
191,1,0.1931394920071214,0.09354172529620264,0,0,1,1,0,20,1,1.05,0.95
190,1,0.3339814658891704,0.16175460653627444,0,0,1,1,0,20,1,1.05,0.95
92,1,0.0,0.0,0,0,1,1,0,20,1,1.05,0.95
79,1,0.0,0.0,0,0,1,1,0,20,1,1.05,0.95
87,1,0.19810806884561344,0.09594811688866971,0,0,1,1,0,20,1,1.05,0.95
88,1,0.0,0.0,0,0,1,1,0,20,1,1.05,0.95
89,1,0.0,0.0,0,0,1,1,0,20,1,1.05,0.95
93,3,0.3394043680796526,0.1643810379394986,0,0,1,1,0,20,1,1.05,0.95
94,1,0.0,0.0,0,0,1,1,0,20,1,1.05,0.95
101,1,0.3281177815525894,0.1589146945962768,0,0,1,1,0,20,1,1.05,0.95
