F_BUS,T_BUS,BR_R,BR_X,BR_B,RATE_A,RATE_B,RATE_C,TAP,SHIFT,BR_STATUS,ANGMIN,ANGMAX
1,2,1.7768941995208944,0.6834208459695749,1.7931993800035975e-09,0,0,0,0,0,1,-90,90
2,4,2.806583697720462,1.079455268354024,2.8323375404329223e-09,0,0,0,0,0,1,-90,90
4,15,2.2535331947270905,0.8667435364334964,2.2742121217412566e-09,0,0,0,0,0,1,-90,90
4,10,2.7447854871212565,1.055686725815868,2.7699722555658175e-09,0,0,0,0,0,1,-90,90
15,5,0.4029439860503007,0.15497845617319259,4.0664149061683114e-10,0,0,0,0,0,1,-90,90
10,8,1.7959268153110095,0.6907410828119267,1.8124066433532573e-09,0,0,0,0,0,1,-90,90
5,23,1.3229606282753008,0.5088310108751157,1.3351004122992205e-09,0,0,0,0,0,1,-90,90
23,21,1.6402465423358636,0.630864054744563,1.6552978132084494e-09,0,0,0,0,0,1,-90,90
8,9,1.5863713365690484,0.6101428217573264,1.6009282364465535e-09,0,0,0,0,0,1,-90,90
21,20,1.2691755571898382,0.48814444507301474,1.2808217973147681e-09,0,0,0,0,0,1,-90,90
24,18,0.3062856952600283,0.11780219048462627,3.0909624162898565e-10,0,0,0,0,0,1,-90,90
18,11,2.623124777236032,1.0088941450907816,2.647195159666801e-09,0,0,0,0,0,1,-90,90
12,13,5.975290090083915,2.2981884961861208,6.0301206947319535e-09,0,0,0,0,0,1,-90,90
13,14,4.749639453110918,1.826784405042661,4.793223212082962e-09,0,0,0,0,0,1,-90,90
9,11,1.096910439007444,0.4218886303874784,1.1069759356961044e-09,0,0,0,0,0,1,-90,90
14,16,1.355551204179252,0.5213658477612507,1.3679900466514978e-09,0,0,0,0,0,1,-90,90
16,17,2.2149263920508413,0.8518947661734005,2.235251054367837e-09,0,0,0,0,0,1,-90,90
17,19,0.5376884969459698,0.20680326805614224,5.426224474245865e-10,0,0,0,0,0,1,-90,90
19,22,1.7442304253714618,0.6708578559121007,1.7602358757222886e-09,0,0,0,0,0,1,-90,90
22,20,1.8251715867483522,0.7019890718262894,1.8419197713852639e-09,0,0,0,0,0,1,-90,90
