F_BUS,T_BUS,BR_R,BR_X,BR_B,RATE_A,RATE_B,RATE_C,TAP,SHIFT,BR_STATUS,ANGMIN,ANGMAX
1,2,2.2916708633949257,1.4666693525727523,3.84833238437802e-09,0,0,0,0,0,1,-90,90
1,3,1.7006249771542608,1.0883999853787267,2.8558072094042414e-09,0,0,0,0,0,1,-90,90
2,4,0.665268454841817,0.4257718110987629,2.2343297023728784e-09,0,0,0,0,0,1,-90,90
3,5,4.402821849665517,2.8178059837859313,7.39352329226479e-09,0,0,0,0,0,1,-90,90
4,19,0.35617659370477817,0.22795301997105805,1.7943491912459751e-09,0,0,0,0,0,1,-90,90
4,24,1.9034247447377923,1.218191836632187,3.1963626205682516e-09,0,0,0,0,0,1,-90,90
19,17,0.7355247397441377,0.4707358334362482,3.705432207584153e-09,0,0,0,0,0,1,-90,90
24,29,3.495201216435394,2.236928778518652,5.869383883163594e-09,0,0,0,0,0,1,-90,90
17,15,0.1727800843530391,0.11057925398594505,8.704328417471978e-10,0,0,0,0,0,1,-90,90
29,28,3.2116077948357327,2.0554289886948687,5.393154174189688e-09,0,0,0,0,0,1,-90,90
6,7,0.2859523533733361,0.18300950615893513,4.801909905358329e-10,0,0,0,0,0,1,-90,90
6,8,1.4820710326916007,0.9485254609226245,2.4887962936380766e-09,0,0,0,0,0,1,-90,90
8,10,2.5465243115510052,1.6297755593926435,4.276299940048963e-09,0,0,0,0,0,1,-90,90
8,11,1.9077234655275386,1.2209430179376246,3.203581330152957e-09,0,0,0,0,0,1,-90,90
10,20,1.6300318049866669,1.0432203551914667,2.737262266974737e-09,0,0,0,0,0,1,-90,90
11,25,1.3274129791746012,0.8495443066717447,2.2290837819676036e-09,0,0,0,0,0,1,-90,90
20,14,0.6107136193469787,0.39085671638206637,2.051105188318373e-09,0,0,0,0,0,1,-90,90
25,26,1.7206911379225909,1.1012423282704582,2.8895036959060176e-09,0,0,0,0,0,1,-90,90
12,28,1.6987674253438665,1.0872111522200747,2.8526878797911705e-09,0,0,0,0,0,1,-90,90
14,21,3.3314994804342564,2.132159667477924,5.594484593699829e-09,0,0,0,0,0,1,-90,90
14,18,0.6082960286411565,0.38930945833034025,3.064478425370924e-09,0,0,0,0,0,1,-90,90
26,27,1.6247227214516549,1.0398225417290592,2.728346886312748e-09,0,0,0,0,0,1,-90,90
18,16,0.6356112605687071,0.4067912067639726,3.20208731148016e-09,0,0,0,0,0,1,-90,90
16,15,0.40206326662456326,0.2573204906397205,2.025517426042535e-09,0,0,0,0,0,1,-90,90
