BUS_I,BUS_TYPE,Pd,Qd,Gs,Bs,area,Vm,Va,baseKV,zone,Vmax,Vmin
1,1,0.016050219912449787,0.0040225642861283755,0,0,1,1,0,0.4,1,1.1,0.9
2,1,0.0,0.0,0,0,1,1,0,0.4,1,1.1,0.9
3,1,0.0,0.0,0,0,1,1,0,0.4,1,1.1,0.9
10,1,0.0,0.0,0,0,1,1,0,0.4,1,1.1,0.9
16,1,0.00871685648639037,0.0021846501655881953,0,0,1,1,0,0.4,1,1.1,0.9
5,1,0.0,0.0,0,0,1,1,0,0.4,1,1.1,0.9
9,1,0.0,0.0,0,0,1,1,0,0.4,1,1.1,0.9
22,1,0.04995532499348575,0.012519984605622808,0,0,1,1,0,0.4,1,1.1,0.9
6,1,0.0,0.0,0,0,1,1,0,0.4,1,1.1,0.9
7,1,0.0,0.0,0,0,1,1,0,0.4,1,1.1,0.9
38,1,0.01826358404325441,0.004577285626604595,0,0,1,1,0,0.4,1,1.1,0.9
17,1,0.020533494324216466,0.005146178768176505,0,0,1,1,0,0.4,1,1.1,0.9
8,1,0.0,0.0,0,0,1,1,0,0.4,1,1.1,0.9
21,1,0.00809364534041887,0.0020284587294473397,0,0,1,1,0,0.4,1,1.1,0.9
18,1,0.025886532983378455,0.006487776718239914,0,0,1,1,0,0.4,1,1.1,0.9
24,1,0.005278776581991248,0.0013229861191308612,0,0,1,1,0,0.4,1,1.1,0.9
34,1,0.006819539116555147,0.0017091376098113018,0,0,1,1,0,0.4,1,1.1,0.9
25,1,0.0039545825666470365,0.0009911118156581222,0,0,1,1,0,0.4,1,1.1,0.9
30,1,0.017713893252347353,0.004439520128313744,0,0,1,1,0,0.4,1,1.1,0.9
11,1,0.0,0.0,0,0,1,1,0,0.4,1,1.1,0.9
13,1,0.0,0.0,0,0,1,1,0,0.4,1,1.1,0.9
39,1,0.030836124154788334,0.007728261196686588,0,0,1,1,0,0.4,1,1.1,0.9
12,1,0.0,0.0,0,0,1,1,0,0.4,1,1.1,0.9
14,1,0.0,0.0,0,0,1,1,0,0.4,1,1.1,0.9
20,1,0.037273052594604235,0.009341507531977168,0,0,1,1,0,0.4,1,1.1,0.9
36,1,0.02420911220941589,0.006067375444303616,0,0,1,1,0,0.4,1,1.1,0.9
37,1,0.04376997686244037,0.010969790239132264,0,0,1,1,0,0.4,1,1.1,0.9
19,1,0.010536204725670061,0.002640621815277573,0,0,1,1,0,0.4,1,1.1,0.9
23,1,0.014052390552259007,0.0035218610510375915,0,0,1,1,0,0.4,1,1.1,0.9
28,1,0.0799717265447975,0.02004280395246164,0,0,1,1,0,0.4,1,1.1,0.9
29,1,0.0,0.0,0,0,1,1,0,0.4,1,1.1,0.9
31,1,0.02657139003672861,0.006659418075114568,0,0,1,1,0,0.4,1,1.1,0.9
27,1,0.06290006473087685,0.015764242194920133,0,0,1,1,0,0.4,1,1.1,0.9
35,1,0.015374149458832104,0.0038531250587244188,0,0,1,1,0,0.4,1,1.1,0.9
26,3,0.026138282683695654,0.006550871140563311,0,0,1,1,0,0.4,1,1.1,0.9
32,1,0.021760797805066453,0.005453770014728757,0,0,1,1,0,0.4,1,1.1,0.9
33,1,0.00859124276216124,0.0021531683987533537,0,0,1,1,0,0.4,1,1.1,0.9
