F_BUS,T_BUS,BR_R,BR_X,BR_B,RATE_A,RATE_B,RATE_C,TAP,SHIFT,BR_STATUS,ANGMIN,ANGMAX
1,2,3.2123509476972045,1.2355195952681555,3.2418282018804347e-09,0,0,0,0,0,1,-90,90
1,3,3.1659592396598746,1.2176766306384132,3.195010793104899e-09,0,0,0,0,0,1,-90,90
2,4,1.7636920444240776,0.6783430940092606,1.7798760789647921e-09,0,0,0,0,0,1,-90,90
3,5,0.8203182757452505,0.31550702913278866,8.27845700587367e-10,0,0,0,0,0,1,-90,90
4,6,2.0417346289740954,0.7852825496054214,2.0604700447530338e-09,0,0,0,0,0,1,-90,90
5,7,4.15098039348815,1.5965309205723657,8.378141444794008e-09,0,0,0,0,0,1,-90,90
6,21,1.7993382295664289,0.6920531652178572,1.8158493615125057e-09,0,0,0,0,0,1,-90,90
6,12,3.1837082418151907,1.2245031699289195,3.2129226640925906e-09,0,0,0,0,0,1,-90,90
7,16,2.776491016342436,1.0678811601317062,5.603937443696144e-09,0,0,0,0,0,1,-90,90
21,22,0.3433936814538422,0.1320744928668624,3.4654473904310914e-10,0,0,0,0,0,1,-90,90
12,10,4.550379067417341,1.7501457951605162,4.592134368311992e-09,0,0,0,0,0,1,-90,90
16,18,7.80539566168755,3.0020752544952116,7.87701972632631e-09,0,0,0,0,0,1,-90,90
16,14,1.1705785138992642,0.4502225053458708,2.362640010795994e-09,0,0,0,0,0,1,-90,90
22,23,1.7627204813731558,0.6779694159127523,1.7788956006329834e-09,0,0,0,0,0,1,-90,90
10,8,2.2471887248438365,0.864303355709168,2.2678094335766094e-09,0,0,0,0,0,1,-90,90
18,20,1.0958761082035278,0.42149081084751067,1.1059321136402939e-09,0,0,0,0,0,1,-90,90
14,15,1.3891072088202376,0.5342720033923991,2.803707937463709e-09,0,0,0,0,0,1,-90,90
8,9,3.241213712419305,1.24662065862281,3.2709558178177346e-09,0,0,0,0,0,1,-90,90
9,11,5.6741415736131495,2.1823621436973655,5.726208771799242e-09,0,0,0,0,0,1,-90,90
11,13,2.3964741328701185,0.921720820334661,2.418464718054713e-09,0,0,0,0,0,1,-90,90
13,28,1.4763909027975308,0.5678426549221273,1.4899385974996831e-09,0,0,0,0,0,1,-90,90
15,17,1.114981045976829,0.428838863837242,2.250424725231821e-09,0,0,0,0,0,1,-90,90
17,19,1.2201231568203308,0.4692781372385888,2.4626385621925955e-09,0,0,0,0,0,1,-90,90
20,26,2.1351987172440463,0.8212302758630948,2.154791780500422e-09,0,0,0,0,0,1,-90,90
26,27,5.834344826567598,2.243978779449076,5.887882085804056e-09,0,0,0,0,0,1,-90,90
27,29,2.6161034041639057,1.0061936169861176,2.640109356897505e-09,0,0,0,0,0,1,-90,90
23,24,0.45565909260139537,0.17525349715438285,4.59840322831903e-10,0,0,0,0,0,1,-90,90
24,25,0.13575630935638555,0.05221396513707137,1.3700203975852112e-10,0,0,0,0,0,1,-90,90
