BUS_I,BUS_TYPE,Pd,Qd,Gs,Bs,area,Vm,Va,baseKV,zone,Vmax,Vmin
1,1,0.0022353306697230463,0.000560226674074456,0,0,1,1,0,0.4,1,1.1,0.9
2,1,0.002772888917324236,0.0006949514703893653,0,0,1,1,0,0.4,1,1.1,0.9
3,1,0.002345668868697442,0.0005878800334060532,0,0,1,1,0,0.4,1,1.1,0.9
4,1,0.002331688436619558,0.0005843762068486664,0,0,1,1,0,0.4,1,1.1,0.9
5,1,0.0,0.0,0,0,1,1,0,0.4,1,1.1,0.9
6,1,0.0,0.0,0,0,1,1,0,0.4,1,1.1,0.9
7,1,0.0048345134647166015,0.0012116432865129192,0,0,1,1,0,0.4,1,1.1,0.9
21,1,0.002316017583499826,0.0005804487208430882,0,0,1,1,0,0.4,1,1.1,0.9
12,1,0.012074053078618866,0.003026042943199615,0,0,1,1,0,0.4,1,1.1,0.9
16,1,0.0,0.0,0,0,1,1,0,0.4,1,1.1,0.9
22,1,0.002856306916965458,0.0007158579917957647,0,0,1,1,0,0.4,1,1.1,0.9
10,1,0.0029748680933974147,0.0007455722235407528,0,0,1,1,0,0.4,1,1.1,0.9
18,1,0.0035242310444276144,0.0008832555574134585,0,0,1,1,0,0.4,1,1.1,0.9
14,1,0.004680773573556461,0.001173112437782657,0,0,1,1,0,0.4,1,1.1,0.9
8,1,0.00661152029245181,0.0016570031781807768,0,0,1,1,0,0.4,1,1.1,0.9
9,1,0.004182320775225791,0.001048188390895896,0,0,1,1,0,0.4,1,1.1,0.9
11,1,0.004510385083455092,0.0011304090568453368,0,0,1,1,0,0.4,1,1.1,0.9
13,1,0.012210098400344985,0.0030601391148069486,0,0,1,1,0,0.4,1,1.1,0.9
28,1,0.0055719599703274204,0.001396464802515903,0,0,1,1,0,0.4,1,1.1,0.9
15,1,0.005834519487860535,0.0014622684204085503,0,0,1,1,0,0.4,1,1.1,0.9
17,1,0.003581890858007552,0.0008977064688724078,0,0,1,1,0,0.4,1,1.1,0.9
19,3,0.011551583302967215,0.0028950996744106544,0,0,1,1,0,0.4,1,1.1,0.9
20,1,0.003410138558935771,0.0008546612851879972,0,0,1,1,0,0.4,1,1.1,0.9
26,1,0.0,0.0,0,0,1,1,0,0.4,1,1.1,0.9
27,1,0.004570043097387969,0.0011453607645189243,0,0,1,1,0,0.4,1,1.1,0.9
23,1,0.004772411860474194,0.0011960791573795222,0,0,1,1,0,0.4,1,1.1,0.9
24,1,0.006112249492323372,0.0015318741207187316,0,0,1,1,0,0.4,1,1.1,0.9
25,1,0.0029928387490265967,0.0007500760943865464,0,0,1,1,0,0.4,1,1.1,0.9
29,1,0.011170304188269978,0.002799542120794951,0,0,1,1,0,0.4,1,1.1,0.9
