F_BUS,T_BUS,BR_R,BR_X,BR_B,RATE_A,RATE_B,RATE_C,TAP,SHIFT,BR_STATUS,ANGMIN,ANGMAX
140,141,3.6093770601874056,1.388221946225925,3.6424975151995e-09,0,0,0,0,0,1,-90,90
141,142,1.5304029696193087,0.5886165267766572,1.5444462911843382e-09,0,0,0,0,0,1,-90,90
142,143,1.4966931646927863,0.5756512171895332,1.5104271575124622e-09,0,0,0,0,0,1,-90,90
142,144,5.495619999999999,2.1136999999999997,5.5460490441088226e-09,0,0,0,0,0,1,-90,90
143,63,12.04493340038429,4.632666692455496,1.2155460416032355e-08,0,0,0,0,0,1,-90,90
144,151,4.318209999999999,1.6608499999999997,4.3578348653584414e-09,0,0,0,0,0,1,-90,90
63,68,33.06092051502802,12.715738659626165,3.336429495120277e-08,0,0,0,0,0,1,-90,90
63,61,33.23448565498494,12.782494482686515,3.35394527638879e-08,0,0,0,0,0,1,-90,90
145,146,2.7907465468025645,1.0733640564625249,2.8163550642592397e-09,0,0,0,0,0,1,-90,90
145,147,4.306889142437229,1.6564958240143188,4.346410125062625e-09,0,0,0,0,0,1,-90,90
147,148,4.364479376508066,1.6786459140415637,4.404528820063111e-09,0,0,0,0,0,1,-90,90
147,149,50.777279071816125,19.529722719929282,5.1243222795370286e-08,0,0,0,0,0,1,-90,90
148,150,2.639645162542054,1.0152481394392516,2.6638671397408918e-09,0,0,0,0,0,1,-90,90
149,152,14.239724179243824,5.476816992016857,1.437039108829732e-08,0,0,0,0,0,1,-90,90
150,71,2.5883185773089363,0.9955071451188219,2.612069570227443e-09,0,0,0,0,0,1,-90,90
71,68,8.136627710276136,3.1294721962600525,8.211291234628e-09,0,0,0,0,0,1,-90,90
59,60,4.853188195707936,1.8666108445030527,4.89772214121177e-09,0,0,0,0,0,1,-90,90
59,61,4.19398954160889,1.613072900618804,4.2324745321260185e-09,0,0,0,0,0,1,-90,90
60,62,6.537216497094893,2.51431403734419,6.597203464731107e-09,0,0,0,0,0,1,-90,90
62,64,9.654447520152509,3.713249046212504,9.743038900167884e-09,0,0,0,0,0,1,-90,90
68,67,5.690879999999999,2.1887999999999996,5.743100793748114e-09,0,0,0,0,0,1,-90,90
65,66,2.581389770440938,0.9928422194003608,2.6050771830705653e-09,0,0,0,0,0,1,-90,90
66,67,10.536302803076323,4.052424155029355,1.0632986285340426e-08,0,0,0,0,0,1,-90,90
67,69,2.154042056069581,0.8284777138729157,2.1738080300375396e-09,0,0,0,0,0,1,-90,90
