BUS_I,BUS_TYPE,Pd,Qd,Gs,Bs,area,Vm,Va,baseKV,zone,Vmax,Vmin
1,1,0.043255714795733737,0.010840904016106743,0,0,1,1,0,0.4,1,1.1,0.9
2,1,0.0077997433405829555,0.0019547999450437305,0,0,1,1,0,0.4,1,1.1,0.9
3,1,0.008818421337677356,0.002210104716724661,0,0,1,1,0,0.4,1,1.1,0.9
4,1,0.08729115922267433,0.02187722669840234,0,0,1,1,0,0.4,1,1.1,0.9
5,1,0.0,0.0,0,0,1,1,0,0.4,1,1.1,0.9
18,1,0.0,0.0,0,0,1,1,0,0.4,1,1.1,0.9
13,1,0.0,0.0,0,0,1,1,0,0.4,1,1.1,0.9
15,1,0.0,0.0,0,0,1,1,0,0.4,1,1.1,0.9
6,1,0.0,0.0,0,0,1,1,0,0.4,1,1.1,0.9
23,1,0.01779858142907876,0.004460744986106056,0,0,1,1,0,0.4,1,1.1,0.9
14,3,0.0,0.0,0,0,1,1,0,0.4,1,1.1,0.9
7,1,0.01019325797394022,0.0025546712573987916,0,0,1,1,0,0.4,1,1.1,0.9
8,1,0.004228399013741585,0.0010597366860365478,0,0,1,1,0,0.4,1,1.1,0.9
10,1,0.0,0.0,0,0,1,1,0,0.4,1,1.1,0.9
9,1,0.010988100782321555,0.002753877642826611,0,0,1,1,0,0.4,1,1.1,0.9
11,1,0.0,0.0,0,0,1,1,0,0.4,1,1.1,0.9
12,1,0.006395947093976344,0.0016029754418653858,0,0,1,1,0,0.4,1,1.1,0.9
19,1,0.0012290422292916168,0.00030802701798853167,0,0,1,1,0,0.4,1,1.1,0.9
16,1,0.002857144970197901,0.0007160680277342807,0,0,1,1,0,0.4,1,1.1,0.9
17,1,0.0016240070455884085,0.0004070145317409355,0,0,1,1,0,0.4,1,1.1,0.9
22,1,0.0016646099064362067,0.00041719056788573026,0,0,1,1,0,0.4,1,1.1,0.9
21,1,0.01567170139331954,0.0039276986029790455,0,0,1,1,0,0.4,1,1.1,0.9
