F_BUS,T_BUS,BR_R,BR_X,BR_B,RATE_A,RATE_B,RATE_C,TAP,SHIFT,BR_STATUS,ANGMIN,ANGMAX
1,2,5.034136241569192,3.2218471946042833,8.453670130056195e-09,0,0,0,0,0,1,-90,90
2,3,7.946299952823688,5.08563196980716,1.3343977066205364e-08,0,0,0,0,0,1,-90,90
3,11,3.271093749999999,2.0934999999999997,5.4930471087864035e-09,0,0,0,0,0,1,-90,90
11,13,26.6704805602089,17.069107558533698,4.478691756578346e-08,0,0,0,0,0,1,-90,90
11,10,2.6701902779793834,1.7089217779068056,4.483968393252017e-09,0,0,0,0,0,1,-90,90
13,20,1.2685312150297452,0.8118599776190369,2.130205446763623e-09,0,0,0,0,0,1,-90,90
13,22,7.041538811789396,4.506584839545213,2.3649279028769502e-08,0,0,0,0,0,1,-90,90
4,5,2.476567628406643,1.5850032821802515,4.158823834056456e-09,0,0,0,0,0,1,-90,90
4,6,1.4266809614766056,0.9130758153450276,2.395781450959538e-09,0,0,0,0,0,1,-90,90
5,7,2.7224877786999064,1.7423921783679401,4.571789977433034e-09,0,0,0,0,0,1,-90,90
6,8,17.567043853011242,11.242908065927194,2.9499796343870416e-08,0,0,0,0,0,1,-90,90
7,9,6.297938975357175,4.0306809442285925,1.057593518372836e-08,0,0,0,0,0,1,-90,90
9,29,28.51595027460792,18.25020817574907,4.788595808672004e-08,0,0,0,0,0,1,-90,90
29,28,1.6397447621607066,1.0494366477828523,2.7535729371665117e-09,0,0,0,0,0,1,-90,90
28,30,7.470562439223167,4.781159961102827,1.2545085694282875e-08,0,0,0,0,0,1,-90,90
30,32,20.0192889328003,12.81234491699219,3.361777607024511e-08,0,0,0,0,0,1,-90,90
32,23,23.421487976225315,14.989752304784203,3.9330984265210984e-08,0,0,0,0,0,1,-90,90
20,18,1.176290361129242,0.7528258311227148,1.9753082183273703e-09,0,0,0,0,0,1,-90,90
22,21,3.7507634071742335,2.4004885805915097,1.2597083216902766e-08,0,0,0,0,0,1,-90,90
18,16,0.7778287560576067,0.49781040387686837,1.3061839024311553e-09,0,0,0,0,0,1,-90,90
21,23,5.379272905295917,3.4427346593893873,1.8066495024674103e-08,0,0,0,0,0,1,-90,90
19,17,0.9137069014028708,0.5847724168978373,1.5343598920175318e-09,0,0,0,0,0,1,-90,90
17,16,1.3002355382561948,0.8321507444839648,2.183445541467445e-09,0,0,0,0,0,1,-90,90
23,24,4.235509961982381,2.710726375668724,1.4225123172274307e-08,0,0,0,0,0,1,-90,90
24,26,1.1098866356758637,0.7103274468325527,3.727596969778057e-09,0,0,0,0,0,1,-90,90
26,25,0.4178340607568437,0.26741379888438,1.403311769583408e-09,0,0,0,0,0,1,-90,90
25,27,0.9743372386265532,0.623575832720994,3.2723491044061433e-09,0,0,0,0,0,1,-90,90
