BUS_I,BUS_TYPE,Pd,Qd,Gs,Bs,area,Vm,Va,baseKV,zone,Vmax,Vmin
1,3,0.07838466083003914,0.01964504779094177,0,0,1,1,0,0.4,1,1.1,0.9
3,1,0.0,0.0,0,0,1,1,0,0.4,1,1.1,0.9
5,1,0.04330740114175832,0.010853857835477012,0,0,1,1,0,0.4,1,1.1,0.9
14,1,0.0,0.0,0,0,1,1,0,0.4,1,1.1,0.9
20,1,0.0,0.0,0,0,1,1,0,0.4,1,1.1,0.9
23,1,0.0,0.0,0,0,1,1,0,0.4,1,1.1,0.9
25,1,0.06643136258982069,0.01664926886300028,0,0,1,1,0,0.4,1,1.1,0.9
16,1,0.0,0.0,0,0,1,1,0,0.4,1,1.1,0.9
19,1,0.0,0.0,0,0,1,1,0,0.4,1,1.1,0.9
26,1,0.03972603269034868,0.009956282294039559,0,0,1,1,0,0.4,1,1.1,0.9
18,1,0.0,0.0,0,0,1,1,0,0.4,1,1.1,0.9
35,1,0.013736930237851887,0.0034427992437011945,0,0,1,1,0,0.4,1,1.1,0.9
17,1,0.0,0.0,0,0,1,1,0,0.4,1,1.1,0.9
32,1,0.007103000800179043,0.0017801798043264587,0,0,1,1,0,0.4,1,1.1,0.9
15,1,0.0,0.0,0,0,1,1,0,0.4,1,1.1,0.9
13,1,0.0,0.0,0,0,1,1,0,0.4,1,1.1,0.9
28,1,0.031379980996969634,0.007864564569603497,0,0,1,1,0,0.4,1,1.1,0.9
11,1,0.0,0.0,0,0,1,1,0,0.4,1,1.1,0.9
24,1,0.0,0.0,0,0,1,1,0,0.4,1,1.1,0.9
30,1,0.025258906405604745,0.006330478670577703,0,0,1,1,0,0.4,1,1.1,0.9
33,1,0.021001885334531123,0.005263568620796148,0,0,1,1,0,0.4,1,1.1,0.9
29,1,0.047291800074199024,0.011852442336795391,0,0,1,1,0,0.4,1,1.1,0.9
38,1,0.03640733035435587,0.009124537086442718,0,0,1,1,0,0.4,1,1.1,0.9
37,1,0.04136800033693987,0.010367798176699377,0,0,1,1,0,0.4,1,1.1,0.9
22,1,0.0,0.0,0,0,1,1,0,0.4,1,1.1,0.9
36,1,0.03476375790166965,0.008712619001462977,0,0,1,1,0,0.4,1,1.1,0.9
7,1,0.0,0.0,0,0,1,1,0,0.4,1,1.1,0.9
9,1,0.006612184000647865,0.001657169519134385,0,0,1,1,0,0.4,1,1.1,0.9
10,1,0.006496808718668992,0.0016282537478040367,0,0,1,1,0,0.4,1,1.1,0.9
6,1,0.012811286707491463,0.003210811107262925,0,0,1,1,0,0.4,1,1.1,0.9
31,1,0.0060246763301308615,0.0015099262174139503,0,0,1,1,0,0.4,1,1.1,0.9
34,1,0.007424295607588415,0.0018607038734453454,0,0,1,1,0,0.4,1,1.1,0.9
27,1,0.006412743974354557,0.0016071851369036053,0,0,1,1,0,0.4,1,1.1,0.9
