F_BUS,T_BUS,BR_R,BR_X,BR_B,RATE_A,RATE_B,RATE_C,TAP,SHIFT,BR_STATUS,ANGMIN,ANGMAX
1,2,1.315207138033646,0.8417325683415334,2.208586888416439e-09,0,0,0,0,0,1,-90,90
1,3,0.37224354067715293,0.23823586603337787,1.250194253760565e-09,0,0,0,0,0,1,-90,90
2,4,2.079623514153778,1.3309590490584178,3.4922477938110553e-09,0,0,0,0,0,1,-90,90
3,5,0.6386630280511744,0.4087443379527516,2.1449743528294007e-09,0,0,0,0,0,1,-90,90
4,6,0.9272204081332508,0.5934210612052805,1.557052708166528e-09,0,0,0,0,0,1,-90,90
5,59,0.5117206679172269,0.3275012274670252,1.7186335521010187e-09,0,0,0,0,0,1,-90,90
6,60,0.7628974994793417,0.4882543996667787,1.2811103025755148e-09,0,0,0,0,0,1,-90,90
59,53,0.9750730675143301,0.6240467632091713,1.6374102070187014e-09,0,0,0,0,0,1,-90,90
60,61,2.0514335686741996,1.3129174839514877,3.4449092855480488e-09,0,0,0,0,0,1,-90,90
50,51,5.177612559399924,3.3136720380159512,8.694605496961964e-09,0,0,0,0,0,1,-90,90
51,52,1.6464381534257553,1.0537204181924835,2.764812943215391e-09,0,0,0,0,0,1,-90,90
52,53,0.4469313423022757,0.2860360590734565,7.505180545985703e-10,0,0,0,0,0,1,-90,90
61,62,1.9142757164795885,1.2251364585469366,3.214584323615985e-09,0,0,0,0,0,1,-90,90
61,63,4.213451371382983,2.696608877685109,7.075519273511316e-09,0,0,0,0,0,1,-90,90
63,64,3.0611311816733284,1.9591239562709302,5.140463426676959e-09,0,0,0,0,0,1,-90,90
64,65,0.3330969416217358,0.2131820426379109,5.593594473166259e-10,0,0,0,0,0,1,-90,90
64,66,3.068478013871636,1.9638259288778472,5.1528007359838704e-09,0,0,0,0,0,1,-90,90
65,67,1.5800402277540306,1.0112257457625795,2.653312949171967e-09,0,0,0,0,0,1,-90,90
66,68,0.3259593942176868,0.20861401229931958,5.47373583526682e-10,0,0,0,0,0,1,-90,90
67,71,2.46980955837927,1.5806781173627327,4.147475214951658e-09,0,0,0,0,0,1,-90,90
71,72,0.7142753905513979,0.4571362499528947,1.199460690769146e-09,0,0,0,0,0,1,-90,90
