BUS_I,BUS_TYPE,Pd,Qd,Gs,Bs,area,Vm,Va,baseKV,zone,Vmax,Vmin
1,1,0.01845593375484145,0.004625493008465884,0,0,1,1,0,0.4,1,1.1,0.9
2,1,0.0,0.0,0,0,1,1,0,0.4,1,1.1,0.9
3,1,0.0,0.0,0,0,1,1,0,0.4,1,1.1,0.9
4,1,0.0,0.0,0,0,1,1,0,0.4,1,1.1,0.9
5,3,0.00699522093578001,0.0017531676240784477,0,0,1,1,0,0.4,1,1.1,0.9
6,1,0.016599665475658495,0.004160268324564675,0,0,1,1,0,0.4,1,1.1,0.9
10,1,0.003871482851594884,0.0009702850638890113,0,0,1,1,0,0.4,1,1.1,0.9
7,1,0.03435668316915977,0.008610596456618632,0,0,1,1,0,0.4,1,1.1,0.9
25,1,0.004449707029844507,0.0011152017031307378,0,0,1,1,0,0.4,1,1.1,0.9
19,1,0.00458722675290305,0.0011496673945437551,0,0,1,1,0,0.4,1,1.1,0.9
8,1,0.02493253573244644,0.006248682469588087,0,0,1,1,0,0.4,1,1.1,0.9
22,1,0.0070953499573090375,0.0017782623223570192,0,0,1,1,0,0.4,1,1.1,0.9
20,1,0.0027566330235931826,0.000690877359385384,0,0,1,1,0,0.4,1,1.1,0.9
9,1,0.0016629439091843552,0.0004167730296163083,0,0,1,1,0,0.4,1,1.1,0.9
30,1,0.0026403489080597258,0.0006617338128956515,0,0,1,1,0,0.4,1,1.1,0.9
17,1,0.014898724114863607,0.003733972235909539,0,0,1,1,0,0.4,1,1.1,0.9
11,1,0.023341134201492496,0.005849839650098752,0,0,1,1,0,0.4,1,1.1,0.9
12,1,0.0,0.0,0,0,1,1,0,0.4,1,1.1,0.9
13,1,0.0104703585129512,0.002624119198796023,0,0,1,1,0,0.4,1,1.1,0.9
14,1,0.0035189332426513046,0.0008819278031311735,0,0,1,1,0,0.4,1,1.1,0.9
18,1,0.0008213472267434936,0.00020584901881912448,0,0,1,1,0,0.4,1,1.1,0.9
15,1,0.0,0.0,0,0,1,1,0,0.4,1,1.1,0.9
21,1,0.03808488764328307,0.009544972574254231,0,0,1,1,0,0.4,1,1.1,0.9
16,1,0.0019482076915274666,0.00048826687264391785,0,0,1,1,0,0.4,1,1.1,0.9
23,1,0.011820172794461096,0.002962414546232106,0,0,1,1,0,0.4,1,1.1,0.9
29,1,0.0009641308130498484,0.00024163395871740938,0,0,1,1,0,0.4,1,1.1,0.9
27,1,0.0013307447433333543,0.00033351607066353146,0,0,1,1,0,0.4,1,1.1,0.9
26,1,0.0016807308922795708,0.00042123086778594513,0,0,1,1,0,0.4,1,1.1,0.9
