BUS_I,BUS_TYPE,Pd,Qd,Gs,Bs,area,Vm,Va,baseKV,zone,Vmax,Vmin
1,1,0.001836890900836348,0.00046036825510951333,0,0,1,1,0,0.4,1,1.1,0.9
2,1,0.0024088910830701786,0.0006037250139118004,0,0,1,1,0,0.4,1,1.1,0.9
3,1,0.0,0.0,0,0,1,1,0,0.4,1,1.1,0.9
4,1,0.002117868401237371,0.0005307878546217959,0,0,1,1,0,0.4,1,1.1,0.9
5,3,0.0012557753658277572,0.0003147269735575553,0,0,1,1,0,0.4,1,1.1,0.9
6,1,0.004364423489777368,0.0010938276332214173,0,0,1,1,0,0.4,1,1.1,0.9
7,1,0.0015399726050129721,0.00038595351567340347,0,0,1,1,0,0.4,1,1.1,0.9
8,1,0.0012657813668429498,0.0003172347137972674,0,0,1,1,0,0.4,1,1.1,0.9
