F_BUS,T_BUS,BR_R,BR_X,BR_B,RATE_A,RATE_B,RATE_C,TAP,SHIFT,BR_STATUS,ANGMIN,ANGMAX
1,2,2.5511613219801577,1.6327432460673008,4.284086729018637e-09,0,0,0,0,0,1,-90,90
1,3,6.679547513343871,4.2749104085400775,1.1216758662503929e-08,0,0,0,0,0,1,-90,90
2,4,1.8997549343027376,1.215843157953752,3.1902000207956e-09,0,0,0,0,0,1,-90,90
3,5,9.381143366233376,6.00393175438936,1.575346547160227e-08,0,0,0,0,0,1,-90,90
4,6,1.7564273430975517,1.1241134995824331,2.949514405936972e-09,0,0,0,0,0,1,-90,90
6,7,0.9290593745882124,0.5945979997364559,1.5601408279639447e-09,0,0,0,0,0,1,-90,90
7,8,31.29948777890056,20.03167217849636,5.256026699032552e-08,0,0,0,0,0,1,-90,90
8,241,26.690878307177385,17.082162116593526,4.482117087479088e-08,0,0,0,0,0,1,-90,90
241,240,12.290468749999999,7.865899999999998,2.063900609171386e-08,0,0,0,0,0,1,-90,90
169,170,3.416052487211824,2.1862735918155676,5.736471856956565e-09,0,0,0,0,0,1,-90,90
170,171,12.581240790053487,8.051994105634233,2.1127290633828174e-08,0,0,0,0,0,1,-90,90
170,240,22.526076724967652,14.416689103979296,3.7827347695670376e-08,0,0,0,0,0,1,-90,90
171,239,74.85040458657706,47.904258935409324,1.2569398186945565e-07,0,0,0,0,0,1,-90,90
239,155,7.231406249999999,4.628099999999999,1.2143478062657919e-08,0,0,0,0,0,1,-90,90
155,153,4.833498277291565,3.093438897466602,8.116744968682264e-09,0,0,0,0,0,1,-90,90
153,154,1.2649218749999998,0.8095499999999999,2.1241443930824133e-09,0,0,0,0,0,1,-90,90
