F_BUS,T_BUS,BR_R,BR_X,BR_B,RATE_A,RATE_B,RATE_C,TAP,SHIFT,BR_STATUS,ANGMIN,ANGMAX
1,3,0.8415600351648833,0.5385984225055253,1.4132058789304484e-09,0,0,0,0,0,1,-90,90
3,12,4.4343381551045855,2.8379764192669352,7.446447654482077e-09,0,0,0,0,0,1,-90,90
12,40,1.7915535021134146,1.1465942413525854,3.0085006842192306e-09,0,0,0,0,0,1,-90,90
12,5,6.159664303559268,3.9421851542779316,1.0343734780992154e-08,0,0,0,0,0,1,-90,90
5,49,0.06742187499999999,0.043149999999999994,1.1321948065160414e-10,0,0,0,0,0,1,-90,90
5,46,1.6805468749999997,1.0755499999999998,2.822090670100413e-09,0,0,0,0,0,1,-90,90
46,47,0.11729736393496698,0.07507031291837886,1.969738549472136e-10,0,0,0,0,0,1,-90,90
46,45,2.5063091156223534,1.6040378339983061,4.208767798628326e-09,0,0,0,0,0,1,-90,90
6,24,0.9187499999999998,0.5879999999999999,1.5428286123555791e-09,0,0,0,0,0,1,-90,90
6,25,1.749673086324575,1.119790775247728,2.9381721903129775e-09,0,0,0,0,0,1,-90,90
24,44,1.8911942698553716,1.2103643327074378,3.175824360332829e-09,0,0,0,0,0,1,-90,90
25,26,0.3336476098429875,0.213534470299512,5.60284167520884e-10,0,0,0,0,0,1,-90,90
9,23,1.2488629358740149,0.7992722789593695,4.1943542212284545e-09,0,0,0,0,0,1,-90,90
9,26,2.3475766078862508,1.5024490290472008,3.942213181326327e-09,0,0,0,0,0,1,-90,90
23,28,1.3209341223834443,0.8453978383254044,2.218204037061208e-09,0,0,0,0,0,1,-90,90
23,43,1.276661807284673,0.8170635566621907,2.1438589002235407e-09,0,0,0,0,0,1,-90,90
23,18,7.3884706204796275,4.728621197106961,1.2407231428380462e-08,0,0,0,0,0,1,-90,90
40,41,1.4891094282286101,0.9530300340663106,2.5006156547478172e-09,0,0,0,0,0,1,-90,90
18,42,1.224899895467382,0.7839359330991243,2.056936714011902e-09,0,0,0,0,0,1,-90,90
42,41,1.4821561430905321,0.9485799315779405,2.4889392169128306e-09,0,0,0,0,0,1,-90,90
28,27,0.5125565103084642,0.3280361665974171,8.607203804658787e-10,0,0,0,0,0,1,-90,90
