F_BUS,T_BUS,BR_R,BR_X,BR_B,RATE_A,RATE_B,RATE_C,TAP,SHIFT,BR_STATUS,ANGMIN,ANGMAX
4,5,6.068159992795226,3.883622395388945,1.0190074406787377e-08,0,0,0,0,0,1,-90,90
5,6,1.1703906249999998,0.7490499999999999,1.9654009729335826e-09,0,0,0,0,0,1,-90,90
5,7,1.3070312499999996,0.8364999999999998,2.194857371148711e-09,0,0,0,0,0,1,-90,90
6,159,1.7795312499999996,1.1388999999999998,2.9883120860744374e-09,0,0,0,0,0,1,-90,90
7,241,5.530849568407278,3.5397437237806577,9.287785539889258e-09,0,0,0,0,0,1,-90,90
159,157,9.52073462471117,6.093270159815149,1.5987876777849094e-08,0,0,0,0,0,1,-90,90
241,242,1.5644458301430995,1.0012453312915837,2.6271257569797555e-09,0,0,0,0,0,1,-90,90
157,158,1.3807067021166117,0.8836522893546316,2.3185782914793146e-09,0,0,0,0,0,1,-90,90
158,160,0.5465610214937398,0.3497990537559934,9.178231100504321e-10,0,0,0,0,0,1,-90,90
160,235,9.286543911968629,5.943388103659923,1.5594607518129755e-08,0,0,0,0,0,1,-90,90
235,179,15.744298110573467,10.076350790767018,2.6438915490012116e-08,0,0,0,0,0,1,-90,90
176,177,2.6393606924511186,1.689190843168716,4.432197218656023e-09,0,0,0,0,0,1,-90,90
176,242,14.726803008811249,9.4251539256392,2.473026726587019e-08,0,0,0,0,0,1,-90,90
177,178,2.466095183643021,1.5783009175315332,4.1412377797189006e-09,0,0,0,0,0,1,-90,90
178,202,1.1754251748348825,0.7522721118943249,1.9738553375981673e-09,0,0,0,0,0,1,-90,90
202,232,6.255903638622477,4.0037783287183855,1.0505346535843414e-08,0,0,0,0,0,1,-90,90
179,181,11.621376613292375,7.43768103250712,1.951542024919451e-08,0,0,0,0,0,1,-90,90
181,228,31.834348856719842,20.373983268300698,5.3458442744877826e-08,0,0,0,0,0,1,-90,90
232,247,21.390709597234178,13.690054142229874,3.592076060430148e-08,0,0,0,0,0,1,-90,90
247,246,2.0061769625105876,1.2839532560067761,3.368911259004018e-09,0,0,0,0,0,1,-90,90
244,245,1.3862885843623656,0.887224693991914,2.3279517746244014e-09,0,0,0,0,0,1,-90,90
245,246,0.7454687499999999,0.4770999999999999,1.2518427397191272e-09,0,0,0,0,0,1,-90,90
