F_BUS,T_BUS,BR_R,BR_X,BR_B,RATE_A,RATE_B,RATE_C,TAP,SHIFT,BR_STATUS,ANGMIN,ANGMAX
1,2,0.4912584501958444,0.18894555776763247,9.915326962632224e-10,0,0,0,0,0,1,-90,90
1,3,0.5089455923211503,0.19574830473890398,1.0272315828955112e-09,0,0,0,0,0,1,-90,90
2,4,0.8264527067296313,0.31786642566524287,8.340364224890043e-10,0,0,0,0,0,1,-90,90
3,5,0.8626277840341201,0.33177991693620007,1.7410869008643773e-09,0,0,0,0,0,1,-90,90
5,7,1.5647715931110684,0.6018352281196417,1.579130288888657e-09,0,0,0,0,0,1,-90,90
5,8,0.5725931817335107,0.22022814682058106,1.1556948508872036e-09,0,0,0,0,0,1,-90,90
7,13,2.552937466781224,0.9818990256850864,2.5763637946786007e-09,0,0,0,0,0,1,-90,90
8,27,0.12389740274291848,0.047652847208814804,2.5006862630601424e-10,0,0,0,0,0,1,-90,90
6,12,2.738059999999999,1.0531,2.7631850538633685e-09,0,0,0,0,0,1,-90,90
6,14,2.160957449725451,0.8311374806636349,2.18078688089964e-09,0,0,0,0,0,1,-90,90
12,25,1.7491418327102894,0.6727468587347267,1.7651923512385604e-09,0,0,0,0,0,1,-90,90
14,11,1.0546309011185016,0.40562726966096213,1.0643084312663344e-09,0,0,0,0,0,1,-90,90
27,10,0.5265312929269639,0.20251203574113996,1.0627257247884572e-09,0,0,0,0,0,1,-90,90
10,21,0.8941386389051912,0.3438994765019966,1.804686911977502e-09,0,0,0,0,0,1,-90,90
21,19,0.3300609828589736,0.12694653186883603,3.3308969660977823e-10,0,0,0,0,0,1,-90,90
11,15,1.4086799999999997,0.5418,1.4216063642419265e-09,0,0,0,0,0,1,-90,90
25,23,0.3187904787708011,0.12261172260415426,3.2171577184335806e-10,0,0,0,0,0,1,-90,90
19,17,1.0939827165986178,0.4207625833071607,1.10402134784853e-09,0,0,0,0,0,1,-90,90
23,22,0.5656051777300621,0.21754045297310085,5.707952979450567e-10,0,0,0,0,0,1,-90,90
16,17,0.5055416530005691,0.1944390973079112,5.101806168150275e-10,0,0,0,0,0,1,-90,90
16,18,0.5884623273226472,0.22633166435486432,5.938621898788165e-10,0,0,0,0,0,1,-90,90
18,20,0.40069296110734837,0.15411267734898013,4.043698097631465e-10,0,0,0,0,0,1,-90,90
20,29,0.6057419578159865,0.23297767608307174,6.113003821446823e-10,0,0,0,0,0,1,-90,90
29,28,0.3242310182153287,0.1247042377751264,3.2720623490043964e-10,0,0,0,0,0,1,-90,90
28,26,0.5451542305119317,0.20967470404305064,5.501566882394671e-10,0,0,0,0,0,1,-90,90
22,24,0.4890958546746242,0.18811379025947086,4.935839081479047e-10,0,0,0,0,0,1,-90,90
24,26,0.3129404159578425,0.12036169844532403,3.158120275393877e-10,0,0,0,0,0,1,-90,90
