BUS_I,BUS_TYPE,Pd,Qd,Gs,Bs,area,Vm,Va,baseKV,zone,Vmax,Vmin
1,1,0.007265999808684715,0.0018210312066041722,0,0,1,1,0,0.4,1,1.1,0.9
2,3,0.005138765426280014,0.0012878960158365937,0,0,1,1,0,0.4,1,1.1,0.9
3,1,0.00556126306700901,0.0013937839058368842,0,0,1,1,0,0.4,1,1.1,0.9
4,1,0.005354542372538512,0.0013419748161598221,0,0,1,1,0,0.4,1,1.1,0.9
5,1,0.0,0.0,0,0,1,1,0,0.4,1,1.1,0.9
7,1,0.005992964444202756,0.0015019784696275649,0,0,1,1,0,0.4,1,1.1,0.9
8,1,0.006674924553213128,0.0016728937838122306,0,0,1,1,0,0.4,1,1.1,0.9
6,1,0.0,0.0,0,0,1,1,0,0.4,1,1.1,0.9
12,1,0.0,0.0,0,0,1,1,0,0.4,1,1.1,0.9
14,1,0.006940522440337719,0.0017394588889040191,0,0,1,1,0,0.4,1,1.1,0.9
13,1,0.004753371225396961,0.0011913071244064742,0,0,1,1,0,0.4,1,1.1,0.9
27,1,0.006325976483110566,0.0015854391537719783,0,0,1,1,0,0.4,1,1.1,0.9
10,1,0.0,0.0,0,0,1,1,0,0.4,1,1.1,0.9
21,1,0.02573858169562576,0.006450696630275571,0,0,1,1,0,0.4,1,1.1,0.9
11,1,0.0,0.0,0,0,1,1,0,0.4,1,1.1,0.9
15,1,0.012460813686538005,0.0031229742885134602,0,0,1,1,0,0.4,1,1.1,0.9
25,1,0.006052124445239961,0.001516805363504264,0,0,1,1,0,0.4,1,1.1,0.9
19,1,0.006581907932010657,0.0016495816210813537,0,0,1,1,0,0.4,1,1.1,0.9
23,1,0.010146507352092488,0.0025429544471105344,0,0,1,1,0,0.4,1,1.1,0.9
16,1,0.007763090282492407,0.001945613822781439,0,0,1,1,0,0.4,1,1.1,0.9
17,1,0.006439851359819081,0.0016139788880954707,0,0,1,1,0,0.4,1,1.1,0.9
18,1,0.006711546068433875,0.00168207200068617,0,0,1,1,0,0.4,1,1.1,0.9
20,1,0.00940804931949211,0.0023578794185472956,0,0,1,1,0,0.4,1,1.1,0.9
29,1,0.005430813242004101,0.0013610900978978783,0,0,1,1,0,0.4,1,1.1,0.9
28,1,0.006739629877920603,0.0016891104668053862,0,0,1,1,0,0.4,1,1.1,0.9
22,1,0.00460979055050064,0.0011553224152768412,0,0,1,1,0,0.4,1,1.1,0.9
24,1,0.008161108805774838,0.002045366667646297,0,0,1,1,0,0.4,1,1.1,0.9
26,1,0.005061501184062975,0.0012685317714192352,0,0,1,1,0,0.4,1,1.1,0.9
