F_BUS,T_BUS,BR_R,BR_X,BR_B,RATE_A,RATE_B,RATE_C,TAP,SHIFT,BR_STATUS,ANGMIN,ANGMAX
1,2,0.42806718920949166,0.2739630010940747,7.188400626101043e-10,0,0,0,0,0,1,-90,90
2,4,1.8804318671836224,1.2034763949975185,3.157751388599858e-09,0,0,0,0,0,1,-90,90
4,11,1.4013965557579355,0.8968937956850788,2.3533221262366302e-09,0,0,0,0,0,1,-90,90
11,12,3.2699565452858215,2.092772188982926,1.0982274871785291e-08,0,0,0,0,0,1,-90,90
12,13,5.501015624999999,3.5206499999999994,9.237686316479032e-09,0,0,0,0,0,1,-90,90
13,16,5.720078125,3.660849999999999,9.605551233914835e-09,0,0,0,0,0,1,-90,90
13,17,2.029306419016368,1.2987561081704755,3.4077518438044008e-09,0,0,0,0,0,1,-90,90
16,18,3.995484373372043,2.557109998958108,6.7094939988658405e-09,0,0,0,0,0,1,-90,90
16,14,4.629843749999999,2.9630999999999994,7.774754185834723e-09,0,0,0,0,0,1,-90,90
14,19,2.71802516682254,1.7395361067664257,4.564296050586517e-09,0,0,0,0,0,1,-90,90
14,15,12.765294606912091,8.169788548423739,2.1436366546603912e-08,0,0,0,0,0,1,-90,90
15,21,4.853145046456355,3.1060128297320673,8.149737183765565e-09,0,0,0,0,0,1,-90,90
15,29,6.45073717900597,4.128471794563821,1.0832524506727974e-08,0,0,0,0,0,1,-90,90
21,26,3.2352551045845455,2.0705632669341094,5.4328643740108615e-09,0,0,0,0,0,1,-90,90
29,30,6.321998390792689,4.046078970107321,1.0616337419951989e-08,0,0,0,0,0,1,-90,90
