F_BUS,T_BUS,BR_R,BR_X,BR_B,RATE_A,RATE_B,RATE_C,TAP,SHIFT,BR_STATUS,ANGMIN,ANGMAX
1,2,0.4545621903238967,0.2909198018072939,7.633323029406588e-10,0,0,0,0,0,1,-90,90
1,3,1.86909061332768,1.1962179925297152,3.138706369879927e-09,0,0,0,0,0,1,-90,90
2,4,1.9407312141470265,1.242067977054097,3.259010227023255e-09,0,0,0,0,0,1,-90,90
3,8,9.650751734482764,6.176481110068969,1.620621051069414e-08,0,0,0,0,0,1,-90,90
4,28,0.7246627227061126,0.46378414253191214,1.216903818120803e-09,0,0,0,0,0,1,-90,90
8,26,1.663614690591182,1.0647134019783564,2.7936569736915917e-09,0,0,0,0,0,1,-90,90
8,24,0.8299323920726164,0.5311567309264745,1.3936799355758816e-09,0,0,0,0,0,1,-90,90
28,7,0.8295528764961281,0.530913840957522,1.3930426267429667e-09,0,0,0,0,0,1,-90,90
5,29,6.263437499999998,4.0085999999999995,1.0517997917497574e-08,0,0,0,0,0,1,-90,90
5,7,4.951704329785086,3.1690907710624554,8.315244756372722e-09,0,0,0,0,0,1,-90,90
26,15,0.885373343782388,0.5666389400207283,2.97356044060822e-09,0,0,0,0,0,1,-90,90
24,25,1.4476901214937268,0.9265216777559852,2.4310614870912073e-09,0,0,0,0,0,1,-90,90
9,21,0.6669094808862127,0.4268220677671762,1.119920575741448e-09,0,0,0,0,0,1,-90,90
9,15,0.9889535732246062,0.632930286863748,3.321438626529983e-09,0,0,0,0,0,1,-90,90
9,20,0.6068633408573081,0.38839253814867725,1.0190869399339884e-09,0,0,0,0,0,1,-90,90
21,12,1.252427241241794,0.8015534343947481,2.103162538972956e-09,0,0,0,0,0,1,-90,90
15,17,0.3417234812991091,0.21870302803142985,1.721537190080073e-09,0,0,0,0,0,1,-90,90
10,13,2.947379456598369,1.886322852222956,4.949443653996194e-09,0,0,0,0,0,1,-90,90
10,14,0.638148437652274,0.4084150000974554,1.0716230405876886e-09,0,0,0,0,0,1,-90,90
10,22,0.6635706581628793,0.42468522122424274,1.1143137934512256e-09,0,0,0,0,0,1,-90,90
13,27,1.0099663575920654,0.6463784688589219,1.6960054356566915e-09,0,0,0,0,0,1,-90,90
14,18,0.7988829815865827,0.5112851082154128,1.3415396156905744e-09,0,0,0,0,0,1,-90,90
22,12,0.940414357765807,0.6018651889701164,1.5792089019113834e-09,0,0,0,0,0,1,-90,90
12,23,0.5064741697269546,0.32414346862525095,8.505064930326875e-10,0,0,0,0,0,1,-90,90
18,19,1.8467021489384412,1.1818893753206023,3.1011101103464072e-09,0,0,0,0,0,1,-90,90
17,16,1.7208788977304212,1.1013624945474696,2.8898189951754285e-09,0,0,0,0,0,1,-90,90
