F_BUS,T_BUS,BR_R,BR_X,BR_B,RATE_A,RATE_B,RATE_C,TAP,SHIFT,BR_STATUS,ANGMIN,ANGMAX
1,2,28.89500910933546,11.113465042052102,2.9160156206278037e-08,0,0,0,0,0,1,-90,90
1,5,85.42238831464161,32.854764736400625,8.620624334613945e-08,0,0,0,0,0,1,-90,90
2,4,16.67707339528062,6.414258998184854,1.6830105968467392e-08,0,0,0,0,0,1,-90,90
5,6,6.2728899999999985,2.4126499999999997,6.330451448298788e-09,0,0,0,0,0,1,-90,90
6,87,5.607289999999999,2.1566499999999995,5.65874375312357e-09,0,0,0,0,0,1,-90,90
6,97,7.654141112113339,2.9439004277358998,7.724377231014923e-09,0,0,0,0,0,1,-90,90
87,85,2.0973304373178934,0.8066655528145744,2.1165760127278162e-09,0,0,0,0,0,1,-90,90
97,90,3.9624849956726234,1.5240326906433168,3.998845648451987e-09,0,0,0,0,0,1,-90,90
85,86,4.001657360030752,1.5390989846272125,4.038377467228373e-09,0,0,0,0,0,1,-90,90
86,88,4.160966649042618,1.6003717880933146,4.199148614076575e-09,0,0,0,0,0,1,-90,90
88,91,3.6762135218313166,1.4139282776274296,3.7099472832351045e-09,0,0,0,0,0,1,-90,90
91,92,0.6750851901134409,0.2596481500436312,6.812799235246747e-10,0,0,0,0,0,1,-90,90
89,90,10.777081119806097,4.1450311999254215,1.087597403801279e-08,0,0,0,0,0,1,-90,90
89,93,16.863307404722853,6.485887463354944,1.7018048903031218e-08,0,0,0,0,0,1,-90,90
90,98,9.569169999999998,3.6804499999999996,9.656978854326686e-09,0,0,0,0,0,1,-90,90
93,94,8.15519797508092,3.1366146058003537,8.230031904355788e-09,0,0,0,0,0,1,-90,90
94,95,3.2034972722266577,1.2321143354717914,3.232893283094151e-09,0,0,0,0,0,1,-90,90
95,96,2.6204099999999997,1.00785,2.64445547102478e-09,0,0,0,0,0,1,-90,90
