BUS_I,BUS_TYPE,Pd,Qd,Gs,Bs,area,Vm,Va,baseKV,zone,Vmax,Vmin
1,1,0.013409410754870125,0.003360715123829931,0,0,1,1,0,0.4,1,1.1,0.9
3,1,0.0,0.0,0,0,1,1,0,0.4,1,1.1,0.9
4,1,0.0,0.0,0,0,1,1,0,0.4,1,1.1,0.9
11,1,0.00323254156852192,0.0008101512837762096,0,0,1,1,0,0.4,1,1.1,0.9
5,1,0.0,0.0,0,0,1,1,0,0.4,1,1.1,0.9
12,1,0.0012342877457301785,0.00030934166832996974,0,0,1,1,0,0.4,1,1.1,0.9
13,1,0.0,0.0,0,0,1,1,0,0.4,1,1.1,0.9
27,1,0.0004763281554113176,0.00011937908869078663,0,0,1,1,0,0.4,1,1.1,0.9
15,1,0.0,0.0,0,0,1,1,0,0.4,1,1.1,0.9
20,1,0.0002279952200467831,5.7140988383391365e-05,0,0,1,1,0,0.4,1,1.1,0.9
21,1,0.012839815121482493,0.003217961001774413,0,0,1,1,0,0.4,1,1.1,0.9
18,1,0.0005113302624653928,0.00012815144362068707,0,0,1,1,0,0.4,1,1.1,0.9
16,1,0.0,0.0,0,0,1,1,0,0.4,1,1.1,0.9
36,1,0.09822973401710518,0.024618691958644096,0,0,1,1,0,0.4,1,1.1,0.9
9,1,0.0,0.0,0,0,1,1,0,0.4,1,1.1,0.9
24,1,0.012433999481129004,0.003116254015169698,0,0,1,1,0,0.4,1,1.1,0.9
8,3,0.0,0.0,0,0,1,1,0,0.4,1,1.1,0.9
17,1,0.0,0.0,0,0,1,1,0,0.4,1,1.1,0.9
25,1,0.0,0.0,0,0,1,1,0,0.4,1,1.1,0.9
23,1,0.005236872443819258,0.0013124839521467884,0,0,1,1,0,0.4,1,1.1,0.9
32,1,0.032999946111322336,0.008270566097888753,0,0,1,1,0,0.4,1,1.1,0.9
22,1,0.0,0.0,0,0,1,1,0,0.4,1,1.1,0.9
7,1,0.05824597624297466,0.014597817670020333,0,0,1,1,0,0.4,1,1.1,0.9
10,1,0.0,0.0,0,0,1,1,0,0.4,1,1.1,0.9
31,1,0.0,0.0,0,0,1,1,0,0.4,1,1.1,0.9
28,1,0.06638335836603022,0.016637237870449642,0,0,1,1,0,0.4,1,1.1,0.9
29,1,0.0,0.0,0,0,1,1,0,0.4,1,1.1,0.9
33,1,0.014196396814690298,0.003557952422457718,0,0,1,1,0,0.4,1,1.1,0.9
26,1,0.0004838017563705112,0.0001212521496501513,0,0,1,1,0,0.4,1,1.1,0.9
19,1,0.00017981947336810676,4.5067008144846926e-05,0,0,1,1,0,0.4,1,1.1,0.9
35,1,0.007165316186797964,0.0017957975123738803,0,0,1,1,0,0.4,1,1.1,0.9
30,1,0.005641640487534277,0.0014139283862851096,0,0,1,1,0,0.4,1,1.1,0.9
34,1,0.0041184576701118756,0.0010321827880297799,0,0,1,1,0,0.4,1,1.1,0.9
