BUS_I,BUS_TYPE,Pd,Qd,Gs,Bs,area,Vm,Va,baseKV,zone,Vmax,Vmin
1,1,0.07927906520519458,0.019869206657080824,0,0,1,1,0,0.4,1,1.1,0.9
2,1,0.016167765061637186,0.004052023877442891,0,0,1,1,0,0.4,1,1.1,0.9
3,1,0.0,0.0,0,0,1,1,0,0.4,1,1.1,0.9
4,3,0.02561365169215811,0.006419386220016018,0,0,1,1,0,0.4,1,1.1,0.9
5,1,0.0,0.0,0,0,1,1,0,0.4,1,1.1,0.9
8,1,0.0,0.0,0,0,1,1,0,0.4,1,1.1,0.9
10,1,0.02880536114017885,0.007219304009762183,0,0,1,1,0,0.4,1,1.1,0.9
6,1,0.012399858015821882,0.003107697357393689,0,0,1,1,0,0.4,1,1.1,0.9
7,1,0.0,0.0,0,0,1,1,0,0.4,1,1.1,0.9
9,1,0.007457288760395965,0.0018689727369808214,0,0,1,1,0,0.4,1,1.1,0.9
11,1,0.0031163279333268957,0.0007810254013243408,0,0,1,1,0,0.4,1,1.1,0.9
12,1,0.009537720504945977,0.0023903780810199545,0,0,1,1,0,0.4,1,1.1,0.9
13,1,0.006910151402268043,0.00173184718926762,0,0,1,1,0,0.4,1,1.1,0.9
