F_BUS,T_BUS,BR_R,BR_X,BR_B,RATE_A,RATE_B,RATE_C,TAP,SHIFT,BR_STATUS,ANGMIN,ANGMAX
1,2,2.5676075441529833,0.9875413631357629,2.5911684879770177e-09,0,0,0,0,0,1,-90,90
2,4,4.7000816323004875,1.807723704730957,4.743210637572023e-09,0,0,0,0,0,1,-90,90
4,8,5.38271997504016,2.070276913476985,5.432113023148789e-09,0,0,0,0,0,1,-90,90
8,6,0.09707763637965362,0.03733755245371294,9.796844258659112e-11,0,0,0,0,0,1,-90,90
5,7,2.201098390715135,0.8465763041212058,2.221296164184413e-09,0,0,0,0,0,1,-90,90
7,6,1.2072482188458344,0.4643262380176287,1.2183261997976608e-09,0,0,0,0,0,1,-90,90
