BUS_I,BUS_TYPE,Pd,Qd,Gs,Bs,area,Vm,Va,baseKV,zone,Vmax,Vmin
1,1,0.0011880339947084398,0.0002977493856089586,0,0,1,1,0,0.4,1,1.1,0.9
2,1,0.0015596989345022353,0.00039089739986519333,0,0,1,1,0,0.4,1,1.1,0.9
3,1,0.0017419139890770296,0.00043656479725449334,0,0,1,1,0,0.4,1,1.1,0.9
4,1,0.0,0.0,0,0,1,1,0,0.4,1,1.1,0.9
5,1,0.0,0.0,0,0,1,1,0,0.4,1,1.1,0.9
10,1,0.003597897873415769,0.0009017182050890969,0,0,1,1,0,0.4,1,1.1,0.9
11,1,0.0,0.0,0,0,1,1,0,0.4,1,1.1,0.9
7,1,0.005875177568239575,0.0014724582958723998,0,0,1,1,0,0.4,1,1.1,0.9
14,1,0.0,0.0,0,0,1,1,0,0.4,1,1.1,0.9
26,1,0.0013961081061016074,0.00034989767354044163,0,0,1,1,0,0.4,1,1.1,0.9
24,1,0.00044663482179455467,0.00011193723780061683,0,0,1,1,0,0.4,1,1.1,0.9
12,1,0.0,0.0,0,0,1,1,0,0.4,1,1.1,0.9
29,1,0.0012511783476424232,0.00031357485219872815,0,0,1,1,0,0.4,1,1.1,0.9
30,1,0.0026333043185152857,0.0006599682723319414,0,0,1,1,0,0.4,1,1.1,0.9
6,1,0.00846244047158959,0.0021208875018652587,0,0,1,1,0,0.4,1,1.1,0.9
16,1,0.0,0.0,0,0,1,1,0,0.4,1,1.1,0.9
17,1,0.0009590281956843913,0.0002403551222595896,0,0,1,1,0,0.4,1,1.1,0.9
27,1,0.004101678554886261,0.0010279775453584919,0,0,1,1,0,0.4,1,1.1,0.9
25,1,0.0008135860036164606,0.0002039038729496115,0,0,1,1,0,0.4,1,1.1,0.9
13,1,0.011341588010505542,0.0028424698931167436,0,0,1,1,0,0.4,1,1.1,0.9
15,1,0.0,0.0,0,0,1,1,0,0.4,1,1.1,0.9
18,1,0.0,0.0,0,0,1,1,0,0.4,1,1.1,0.9
19,1,0.0,0.0,0,0,1,1,0,0.4,1,1.1,0.9
37,1,0.021677229217249665,0.005432825752368013,0,0,1,1,0,0.4,1,1.1,0.9
28,1,0.0032857715359630364,0.0008234919711405193,0,0,1,1,0,0.4,1,1.1,0.9
39,1,0.018518374421471466,0.004641142114643745,0,0,1,1,0,0.4,1,1.1,0.9
38,1,0.0,0.0,0,0,1,1,0,0.4,1,1.1,0.9
36,1,0.017693235731675205,0.004434342865612733,0,0,1,1,0,0.4,1,1.1,0.9
34,1,0.0,0.0,0,0,1,1,0,0.4,1,1.1,0.9
21,1,0.05220769107510477,0.013084480756368989,0,0,1,1,0,0.4,1,1.1,0.9
22,1,0.01278022592701746,0.003203026541885283,0,0,1,1,0,0.4,1,1.1,0.9
23,1,0.050442621988968754,0.012642112744767316,0,0,1,1,0,0.4,1,1.1,0.9
35,1,0.024813106739253157,0.006218750742461102,0,0,1,1,0,0.4,1,1.1,0.9
33,3,0.039898282021264886,0.009999452045646237,0,0,1,1,0,0.4,1,1.1,0.9
31,1,0.029721057221640465,0.007448799080504363,0,0,1,1,0,0.4,1,1.1,0.9
32,1,0.051415030115232796,0.012885821193722375,0,0,1,1,0,0.4,1,1.1,0.9
