F_BUS,T_BUS,BR_R,BR_X,BR_B,RATE_A,RATE_B,RATE_C,TAP,SHIFT,BR_STATUS,ANGMIN,ANGMAX
1,2,3.735568160211662,1.4367569846967931,3.769846573115543e-09,0,0,0,0,0,1,-90,90
1,3,3.2835888425785713,1.262918785607143,3.3137197916939825e-09,0,0,0,0,0,1,-90,90
3,5,1.2014599999999998,0.4620999999999999,1.2124848669549543e-09,0,0,0,0,0,1,-90,90
3,6,7.194069999999999,2.766949999999999,7.260084402988554e-09,0,0,0,0,0,1,-90,90
5,17,5.379399999999999,2.0689999999999995,5.428762583271587e-09,0,0,0,0,0,1,-90,90
5,24,3.960336094773916,1.5232061902976601,3.996677028755727e-09,0,0,0,0,0,1,-90,90
6,8,3.1721334264332044,1.220051317858925,3.2012416356035395e-09,0,0,0,0,0,1,-90,90
17,23,2.866950580271766,1.1026733001045255,2.893258363064307e-09,0,0,0,0,0,1,-90,90
17,15,1.8504588853328625,0.7117149558972549,3.734878223808415e-09,0,0,0,0,0,1,-90,90
8,7,1.315184369515538,0.5058401421213607,1.3272527968415783e-09,0,0,0,0,0,1,-90,90
15,13,1.7683500569353645,0.6801346372828326,1.7845768344456427e-09,0,0,0,0,0,1,-90,90
9,10,5.024789778035651,1.932611453090635,5.070898378221641e-09,0,0,0,0,0,1,-90,90
10,11,3.799333288471044,1.4612820340273247,3.834196824521285e-09,0,0,0,0,0,1,-90,90
10,12,3.6608444994342824,1.4080171151670315,3.6944372312347914e-09,0,0,0,0,0,1,-90,90
11,19,3.3050374665694,1.2711682563728464,3.3353652330785374e-09,0,0,0,0,0,1,-90,90
12,21,3.986413877353216,1.533236106674314,4.022994106928237e-09,0,0,0,0,0,1,-90,90
19,18,0.3505616405721936,0.13483140022007445,3.537784729651313e-10,0,0,0,0,0,1,-90,90
21,22,2.988573938709797,1.1494515148883835,3.0159977647708563e-09,0,0,0,0,0,1,-90,90
18,20,0.090301984672996,0.034731532566536924,9.113061597723261e-11,0,0,0,0,0,1,-90,90
13,14,1.4634294431693795,0.5628574781420691,1.476858200605254e-09,0,0,0,0,0,1,-90,90
14,16,0.03234909042860674,0.01244195785715644,3.264593295194433e-11,0,0,0,0,0,1,-90,90
16,20,2.340069917370156,0.9000268912962139,2.3615429247980333e-09,0,0,0,0,0,1,-90,90
