BUS_I,BUS_TYPE,Pd,Qd,Gs,Bs,area,Vm,Va,baseKV,zone,Vmax,Vmin
1,1,0.012838489765173518,0.003217628836172698,0,0,1,1,0,0.4,1,1.1,0.9
2,1,0.012791467070616767,0.003205843838036019,0,0,1,1,0,0.4,1,1.1,0.9
3,1,0.0048343018769472805,0.001211590257619303,0,0,1,1,0,0.4,1,1.1,0.9
4,1,0.0,0.0,0,0,1,1,0,0.4,1,1.1,0.9
11,1,0.0,0.0,0,0,1,1,0,0.4,1,1.1,0.9
13,1,0.0,0.0,0,0,1,1,0,0.4,1,1.1,0.9
10,1,0.010139832981300237,0.0025412816921123013,0,0,1,1,0,0.4,1,1.1,0.9
5,1,0.013144409548981155,0.0032942995611519974,0,0,1,1,0,0.4,1,1.1,0.9
6,1,0.0,0.0,0,0,1,1,0,0.4,1,1.1,0.9
7,1,0.01299318636317252,0.0032563994582383597,0,0,1,1,0,0.4,1,1.1,0.9
9,1,0.0,0.0,0,0,1,1,0,0.4,1,1.1,0.9
8,1,0.0,0.0,0,0,1,1,0,0.4,1,1.1,0.9
16,1,0.0044767128313276255,0.0011219699949770073,0,0,1,1,0,0.4,1,1.1,0.9
14,1,0.006546596198006117,0.0016407316663229303,0,0,1,1,0,0.4,1,1.1,0.9
17,3,0.010757482026808948,0.002696079134476155,0,0,1,1,0,0.4,1,1.1,0.9
15,1,0.009725461510354487,0.0024374304122351995,0,0,1,1,0,0.4,1,1.1,0.9
12,1,0.00605400171223354,0.001517275850962074,0,0,1,1,0,0.4,1,1.1,0.9
18,1,0.0,0.0,0,0,1,1,0,0.4,1,1.1,0.9
19,1,0.006874665694959546,0.0017229536326892178,0,0,1,1,0,0.4,1,1.1,0.9
20,1,0.0,0.0,0,0,1,1,0,0.4,1,1.1,0.9
21,1,0.003486241553234734,0.0008737344934433546,0,0,1,1,0,0.4,1,1.1,0.9
31,1,0.007291060293585314,0.0018273119561580157,0,0,1,1,0,0.4,1,1.1,0.9
26,1,0.008841213916551216,0.00221581707545039,0,0,1,1,0,0.4,1,1.1,0.9
22,1,0.010748577133933753,0.0026938473579492944,0,0,1,1,0,0.4,1,1.1,0.9
35,1,0.007858638985847176,0.0019695605851184853,0,0,1,1,0,0.4,1,1.1,0.9
25,1,0.0,0.0,0,0,1,1,0,0.4,1,1.1,0.9
24,1,0.008805463927803445,0.002206857283699828,0,0,1,1,0,0.4,1,1.1,0.9
27,1,0.02015448130877264,0.005051189152568837,0,0,1,1,0,0.4,1,1.1,0.9
28,1,0.0,0.0,0,0,1,1,0,0.4,1,1.1,0.9
29,1,0.006226893243190144,0.001560606553070438,0,0,1,1,0,0.4,1,1.1,0.9
30,1,0.002567257424794421,0.0006434153604503299,0,0,1,1,0,0.4,1,1.1,0.9
33,1,0.0057522262851855835,0.0014416437996944995,0,0,1,1,0,0.4,1,1.1,0.9
32,1,0.004487320813275064,0.0011246286058597505,0,0,1,1,0,0.4,1,1.1,0.9
