F_BUS,T_BUS,BR_R,BR_X,BR_B,RATE_A,RATE_B,RATE_C,TAP,SHIFT,BR_STATUS,ANGMIN,ANGMAX
1,2,1.6043805126334423,1.026803528085403,2.6941868408126117e-09,0,0,0,0,0,1,-90,90
1,3,0.541402905160895,0.34649785930297283,9.091612439669801e-10,0,0,0,0,0,1,-90,90
3,5,0.6055453928371973,0.3875490514158063,2.03374750073323e-09,0,0,0,0,0,1,-90,90
5,17,0.08818610186669958,0.056439105194687735,2.961764161568389e-10,0,0,0,0,0,1,-90,90
17,16,1.1427239827165965,0.7313433489386217,1.9189412316300275e-09,0,0,0,0,0,1,-90,90
9,12,0.9865468308095173,0.6313899717180911,1.6566777447636922e-09,0,0,0,0,0,1,-90,90
9,7,2.111849783363551,1.3515838613526723,3.5463643763485367e-09,0,0,0,0,0,1,-90,90
12,13,0.6377633662853128,0.4081685544226002,1.07097640208674e-09,0,0,0,0,0,1,-90,90
7,6,1.1575730847666021,0.7408467742506254,1.9438768719136046e-09,0,0,0,0,0,1,-90,90
16,14,0.07085077953895881,0.04534449890493364,1.1897753456370384e-10,0,0,0,0,0,1,-90,90
13,14,2.1126082902425414,1.3520693057552264,3.5476381136171897e-09,0,0,0,0,0,1,-90,90
15,14,0.44187877171378603,0.28280241389682303,7.42033428236809e-10,0,0,0,0,0,1,-90,90
