BUS_I,BUS_TYPE,Pd,Qd,Gs,Bs,area,Vm,Va,baseKV,zone,Vmax,Vmin
1,3,0.021244785859881526,0.005324445230816827,0,0,1,1,0,0.4,1,1.1,0.9
2,1,0.04519049649490214,0.011325806017885088,0,0,1,1,0,0.4,1,1.1,0.9
33,1,0.014475406195690621,0.0036278787647526373,0,0,1,1,0,0.4,1,1.1,0.9
4,1,0.0,0.0,0,0,1,1,0,0.4,1,1.1,0.9
14,1,0.0,0.0,0,0,1,1,0,0.4,1,1.1,0.9
3,1,0.026212468694540372,0.0065694639074775395,0,0,1,1,0,0.4,1,1.1,0.9
32,1,0.007571168592461555,0.0018975137132338639,0,0,1,1,0,0.4,1,1.1,0.9
8,1,0.0,0.0,0,0,1,1,0,0.4,1,1.1,0.9
12,1,0.0,0.0,0,0,1,1,0,0.4,1,1.1,0.9
19,1,0.009620658868948282,0.0024111643944041594,0,0,1,1,0,0.4,1,1.1,0.9
6,1,0.021776025775752616,0.005457586503933671,0,0,1,1,0,0.4,1,1.1,0.9
10,1,0.04685439686935477,0.0117428187602935,0,0,1,1,0,0.4,1,1.1,0.9
9,1,0.02814284425618052,0.007053261627099156,0,0,1,1,0,0.4,1,1.1,0.9
17,1,0.007504002875788932,0.0018806803978890728,0,0,1,1,0,0.4,1,1.1,0.9
16,1,0.010315170726381065,0.002585225473270423,0,0,1,1,0,0.4,1,1.1,0.9
7,1,0.02244287569076264,0.005624714846533286,0,0,1,1,0,0.4,1,1.1,0.9
11,1,0.03256811766401096,0.008162339687324644,0,0,1,1,0,0.4,1,1.1,0.9
15,1,0.009743064575645628,0.002441842156258196,0,0,1,1,0,0.4,1,1.1,0.9
18,1,0.0,0.0,0,0,1,1,0,0.4,1,1.1,0.9
20,1,0.0,0.0,0,0,1,1,0,0.4,1,1.1,0.9
31,1,0.00650092725504109,0.0016292859503166434,0,0,1,1,0,0.4,1,1.1,0.9
24,1,0.0,0.0,0,0,1,1,0,0.4,1,1.1,0.9
21,1,0.005970660711541885,0.0014963886273114866,0,0,1,1,0,0.4,1,1.1,0.9
22,1,0.00889732778433109,0.0022298805363698735,0,0,1,1,0,0.4,1,1.1,0.9
23,1,0.0,0.0,0,0,1,1,0,0.4,1,1.1,0.9
25,1,0.009334850145650136,0.002339533976299341,0,0,1,1,0,0.4,1,1.1,0.9
30,1,0.0026234133965588884,0.0006574893736230317,0,0,1,1,0,0.4,1,1.1,0.9
26,1,0.010580774993211351,0.002651792177267175,0,0,1,1,0,0.4,1,1.1,0.9
29,1,0.0060350199009864495,0.0015125185606305346,0,0,1,1,0,0.4,1,1.1,0.9
27,1,0.020821300544001456,0.00521830980609049,0,0,1,1,0,0.4,1,1.1,0.9
28,1,0.00595867259728407,0.0014933841226670295,0,0,1,1,0,0.4,1,1.1,0.9
