BUS_I,BUS_TYPE,Pd,Qd,Gs,Bs,area,Vm,Va,baseKV,zone,Vmax,Vmin
1,1,0.026014779072643948,0.006519918217940791,0,0,1,1,0,0.4,1,1.1,0.9
2,1,0.0007964108538990767,0.0001995993746786273,0,0,1,1,0,0.4,1,1.1,0.9
3,1,0.0,0.0,0,0,1,1,0,0.4,1,1.1,0.9
4,1,0.001196773957866864,0.0002999398268524387,0,0,1,1,0,0.4,1,1.1,0.9
9,1,0.0,0.0,0,0,1,1,0,0.4,1,1.1,0.9
6,1,0.0,0.0,0,0,1,1,0,0.4,1,1.1,0.9
30,1,0.008883509472821256,0.0022264173410568334,0,0,1,1,0,0.4,1,1.1,0.9
7,1,0.0,0.0,0,0,1,1,0,0.4,1,1.1,0.9
15,3,0.0,0.0,0,0,1,1,0,0.4,1,1.1,0.9
22,1,0.0072875427606010216,0.0018264303792927094,0,0,1,1,0,0.4,1,1.1,0.9
8,1,0.0,0.0,0,0,1,1,0,0.4,1,1.1,0.9
26,1,0.000589282411254851,0.00014768809367644194,0,0,1,1,0,0.4,1,1.1,0.9
10,1,0.0,0.0,0,0,1,1,0,0.4,1,1.1,0.9
25,1,0.0012972298995729506,0.0003251164590506589,0,0,1,1,0,0.4,1,1.1,0.9
27,1,0.00760660609057691,0.0019063951874495532,0,0,1,1,0,0.4,1,1.1,0.9
33,1,0.016004205623976663,0.004011032018379195,0,0,1,1,0,0.4,1,1.1,0.9
17,1,0.0,0.0,0,0,1,1,0,0.4,1,1.1,0.9
29,1,0.0,0.0,0,0,1,1,0,0.4,1,1.1,0.9
13,1,0.0,0.0,0,0,1,1,0,0.4,1,1.1,0.9
11,1,0.006626743550199991,0.0016608184862120928,0,0,1,1,0,0.4,1,1.1,0.9
14,1,0.0,0.0,0,0,1,1,0,0.4,1,1.1,0.9
21,1,0.005881434196860266,0.0014740263548135512,0,0,1,1,0,0.4,1,1.1,0.9
32,1,0.08472618494041365,0.021234383547408732,0,0,1,1,0,0.4,1,1.1,0.9
18,1,0.0,0.0,0,0,1,1,0,0.4,1,1.1,0.9
28,1,0.07720577087786892,0.01934959011841498,0,0,1,1,0,0.4,1,1.1,0.9
19,1,0.0,0.0,0,0,1,1,0,0.4,1,1.1,0.9
23,1,0.001466012599936919,0.0003674173911440421,0,0,1,1,0,0.4,1,1.1,0.9
20,1,0.006722728439468133,0.001684874567043641,0,0,1,1,0,0.4,1,1.1,0.9
31,1,0.02056095525242324,0.005153061125531798,0,0,1,1,0,0.4,1,1.1,0.9
