F_BUS,T_BUS,BR_R,BR_X,BR_B,RATE_A,RATE_B,RATE_C,TAP,SHIFT,BR_STATUS,ANGMIN,ANGMAX
1,2,2.8988171692035065,1.1149296804628872,2.9254173669772207e-09,0,0,0,0,0,1,-90,90
1,3,10.109876667959549,3.8884141030613657,1.0202647168180326e-08,0,0,0,0,0,1,-90,90
2,4,1.867959518069554,0.7184459684882901,1.885100334379675e-09,0,0,0,0,0,1,-90,90
3,5,4.127825,1.5876249999999996,8.33140569962934e-09,0,0,0,0,0,1,-90,90
3,6,8.218317722245942,3.160891431633055,8.293730852505215e-09,0,0,0,0,0,1,-90,90
5,16,1.2006998558656983,0.46180763687142246,2.4234354951345103e-09,0,0,0,0,0,1,-90,90
6,7,7.104452105493018,2.732481579035776,7.16964415454243e-09,0,0,0,0,0,1,-90,90
16,24,5.35417343225433,2.0592974739439733,5.403304530871311e-09,0,0,0,0,0,1,-90,90
16,14,2.3912199999999997,0.9196999999999999,2.4131623720806566e-09,0,0,0,0,0,1,-90,90
7,8,1.247632429092994,0.47985862657422856,1.2590809846332845e-09,0,0,0,0,0,1,-90,90
24,25,0.6178640892215537,0.2376400343159822,6.235337489521413e-10,0,0,0,0,0,1,-90,90
14,17,0.5731656763966592,0.22044833707563816,5.784251734464317e-10,0,0,0,0,0,1,-90,90
14,12,1.1360889426854528,0.43695728564825115,1.1465139501281493e-09,0,0,0,0,0,1,-90,90
8,9,1.1599586907348174,0.4461379579749298,1.1706027323496814e-09,0,0,0,0,0,1,-90,90
12,13,1.3680741767570297,0.5261823756757807,1.3806279328398418e-09,0,0,0,0,0,1,-90,90
13,15,0.43985013088845476,0.1691731272647903,4.438862945336569e-10,0,0,0,0,0,1,-90,90
15,18,2.496573344472444,0.9602205171047863,2.519482462517235e-09,0,0,0,0,0,1,-90,90
18,19,0.2747413723867246,0.10566975861027868,2.7726246096028114e-10,0,0,0,0,0,1,-90,90
19,20,2.9352554046999173,1.128944386423045,2.9621899679110333e-09,0,0,0,0,0,1,-90,90
20,21,1.137970248813362,0.4376808649282162,1.1484125195438595e-09,0,0,0,0,0,1,-90,90
