BUS_I,BUS_TYPE,Pd,Qd,Gs,Bs,area,Vm,Va,baseKV,zone,Vmax,Vmin
1,1,0.00718209334169701,0.0018000022637410188,0,0,1,1,0,0.4,1,1.1,0.9
2,1,0.05255431496299209,0.013171352891438799,0,0,1,1,0,0.4,1,1.1,0.9
3,1,0.003912522657238863,0.0009805706087222673,0,0,1,1,0,0.4,1,1.1,0.9
4,1,0.0,0.0,0,0,1,1,0,0.4,1,1.1,0.9
5,1,0.0,0.0,0,0,1,1,0,0.4,1,1.1,0.9
6,3,0.052697992581538136,0.013207361896937284,0,0,1,1,0,0.4,1,1.1,0.9
7,1,0.0,0.0,0,0,1,1,0,0.4,1,1.1,0.9
8,1,0.0,0.0,0,0,1,1,0,0.4,1,1.1,0.9
9,1,0.04323375954520391,0.01083540151164537,0,0,1,1,0,0.4,1,1.1,0.9
18,1,0.08827168622811707,0.022122969930282853,0,0,1,1,0,0.4,1,1.1,0.9
19,1,0.06856588111718455,0.01718422963257784,0,0,1,1,0,0.4,1,1.1,0.9
10,1,0.0,0.0,0,0,1,1,0,0.4,1,1.1,0.9
11,1,0.0,0.0,0,0,1,1,0,0.4,1,1.1,0.9
13,1,0.0,0.0,0,0,1,1,0,0.4,1,1.1,0.9
14,1,0.0,0.0,0,0,1,1,0,0.4,1,1.1,0.9
16,1,0.03314530117186926,0.00830699550998114,0,0,1,1,0,0.4,1,1.1,0.9
17,1,0.04337262566591903,0.0108702046421189,0,0,1,1,0,0.4,1,1.1,0.9
21,1,0.07330720059960426,0.01837251630547958,0,0,1,1,0,0.4,1,1.1,0.9
12,1,0.0,0.0,0,0,1,1,0,0.4,1,1.1,0.9
20,1,0.0240877141217508,0.0060369502155834115,0,0,1,1,0,0.4,1,1.1,0.9
