BUS_I,BUS_TYPE,Pd,Qd,Gs,Bs,area,Vm,Va,baseKV,zone,Vmax,Vmin
1,1,0.013197274754132121,0.0033075488304691223,0,0,1,1,0,0.4,1,1.1,0.9
2,1,0.035957138522352355,0.009011708377851669,0,0,1,1,0,0.4,1,1.1,0.9
3,1,0.0,0.0,0,0,1,1,0,0.4,1,1.1,0.9
4,1,0.017133611480853364,0.004294087807595669,0,0,1,1,0,0.4,1,1.1,0.9
5,1,0.0,0.0,0,0,1,1,0,0.4,1,1.1,0.9
6,1,0.011412559628301882,0.0028602570571950913,0,0,1,1,0,0.4,1,1.1,0.9
10,1,0.01169819635433604,0.002931844368722231,0,0,1,1,0,0.4,1,1.1,0.9
17,1,0.05106591957832722,0.012798325845663115,0,0,1,1,0,0.4,1,1.1,0.9
15,3,0.06026770051451362,0.015104509534396803,0,0,1,1,0,0.4,1,1.1,0.9
11,1,0.0,0.0,0,0,1,1,0,0.4,1,1.1,0.9
13,1,0.0471482445302523,0.01181646392607543,0,0,1,1,0,0.4,1,1.1,0.9
7,1,0.042883816876236006,0.010747697611632707,0,0,1,1,0,0.4,1,1.1,0.9
8,1,0.0,0.0,0,0,1,1,0,0.4,1,1.1,0.9
9,1,0.027589809514973435,0.006914658055864453,0,0,1,1,0,0.4,1,1.1,0.9
12,1,0.0,0.0,0,0,1,1,0,0.4,1,1.1,0.9
25,1,0.016841316176854568,0.004220831699125992,0,0,1,1,0,0.4,1,1.1,0.9
24,1,0.010831547957329976,0.002714641806424447,0,0,1,1,0,0.4,1,1.1,0.9
14,1,0.054239385757962964,0.01359367144136658,0,0,1,1,0,0.4,1,1.1,0.9
16,1,0.0,0.0,0,0,1,1,0,0.4,1,1.1,0.9
19,1,0.0,0.0,0,0,1,1,0,0.4,1,1.1,0.9
20,1,0.026236218225928216,0.006575416101110658,0,0,1,1,0,0.4,1,1.1,0.9
22,1,0.01482594436219033,0.003715731910515014,0,0,1,1,0,0.4,1,1.1,0.9
23,1,0.020508885198346878,0.005140011139858899,0,0,1,1,0,0.4,1,1.1,0.9
