BUS_I,BUS_TYPE,Pd,Qd,Gs,Bs,area,Vm,Va,baseKV,zone,Vmax,Vmin
1,1,0.009501286687742243,0.002381246905703323,0,0,1,1,0,0.4,1,1.1,0.9
2,1,0.019131671215561117,0.004794848779982856,0,0,1,1,0,0.4,1,1.1,0.9
3,1,0.007808819071830078,0.0019570745377025423,0,0,1,1,0,0.4,1,1.1,0.9
4,1,0.0,0.0,0,0,1,1,0,0.4,1,1.1,0.9
5,1,0.008621185784232441,0.0021606728274689343,0,0,1,1,0,0.4,1,1.1,0.9
28,1,0.0,0.0,0,0,1,1,0,0.4,1,1.1,0.9
29,1,0.007922992029880113,0.001985688978252198,0,0,1,1,0,0.4,1,1.1,0.9
32,1,0.033741242425212675,0.008456352466795816,0,0,1,1,0,0.4,1,1.1,0.9
30,1,0.00972416596281915,0.0024371057174163713,0,0,1,1,0,0.4,1,1.1,0.9
6,1,0.01636588055834771,0.004101676301269071,0,0,1,1,0,0.4,1,1.1,0.9
7,1,0.013997490777335501,0.0035081018704700728,0,0,1,1,0,0.4,1,1.1,0.9
8,1,0.0,0.0,0,0,1,1,0,0.4,1,1.1,0.9
9,1,0.014138447373672761,0.0035434289235206457,0,0,1,1,0,0.4,1,1.1,0.9
10,1,0.008386025328802386,0.0021017360618244417,0,0,1,1,0,0.4,1,1.1,0.9
11,1,0.0,0.0,0,0,1,1,0,0.4,1,1.1,0.9
12,1,0.010634673214748694,0.00266530034489507,0,0,1,1,0,0.4,1,1.1,0.9
14,1,0.009365446151627084,0.0023472020582080235,0,0,1,1,0,0.4,1,1.1,0.9
27,1,0.0023396650976731186,0.0005863753465521489,0,0,1,1,0,0.4,1,1.1,0.9
22,1,0.0,0.0,0,0,1,1,0,0.4,1,1.1,0.9
15,1,0.00887307162974003,0.002223801370993384,0,0,1,1,0,0.4,1,1.1,0.9
26,3,0.02634800076664376,0.006603431446604226,0,0,1,1,0,0.4,1,1.1,0.9
24,1,0.007370451123780404,0.00184720917376194,0,0,1,1,0,0.4,1,1.1,0.9
16,1,0.04182569816370189,0.01048250806490118,0,0,1,1,0,0.4,1,1.1,0.9
17,1,0.02577758804498541,0.006460472542924884,0,0,1,1,0,0.4,1,1.1,0.9
20,1,0.002226400786699058,0.0005579886344259314,0,0,1,1,0,0.4,1,1.1,0.9
19,1,0.007080165393508332,0.0017744567119430598,0,0,1,1,0,0.4,1,1.1,0.9
21,1,0.0,0.0,0,0,1,1,0,0.4,1,1.1,0.9
23,1,0.0,0.0,0,0,1,1,0,0.4,1,1.1,0.9
31,1,0.0,0.0,0,0,1,1,0,0.4,1,1.1,0.9
25,1,0.014136832010851945,0.003543024075435847,0,0,1,1,0,0.4,1,1.1,0.9
