BUS_I,BUS_TYPE,Pd,Qd,Gs,Bs,area,Vm,Va,baseKV,zone,Vmax,Vmin
1,1,0.0035654195531708717,0.0008935783707564081,0,0,1,1,0,0.4,1,1.1,0.9
2,1,0.004236263632869345,0.0010617077453865067,0,0,1,1,0,0.4,1,1.1,0.9
3,1,0.006244649312738194,0.0015650566435748425,0,0,1,1,0,0.4,1,1.1,0.9
4,1,0.006856138127392194,0.0017183101865550345,0,0,1,1,0,0.4,1,1.1,0.9
5,1,0.009828130861011624,0.002463161777006908,0,0,1,1,0,0.4,1,1.1,0.9
15,1,0.00731499285994759,0.001833310022679809,0,0,1,1,0,0.4,1,1.1,0.9
16,1,0.009911484885120746,0.002484052264633583,0,0,1,1,0,0.4,1,1.1,0.9
10,3,0.006636638860712915,0.001663298484796945,0,0,1,1,0,0.4,1,1.1,0.9
14,1,0.0039850695615376895,0.0009987525768132635,0,0,1,1,0,0.4,1,1.1,0.9
8,1,0.0,0.0,0,0,1,1,0,0.4,1,1.1,0.9
19,1,0.010326737858758624,0.0025881244699102633,0,0,1,1,0,0.4,1,1.1,0.9
9,1,0.008697307082372617,0.002179750623099316,0,0,1,1,0,0.4,1,1.1,0.9
12,1,0.005813359905470771,0.0014569653291802219,0,0,1,1,0,0.4,1,1.1,0.9
7,1,0.005753001297260392,0.0014418380360296057,0,0,1,1,0,0.4,1,1.1,0.9
6,1,0.006278149445821375,0.0015734525683444728,0,0,1,1,0,0.4,1,1.1,0.9
11,1,0.006545303706464868,0.0016404077374084162,0,0,1,1,0,0.4,1,1.1,0.9
17,1,0.0,0.0,0,0,1,1,0,0.4,1,1.1,0.9
13,1,0.0011311908317330345,0.00028350314608434763,0,0,1,1,0,0.4,1,1.1,0.9
18,1,0.0075109721151874545,0.0018824270539261176,0,0,1,1,0,0.4,1,1.1,0.9
20,1,0.004514031027335378,0.0011313228165148034,0,0,1,1,0,0.4,1,1.1,0.9
22,1,0.00504894386003789,0.0012653846093598875,0,0,1,1,0,0.4,1,1.1,0.9
