F_BUS,T_BUS,BR_R,BR_X,BR_B,RATE_A,RATE_B,RATE_C,TAP,SHIFT,BR_STATUS,ANGMIN,ANGMAX
1,2,6.184809666388494,2.3787729486109592,6.241562869752442e-09,0,0,0,0,0,1,-90,90
2,3,0.7169499999999999,0.27574999999999994,7.235288943147124e-10,0,0,0,0,0,1,-90,90
2,4,3.5028843434116474,1.3472632090044798,3.53502759732331e-09,0,0,0,0,0,1,-90,90
3,7,3.259247610142785,1.2535567731318404,3.2891551986393458e-09,0,0,0,0,0,1,-90,90
4,6,3.773516093657018,1.451352343714238,3.808142725325944e-09,0,0,0,0,0,1,-90,90
6,8,21.06965772727211,8.103714510489274,2.126299764140126e-08,0,0,0,0,0,1,-90,90
8,9,10.572615944605129,4.066390747925049,1.0669632644416276e-08,0,0,0,0,0,1,-90,90
