BUS_I,BUS_TYPE,Pd,Qd,Gs,Bs,area,Vm,Va,baseKV,zone,Vmax,Vmin
1,1,0.0035872663215225117,0.0008990536870211068,0,0,1,1,0,0.4,1,1.1,0.9
2,1,0.002374867855909917,0.0005951979894086942,0,0,1,1,0,0.4,1,1.1,0.9
3,1,0.0,0.0,0,0,1,1,0,0.4,1,1.1,0.9
5,1,0.006281911817795898,0.0015743955076448937,0,0,1,1,0,0.4,1,1.1,0.9
6,1,0.002668388775608453,0.0006687612661271048,0,0,1,1,0,0.4,1,1.1,0.9
7,1,0.0,0.0,0,0,1,1,0,0.4,1,1.1,0.9
8,1,0.0007551767281227378,0.00018926512862951447,0,0,1,1,0,0.4,1,1.1,0.9
9,1,0.0,0.0,0,0,1,1,0,0.4,1,1.1,0.9
25,1,0.0016783321270127634,0.00042062968054080465,0,0,1,1,0,0.4,1,1.1,0.9
17,1,0.0,0.0,0,0,1,1,0,0.4,1,1.1,0.9
27,1,0.003040010673307848,0.000761898493017641,0,0,1,1,0,0.4,1,1.1,0.9
24,3,0.0038267353660948423,0.0009590702868922866,0,0,1,1,0,0.4,1,1.1,0.9
13,1,0.0,0.0,0,0,1,1,0,0.4,1,1.1,0.9
16,1,0.003640849550980519,0.0009124829101924361,0,0,1,1,0,0.4,1,1.1,0.9
15,1,0.0,0.0,0,0,1,1,0,0.4,1,1.1,0.9
11,1,0.003555059856264806,0.0008909819859706066,0,0,1,1,0,0.4,1,1.1,0.9
22,1,0.02834240097996187,0.007103275256477341,0,0,1,1,0,0.4,1,1.1,0.9
21,1,0.005856495515148486,0.0014677761320163474,0,0,1,1,0,0.4,1,1.1,0.9
18,1,0.0018771257063864841,0.00047045204790164543,0,0,1,1,0,0.4,1,1.1,0.9
28,1,0.001997491623412623,0.0005006185902753652,0,0,1,1,0,0.4,1,1.1,0.9
14,1,0.0,0.0,0,0,1,1,0,0.4,1,1.1,0.9
23,1,0.0,0.0,0,0,1,1,0,0.4,1,1.1,0.9
30,1,0.005655694196514227,0.0014174505777652736,0,0,1,1,0,0.4,1,1.1,0.9
29,1,0.004062022763980053,0.0010180388673149748,0,0,1,1,0,0.4,1,1.1,0.9
19,1,0.0,0.0,0,0,1,1,0,0.4,1,1.1,0.9
20,1,0.0,0.0,0,0,1,1,0,0.4,1,1.1,0.9
31,1,0.0033261603677908866,0.0008336143665566178,0,0,1,1,0,0.4,1,1.1,0.9
26,1,0.0020275616376888607,0.0005081548462376364,0,0,1,1,0,0.4,1,1.1,0.9
