BUS_I,BUS_TYPE,Pd,Qd,Gs,Bs,area,Vm,Va,baseKV,zone,Vmax,Vmin
4,1,0.004961929079678073,0.001243576649733789,0,0,1,1,0,0.4,1,1.1,0.9
5,1,0.0,0.0,0,0,1,1,0,0.4,1,1.1,0.9
41,1,0.0,0.0,0,0,1,1,0,0.4,1,1.1,0.9
6,1,0.018578098544583716,0.00465611039083947,0,0,1,1,0,0.4,1,1.1,0.9
7,3,0.00443719105201902,0.0011120649034057867,0,0,1,1,0,0.4,1,1.1,0.9
39,1,0.0013781786780574146,0.0003454041353014213,0,0,1,1,0,0.4,1,1.1,0.9
40,1,0.0,0.0,0,0,1,1,0,0.4,1,1.1,0.9
