F_BUS,T_BUS,BR_R,BR_X,BR_B,RATE_A,RATE_B,RATE_C,TAP,SHIFT,BR_STATUS,ANGMIN,ANGMAX
1,2,2.004153166715273,0.7708281410443358,2.022543726551128e-09,0,0,0,0,0,1,-90,90
1,3,0.9985096458737305,0.3840421714898964,1.0076721947717352e-09,0,0,0,0,0,1,-90,90
3,5,9.387644713414323,3.610632582082432,9.473787850918505e-09,0,0,0,0,0,1,-90,90
5,10,2.439462012557476,0.9382546202144141,2.461847064186421e-09,0,0,0,0,0,1,-90,90
10,11,3.9536899999999995,1.5206499999999998,3.9899699479226385e-09,0,0,0,0,0,1,-90,90
10,12,2.2457499999999997,0.8637499999999998,2.2663575066702915e-09,0,0,0,0,0,1,-90,90
6,7,11.603237374518207,4.462783605583926,1.1709711288173942e-08,0,0,0,0,0,1,-90,90
7,8,5.806701976252893,2.2333469139434206,5.859985578482896e-09,0,0,0,0,0,1,-90,90
7,9,5.633101222606364,2.1665773933101398,5.684791825308932e-09,0,0,0,0,0,1,-90,90
11,29,1.9018063442187236,0.731463978545663,3.8385154932234576e-09,0,0,0,0,0,1,-90,90
11,13,2.4854699999999994,0.9559499999999997,2.5082772312607413e-09,0,0,0,0,0,1,-90,90
12,27,3.6333425906659453,1.3974394579484406,3.6666829587713017e-09,0,0,0,0,0,1,-90,90
8,13,0.35121012344039937,0.13508081670784594,3.5443290645786447e-10,0,0,0,0,0,1,-90,90
9,15,2.8783582649432344,1.1070608711320133,2.904770727213883e-09,0,0,0,0,0,1,-90,90
13,14,5.83826220162097,2.2454854621619114,5.891835407571239e-09,0,0,0,0,0,1,-90,90
15,16,5.210009999999999,2.0038499999999995,5.2578182225658624e-09,0,0,0,0,0,1,-90,90
14,24,1.2497287801034012,0.480664915424385,1.2611965722316596e-09,0,0,0,0,0,1,-90,90
16,20,2.5702526217567794,0.9885587006756844,2.5938378374073146e-09,0,0,0,0,0,1,-90,90
29,30,2.513713996204847,0.9668130754634028,5.0735608014436455e-09,0,0,0,0,0,1,-90,90
27,26,5.757209386138443,2.2143113023609393,5.8100388332394625e-09,0,0,0,0,0,1,-90,90
26,28,3.0652018991867918,1.1789238073795354,3.0933288806332056e-09,0,0,0,0,0,1,-90,90
24,25,4.8938182259254335,1.88223777920209,4.93872500171702e-09,0,0,0,0,0,1,-90,90
20,18,8.02411583258401,3.0861983971476965,8.097746922662234e-09,0,0,0,0,0,1,-90,90
18,17,3.236636587226435,1.244860225856321,3.266336691895512e-09,0,0,0,0,0,1,-90,90
17,19,1.1812722493488128,0.45433548051877415,1.1921118689671525e-09,0,0,0,0,0,1,-90,90
19,21,8.307546921620297,3.1952103544693453,8.383778839064828e-09,0,0,0,0,0,1,-90,90
