BUS_I,BUS_TYPE,Pd,Qd,Gs,Bs,area,Vm,Va,baseKV,zone,Vmax,Vmin
1,3,0.01919911637668117,0.004811752130707867,0,0,1,1,0,0.4,1,1.1,0.9
2,1,0.0016500840132255617,0.00041355003588230694,0,0,1,1,0,0.4,1,1.1,0.9
3,1,0.004056534334014914,0.0010166633371051015,0,0,1,1,0,0.4,1,1.1,0.9
4,1,0.0010390520998409221,0.0002604110031542139,0,0,1,1,0,0.4,1,1.1,0.9
5,1,0.0,0.0,0,0,1,1,0,0.4,1,1.1,0.9
6,1,0.006359259399160576,0.0015937806388214841,0,0,1,1,0,0.4,1,1.1,0.9
7,1,0.0,0.0,0,0,1,1,0,0.4,1,1.1,0.9
36,1,0.0024427988202690943,0.0006122230939022176,0,0,1,1,0,0.4,1,1.1,0.9
9,1,0.004202319879512732,0.001053200638896112,0,0,1,1,0,0.4,1,1.1,0.9
37,1,0.001818603567074685,0.00045578501724240374,0,0,1,1,0,0.4,1,1.1,0.9
10,1,0.002029521019945602,0.0005086459137203149,0,0,1,1,0,0.4,1,1.1,0.9
38,1,0.0,0.0,0,0,1,1,0,0.4,1,1.1,0.9
39,1,0.0007774883654388323,0.00019485695203893416,0,0,1,1,0,0.4,1,1.1,0.9
