F_BUS,T_BUS,BR_R,BR_X,BR_B,RATE_A,RATE_B,RATE_C,TAP,SHIFT,BR_STATUS,ANGMIN,ANGMAX
1,3,3.448241781118763,2.206874739916008,5.790526348005434e-09,0,0,0,0,0,1,-90,90
3,10,3.9571881207489388,2.532600397279321,6.645184279907558e-09,0,0,0,0,0,1,-90,90
10,6,1.946951408552787,1.2460489014737837,3.269455608142843e-09,0,0,0,0,0,1,-90,90
6,11,5.149946475089586,3.295965744057335,8.648146692645414e-09,0,0,0,0,0,1,-90,90
6,12,0.13324218749999997,0.08527499999999998,4.4749901332864633e-10,0,0,0,0,0,1,-90,90
11,17,0.057971657357396046,0.03710186070873347,9.735002087255995e-11,0,0,0,0,0,1,-90,90
12,7,0.49960937499999986,0.3197499999999999,2.516935963268859e-09,0,0,0,0,0,1,-90,90
12,20,0.7019734030637549,0.4492629779608032,3.536407024846945e-09,0,0,0,0,0,1,-90,90
7,19,0.3394209888496437,0.21722943286377203,1.7099376758571575e-09,0,0,0,0,0,1,-90,90
19,9,0.8184498635384748,0.523807912664624,4.123193035904256e-09,0,0,0,0,0,1,-90,90
9,16,0.3642439924725417,0.2331161551824267,1.8349911949886289e-09,0,0,0,0,0,1,-90,90
16,15,0.49250451980051946,0.3152028926723324,1.6540953792929227e-09,0,0,0,0,0,1,-90,90
18,17,0.7566612181704765,0.484263179629105,1.2706379072144094e-09,0,0,0,0,0,1,-90,90
14,13,2.044928269041619,1.3087540921866359,3.4339851359914864e-09,0,0,0,0,0,1,-90,90
13,15,1.1281317016795447,0.7220042890749087,1.8944368629731597e-09,0,0,0,0,0,1,-90,90
