F_BUS,T_BUS,BR_R,BR_X,BR_B,RATE_A,RATE_B,RATE_C,TAP,SHIFT,BR_STATUS,ANGMIN,ANGMAX
1,3,2.8557258853204397,1.8276645666050813,4.795532631202006e-09,0,0,0,0,0,1,-90,90
3,6,7.233445557152355,4.629405156577508,1.2146902608425577e-08,0,0,0,0,0,1,-90,90
6,9,1.1750937156493022,0.7520599780155534,7.89319491353676e-09,0,0,0,0,0,1,-90,90
6,7,0.4259190177205084,0.27258817134112534,2.860930817243356e-09,0,0,0,0,0,1,-90,90
5,8,4.535557906032649,2.9027570598608956,3.04656914739493e-08,0,0,0,0,0,1,-90,90
5,7,0.17582165935398025,0.11252586198654738,1.1810076156654445e-09,0,0,0,0,0,1,-90,90
8,13,0.1673855003763076,0.10712672024083686,1.124341286635202e-09,0,0,0,0,0,1,-90,90
9,10,3.035018607423005,1.9424119087507237,1.0193226768030037e-08,0,0,0,0,0,1,-90,90
18,20,14.034952491981057,8.982369594867876,2.3568463975705704e-08,0,0,0,0,0,1,-90,90
18,17,2.3777744142152892,1.521775625097785,3.9929234285478915e-09,0,0,0,0,0,1,-90,90
20,25,6.178011253951122,3.953927202528718,1.037454425039517e-08,0,0,0,0,0,1,-90,90
20,23,2.4807823264191624,1.587700688908264,4.165901446776079e-09,0,0,0,0,0,1,-90,90
17,19,1.4275342411375485,0.913621914328031,2.3972143372455177e-09,0,0,0,0,0,1,-90,90
21,11,4.131849512224921,2.6443836878239497,6.938487781668629e-09,0,0,0,0,0,1,-90,90
11,10,4.138048842672323,2.6483512593102874,6.948898126584765e-09,0,0,0,0,0,1,-90,90
13,12,0.07638974965316411,0.04888943977802503,5.131158267453879e-10,0,0,0,0,0,1,-90,90
16,26,0.052643678308991144,0.03369195411775433,3.5361163822478076e-10,0,0,0,0,0,1,-90,90
16,14,0.7086718749999998,0.45354999999999995,4.760203517917502e-09,0,0,0,0,0,1,-90,90
26,25,0.9803499885468157,0.6274239926699621,3.292543156359166e-09,0,0,0,0,0,1,-90,90
14,12,0.6183140932044519,0.3957210196508492,4.153263344407174e-09,0,0,0,0,0,1,-90,90
23,22,0.047660301514239334,0.030502592969113174,8.003447820371417e-11,0,0,0,0,0,1,-90,90
22,24,1.9181590303957698,1.2276217794532926,3.2211054532166846e-09,0,0,0,0,0,1,-90,90
