F_BUS,T_BUS,BR_R,BR_X,BR_B,RATE_A,RATE_B,RATE_C,TAP,SHIFT,BR_STATUS,ANGMIN,ANGMAX
1,2,1.97566457330201e-05,7.598709897315424e-06,1.9937937154026806e-14,0,0,0,0,0,1,-90,90
2,3,3.9529811910275696,1.5203773811644499,3.989254634759792e-09,0,0,0,0,0,1,-90,90
3,4,2.6063410742385424,1.0024388747071318,2.6302574456389334e-09,0,0,0,0,0,1,-90,90
