F_BUS,T_BUS,BR_R,BR_X,BR_B,RATE_A,RATE_B,RATE_C,TAP,SHIFT,BR_STATUS,ANGMIN,ANGMAX
1,2,2.5973463918987796,0.9989793814995307,2.621180226072714e-09,0,0,0,0,0,1,-90,90
2,3,5.297347131436776,2.03744120439876,5.345956779147312e-09,0,0,0,0,0,1,-90,90
2,6,15.090405208882615,5.80400200341639,1.5228878158231142e-08,0,0,0,0,0,1,-90,90
6,7,13.720395023135364,5.277075008898217,1.3846296451147523e-08,0,0,0,0,0,1,-90,90
6,18,0.6961499999999999,0.26774999999999993,1.405076057680974e-09,0,0,0,0,0,1,-90,90
6,23,2.179132332454523,0.8381278201748166,2.199128540436937e-09,0,0,0,0,0,1,-90,90
7,11,0.2551288416863497,0.09812647757167299,2.57469961270825e-10,0,0,0,0,0,1,-90,90
18,21,1.6559428377862346,0.6369010914562441,3.342276282786364e-09,0,0,0,0,0,1,-90,90
18,17,0.3573629511182284,0.1374472888916263,3.606421938651433e-10,0,0,0,0,0,1,-90,90
23,9,7.87565394454908,3.029097670980416,7.947922714979987e-09,0,0,0,0,0,1,-90,90
9,22,3.19391469577174,1.228428729142977,3.2232227747642635e-09,0,0,0,0,0,1,-90,90
19,20,3.565879077735387,1.371491952975149,3.5986003854855314e-09,0,0,0,0,0,1,-90,90
19,15,5.595401533547443,2.152077512902863,5.646746195431243e-09,0,0,0,0,0,1,-90,90
15,13,1.9154236414959236,0.7367014005753554,1.932999999268856e-09,0,0,0,0,0,1,-90,90
12,13,2.4702640605015707,0.9501015617313733,2.4929317586443597e-09,0,0,0,0,0,1,-90,90
13,14,3.3861439820969452,1.302363070037287,3.417216000219013e-09,0,0,0,0,0,1,-90,90
17,16,2.649237714518704,1.018937582507194,2.6735477151301403e-09,0,0,0,0,0,1,-90,90
14,16,2.2603904462615394,0.8693809408698229,2.2811322969567635e-09,0,0,0,0,0,1,-90,90
