BUS_I,BUS_TYPE,Pd,Qd,Gs,Bs,area,Vm,Va,baseKV,zone,Vmax,Vmin
1,1,0.006643218275852664,0.0016649474416653947,0,0,1,1,0,0.4,1,1.1,0.9
2,3,0.010410598030881743,0.0026091418101866653,0,0,1,1,0,0.4,1,1.1,0.9
3,1,0.0,0.0,0,0,1,1,0,0.4,1,1.1,0.9
4,1,0.0,0.0,0,0,1,1,0,0.4,1,1.1,0.9
5,1,0.01611017925066121,0.004037591512784758,0,0,1,1,0,0.4,1,1.1,0.9
6,1,0.0,0.0,0,0,1,1,0,0.4,1,1.1,0.9
10,1,0.0,0.0,0,0,1,1,0,0.4,1,1.1,0.9
7,1,0.005620412075349106,0.0014086080446839928,0,0,1,1,0,0.4,1,1.1,0.9
28,1,0.0015514676655820259,0.00038883444941538236,0,0,1,1,0,0.4,1,1.1,0.9
15,1,0.0,0.0,0,0,1,1,0,0.4,1,1.1,0.9
8,1,0.0006281127793132588,0.00015741990125421924,0,0,1,1,0,0.4,1,1.1,0.9
13,1,0.0,0.0,0,0,1,1,0,0.4,1,1.1,0.9
26,1,0.0,0.0,0,0,1,1,0,0.4,1,1.1,0.9
12,1,0.0,0.0,0,0,1,1,0,0.4,1,1.1,0.9
24,1,0.009253722466646798,0.002319201463352139,0,0,1,1,0,0.4,1,1.1,0.9
22,1,0.001638711558190719,0.00041069982998367786,0,0,1,1,0,0.4,1,1.1,0.9
16,1,0.0,0.0,0,0,1,1,0,0.4,1,1.1,0.9
19,1,0.006997023005935895,0.0017536192654322548,0,0,1,1,0,0.4,1,1.1,0.9
21,1,0.006944637859463081,0.0017404903101609509,0,0,1,1,0,0.4,1,1.1,0.9
11,1,0.007992423590514837,0.0020030901676229905,0,0,1,1,0,0.4,1,1.1,0.9
14,1,0.0,0.0,0,0,1,1,0,0.4,1,1.1,0.9
20,1,0.008507972120329839,0.0021322988086953285,0,0,1,1,0,0.4,1,1.1,0.9
27,1,0.0005709049834885734,0.00014308227612336335,0,0,1,1,0,0.4,1,1.1,0.9
25,1,0.008893155300166353,0.0022288348132659497,0,0,1,1,0,0.4,1,1.1,0.9
17,1,0.001028336644540551,0.00025772545691023734,0,0,1,1,0,0.4,1,1.1,0.9
18,1,0.003061869200920197,0.0007673767564308783,0,0,1,1,0,0.4,1,1.1,0.9
23,1,0.0018596295679408016,0.00046606710227219844,0,0,1,1,0,0.4,1,1.1,0.9
29,1,0.0023227791415823098,0.0005821433270359968,0,0,1,1,0,0.4,1,1.1,0.9
30,1,0.0,0.0,0,0,1,1,0,0.4,1,1.1,0.9
31,1,0.0,0.0,0,0,1,1,0,0.4,1,1.1,0.9
32,1,0.0017883925706018919,0.0004482134278110625,0,0,1,1,0,0.4,1,1.1,0.9
