BUS_I,BUS_TYPE,Pd,Qd,Gs,Bs,area,Vm,Va,baseKV,zone,Vmax,Vmin
1,1,0.006622474221943016,0.001659748491690775,0,0,1,1,0,0.4,1,1.1,0.9
2,1,0.000745875533492743,0.00018693402952052818,0,0,1,1,0,0.4,1,1.1,0.9
3,1,0.0,0.0,0,0,1,1,0,0.4,1,1.1,0.9
12,1,0.001983108960095219,0.0004970139550669018,0,0,1,1,0,0.4,1,1.1,0.9
4,1,0.0006422248920975988,0.00016095673010751546,0,0,1,1,0,0.4,1,1.1,0.9
5,1,0.0005952896154470965,0.00014919364096333386,0,0,1,1,0,0.4,1,1.1,0.9
6,1,0.0,0.0,0,0,1,1,0,0.4,1,1.1,0.9
7,1,0.0005952886381806106,0.00014919339603726518,0,0,1,1,0,0.4,1,1.1,0.9
8,1,0.00046670780476923206,0.00011696800154531594,0,0,1,1,0,0.4,1,1.1,0.9
10,1,0.0,0.0,0,0,1,1,0,0.4,1,1.1,0.9
11,1,0.0008017421654230471,0.0002009355272953222,0,0,1,1,0,0.4,1,1.1,0.9
13,3,0.0,0.0,0,0,1,1,0,0.4,1,1.1,0.9
152,1,0.0004990450563705382,0.0001250724807432653,0,0,1,1,0,0.4,1,1.1,0.9
