F_BUS,T_BUS,BR_R,BR_X,BR_B,RATE_A,RATE_B,RATE_C,TAP,SHIFT,BR_STATUS,ANGMIN,ANGMAX
1,2,4.12673084210666,1.587204170041023,4.16459865168262e-09,0,0,0,0,0,1,-90,90
1,3,3.625796913472499,1.3945372744124997,3.6590680407482467e-09,0,0,0,0,0,1,-90,90
2,4,3.9480049082955384,1.5184634262675147,3.9842326885391306e-09,0,0,0,0,0,1,-90,90
3,5,0.9696699999999998,0.37294999999999995,9.785679098265531e-10,0,0,0,0,0,1,-90,90
4,10,8.01978549242261,3.084532881701004,8.093376846326389e-09,0,0,0,0,0,1,-90,90
5,7,8.29816,3.1915999999999993,8.37430578094229e-09,0,0,0,0,0,1,-90,90
5,11,1.4225894612021805,0.5471497927700695,2.8712869235717322e-09,0,0,0,0,0,1,-90,90
10,20,2.1696806827931927,0.8344925703050743,2.189590160314317e-09,0,0,0,0,0,1,-90,90
7,6,4.982484618358203,1.9163402378300782,5.0282050168920766e-09,0,0,0,0,0,1,-90,90
11,12,0.013983367171264516,0.005378218142794045,2.8223363381607274e-11,0,0,0,0,0,1,-90,90
20,21,3.311754793519129,1.2737518436612039,3.342144199729891e-09,0,0,0,0,0,1,-90,90
6,8,3.5100595311305858,1.3500228965886871,3.542268626177183e-09,0,0,0,0,0,1,-90,90
12,13,0.05469006627322739,0.02103464087431823,1.1038382922286512e-10,0,0,0,0,0,1,-90,90
8,9,0.32915999999999995,0.1266,3.3218044612961956e-10,0,0,0,0,0,1,-90,90
9,14,0.7577926257980482,0.2914587022300186,7.64746301225336e-10,0,0,0,0,0,1,-90,90
14,15,1.5391498351261526,0.5919807058177511,1.5532734198946895e-09,0,0,0,0,0,1,-90,90
15,16,9.045591328096693,3.4790735877294976,9.128595706870149e-09,0,0,0,0,0,1,-90,90
21,22,1.651838656119187,0.6353225600458411,1.666996298832856e-09,0,0,0,0,0,1,-90,90
13,17,2.4679002045454626,0.9491923863636396,4.981092422829574e-09,0,0,0,0,0,1,-90,90
17,18,0.3918096599221701,0.15069602304698854,3.9540499341001656e-10,0,0,0,0,0,1,-90,90
16,19,8.89772,3.4221999999999997,8.979367478236842e-09,0,0,0,0,0,1,-90,90
19,23,2.9758516420347,1.1445583238595,3.0031587254424835e-09,0,0,0,0,0,1,-90,90
23,24,0.798418212765879,0.3070839279868765,8.057446777086623e-10,0,0,0,0,0,1,-90,90
