BUS_I,BUS_TYPE,Pd,Qd,Gs,Bs,area,Vm,Va,baseKV,zone,Vmax,Vmin
1,1,0.011830005741602726,0.0029648789150828175,0,0,1,1,0,0.4,1,1.1,0.9
2,1,0.019531036098053244,0.00489493905427253,0,0,1,1,0,0.4,1,1.1,0.9
3,1,0.01562848681289929,0.003916868008209208,0,0,1,1,0,0.4,1,1.1,0.9
4,1,0.0,0.0,0,0,1,1,0,0.4,1,1.1,0.9
5,1,0.0,0.0,0,0,1,1,0,0.4,1,1.1,0.9
6,3,0.023180714563728937,0.005809634699064978,0,0,1,1,0,0.4,1,1.1,0.9
9,1,0.043637242821759785,0.010936523952781815,0,0,1,1,0,0.4,1,1.1,0.9
7,1,0.07489253255050585,0.01876983794481789,0,0,1,1,0,0.4,1,1.1,0.9
11,1,0.0001969816374996727,4.936825192124908e-05,0,0,1,1,0,0.4,1,1.1,0.9
8,1,0.02857765273831346,0.0071622349047909435,0,0,1,1,0,0.4,1,1.1,0.9
10,1,0.0005174274274639191,0.00012967953721089884,0,0,1,1,0,0.4,1,1.1,0.9
