BUS_I,BUS_TYPE,Pd,Qd,Gs,Bs,area,Vm,Va,baseKV,zone,Vmax,Vmin
1,1,0.007850071711849456,0.0019674134238583476,0,0,1,1,0,0.4,1,1.1,0.9
2,1,0.009386653088107098,0.0023525170174900785,0,0,1,1,0,0.4,1,1.1,0.9
4,1,0.0036485471606843354,0.000914412113035265,0,0,1,1,0,0.4,1,1.1,0.9
6,1,0.014056072408640275,0.0035227838112282138,0,0,1,1,0,0.4,1,1.1,0.9
7,1,0.0,0.0,0,0,1,1,0,0.4,1,1.1,0.9
12,1,0.0,0.0,0,0,1,1,0,0.4,1,1.1,0.9
13,1,0.034625488665524395,0.008677965464363668,0,0,1,1,0,0.4,1,1.1,0.9
14,1,0.015622409579815992,0.003915344910027831,0,0,1,1,0,0.4,1,1.1,0.9
11,1,0.011727322537877507,0.0029391440784049773,0,0,1,1,0,0.4,1,1.1,0.9
18,1,0.021465309397317743,0.00537971363902434,0,0,1,1,0,0.4,1,1.1,0.9
8,1,0.006222082181971416,0.0015594007874708139,0,0,1,1,0,0.4,1,1.1,0.9
17,1,0.008447673120539543,0.0021171864548229957,0,0,1,1,0,0.4,1,1.1,0.9
16,1,0.007482076462476916,0.0018751851207157433,0,0,1,1,0,0.4,1,1.1,0.9
15,3,0.00921856233689485,0.002310389504200968,0,0,1,1,0,0.4,1,1.1,0.9
