BUS_I,BUS_TYPE,Pd,Qd,Gs,Bs,area,Vm,Va,baseKV,zone,Vmax,Vmin
1,3,0.010649296655562183,0.0026689653246322652,0,0,1,1,0,0.4,1,1.1,0.9
2,1,0.015739684691859507,0.003944736823654636,0,0,1,1,0,0.4,1,1.1,0.9
3,1,0.0,0.0,0,0,1,1,0,0.4,1,1.1,0.9
4,1,0.010632357728966821,0.0026647200294562783,0,0,1,1,0,0.4,1,1.1,0.9
5,1,0.0,0.0,0,0,1,1,0,0.4,1,1.1,0.9
6,1,0.004115222979704048,0.0010313720981961088,0,0,1,1,0,0.4,1,1.1,0.9
65,1,0.0,0.0,0,0,1,1,0,0.4,1,1.1,0.9
77,1,0.01008090629951748,0.0025265132735527835,0,0,1,1,0,0.4,1,1.1,0.9
83,1,0.0,0.0,0,0,1,1,0,0.4,1,1.1,0.9
66,1,0.0,0.0,0,0,1,1,0,0.4,1,1.1,0.9
67,1,0.006030930540264852,0.0015114936702251994,0,0,1,1,0,0.4,1,1.1,0.9
68,1,0.0043330429872852575,0.0010859629379528116,0,0,1,1,0,0.4,1,1.1,0.9
78,1,0.012101758659951438,0.0030329866164080037,0,0,1,1,0,0.4,1,1.1,0.9
69,1,0.004309536683923877,0.0010800717030092302,0,0,1,1,0,0.4,1,1.1,0.9
72,1,0.025989797782196115,0.0065136573163877285,0,0,1,1,0,0.4,1,1.1,0.9
73,1,0.009279574759224337,0.0023256806586157684,0,0,1,1,0,0.4,1,1.1,0.9
74,1,0.0,0.0,0,0,1,1,0,0.4,1,1.1,0.9
76,1,0.0,0.0,0,0,1,1,0,0.4,1,1.1,0.9
86,1,0.006040033163674568,0.001513775002695267,0,0,1,1,0,0.4,1,1.1,0.9
85,1,0.0042850340497532285,0.0010739307640271751,0,0,1,1,0,0.4,1,1.1,0.9
79,1,0.004402646967243787,0.0011034073396794443,0,0,1,1,0,0.4,1,1.1,0.9
80,1,0.006819886443666915,0.0017092246581908892,0,0,1,1,0,0.4,1,1.1,0.9
81,1,0.0,0.0,0,0,1,1,0,0.4,1,1.1,0.9
82,1,0.003368669311471624,0.0008442681120893218,0,0,1,1,0,0.4,1,1.1,0.9
84,1,0.010473307442808456,0.0026248582702848126,0,0,1,1,0,0.4,1,1.1,0.9
