BUS_I,BUS_TYPE,Pd,Qd,Gs,Bs,area,Vm,Va,baseKV,zone,Vmax,Vmin
1,1,0.012855458886701724,0.003221881698912192,0,0,1,1,0,0.4,1,1.1,0.9
2,1,0.0,0.0,0,0,1,1,0,0.4,1,1.1,0.9
3,1,0.0,0.0,0,0,1,1,0,0.4,1,1.1,0.9
4,1,0.028534771927927586,0.007151487960676822,0,0,1,1,0,0.4,1,1.1,0.9
5,1,0.0,0.0,0,0,1,1,0,0.4,1,1.1,0.9
6,1,0.02200161444735047,0.00551412435442261,0,0,1,1,0,0.4,1,1.1,0.9
38,1,0.018175702185296447,0.004555260356848253,0,0,1,1,0,0.4,1,1.1,0.9
35,1,0.02911148846769252,0.007296026750097302,0,0,1,1,0,0.4,1,1.1,0.9
34,1,0.022790296395973672,0.005711786682848713,0,0,1,1,0,0.4,1,1.1,0.9
12,1,0.0,0.0,0,0,1,1,0,0.4,1,1.1,0.9
39,1,0.017498847877089604,0.004385624676966195,0,0,1,1,0,0.4,1,1.1,0.9
13,1,0.016323123923294207,0.004090960478426803,0,0,1,1,0,0.4,1,1.1,0.9
7,1,0.03862003297686208,0.00967909263731165,0,0,1,1,0,0.4,1,1.1,0.9
8,1,0.034291523442604416,0.008594265889787449,0,0,1,1,0,0.4,1,1.1,0.9
9,1,0.0,0.0,0,0,1,1,0,0.4,1,1.1,0.9
10,1,0.021352001326630173,0.005351315959680122,0,0,1,1,0,0.4,1,1.1,0.9
11,1,0.0,0.0,0,0,1,1,0,0.4,1,1.1,0.9
14,1,0.01075701284371587,0.0026959615461088823,0,0,1,1,0,0.4,1,1.1,0.9
15,1,0.0,0.0,0,0,1,1,0,0.4,1,1.1,0.9
16,1,0.0,0.0,0,0,1,1,0,0.4,1,1.1,0.9
17,1,0.010986051775579516,0.0027533641133305965,0,0,1,1,0,0.4,1,1.1,0.9
18,1,0.010078924361533821,0.002526016553072075,0,0,1,1,0,0.4,1,1.1,0.9
19,1,0.024995432798403446,0.006264445960219431,0,0,1,1,0,0.4,1,1.1,0.9
20,3,0.0,0.0,0,0,1,1,0,0.4,1,1.1,0.9
28,1,0.03720150851790832,0.009323576896174616,0,0,1,1,0,0.4,1,1.1,0.9
22,1,0.01832771339718126,0.0045933579577131884,0,0,1,1,0,0.4,1,1.1,0.9
41,1,0.015473267925925674,0.003877966488187769,0,0,1,1,0,0.4,1,1.1,0.9
36,1,0.0,0.0,0,0,1,1,0,0.4,1,1.1,0.9
26,1,0.0,0.0,0,0,1,1,0,0.4,1,1.1,0.9
21,1,0.031067998825588253,0.0077863744670782315,0,0,1,1,0,0.4,1,1.1,0.9
37,1,0.0,0.0,0,0,1,1,0,0.4,1,1.1,0.9
33,1,0.012798216533440538,0.0032075354128713513,0,0,1,1,0,0.4,1,1.1,0.9
32,1,0.013957523755724682,0.0034980851906593557,0,0,1,1,0,0.4,1,1.1,0.9
25,1,0.024683285082117395,0.006186214368230163,0,0,1,1,0,0.4,1,1.1,0.9
27,1,0.0,0.0,0,0,1,1,0,0.4,1,1.1,0.9
29,1,0.0,0.0,0,0,1,1,0,0.4,1,1.1,0.9
30,1,0.0,0.0,0,0,1,1,0,0.4,1,1.1,0.9
31,1,0.0,0.0,0,0,1,1,0,0.4,1,1.1,0.9
40,1,0.008859652235856932,0.0022204381538617752,0,0,1,1,0,0.4,1,1.1,0.9
42,1,0.06815389515082286,0.01708097621650551,0,0,1,1,0,0.4,1,1.1,0.9
