BUS_I,BUS_TYPE,Pd,Qd,Gs,Bs,area,Vm,Va,baseKV,zone,Vmax,Vmin
1,1,0.08347511319367269,0.02092083541191429,0,0,1,1,0,0.4,1,1.1,0.9
2,3,0.026240989883443488,0.006576611991211309,0,0,1,1,0,0.4,1,1.1,0.9
3,1,0.0027749966756328735,0.0006954797244159372,0,0,1,1,0,0.4,1,1.1,0.9
4,1,0.0,0.0,0,0,1,1,0,0.4,1,1.1,0.9
5,1,0.0,0.0,0,0,1,1,0,0.4,1,1.1,0.9
10,1,0.0,0.0,0,0,1,1,0,0.4,1,1.1,0.9
9,1,0.0,0.0,0,0,1,1,0,0.4,1,1.1,0.9
7,1,0.0002764004152792122,6.927247385007998e-05,0,0,1,1,0,0.4,1,1.1,0.9
13,1,0.0,0.0,0,0,1,1,0,0.4,1,1.1,0.9
25,1,0.0009026062116788924,0.00022621444013491804,0,0,1,1,0,0.4,1,1.1,0.9
17,1,0.01336139783173891,0.003348681951018981,0,0,1,1,0,0.4,1,1.1,0.9
6,1,0.035027076174341636,0.008778612781318525,0,0,1,1,0,0.4,1,1.1,0.9
16,1,0.0,0.0,0,0,1,1,0,0.4,1,1.1,0.9
21,1,0.00018588604785470277,4.65874350300879e-05,0,0,1,1,0,0.4,1,1.1,0.9
20,1,0.0003719286585699898,9.321410841173458e-05,0,0,1,1,0,0.4,1,1.1,0.9
11,1,0.003574322142100494,0.0008958095698600792,0,0,1,1,0,0.4,1,1.1,0.9
26,1,0.0034501953190546187,0.0008647004555888402,0,0,1,1,0,0.4,1,1.1,0.9
12,1,0.0006303798843551913,0.0001579880913366184,0,0,1,1,0,0.4,1,1.1,0.9
14,1,0.0022864306014555697,0.0005730335241694758,0,0,1,1,0,0.4,1,1.1,0.9
19,1,0.0,0.0,0,0,1,1,0,0.4,1,1.1,0.9
24,1,0.006870108503301461,0.0017218114927989951,0,0,1,1,0,0.4,1,1.1,0.9
22,1,0.0011201330689579478,0.00028073180950041456,0,0,1,1,0,0.4,1,1.1,0.9
