BUS_I,BUS_TYPE,Pd,Qd,Gs,Bs,area,Vm,Va,baseKV,zone,Vmax,Vmin
1,1,0.0057595629039548304,0.0014434825296809478,0,0,1,1,0,0.4,1,1.1,0.9
2,1,0.0,0.0,0,0,1,1,0,0.4,1,1.1,0.9
24,1,0.001424326425838615,0.0003569698511060955,0,0,1,1,0,0.4,1,1.1,0.9
3,1,0.0,0.0,0,0,1,1,0,0.4,1,1.1,0.9
25,1,0.0015102295579087724,0.00037849920540883303,0,0,1,1,0,0.4,1,1.1,0.9
8,1,0.004328728937716253,0.001084881735214187,0,0,1,1,0,0.4,1,1.1,0.9
5,1,0.017314491455719724,0.00433942060246964,0,0,1,1,0,0.4,1,1.1,0.9
9,1,0.003772113605369569,0.0009453807832507506,0,0,1,1,0,0.4,1,1.1,0.9
6,1,0.002370083274871094,0.0005939988603677316,0,0,1,1,0,0.4,1,1.1,0.9
7,1,0.01566435666167473,0.003925857839714319,0,0,1,1,0,0.4,1,1.1,0.9
10,1,0.007464562481249118,0.0018707957032635739,0,0,1,1,0,0.4,1,1.1,0.9
14,1,0.0030301319974041685,0.0007594226634588476,0,0,1,1,0,0.4,1,1.1,0.9
12,1,0.005360899704623723,0.0013435681137682362,0,0,1,1,0,0.4,1,1.1,0.9
11,3,0.0417680237190668,0.010468053486554161,0,0,1,1,0,0.4,1,1.1,0.9
13,1,0.004729629992324178,0.0011853570105271529,0,0,1,1,0,0.4,1,1.1,0.9
15,1,0.009856467261006066,0.002470263548274645,0,0,1,1,0,0.4,1,1.1,0.9
26,1,0.011199850316721185,0.0028069470785930055,0,0,1,1,0,0.4,1,1.1,0.9
27,1,0.007860359733334772,0.001969991845090424,0,0,1,1,0,0.4,1,1.1,0.9
16,1,0.0035362937007651506,0.0008862787440641021,0,0,1,1,0,0.4,1,1.1,0.9
17,1,0.0015120874776166152,0.0003789648439797703,0,0,1,1,0,0.4,1,1.1,0.9
28,1,0.005496371976752065,0.001377520665608441,0,0,1,1,0,0.4,1,1.1,0.9
18,1,0.003898542306320093,0.0009770668025052718,0,0,1,1,0,0.4,1,1.1,0.9
19,1,0.0,0.0,0,0,1,1,0,0.4,1,1.1,0.9
20,1,0.0,0.0,0,0,1,1,0,0.4,1,1.1,0.9
23,1,0.0067507336500236695,0.0016918933344138515,0,0,1,1,0,0.4,1,1.1,0.9
22,1,0.0030769122311522096,0.0007711468951888841,0,0,1,1,0,0.4,1,1.1,0.9
