BUS_I,BUS_TYPE,Pd,Qd,Gs,Bs,area,Vm,Va,baseKV,zone,Vmax,Vmin
1,1,0.004102697382233532,0.0010282328875608553,0,0,1,1,0,0.4,1,1.1,0.9
2,1,0.0,0.0,0,0,1,1,0,0.4,1,1.1,0.9
3,1,0.002340553871068609,0.0005865980941617557,0,0,1,1,0,0.4,1,1.1,0.9
4,1,0.0028882643549483084,0.0007238672807280779,0,0,1,1,0,0.4,1,1.1,0.9
10,1,0.04669609025780732,0.011703143383548362,0,0,1,1,0,0.4,1,1.1,0.9
12,3,0.03657612668423875,0.009166841434415528,0,0,1,1,0,0.4,1,1.1,0.9
8,1,0.0052593739188727,0.001318123353377981,0,0,1,1,0,0.4,1,1.1,0.9
5,1,0.002990584342973024,0.0007495110869706356,0,0,1,1,0,0.4,1,1.1,0.9
7,1,0.0359784102203363,0.009017039567896557,0,0,1,1,0,0.4,1,1.1,0.9
9,1,0.03549904359492667,0.008896898966842304,0,0,1,1,0,0.4,1,1.1,0.9
11,1,0.017213087378252463,0.004314006345050575,0,0,1,1,0,0.4,1,1.1,0.9
13,1,0.011678449496956752,0.0029268953397562423,0,0,1,1,0,0.4,1,1.1,0.9
16,1,0.0,0.0,0,0,1,1,0,0.4,1,1.1,0.9
22,1,0.027837788494359042,0.0069768074464415485,0,0,1,1,0,0.4,1,1.1,0.9
18,1,0.036732225871087404,0.009205963578382168,0,0,1,1,0,0.4,1,1.1,0.9
14,1,0.017431092112724887,0.0043686434817302704,0,0,1,1,0,0.4,1,1.1,0.9
23,1,0.016343370916896915,0.004096034853345775,0,0,1,1,0,0.4,1,1.1,0.9
15,1,0.015241807517604861,0.0038199570417600734,0,0,1,1,0,0.4,1,1.1,0.9
17,1,0.017475568394038417,0.004379790288550831,0,0,1,1,0,0.4,1,1.1,0.9
19,1,0.01852878678379082,0.004643751698626302,0,0,1,1,0,0.4,1,1.1,0.9
20,1,0.02252078947367349,0.005644241881193493,0,0,1,1,0,0.4,1,1.1,0.9
21,1,0.02256846352086142,0.0056561901236873305,0,0,1,1,0,0.4,1,1.1,0.9
25,1,0.024046017138703635,0.006026499966567526,0,0,1,1,0,0.4,1,1.1,0.9
26,1,0.0,0.0,0,0,1,1,0,0.4,1,1.1,0.9
29,1,0.0,0.0,0,0,1,1,0,0.4,1,1.1,0.9
28,1,0.03471735919142585,0.00870099038853635,0,0,1,1,0,0.4,1,1.1,0.9
27,1,0.03537035466367147,0.008864646480476952,0,0,1,1,0,0.4,1,1.1,0.9
