F_BUS,T_BUS,BR_R,BR_X,BR_B,RATE_A,RATE_B,RATE_C,TAP,SHIFT,BR_STATUS,ANGMIN,ANGMAX
36,37,3.9119996167498767,1.5046152372114912,3.947897004347051e-09,0,0,0,0,0,1,-90,90
37,38,16.356716596422185,6.291044844777764,1.6506809503631287e-08,0,0,0,0,0,1,-90,90
38,39,17.65104300674653,6.7888626949025115,1.7813012943960885e-08,0,0,0,0,0,1,-90,90
39,40,14.11939830586165,5.430537809946788,1.4248961077661073e-08,0,0,0,0,0,1,-90,90
40,41,12.59726880694641,4.8451033872870815,1.271286417640722e-08,0,0,0,0,0,1,-90,90
41,42,15.952039999999997,6.135399999999999,1.6098419503820442e-08,0,0,0,0,0,1,-90,90
41,47,69.937154368645,26.898905526401926,7.05789134135757e-08,0,0,0,0,0,1,-90,90
47,45,0.1915551464798293,0.0736750563383959,1.9331289955065726e-10,0,0,0,0,0,1,-90,90
43,44,1.30062214140108,0.5002392851542615,1.3125569424494833e-09,0,0,0,0,0,1,-90,90
43,45,3.3119638241843212,1.2738322400708928,3.3423551485074404e-09,0,0,0,0,0,1,-90,90
44,46,1.4253721492330835,0.5482200573973398,1.4384516843874728e-09,0,0,0,0,0,1,-90,90
46,48,2.9884927253628715,1.14942027898572,3.015915806192009e-09,0,0,0,0,0,1,-90,90
46,49,0.906304843120725,0.3485787858156635,9.146213000281849e-10,0,0,0,0,0,1,-90,90
48,54,11.970306455220507,4.603964021238657,1.2080148677249404e-08,0,0,0,0,0,1,-90,90
49,52,2.7910412020404363,1.0734773854001678,2.8166524233197895e-09,0,0,0,0,0,1,-90,90
54,55,25.381597134381007,9.762152743992695,2.561450437349908e-08,0,0,0,0,0,1,-90,90
52,53,0.33093364583806245,0.12728217147617785,3.3397036734047e-10,0,0,0,0,0,1,-90,90
50,51,4.68121531864081,1.8004674302464654,4.7241712023785204e-09,0,0,0,0,0,1,-90,90
50,55,17.791696570186602,6.842960219302539,1.7954957176107087e-08,0,0,0,0,0,1,-90,90
