BUS_I,BUS_TYPE,Pd,Qd,Gs,Bs,area,Vm,Va,baseKV,zone,Vmax,Vmin
1,1,0.01802744540666103,0.004518103705651676,0,0,1,1,0,0.4,1,1.1,0.9
2,1,0.04018376755190143,0.010071001464034841,0,0,1,1,0,0.4,1,1.1,0.9
3,1,0.0021964668300836205,0.0005504864777277311,0,0,1,1,0,0.4,1,1.1,0.9
4,3,0.003467954885827262,0.0008691514225803475,0,0,1,1,0,0.4,1,1.1,0.9
5,1,0.0,0.0,0,0,1,1,0,0.4,1,1.1,0.9
6,1,0.0029653482133534287,0.0007431863167007188,0,0,1,1,0,0.4,1,1.1,0.9
20,1,0.0,0.0,0,0,1,1,0,0.4,1,1.1,0.9
15,1,0.008919619970028792,0.002235467484744192,0,0,1,1,0,0.4,1,1.1,0.9
17,1,0.0026963542058675563,0.0006757700636152454,0,0,1,1,0,0.4,1,1.1,0.9
22,1,0.0,0.0,0,0,1,1,0,0.4,1,1.1,0.9
19,1,0.022796295940448078,0.005713290310429359,0,0,1,1,0,0.4,1,1.1,0.9
13,1,0.0,0.0,0,0,1,1,0,0.4,1,1.1,0.9
12,1,0.0037862313753257134,0.000948919029924948,0,0,1,1,0,0.4,1,1.1,0.9
16,1,0.02050381269002779,0.005138739849439406,0,0,1,1,0,0.4,1,1.1,0.9
7,1,0.006621149039826491,0.0016594163697458031,0,0,1,1,0,0.4,1,1.1,0.9
8,1,0.003372764287345967,0.0008452944097845896,0,0,1,1,0,0.4,1,1.1,0.9
9,1,0.0,0.0,0,0,1,1,0,0.4,1,1.1,0.9
10,1,0.0,0.0,0,0,1,1,0,0.4,1,1.1,0.9
14,1,0.005160288627033859,0.0012932902384172097,0,0,1,1,0,0.4,1,1.1,0.9
26,1,0.010175562266345976,0.0025502362950260227,0,0,1,1,0,0.4,1,1.1,0.9
11,1,0.010734735233191756,0.0026903782506173942,0,0,1,1,0,0.4,1,1.1,0.9
25,1,0.0013609038985523969,0.00034107466745196676,0,0,1,1,0,0.4,1,1.1,0.9
23,1,0.02995805900457945,0.007508197326322765,0,0,1,1,0,0.4,1,1.1,0.9
24,1,0.0026053306852131947,0.0006529574189674365,0,0,1,1,0,0.4,1,1.1,0.9
