F_BUS,T_BUS,BR_R,BR_X,BR_B,RATE_A,RATE_B,RATE_C,TAP,SHIFT,BR_STATUS,ANGMIN,ANGMAX
1,2,7.519591118087129,2.892150430033511,7.588592576007133e-09,0,0,0,0,0,1,-90,90
1,3,7.238522186425871,2.7840469947791813,7.304944492666471e-09,0,0,0,0,0,1,-90,90
2,4,2.9637843073684107,1.1399170412955426,2.9909806582014963e-09,0,0,0,0,0,1,-90,90
3,5,0.08745081977056811,0.03363493068098773,8.825328814493947e-11,0,0,0,0,0,1,-90,90
4,7,5.517136221899286,2.121975469961264,5.567762703695434e-09,0,0,0,0,0,1,-90,90
4,6,2.247069632181561,0.8642575508390621,2.2676892480933026e-09,0,0,0,0,0,1,-90,90
5,13,5.262009019892882,2.0238496230357237,5.310294397150626e-09,0,0,0,0,0,1,-90,90
7,8,12.359663634523837,4.753716782509168,1.2473078685527294e-08,0,0,0,0,0,1,-90,90
13,11,13.534262117182946,5.205485429685749,1.3658455547821854e-08,0,0,0,0,0,1,-90,90
8,9,20.14511916452614,7.748122755586977,2.032997530503902e-08,0,0,0,0,0,1,-90,90
11,10,7.710693358274899,2.965651291644192,7.781448413295816e-09,0,0,0,0,0,1,-90,90
10,12,9.715803915324372,3.7368476597401434,9.804958315409998e-09,0,0,0,0,0,1,-90,90
12,15,4.843799999999999,1.8629999999999998,4.888247797310278e-09,0,0,0,0,0,1,-90,90
15,17,7.378539999999999,2.8379,7.446247141163092e-09,0,0,0,0,0,1,-90,90
