F_BUS,T_BUS,BR_R,BR_X,BR_B,RATE_A,RATE_B,RATE_C,TAP,SHIFT,BR_STATUS,ANGMIN,ANGMAX
1,2,1.994179620034722,1.2762749568222223,3.348764490847289e-09,0,0,0,0,0,1,-90,90
1,3,6.666635172307124,4.266646510276559,1.1195075365411156e-08,0,0,0,0,0,1,-90,90
2,4,1.3475712122531438,0.862445575842012,2.262934882667585e-09,0,0,0,0,0,1,-90,90
4,16,2.170239384865272,1.3889532063137742,7.288832475931677e-09,0,0,0,0,0,1,-90,90
19,14,1.4952343749999997,0.9569499999999999,5.021802178890039e-09,0,0,0,0,0,1,-90,90
19,17,8.692864482599562,5.56343326886372,2.919531983038734e-08,0,0,0,0,0,1,-90,90
14,18,1.621282776989174,1.0376209772730713,2.7225702933966884e-09,0,0,0,0,0,1,-90,90
14,13,2.4439843749999994,1.5641499999999997,4.1041077789387395e-09,0,0,0,0,0,1,-90,90
17,16,1.811962714787026,1.1596561374636967,6.085546494465123e-09,0,0,0,0,0,1,-90,90
9,10,3.7685046557123094,2.4118429796558782,6.3283339413639865e-09,0,0,0,0,0,1,-90,90
10,15,9.087710364025765,5.816134632976491,1.5260712457599228e-08,0,0,0,0,0,1,-90,90
5,6,3.341858596754476,2.1387895019228647,5.611880339068595e-09,0,0,0,0,0,1,-90,90
6,8,1.1023249388335294,0.7054879608534588,1.851100359995084e-09,0,0,0,0,0,1,-90,90
8,13,1.8123505815974703,1.159904372222381,3.0434245800357577e-09,0,0,0,0,0,1,-90,90
15,18,2.376248023682653,1.520798735156898,3.990360207881356e-09,0,0,0,0,0,1,-90,90
15,12,10.091291993862995,6.458426876072316,1.6945996216344613e-08,0,0,0,0,0,1,-90,90
11,12,1.1765624999999997,0.7529999999999999,1.9757652127614813e-09,0,0,0,0,0,1,-90,90
11,20,1.0524419376415848,0.6735628400906143,1.7673333705974242e-09,0,0,0,0,0,1,-90,90
12,22,0.8710908348027242,0.5574981342737435,1.4627960423339868e-09,0,0,0,0,0,1,-90,90
20,21,0.4306736818062043,0.27563115635597074,7.232170654466771e-10,0,0,0,0,0,1,-90,90
