BUS_I,BUS_TYPE,Pd,Qd,Gs,Bs,area,Vm,Va,baseKV,zone,Vmax,Vmin
8,1,0.0,0.0,0,0,1,1,0,0.4,1,1.1,0.9
48,1,0.0013901475156588138,0.0003484038087603821,0,0,1,1,0,0.4,1,1.1,0.9
46,1,0.0015724336668514706,0.00039408902464173004,0,0,1,1,0,0.4,1,1.1,0.9
47,1,0.0,0.0,0,0,1,1,0,0.4,1,1.1,0.9
49,1,0.0,0.0,0,0,1,1,0,0.4,1,1.1,0.9
50,1,0.0008061943825077002,0.00020205135807748636,0,0,1,1,0,0.4,1,1.1,0.9
52,1,0.0008408746022723723,0.00021074304044828328,0,0,1,1,0,0.4,1,1.1,0.9
78,1,0.0012788177730933346,0.00032050194518028305,0,0,1,1,0,0.4,1,1.1,0.9
79,1,0.0012182022228651105,0.0003053102562899058,0,0,1,1,0,0.4,1,1.1,0.9
53,1,0.0012640217357786315,0.000316793708682403,0,0,1,1,0,0.4,1,1.1,0.9
51,1,0.0010663686131962896,0.0002672571667360361,0,0,1,1,0,0.4,1,1.1,0.9
55,1,0.002945605151352777,0.0007382382389462802,0,0,1,1,0,0.4,1,1.1,0.9
54,1,0.004005223287924595,0.0010038035767645779,0,0,1,1,0,0.4,1,1.1,0.9
56,1,0.0021385406851124164,0.0005359688173302234,0,0,1,1,0,0.4,1,1.1,0.9
60,1,0.0011142918090142355,0.00027926785176253066,0,0,1,1,0,0.4,1,1.1,0.9
58,3,0.001079151352741878,0.00027046082325011785,0,0,1,1,0,0.4,1,1.1,0.9
59,1,0.0026562258592323844,0.0006657129519422263,0,0,1,1,0,0.4,1,1.1,0.9
62,1,0.0010272131275906957,0.00025744387702024207,0,0,1,1,0,0.4,1,1.1,0.9
76,1,0.02272013868751487,0.005694203503678434,0,0,1,1,0,0.4,1,1.1,0.9
63,1,0.0024947650029262577,0.0006252470469435702,0,0,1,1,0,0.4,1,1.1,0.9
64,1,0.0008972545929579479,0.00022487319805491706,0,0,1,1,0,0.4,1,1.1,0.9
65,1,0.0010349795019535964,0.0002593903139111581,0,0,1,1,0,0.4,1,1.1,0.9
74,1,0.0,0.0,0,0,1,1,0,0.4,1,1.1,0.9
66,1,0.003649402706748075,0.0009146265330905608,0,0,1,1,0,0.4,1,1.1,0.9
67,1,0.0,0.0,0,0,1,1,0,0.4,1,1.1,0.9
68,1,0.0012731551974064772,0.00031908276993846703,0,0,1,1,0,0.4,1,1.1,0.9
69,1,0.0,0.0,0,0,1,1,0,0.4,1,1.1,0.9
70,1,0.0018144244636418762,0.0004547376351935252,0,0,1,1,0,0.4,1,1.1,0.9
75,1,0.0,0.0,0,0,1,1,0,0.4,1,1.1,0.9
