BUS_I,BUS_TYPE,Pd,Qd,Gs,Bs,area,Vm,Va,baseKV,zone,Vmax,Vmin
65,1,0.0,0.0,0,0,1,1,0,0.4,1,1.1,0.9
64,1,0.0003587300484356365,8.990622490343453e-05,0,0,1,1,0,0.4,1,1.1,0.9
66,1,0.001786927302499756,0.00044784619700865565,0,0,1,1,0,0.4,1,1.1,0.9
63,3,0.0,0.0,0,0,1,1,0,0.4,1,1.1,0.9
67,1,0.004466080124167438,0.0011193051873718322,0,0,1,1,0,0.4,1,1.1,0.9
59,1,0.0017278681092527126,0.00043304456794568977,0,0,1,1,0,0.4,1,1.1,0.9
60,1,0.0003989371051742874,9.998306318786077e-05,0,0,1,1,0,0.4,1,1.1,0.9
61,1,0.0,0.0,0,0,1,1,0,0.4,1,1.1,0.9
62,1,0.0,0.0,0,0,1,1,0,0.4,1,1.1,0.9
