F_BUS,T_BUS,BR_R,BR_X,BR_B,RATE_A,RATE_B,RATE_C,TAP,SHIFT,BR_STATUS,ANGMIN,ANGMAX
1,2,0.4002745219312286,0.2561756940359863,6.721686914094698e-10,0,0,0,0,0,1,-90,90
1,3,0.7713794879596968,0.493682872294206,1.29535384490712e-09,0,0,0,0,0,1,-90,90
2,4,0.13260723349424014,0.0848686294363137,4.4536649586989026e-10,0,0,0,0,0,1,-90,90
3,5,2.1430034794384816,1.3715222268406284,3.5986798198152395e-09,0,0,0,0,0,1,-90,90
4,22,1.1324580336252108,0.7247731415201351,3.8034038782452516e-09,0,0,0,0,0,1,-90,90
5,7,1.1127290512285877,0.7121465927862961,1.868571665888155e-09,0,0,0,0,0,1,-90,90
22,15,0.12761718749999998,0.08167499999999998,4.286072344018433e-10,0,0,0,0,0,1,-90,90
7,8,3.6135449679948937,2.312668779516732,6.0681149046596444e-09,0,0,0,0,0,1,-90,90
8,17,1.310411570642979,0.8386634052115066,2.200533839618833e-09,0,0,0,0,0,1,-90,90
10,15,3.0949999999999993,1.9807999999999997,5.19733829141825e-09,0,0,0,0,0,1,-90,90
10,14,2.2348606686202563,1.430310827916964,3.752932771891649e-09,0,0,0,0,0,1,-90,90
15,20,0.864652609095978,0.5533776698214259,2.903969055915491e-09,0,0,0,0,0,1,-90,90
12,13,0.3093718972235083,0.19799801422304528,1.039037420179936e-09,0,0,0,0,0,1,-90,90
12,21,0.4741989457481021,0.30348732527878536,1.5926154045148802e-09,0,0,0,0,0,1,-90,90
13,19,1.602545865725885,1.0256293540645665,2.691105974698273e-09,0,0,0,0,0,1,-90,90
13,18,1.929006888822979,1.2345644088467065,3.2393219281710045e-09,0,0,0,0,0,1,-90,90
21,20,0.736896665410639,0.47161386586280896,2.474895803526421e-09,0,0,0,0,0,1,-90,90
