BUS_I,BUS_TYPE,Pd,Qd,Gs,Bs,area,Vm,Va,baseKV,zone,Vmax,Vmin
1,1,0.00865431751667771,0.002168976422335477,0,0,1,1,0,0.4,1,1.1,0.9
2,1,0.0,0.0,0,0,1,1,0,0.4,1,1.1,0.9
4,1,0.0,0.0,0,0,1,1,0,0.4,1,1.1,0.9
3,1,0.0,0.0,0,0,1,1,0,0.4,1,1.1,0.9
5,1,0.0,0.0,0,0,1,1,0,0.4,1,1.1,0.9
6,1,0.0,0.0,0,0,1,1,0,0.4,1,1.1,0.9
21,1,0.012357576569802478,0.0030971006281494003,0,0,1,1,0,0.4,1,1.1,0.9
29,1,0.015395065384552842,0.003858367083835258,0,0,1,1,0,0.4,1,1.1,0.9
28,1,0.0,0.0,0,0,1,1,0,0.4,1,1.1,0.9
7,1,0.0,0.0,0,0,1,1,0,0.4,1,1.1,0.9
30,1,0.005282673197118422,0.0013239627029367441,0,0,1,1,0,0.4,1,1.1,0.9
18,3,0.0,0.0,0,0,1,1,0,0.4,1,1.1,0.9
11,1,0.0,0.0,0,0,1,1,0,0.4,1,1.1,0.9
8,1,0.00452706435976062,0.001134589277524621,0,0,1,1,0,0.4,1,1.1,0.9
15,1,0.0038705183052357706,0.0009700433257846334,0,0,1,1,0,0.4,1,1.1,0.9
16,1,0.02766463462538018,0.0069334109962272406,0,0,1,1,0,0.4,1,1.1,0.9
31,1,0.0073273364768553844,0.0018364036246868714,0,0,1,1,0,0.4,1,1.1,0.9
24,1,0.0,0.0,0,0,1,1,0,0.4,1,1.1,0.9
10,1,0.0024040874585714287,0.0006025211121298906,0,0,1,1,0,0.4,1,1.1,0.9
14,1,0.012005944914049587,0.0030089734281471994,0,0,1,1,0,0.4,1,1.1,0.9
12,1,0.03643133908811634,0.009130554242313904,0,0,1,1,0,0.4,1,1.1,0.9
25,1,0.0032236301604238924,0.0008079178743805891,0,0,1,1,0,0.4,1,1.1,0.9
23,1,0.0,0.0,0,0,1,1,0,0.4,1,1.1,0.9
13,1,0.006631655160268221,0.0016620494517288037,0,0,1,1,0,0.4,1,1.1,0.9
22,1,0.0023756167510912557,0.0005953856802333022,0,0,1,1,0,0.4,1,1.1,0.9
26,1,0.00776686782513725,0.0019465605642102392,0,0,1,1,0,0.4,1,1.1,0.9
27,1,0.0058198129421692555,0.0014585826126256819,0,0,1,1,0,0.4,1,1.1,0.9
