BUS_I,BUS_TYPE,Pd,Qd,Gs,Bs,area,Vm,Va,baseKV,zone,Vmax,Vmin
1,1,0.006684481225366327,0.0016752889116240233,0,0,1,1,0,0.4,1,1.1,0.9
2,1,0.0,0.0,0,0,1,1,0,0.4,1,1.1,0.9
4,1,0.0061657466277826815,0.001545281766700072,0,0,1,1,0,0.4,1,1.1,0.9
5,1,0.012339004137608533,0.003092445937879895,0,0,1,1,0,0.4,1,1.1,0.9
16,1,0.0,0.0,0,0,1,1,0,0.4,1,1.1,0.9
19,1,0.005105489588364802,0.0012795563047348847,0,0,1,1,0,0.4,1,1.1,0.9
15,1,0.008634919006438964,0.0021641146973923843,0,0,1,1,0,0.4,1,1.1,0.9
14,1,0.007384574183673106,0.00185074874621921,0,0,1,1,0,0.4,1,1.1,0.9
7,1,0.013406750517183035,0.0033600484054191505,0,0,1,1,0,0.4,1,1.1,0.9
8,3,0.003588372163550425,0.0008993308371581048,0,0,1,1,0,0.4,1,1.1,0.9
9,1,0.005992729606378389,0.0015019196137208866,0,0,1,1,0,0.4,1,1.1,0.9
10,1,0.00854913820876852,0.002142616002980286,0,0,1,1,0,0.4,1,1.1,0.9
11,1,0.011552683581420507,0.0028953754301844162,0,0,1,1,0,0.4,1,1.1,0.9
20,1,0.0,0.0,0,0,1,1,0,0.4,1,1.1,0.9
12,1,0.012667679762593208,0.0031748198142501956,0,0,1,1,0,0.4,1,1.1,0.9
21,1,0.0,0.0,0,0,1,1,0,0.4,1,1.1,0.9
13,1,0.0,0.0,0,0,1,1,0,0.4,1,1.1,0.9
17,1,0.005992754180274761,0.0015019257725198598,0,0,1,1,0,0.4,1,1.1,0.9
26,1,0.016590934612859473,0.004158080164086251,0,0,1,1,0,0.4,1,1.1,0.9
24,1,0.0,0.0,0,0,1,1,0,0.4,1,1.1,0.9
37,1,0.0,0.0,0,0,1,1,0,0.4,1,1.1,0.9
38,1,0.004814665010451825,0.0012066687949672669,0,0,1,1,0,0.4,1,1.1,0.9
35,1,0.010697639048431226,0.002681081070343024,0,0,1,1,0,0.4,1,1.1,0.9
40,1,0.010190657869375395,0.002554019609769057,0,0,1,1,0,0.4,1,1.1,0.9
39,1,0.0049778267476661775,0.001247560980903736,0,0,1,1,0,0.4,1,1.1,0.9
29,1,0.0,0.0,0,0,1,1,0,0.4,1,1.1,0.9
28,1,0.005548511054489584,0.001390587950241465,0,0,1,1,0,0.4,1,1.1,0.9
32,1,0.0,0.0,0,0,1,1,0,0.4,1,1.1,0.9
30,1,0.009126282867584141,0.002287262089148903,0,0,1,1,0,0.4,1,1.1,0.9
22,1,0.004392418655293597,0.0011008438830674696,0,0,1,1,0,0.4,1,1.1,0.9
23,1,0.004512434173658744,0.001130922607258803,0,0,1,1,0,0.4,1,1.1,0.9
31,1,0.0,0.0,0,0,1,1,0,0.4,1,1.1,0.9
33,1,0.004256514348317342,0.0010667830530878344,0,0,1,1,0,0.4,1,1.1,0.9
