F_BUS,T_BUS,BR_R,BR_X,BR_B,RATE_A,RATE_B,RATE_C,TAP,SHIFT,BR_STATUS,ANGMIN,ANGMAX
1,2,2.256965445926586,0.868063633048687,2.2776758680490622e-09,0,0,0,0,0,1,-90,90
1,3,2.558451832014976,0.9840199353903755,2.581928760966939e-09,0,0,0,0,0,1,-90,90
