BUS_I,BUS_TYPE,Pd,Qd,Gs,Bs,area,Vm,Va,baseKV,zone,Vmax,Vmin
225,3,0.001844196740007232,0.0004621992710014637,0,0,1,1,0,0.4,1,1.1,0.9
219,1,0.0,0.0,0,0,1,1,0,0.4,1,1.1,0.9
223,1,0.0008658425396096497,0.00021700059539638203,0,0,1,1,0,0.4,1,1.1,0.9
226,1,0.0002376016541399546,5.954858771293473e-05,0,0,1,1,0,0.4,1,1.1,0.9
224,1,0.0015804975801263098,0.00039611003181314226,0,0,1,1,0,0.4,1,1.1,0.9
227,1,0.0,0.0,0,0,1,1,0,0.4,1,1.1,0.9
230,1,0.00028205269095892406,7.068906766677432e-05,0,0,1,1,0,0.4,1,1.1,0.9
229,1,0.015855941887399846,0.003973873623358126,0,0,1,1,0,0.4,1,1.1,0.9
228,1,0.008572785304839988,0.002148542523903152,0,0,1,1,0,0.4,1,1.1,0.9
215,1,0.0009104738156761041,0.00022818624756367706,0,0,1,1,0,0.4,1,1.1,0.9
216,1,0.0,0.0,0,0,1,1,0,0.4,1,1.1,0.9
217,1,0.0,0.0,0,0,1,1,0,0.4,1,1.1,0.9
218,1,0.001615860967433017,0.00040497293210936465,0,0,1,1,0,0.4,1,1.1,0.9
220,1,0.001963373086481757,0.000492067678892114,0,0,1,1,0,0.4,1,1.1,0.9
222,1,0.0005571352090040555,0.00013963124533552358,0,0,1,1,0,0.4,1,1.1,0.9
221,1,0.0019244158938969246,0.00048230408609186716,0,0,1,1,0,0.4,1,1.1,0.9
