BUS_I,BUS_TYPE,Pd,Qd,Gs,Bs,area,Vm,Va,baseKV,zone,Vmax,Vmin
1,1,0.05477044327718364,0.013726767001573827,0,0,1,1,0,0.4,1,1.1,0.9
2,1,0.0,0.0,0,0,1,1,0,0.4,1,1.1,0.9
3,1,0.0,0.0,0,0,1,1,0,0.4,1,1.1,0.9
9,1,0.0,0.0,0,0,1,1,0,0.4,1,1.1,0.9
19,1,0.008308401060756532,0.0020822815864290044,0,0,1,1,0,0.4,1,1.1,0.9
6,1,0.0,0.0,0,0,1,1,0,0.4,1,1.1,0.9
13,1,0.0,0.0,0,0,1,1,0,0.4,1,1.1,0.9
15,1,0.07149599277527065,0.01791858483608773,0,0,1,1,0,0.4,1,1.1,0.9
17,1,0.04306946184001047,0.01079422462529683,0,0,1,1,0,0.4,1,1.1,0.9
10,1,0.0,0.0,0,0,1,1,0,0.4,1,1.1,0.9
11,1,0.0,0.0,0,0,1,1,0,0.4,1,1.1,0.9
18,1,0.05214913596231732,0.013069805461777773,0,0,1,1,0,0.4,1,1.1,0.9
16,3,0.04724762949451998,0.011841372146026435,0,0,1,1,0,0.4,1,1.1,0.9
12,1,0.08627579835315399,0.021622753277256466,0,0,1,1,0,0.4,1,1.1,0.9
14,1,0.0,0.0,0,0,1,1,0,0.4,1,1.1,0.9
