BUS_I,BUS_TYPE,Pd,Qd,Gs,Bs,area,Vm,Va,baseKV,zone,Vmax,Vmin
1,1,0.006542219323958805,0.0016396347182858545,0,0,1,1,0,0.4,1,1.1,0.9
2,1,0.006673604418173402,0.0016725629267839385,0,0,1,1,0,0.4,1,1.1,0.9
3,1,0.0039062328714205593,0.000978994239804077,0,0,1,1,0,0.4,1,1.1,0.9
4,1,0.010947201729787881,0.002743627374047999,0,0,1,1,0,0.4,1,1.1,0.9
5,1,0.018698373024532006,0.004686254016921338,0,0,1,1,0,0.4,1,1.1,0.9
9,1,0.011405522049929874,0.002858493273796827,0,0,1,1,0,0.4,1,1.1,0.9
10,1,0.008890780395121011,0.002228239605955991,0,0,1,1,0,0.4,1,1.1,0.9
6,3,0.007177324526767164,0.00179880708605943,0,0,1,1,0,0.4,1,1.1,0.9
7,1,0.008091353452327385,0.002027884328147239,0,0,1,1,0,0.4,1,1.1,0.9
11,1,0.0,0.0,0,0,1,1,0,0.4,1,1.1,0.9
12,1,0.029098848323979,0.00729285883146747,0,0,1,1,0,0.4,1,1.1,0.9
