F_BUS,T_BUS,BR_R,BR_X,BR_B,RATE_A,RATE_B,RATE_C,TAP,SHIFT,BR_STATUS,ANGMIN,ANGMAX
1,2,0.9853306678694905,0.630611627436474,1.654635479750185e-09,0,0,0,0,0,1,-90,90
2,4,2.6566426978298794,1.7002513266111228,4.461218358658455e-09,0,0,0,0,0,1,-90,90
4,8,2.8056249999999996,1.7955999999999996,4.711399755689928e-09,0,0,0,0,0,1,-90,90
8,12,2.9731016462299493,1.9027850535871675,4.992638135776916e-09,0,0,0,0,0,1,-90,90
6,16,0.15222656249999997,0.09742499999999998,5.112587672066065e-10,0,0,0,0,0,1,-90,90
6,28,0.6928588142389555,0.4434296411129315,2.3269929859714173e-09,0,0,0,0,0,1,-90,90
16,19,3.414148882570773,2.1850552848452947,5.733275192241651e-09,0,0,0,0,0,1,-90,90
16,14,0.6237400814106664,0.39919365210282653,2.0948550623638087e-09,0,0,0,0,0,1,-90,90
28,27,0.14004431688435298,0.08962836280598592,4.703442265838833e-10,0,0,0,0,0,1,-90,90
12,9,2.583981258997382,1.6537480057583243,4.339200239642725e-09,0,0,0,0,0,1,-90,90
9,10,0.8605299645985153,0.5507391773430498,1.4450614978742021e-09,0,0,0,0,0,1,-90,90
10,27,0.5789859789867505,0.37055102655152033,1.9445466874197877e-09,0,0,0,0,0,1,-90,90
10,26,1.8212944369030677,1.1656284396179633,3.0584437211190166e-09,0,0,0,0,0,1,-90,90
26,25,0.8005993941900629,0.5123836122816402,1.3444219345752078e-09,0,0,0,0,0,1,-90,90
18,15,0.7342124115208424,0.4698959433733391,1.2329403167792596e-09,0,0,0,0,0,1,-90,90
15,17,1.2526516458255483,0.8016970533283511,2.1035393746873073e-09,0,0,0,0,0,1,-90,90
15,13,0.40312626030385856,0.2580008065944695,6.769575279332748e-10,0,0,0,0,0,1,-90,90
14,13,0.4869837861185601,0.3116696231158784,8.177768914034987e-10,0,0,0,0,0,1,-90,90
24,25,0.8083101994270119,0.5173185276332877,1.357370452609348e-09,0,0,0,0,0,1,-90,90
17,20,0.6572116359030392,0.42061544697794506,1.103635282986913e-09,0,0,0,0,0,1,-90,90
20,21,0.33332502183230206,0.2133280139726733,5.597424553980123e-10,0,0,0,0,0,1,-90,90
21,22,0.3336502120051009,0.2135361356832646,5.602885372516732e-10,0,0,0,0,0,1,-90,90
22,23,0.6718453358870906,0.42998101496773805,1.1282092052073449e-09,0,0,0,0,0,1,-90,90
