BUS_I,BUS_TYPE,Pd,Qd,Gs,Bs,area,Vm,Va,baseKV,zone,Vmax,Vmin
1,1,0.015414364807659432,0.0038632039752021625,0,0,1,1,0,0.4,1,1.1,0.9
2,1,0.02233834965110809,0.005598518151635749,0,0,1,1,0,0.4,1,1.1,0.9
3,1,0.028162109527806952,0.007058089959298327,0,0,1,1,0,0.4,1,1.1,0.9
4,1,0.020075933275987015,0.0050315031599062685,0,0,1,1,0,0.4,1,1.1,0.9
5,1,0.022442080803935532,0.005624515629115726,0,0,1,1,0,0.4,1,1.1,0.9
6,3,0.011508672136615945,0.0028843451223744647,0,0,1,1,0,0.4,1,1.1,0.9
14,1,0.004628199732647089,0.0011599361912277674,0,0,1,1,0,0.4,1,1.1,0.9
7,1,0.01212308483048414,0.00303833145856049,0,0,1,1,0,0.4,1,1.1,0.9
15,1,0.01210501244544477,0.0030338020919212115,0,0,1,1,0,0.4,1,1.1,0.9
8,1,0.01520826560549065,0.003811550646178264,0,0,1,1,0,0.4,1,1.1,0.9
32,1,0.0,0.0,0,0,1,1,0,0.4,1,1.1,0.9
33,1,0.024112233592829813,0.006043095374292463,0,0,1,1,0,0.4,1,1.1,0.9
34,1,0.01987825304865208,0.0049819598248685695,0,0,1,1,0,0.4,1,1.1,0.9
9,1,0.0052428047604145015,0.0013139707308327006,0,0,1,1,0,0.4,1,1.1,0.9
10,1,0.005352004967520744,0.0013413388825178163,0,0,1,1,0,0.4,1,1.1,0.9
11,1,0.0054523608490380186,0.001366490437268863,0,0,1,1,0,0.4,1,1.1,0.9
12,1,0.007006796286896192,0.0017560686805283491,0,0,1,1,0,0.4,1,1.1,0.9
13,1,0.04307519495574331,0.010795661479540633,0,0,1,1,0,0.4,1,1.1,0.9
17,1,0.008944585163143573,0.0022417243519253028,0,0,1,1,0,0.4,1,1.1,0.9
28,1,0.0,0.0,0,0,1,1,0,0.4,1,1.1,0.9
18,1,0.004130656212737327,0.0010352400309944008,0,0,1,1,0,0.4,1,1.1,0.9
31,1,0.020823760100067867,0.005218926228946155,0,0,1,1,0,0.4,1,1.1,0.9
16,1,0.0036558008530281653,0.0009162300597004207,0,0,1,1,0,0.4,1,1.1,0.9
36,1,0.06215102258561017,0.015576514537679902,0,0,1,1,0,0.4,1,1.1,0.9
35,1,0.012098465971118385,0.003032161390798796,0,0,1,1,0,0.4,1,1.1,0.9
19,1,0.011348706935071718,0.0028442540637930174,0,0,1,1,0,0.4,1,1.1,0.9
22,1,0.0,0.0,0,0,1,1,0,0.4,1,1.1,0.9
26,1,0.0,0.0,0,0,1,1,0,0.4,1,1.1,0.9
37,1,0.012164221220674318,0.003048641209762771,0,0,1,1,0,0.4,1,1.1,0.9
23,1,0.0,0.0,0,0,1,1,0,0.4,1,1.1,0.9
24,1,0.0,0.0,0,0,1,1,0,0.4,1,1.1,0.9
39,1,0.034128408406799496,0.008553385408327474,0,0,1,1,0,0.4,1,1.1,0.9
38,1,0.09603563922138028,0.02406879996876444,0,0,1,1,0,0.4,1,1.1,0.9
25,1,0.0,0.0,0,0,1,1,0,0.4,1,1.1,0.9
30,1,0.0,0.0,0,0,1,1,0,0.4,1,1.1,0.9
27,1,0.0,0.0,0,0,1,1,0,0.4,1,1.1,0.9
40,1,0.026845449435578303,0.00672810383494241,0,0,1,1,0,0.4,1,1.1,0.9
