F_BUS,T_BUS,BR_R,BR_X,BR_B,RATE_A,RATE_B,RATE_C,TAP,SHIFT,BR_STATUS,ANGMIN,ANGMAX
1,2,2.4163262613911716,1.5464488072903497,4.05766235957604e-09,0,0,0,0,0,1,-90,90
2,4,1.4899218749999998,0.9535499999999998,2.5019799716184737e-09,0,0,0,0,0,1,-90,90
4,38,1.5803973731934138,1.0114543188437848,2.653912692521793e-09,0,0,0,0,0,1,-90,90
4,35,3.701336911055719,2.36885562307566,6.2155412139804965e-09,0,0,0,0,0,1,-90,90
33,31,0.2374589325581072,0.1519737168371886,3.987574807184345e-10,0,0,0,0,0,1,-90,90
33,34,2.786321184062672,1.78324555780011,4.678983451411555e-09,0,0,0,0,0,1,-90,90
31,32,2.4538381330504864,1.5704564051523113,4.120654891711007e-09,0,0,0,0,0,1,-90,90
34,39,0.9450208927429693,0.6048133713555004,3.1738890287840355e-09,0,0,0,0,0,1,-90,90
38,39,0.42610217391323235,0.27270539130446875,7.155402728710183e-10,0,0,0,0,0,1,-90,90
35,36,1.5401180586091954,0.9856755575098851,2.5862728786152856e-09,0,0,0,0,0,1,-90,90
36,37,0.9114387807559776,0.5833208196838257,1.5305511067872721e-09,0,0,0,0,0,1,-90,90
40,41,1.1626710440853252,0.7441094682146081,1.952437718173796e-09,0,0,0,0,0,1,-90,90
40,42,0.8567514816495525,0.5483209482557136,1.4387164076919354e-09,0,0,0,0,0,1,-90,90
41,43,5.944680041812353,3.8045952267599055,9.982718323599738e-09,0,0,0,0,0,1,-90,90
43,29,3.7173706019298796,2.379117185235123,6.2424660978360825e-09,0,0,0,0,0,1,-90,90
29,32,4.598391616437485,2.94297063451999,7.721937585475674e-09,0,0,0,0,0,1,-90,90
