BUS_I,BUS_TYPE,Pd,Qd,Gs,Bs,area,Vm,Va,baseKV,zone,Vmax,Vmin
1,3,0.005702448210959959,0.0014291682383187375,0,0,1,1,0,0.4,1,1.1,0.9
2,1,0.09674446339418873,0.024246448051983043,0,0,1,1,0,0.4,1,1.1,0.9
3,1,0.0,0.0,0,0,1,1,0,0.4,1,1.1,0.9
4,1,0.008864699470851495,0.0022217031101890764,0,0,1,1,0,0.4,1,1.1,0.9
5,1,0.012893311730007205,0.003231368515693495,0,0,1,1,0,0.4,1,1.1,0.9
6,1,0.009715589182686434,0.0024349561736942272,0,0,1,1,0,0.4,1,1.1,0.9
7,1,0.024904348587709586,0.006241618105213962,0,0,1,1,0,0.4,1,1.1,0.9
8,1,0.00690976595495083,0.0017317505870639825,0,0,1,1,0,0.4,1,1.1,0.9
12,1,0.00394009794494909,0.000987481627270794,0,0,1,1,0,0.4,1,1.1,0.9
9,1,0.0016866303301869292,0.00042270940629593554,0,0,1,1,0,0.4,1,1.1,0.9
10,1,0.011472845194820424,0.0028753660443721703,0,0,1,1,0,0.4,1,1.1,0.9
15,1,0.002000058181016945,0.0005012618302442723,0,0,1,1,0,0.4,1,1.1,0.9
14,1,0.005034983362772574,0.0012618857789374774,0,0,1,1,0,0.4,1,1.1,0.9
11,1,0.04783532905901579,0.01198866354091133,0,0,1,1,0,0.4,1,1.1,0.9
16,1,0.0003213691760213633,8.054270764996185e-05,0,0,1,1,0,0.4,1,1.1,0.9
17,1,0.018894604111240474,0.004735434163083034,0,0,1,1,0,0.4,1,1.1,0.9
18,1,0.0016042554829160398,0.0004020643235173418,0,0,1,1,0,0.4,1,1.1,0.9
19,1,0.0,0.0,0,0,1,1,0,0.4,1,1.1,0.9
20,1,0.00276165485845586,0.0006921359498395727,0,0,1,1,0,0.4,1,1.1,0.9
21,1,0.0054878815101325785,0.0013753927540918129,0,0,1,1,0,0.4,1,1.1,0.9
24,1,0.0006406605990611594,0.00016056468131717214,0,0,1,1,0,0.4,1,1.1,0.9
