BUS_I,BUS_TYPE,Pd,Qd,Gs,Bs,area,Vm,Va,baseKV,zone,Vmax,Vmin
1,1,0.024672551323242083,0.006183524234677896,0,0,1,1,0,0.4,1,1.1,0.9
2,1,0.0,0.0,0,0,1,1,0,0.4,1,1.1,0.9
3,1,0.006689258345706957,0.0016764861708377648,0,0,1,1,0,0.4,1,1.1,0.9
4,1,0.015856062923773808,0.003973903957932847,0,0,1,1,0,0.4,1,1.1,0.9
5,1,0.0,0.0,0,0,1,1,0,0.4,1,1.1,0.9
10,1,0.007347046531512329,0.0018413434300212,0,0,1,1,0,0.4,1,1.1,0.9
6,1,0.009860170974961615,0.0024711917864897533,0,0,1,1,0,0.4,1,1.1,0.9
11,1,0.0,0.0,0,0,1,1,0,0.4,1,1.1,0.9
7,1,0.0,0.0,0,0,1,1,0,0.4,1,1.1,0.9
9,1,0.009168330991810268,0.0022978003424397203,0,0,1,1,0,0.4,1,1.1,0.9
8,1,0.0,0.0,0,0,1,1,0,0.4,1,1.1,0.9
28,1,0.015848411812217696,0.003971986408624321,0,0,1,1,0,0.4,1,1.1,0.9
26,1,0.006918341644538801,0.0017338998574698502,0,0,1,1,0,0.4,1,1.1,0.9
30,1,0.0,0.0,0,0,1,1,0,0.4,1,1.1,0.9
29,1,0.009455787691346633,0.00236984378232221,0,0,1,1,0,0.4,1,1.1,0.9
23,1,0.0036370874051526243,0.0009115400275697029,0,0,1,1,0,0.4,1,1.1,0.9
25,3,0.0,0.0,0,0,1,1,0,0.4,1,1.1,0.9
22,1,0.0,0.0,0,0,1,1,0,0.4,1,1.1,0.9
12,1,0.006583014883661536,0.0016498590493160812,0,0,1,1,0,0.4,1,1.1,0.9
13,1,0.008153394240484366,0.0020434332153328877,0,0,1,1,0,0.4,1,1.1,0.9
14,1,0.009450716626989266,0.0023685728537936367,0,0,1,1,0,0.4,1,1.1,0.9
15,1,0.0,0.0,0,0,1,1,0,0.4,1,1.1,0.9
16,1,0.0,0.0,0,0,1,1,0,0.4,1,1.1,0.9
17,1,0.002280789365194503,0.0005716196970918931,0,0,1,1,0,0.4,1,1.1,0.9
18,1,0.005002631545605304,0.0012537776492645954,0,0,1,1,0,0.4,1,1.1,0.9
20,1,0.005028537184425396,0.0012602702143568788,0,0,1,1,0,0.4,1,1.1,0.9
21,1,0.008958870253500928,0.00224530453304488,0,0,1,1,0,0.4,1,1.1,0.9
24,1,0.0167337060194879,0.00419386205146951,0,0,1,1,0,0.4,1,1.1,0.9
