F_BUS,T_BUS,BR_R,BR_X,BR_B,RATE_A,RATE_B,RATE_C,TAP,SHIFT,BR_STATUS,ANGMIN,ANGMAX
1,2,0.6964818133622351,0.4457483605518305,2.3391609679250174e-09,0,0,0,0,0,1,-90,90
1,3,0.5859322954120753,0.3749966690637282,1.967876158399851e-09,0,0,0,0,0,1,-90,90
2,4,1.370982477916225,0.8774287858663841,2.302248700916793e-09,0,0,0,0,0,1,-90,90
3,5,0.9721792332793439,0.6221947092987801,3.2651013604163945e-09,0,0,0,0,0,1,-90,90
4,10,2.5531003429116446,1.6339842194634524,4.287342867220601e-09,0,0,0,0,0,1,-90,90
4,21,5.72589880575016,3.6645752356801022,9.615325724042436e-09,0,0,0,0,0,1,-90,90
5,9,3.419285970114265,2.1883430208731296,5.741901745326032e-09,0,0,0,0,0,1,-90,90
5,6,1.2832584391227233,0.821285401038543,2.154936421143181e-09,0,0,0,0,0,1,-90,90
10,11,0.5553835997501159,0.3554455038400742,9.326385943156655e-10,0,0,0,0,0,1,-90,90
9,19,2.2789894617233957,1.4585532555029732,3.827036896657083e-09,0,0,0,0,0,1,-90,90
6,7,0.031437816866267156,0.02012020279441098,5.2792558771452294e-11,0,0,0,0,0,1,-90,90
11,12,0.30078917440585196,0.19250507161974525,5.051060076845289e-10,0,0,0,0,0,1,-90,90
19,17,3.8147164624761376,2.4414185359847282,6.4059360068920216e-09,0,0,0,0,0,1,-90,90
7,8,1.5867977827461743,1.0155505809575518,2.664660703393949e-09,0,0,0,0,0,1,-90,90
8,14,4.0734607857283445,2.6070149028661405,6.84043738942055e-09,0,0,0,0,0,1,-90,90
17,15,0.6471589047360453,0.414181699031069,1.0867540407809189e-09,0,0,0,0,0,1,-90,90
12,13,1.347881810976406,0.8626443590248999,2.2634564615489022e-09,0,0,0,0,0,1,-90,90
15,16,1.2130096599305282,0.7763261823555381,2.036969807243026e-09,0,0,0,0,0,1,-90,90
16,18,0.7284498447953218,0.46620790066900597,1.2232634157455277e-09,0,0,0,0,0,1,-90,90
