F_BUS,T_BUS,BR_R,BR_X,BR_B,RATE_A,RATE_B,RATE_C,TAP,SHIFT,BR_STATUS,ANGMIN,ANGMAX
1,3,11.425702698037723,4.394501037706816,1.1530547513606058e-08,0,0,0,0,0,1,-90,90
3,2,2.6736259126631348,1.0283176587165905,2.698159704861319e-09,0,0,0,0,0,1,-90,90
2,15,23.214129472635648,8.928511335629095,2.342714754141105e-08,0,0,0,0,0,1,-90,90
15,16,0.7269249406291575,0.27958651562659903,7.335953672406757e-10,0,0,0,0,0,1,-90,90
15,14,6.813733170990551,2.6206666042271354,6.876257517765918e-09,0,0,0,0,0,1,-90,90
14,8,0.23178128734647746,0.0891466489794144,2.3390816452561204e-10,0,0,0,0,0,1,-90,90
4,5,3.8248601418103907,1.471100054542458,3.85995791800333e-09,0,0,0,0,0,1,-90,90
4,6,3.196235224484369,1.2293212401862958,3.2255645971698346e-09,0,0,0,0,0,1,-90,90
5,7,2.5856904556803992,0.994496329107846,2.609417332364244e-09,0,0,0,0,0,1,-90,90
6,8,4.317819999999999,1.6606999999999996,4.3574412866308e-09,0,0,0,0,0,1,-90,90
6,9,2.4704529875618237,0.9501742259853169,2.493122419341774e-09,0,0,0,0,0,1,-90,90
7,19,2.6797804154070923,1.030684775156574,2.7043706827055092e-09,0,0,0,0,0,1,-90,90
8,12,2.3157938186975295,0.8906899302682808,2.337044063188604e-09,0,0,0,0,0,1,-90,90
9,17,4.620524310040686,1.777124734631033,4.662923279444854e-09,0,0,0,0,0,1,-90,90
19,20,3.56661241050464,1.3717740040402462,3.599340447481072e-09,0,0,0,0,0,1,-90,90
12,10,2.881114376518893,1.108120914045728,2.907552129488719e-09,0,0,0,0,0,1,-90,90
10,11,2.899164479351548,1.115063261289057,2.925767864121229e-09,0,0,0,0,0,1,-90,90
11,13,0.10663047452383206,0.04101172097070464,1.0760893972031709e-10,0,0,0,0,0,1,-90,90
