BUS_I,BUS_TYPE,Pd,Qd,Gs,Bs,area,Vm,Va,baseKV,zone,Vmax,Vmin
15,1,0.0,0.0,0,0,1,1,0,0.4,1,1.1,0.9
61,1,0.006100186885440886,0.0015288509464626916,0,0,1,1,0,0.4,1,1.1,0.9
51,1,0.003034901122272215,0.0007606179188182717,0,0,1,1,0,0.4,1,1.1,0.9
16,1,0.0,0.0,0,0,1,1,0,0.4,1,1.1,0.9
30,1,0.007712211239962409,0.0019328623327389365,0,0,1,1,0,0.4,1,1.1,0.9
31,1,0.005563700523315654,0.0013943947899706587,0,0,1,1,0,0.4,1,1.1,0.9
29,1,0.004353293489292094,0.001091038192160742,0,0,1,1,0,0.4,1,1.1,0.9
20,1,0.0,0.0,0,0,1,1,0,0.4,1,1.1,0.9
36,1,0.0,0.0,0,0,1,1,0,0.4,1,1.1,0.9
32,1,0.006688217867140127,0.0016762254023282837,0,0,1,1,0,0.4,1,1.1,0.9
21,1,0.0,0.0,0,0,1,1,0,0.4,1,1.1,0.9
67,1,0.011165747191468189,0.0027984000297403195,0,0,1,1,0,0.4,1,1.1,0.9
66,1,0.005262961321143677,0.0013190224411371472,0,0,1,1,0,0.4,1,1.1,0.9
22,1,0.0,0.0,0,0,1,1,0,0.4,1,1.1,0.9
62,1,0.005352444857326306,0.0013414491292952026,0,0,1,1,0,0.4,1,1.1,0.9
25,1,0.0,0.0,0,0,1,1,0,0.4,1,1.1,0.9
50,1,0.006179132809192161,0.0015486366600011687,0,0,1,1,0,0.4,1,1.1,0.9
34,1,0.003524250394074747,0.0008832604068921528,0,0,1,1,0,0.4,1,1.1,0.9
33,1,0.005431692699792812,0.001361310510796351,0,0,1,1,0,0.4,1,1.1,0.9
64,1,0.005142922134395555,0.00128893778508989,0,0,1,1,0,0.4,1,1.1,0.9
43,1,0.014883432860580737,0.003730139886340256,0,0,1,1,0,0.4,1,1.1,0.9
44,1,0.016791429848530052,0.004208329006715614,0,0,1,1,0,0.4,1,1.1,0.9
45,1,0.0,0.0,0,0,1,1,0,0.4,1,1.1,0.9
47,3,0.0,0.0,0,0,1,1,0,0.4,1,1.1,0.9
48,1,0.07313635758522566,0.018329699010020545,0,0,1,1,0,0.4,1,1.1,0.9
46,1,0.0,0.0,0,0,1,1,0,0.4,1,1.1,0.9
53,1,0.0,0.0,0,0,1,1,0,0.4,1,1.1,0.9
55,1,0.00531073291567325,0.0013309951312992932,0,0,1,1,0,0.4,1,1.1,0.9
63,1,0.0027007620536372004,0.0006768747743988719,0,0,1,1,0,0.4,1,1.1,0.9
65,1,0.005525461200987866,0.001384811112416048,0,0,1,1,0,0.4,1,1.1,0.9
