BUS_I,BUS_TYPE,Pd,Qd,Gs,Bs,area,Vm,Va,baseKV,zone,Vmax,Vmin
1,1,0.01693994246396175,0.0042455497766573196,0,0,1,1,0,0.4,1,1.1,0.9
2,1,0.029549951741309467,0.007405916004877067,0,0,1,1,0,0.4,1,1.1,0.9
3,1,0.03258863937829948,0.00816748291373758,0,0,1,1,0,0.4,1,1.1,0.9
4,1,0.0,0.0,0,0,1,1,0,0.4,1,1.1,0.9
5,1,0.0119572869202246,0.002996778585381013,0,0,1,1,0,0.4,1,1.1,0.9
14,1,0.0,0.0,0,0,1,1,0,0.4,1,1.1,0.9
30,3,0.033096718187304225,0.008294819466307543,0,0,1,1,0,0.4,1,1.1,0.9
31,1,0.017997219317076322,0.004510528333529923,0,0,1,1,0,0.4,1,1.1,0.9
15,1,0.013308195398480676,0.003335348164371379,0,0,1,1,0,0.4,1,1.1,0.9
12,1,0.02086748100764893,0.005229883721264144,0,0,1,1,0,0.4,1,1.1,0.9
26,1,0.038700405422521324,0.00969923587094092,0,0,1,1,0,0.4,1,1.1,0.9
32,1,0.0,0.0,0,0,1,1,0,0.4,1,1.1,0.9
6,1,0.006829317215202166,0.0017115882323335033,0,0,1,1,0,0.4,1,1.1,0.9
7,1,0.01803549124381298,0.0045201201825196555,0,0,1,1,0,0.4,1,1.1,0.9
8,1,0.0,0.0,0,0,1,1,0,0.4,1,1.1,0.9
9,1,0.013415255381782207,0.0033621799254096307,0,0,1,1,0,0.4,1,1.1,0.9
10,1,0.021215098577327722,0.0053170048964659876,0,0,1,1,0,0.4,1,1.1,0.9
11,1,0.035846008952077145,0.008983856682176453,0,0,1,1,0,0.4,1,1.1,0.9
13,1,0.02646859140362425,0.006633654309107371,0,0,1,1,0,0.4,1,1.1,0.9
16,1,0.01346112674784737,0.0033736763734269265,0,0,1,1,0,0.4,1,1.1,0.9
27,1,0.011670085046418878,0.002924799010846715,0,0,1,1,0,0.4,1,1.1,0.9
18,1,0.009092145701769477,0.0022787065089272768,0,0,1,1,0,0.4,1,1.1,0.9
19,1,0.020326328452148677,0.005094258106476529,0,0,1,1,0,0.4,1,1.1,0.9
20,1,0.005084138120947687,0.0012742051225855425,0,0,1,1,0,0.4,1,1.1,0.9
22,1,0.025031490273460022,0.006273482815303146,0,0,1,1,0,0.4,1,1.1,0.9
23,1,0.01903663294490078,0.0047710299441376764,0,0,1,1,0,0.4,1,1.1,0.9
24,1,0.032656037667293976,0.008184374517200605,0,0,1,1,0,0.4,1,1.1,0.9
25,1,0.017867467117789113,0.00447800936707673,0,0,1,1,0,0.4,1,1.1,0.9
34,1,0.0,0.0,0,0,1,1,0,0.4,1,1.1,0.9
35,1,0.07897448291737157,0.01979287114019275,0,0,1,1,0,0.4,1,1.1,0.9
37,1,0.015267388399880741,0.003826368215190214,0,0,1,1,0,0.4,1,1.1,0.9
36,1,0.02107335375033089,0.005281480294190686,0,0,1,1,0,0.4,1,1.1,0.9
