BUS_I,BUS_TYPE,Pd,Qd,Gs,Bs,area,Vm,Va,baseKV,zone,Vmax,Vmin
1,1,0.016343828688597628,0.004096149581748534,0,0,1,1,0,0.4,1,1.1,0.9
2,1,0.007816513875928157,0.0019590030373942925,0,0,1,1,0,0.4,1,1.1,0.9
3,3,0.03246818461195591,0.008137294103625905,0,0,1,1,0,0.4,1,1.1,0.9
4,1,0.0025927670714657627,0.000649808680555078,0,0,1,1,0,0.4,1,1.1,0.9
5,1,0.0068347634185877545,0.0017129531795649657,0,0,1,1,0,0.4,1,1.1,0.9
6,1,0.0037977414157750844,0.0009518037179788245,0,0,1,1,0,0.4,1,1.1,0.9
9,1,0.021882478167493946,0.005484265988172979,0,0,1,1,0,0.4,1,1.1,0.9
8,1,0.004994855260944136,0.0012518287286188091,0,0,1,1,0,0.4,1,1.1,0.9
10,1,0.0,0.0,0,0,1,1,0,0.4,1,1.1,0.9
