BUS_I,BUS_TYPE,Pd,Qd,Gs,Bs,area,Vm,Va,baseKV,zone,Vmax,Vmin
130,3,0.007816135625221864,0.001958908238831367,0,0,1,1,0,0.4,1,1.1,0.9
127,1,0.0070195489213319626,0.001759264791990697,0,0,1,1,0,0.4,1,1.1,0.9
131,1,0.0,0.0,0,0,1,1,0,0.4,1,1.1,0.9
124,1,0.001109440679062597,0.0002780520439918413,0,0,1,1,0,0.4,1,1.1,0.9
56,1,0.00017388754824623502,4.358032757141004e-05,0,0,1,1,0,0.4,1,1.1,0.9
57,1,0.0,0.0,0,0,1,1,0,0.4,1,1.1,0.9
123,1,0.0004890878977822979,0.00012257698156961823,0,0,1,1,0,0.4,1,1.1,0.9
97,1,0.0,0.0,0,0,1,1,0,0.4,1,1.1,0.9
75,1,0.0001748267938658812,4.381572471276389e-05,0,0,1,1,0,0.4,1,1.1,0.9
76,1,0.000259403591454899,6.501266826073323e-05,0,0,1,1,0,0.4,1,1.1,0.9
78,1,7.110462172544962e-05,1.7820498005114562e-05,0,0,1,1,0,0.4,1,1.1,0.9
93,1,0.0005803028937494743,0.000145437614454299,0,0,1,1,0,0.4,1,1.1,0.9
79,1,0.00012503553231734462,3.133685828233815e-05,0,0,1,1,0,0.4,1,1.1,0.9
80,1,0.0005502249251124838,0.00013789936494130648,0,0,1,1,0,0.4,1,1.1,0.9
81,1,0.00012965868899004337,3.2495530563603834e-05,0,0,1,1,0,0.4,1,1.1,0.9
82,1,8.852271685901615e-05,2.218588413682252e-05,0,0,1,1,0,0.4,1,1.1,0.9
83,1,0.00039660047047439083,9.939744733058261e-05,0,0,1,1,0,0.4,1,1.1,0.9
84,1,0.000499861258479599,0.00012527704027404305,0,0,1,1,0,0.4,1,1.1,0.9
126,1,0.01371183486116014,0.0034365097494401934,0,0,1,1,0,0.4,1,1.1,0.9
