F_BUS,T_BUS,BR_R,BR_X,BR_B,RATE_A,RATE_B,RATE_C,TAP,SHIFT,BR_STATUS,ANGMIN,ANGMAX
1,5,3.991653722259615,1.5352514316383135,4.0282820338290065e-09,0,0,0,0,0,1,-90,90
5,20,1.4031934369906198,0.5396897834579307,1.4160694552974192e-09,0,0,0,0,0,1,-90,90
2,3,3.0866557459934896,1.1871752869205732,3.1149795927593616e-09,0,0,0,0,0,1,-90,90
2,15,4.0308101854535625,1.5503116097898315,4.067797805528555e-09,0,0,0,0,0,1,-90,90
3,19,6.077859720121075,2.3376383538927215,6.133631526744027e-09,0,0,0,0,0,1,-90,90
15,20,2.647823482491774,1.0183936471122208,2.6721205057923217e-09,0,0,0,0,0,1,-90,90
15,14,1.5491382065767911,0.5958223871449196,1.5633534468863694e-09,0,0,0,0,0,1,-90,90
6,7,9.570397279091848,3.680922030419942,9.65821739520728e-09,0,0,0,0,0,1,-90,90
7,8,1.8185952067374895,0.6994596948990346,1.8352830450335621e-09,0,0,0,0,0,1,-90,90
19,8,28.99231347632839,11.150889798587842,2.925835346000896e-08,0,0,0,0,0,1,-90,90
14,12,3.466241678143001,1.3331698762088469,3.4980486907237323e-09,0,0,0,0,0,1,-90,90
12,10,3.728052173567134,1.4338662206027437,3.762261618088555e-09,0,0,0,0,0,1,-90,90
10,9,0.24180663612674475,0.09300255235644028,2.440255081592073e-10,0,0,0,0,0,1,-90,90
9,11,4.651920766406805,1.7892002947718482,4.694607836750075e-09,0,0,0,0,0,1,-90,90
11,13,0.018540296971767897,0.0071308834506799606,1.871042690320056e-11,0,0,0,0,0,1,-90,90
13,18,1.6336300240871806,0.628319240033531,1.6486205803014368e-09,0,0,0,0,0,1,-90,90
18,17,2.0387313896268435,0.7841274575487859,2.057439247006636e-09,0,0,0,0,0,1,-90,90
17,16,0.387773271112592,0.1491435658125354,3.9133156578965487e-10,0,0,0,0,0,1,-90,90
