BUS_I,BUS_TYPE,Pd,Qd,Gs,Bs,area,Vm,Va,baseKV,zone,Vmax,Vmin
1,1,0.008312155412123875,0.0020832225155757843,0,0,1,1,0,0.4,1,1.1,0.9
2,1,0.0,0.0,0,0,1,1,0,0.4,1,1.1,0.9
4,1,0.0,0.0,0,0,1,1,0,0.4,1,1.1,0.9
3,1,0.0,0.0,0,0,1,1,0,0.4,1,1.1,0.9
5,1,0.0,0.0,0,0,1,1,0,0.4,1,1.1,0.9
16,1,0.0022145596213127548,0.0005550209586402474,0,0,1,1,0,0.4,1,1.1,0.9
13,1,0.0029697654597080304,0.0007442933829917711,0,0,1,1,0,0.4,1,1.1,0.9
18,1,0.0,0.0,0,0,1,1,0,0.4,1,1.1,0.9
17,1,0.005395138705564411,0.0013521492162782334,0,0,1,1,0,0.4,1,1.1,0.9
15,1,0.002043810255958948,0.0005122271338392218,0,0,1,1,0,0.4,1,1.1,0.9
10,1,0.025632970658509245,0.006424228009381702,0,0,1,1,0,0.4,1,1.1,0.9
6,1,0.08548115529783296,0.021423596954664594,0,0,1,1,0,0.4,1,1.1,0.9
7,1,0.009380867884682493,0.002351067108840182,0,0,1,1,0,0.4,1,1.1,0.9
8,3,0.0,0.0,0,0,1,1,0,0.4,1,1.1,0.9
9,1,0.0,0.0,0,0,1,1,0,0.4,1,1.1,0.9
12,1,0.0,0.0,0,0,1,1,0,0.4,1,1.1,0.9
19,1,0.005285151452955658,0.0013245838123967474,0,0,1,1,0,0.4,1,1.1,0.9
20,1,0.0005020424879269762,0.00012582370790369124,0,0,1,1,0,0.4,1,1.1,0.9
14,1,0.0036585773172503394,0.0009169259072266697,0,0,1,1,0,0.4,1,1.1,0.9
