BUS_I,BUS_TYPE,Pd,Qd,Gs,Bs,area,Vm,Va,baseKV,zone,Vmax,Vmin
1,1,0.008926315146463921,0.00223714545412805,0,0,1,1,0,0.4,1,1.1,0.9
2,1,0.015077291062680746,0.0037787253315612074,0,0,1,1,0,0.4,1,1.1,0.9
3,1,0.005097964787009319,0.0012776704117466336,0,0,1,1,0,0.4,1,1.1,0.9
4,1,0.0,0.0,0,0,1,1,0,0.4,1,1.1,0.9
5,1,0.006154699572646774,0.0015425131137034784,0,0,1,1,0,0.4,1,1.1,0.9
23,1,0.006237331882386786,0.0015632227226592185,0,0,1,1,0,0.4,1,1.1,0.9
13,1,0.0037832826814451445,0.000948180017577491,0,0,1,1,0,0.4,1,1.1,0.9
21,1,0.002237086278799767,0.0005606666711842115,0,0,1,1,0,0.4,1,1.1,0.9
12,1,0.004008640107866711,0.001004659912562234,0,0,1,1,0,0.4,1,1.1,0.9
6,1,0.001644206875894245,0.0004120770864235093,0,0,1,1,0,0.4,1,1.1,0.9
7,1,0.01108139933247353,0.002777260463612623,0,0,1,1,0,0.4,1,1.1,0.9
8,1,0.0,0.0,0,0,1,1,0,0.4,1,1.1,0.9
10,1,0.00545331471067423,0.0013667294975292623,0,0,1,1,0,0.4,1,1.1,0.9
11,1,0.0,0.0,0,0,1,1,0,0.4,1,1.1,0.9
33,1,0.0,0.0,0,0,1,1,0,0.4,1,1.1,0.9
37,1,0.011925257556466052,0.0029887512701501097,0,0,1,1,0,0.4,1,1.1,0.9
35,1,0.0,0.0,0,0,1,1,0,0.4,1,1.1,0.9
39,1,0.005528436656605964,0.0013855568318871586,0,0,1,1,0,0.4,1,1.1,0.9
36,1,0.0,0.0,0,0,1,1,0,0.4,1,1.1,0.9
20,1,0.0032514541140413913,0.0008148912144800495,0,0,1,1,0,0.4,1,1.1,0.9
25,1,0.003476509453692718,0.0008712953993835658,0,0,1,1,0,0.4,1,1.1,0.9
14,1,0.00809085347317987,0.002027759021561188,0,0,1,1,0,0.4,1,1.1,0.9
15,1,0.0033188935407745474,0.0008317931280322332,0,0,1,1,0,0.4,1,1.1,0.9
31,1,0.003833343819691713,0.000960726521484106,0,0,1,1,0,0.4,1,1.1,0.9
30,1,0.0,0.0,0,0,1,1,0,0.4,1,1.1,0.9
16,1,0.007516452003704544,0.0018838004434473235,0,0,1,1,0,0.4,1,1.1,0.9
17,1,0.0073635267022233155,0.001845473750134751,0,0,1,1,0,0.4,1,1.1,0.9
18,3,0.013465163844687864,0.003374688165268957,0,0,1,1,0,0.4,1,1.1,0.9
19,1,0.007255491529180513,0.0018183975835091098,0,0,1,1,0,0.4,1,1.1,0.9
22,1,0.003906367936662402,0.0009790280903445119,0,0,1,1,0,0.4,1,1.1,0.9
24,1,0.0,0.0,0,0,1,1,0,0.4,1,1.1,0.9
26,1,0.004596168292931956,0.0011519083557131012,0,0,1,1,0,0.4,1,1.1,0.9
27,1,0.0038676929456181474,0.0009693352239171627,0,0,1,1,0,0.4,1,1.1,0.9
28,1,0.0,0.0,0,0,1,1,0,0.4,1,1.1,0.9
