BUS_I,BUS_TYPE,Pd,Qd,Gs,Bs,area,Vm,Va,baseKV,zone,Vmax,Vmin
1,1,0.08507046878027122,0.021320669211160166,0,0,1,1,0,0.4,1,1.1,0.9
2,1,0.027221134551333653,0.006822259400268669,0,0,1,1,0,0.4,1,1.1,0.9
3,1,0.0023954834443972502,0.0006003647429135694,0,0,1,1,0,0.4,1,1.1,0.9
27,3,0.0029133239093487935,0.0007301477970766104,0,0,1,1,0,0.4,1,1.1,0.9
25,1,0.0019749335139076316,0.0004949649951126618,0,0,1,1,0,0.4,1,1.1,0.9
4,1,0.007786161454147134,0.0019513960034396275,0,0,1,1,0,0.4,1,1.1,0.9
5,1,0.0,0.0,0,0,1,1,0,0.4,1,1.1,0.9
24,1,0.00437069797270914,0.0010954001668747218,0,0,1,1,0,0.4,1,1.1,0.9
26,1,0.0023159843430911654,0.0005804403900113948,0,0,1,1,0,0.4,1,1.1,0.9
28,1,0.0025865869713012427,0.0006482598014529785,0,0,1,1,0,0.4,1,1.1,0.9
6,1,0.0026735817461211236,0.000670062747218151,0,0,1,1,0,0.4,1,1.1,0.9
7,1,0.000730127581192727,0.0001829872206389526,0,0,1,1,0,0.4,1,1.1,0.9
8,1,0.0,0.0,0,0,1,1,0,0.4,1,1.1,0.9
18,1,0.0,0.0,0,0,1,1,0,0.4,1,1.1,0.9
29,1,0.0,0.0,0,0,1,1,0,0.4,1,1.1,0.9
19,1,0.015214030580255273,0.0038129954850480803,0,0,1,1,0,0.4,1,1.1,0.9
16,1,0.003939236095902878,0.0009872656275391868,0,0,1,1,0,0.4,1,1.1,0.9
30,1,0.004648295666593659,0.0011649727070282248,0,0,1,1,0,0.4,1,1.1,0.9
15,1,0.0,0.0,0,0,1,1,0,0.4,1,1.1,0.9
17,1,0.002354742137331122,0.0005901540088757587,0,0,1,1,0,0.4,1,1.1,0.9
11,1,0.0014575136889595677,0.00036528736327184083,0,0,1,1,0,0.4,1,1.1,0.9
12,1,0.0007112089329820186,0.0001782457604565166,0,0,1,1,0,0.4,1,1.1,0.9
13,1,0.0014091115966707924,0.00035315665547613694,0,0,1,1,0,0.4,1,1.1,0.9
14,1,0.005898363796833332,0.0014782693125176554,0,0,1,1,0,0.4,1,1.1,0.9
20,1,0.0,0.0,0,0,1,1,0,0.4,1,1.1,0.9
23,1,0.002473499929582793,0.0006199175171900888,0,0,1,1,0,0.4,1,1.1,0.9
21,1,0.0010503636810205125,0.00026324595262661133,0,0,1,1,0,0.4,1,1.1,0.9
31,1,0.0015452731510354465,0.0003872819577286084,0,0,1,1,0,0.4,1,1.1,0.9
