BUS_I,BUS_TYPE,Pd,Qd,Gs,Bs,area,Vm,Va,baseKV,zone,Vmax,Vmin
1,1,0.035335050949672875,0.008855798535721486,0,0,1,1,0,0.4,1,1.1,0.9
2,1,0.0248201953490517,0.00622052731554044,0,0,1,1,0,0.4,1,1.1,0.9
4,1,0.0,0.0,0,0,1,1,0,0.4,1,1.1,0.9
15,1,0.0,0.0,0,0,1,1,0,0.4,1,1.1,0.9
7,1,0.0,0.0,0,0,1,1,0,0.4,1,1.1,0.9
6,3,0.0,0.0,0,0,1,1,0,0.4,1,1.1,0.9
33,1,0.014562632432329197,0.0036497397203177104,0,0,1,1,0,0.4,1,1.1,0.9
34,1,0.01876588157623597,0.0047031732548242396,0,0,1,1,0,0.4,1,1.1,0.9
8,1,0.0,0.0,0,0,1,1,0,0.4,1,1.1,0.9
9,1,0.0,0.0,0,0,1,1,0,0.4,1,1.1,0.9
18,1,0.035007716086495215,0.008773760685934653,0,0,1,1,0,0.4,1,1.1,0.9
32,1,0.04062039281219587,0.01018043006925411,0,0,1,1,0,0.4,1,1.1,0.9
10,1,0.0,0.0,0,0,1,1,0,0.4,1,1.1,0.9
19,1,0.01336196902814343,0.0033488251063321,0,0,1,1,0,0.4,1,1.1,0.9
11,1,0.0,0.0,0,0,1,1,0,0.4,1,1.1,0.9
17,1,0.046982625952954715,0.011774955997972843,0,0,1,1,0,0.4,1,1.1,0.9
28,1,0.027699186079557663,0.006942070406899884,0,0,1,1,0,0.4,1,1.1,0.9
26,1,0.04701053891516101,0.011781951645727425,0,0,1,1,0,0.4,1,1.1,0.9
23,1,0.0,0.0,0,0,1,1,0,0.4,1,1.1,0.9
20,1,0.012681212120959516,0.0031782113429500093,0,0,1,1,0,0.4,1,1.1,0.9
30,1,0.018989684338310737,0.004759263514195734,0,0,1,1,0,0.4,1,1.1,0.9
31,1,0.023634433831802686,0.005923347466468624,0,0,1,1,0,0.4,1,1.1,0.9
29,1,0.036343126340207615,0.00910844604371884,0,0,1,1,0,0.4,1,1.1,0.9
16,1,0.03498995093738738,0.008769308319878068,0,0,1,1,0,0.4,1,1.1,0.9
35,1,0.03532272654160397,0.008852709747903245,0,0,1,1,0,0.4,1,1.1,0.9
27,1,0.043221738592670776,0.010832388776953333,0,0,1,1,0,0.4,1,1.1,0.9
24,1,0.04361248101303458,0.010930318058533558,0,0,1,1,0,0.4,1,1.1,0.9
21,1,0.02013465749195173,0.005046220835748661,0,0,1,1,0,0.4,1,1.1,0.9
22,1,0.0061761048023684295,0.0015478777699564383,0,0,1,1,0,0.4,1,1.1,0.9
