BUS_I,BUS_TYPE,Pd,Qd,Gs,Bs,area,Vm,Va,baseKV,zone,Vmax,Vmin
130,1,0.0749039961237183,0.018772710987084437,0,0,1,1,0,0.4,1,1.1,0.9
131,3,0.005975959246534653,0.0014977165653551378,0,0,1,1,0,0.4,1,1.1,0.9
110,1,0.0,0.0,0,0,1,1,0,0.4,1,1.1,0.9
132,1,0.0,0.0,0,0,1,1,0,0.4,1,1.1,0.9
109,1,0.0,0.0,0,0,1,1,0,0.4,1,1.1,0.9
137,1,0.000964541323869004,0.00024173684242674248,0,0,1,1,0,0.4,1,1.1,0.9
136,1,0.002121789373319367,0.0005317705428559745,0,0,1,1,0,0.4,1,1.1,0.9
134,1,0.0445680408893486,0.011169803938022128,0,0,1,1,0,0.4,1,1.1,0.9
111,1,0.0,0.0,0,0,1,1,0,0.4,1,1.1,0.9
135,1,0.00429428456186912,0.0010762491609007854,0,0,1,1,0,0.4,1,1.1,0.9
112,1,0.0,0.0,0,0,1,1,0,0.4,1,1.1,0.9
138,1,0.0012009893615237118,0.0003009963065950307,0,0,1,1,0,0.4,1,1.1,0.9
143,1,0.0006037284678449928,0.00015130861673667855,0,0,1,1,0,0.4,1,1.1,0.9
81,1,0.0,0.0,0,0,1,1,0,0.4,1,1.1,0.9
144,1,0.0006046094193959107,0.0001515294040072494,0,0,1,1,0,0.4,1,1.1,0.9
145,1,0.00021652656212313014,5.426667176809533e-05,0,0,1,1,0,0.4,1,1.1,0.9
76,1,0.0023230886550171612,0.0005822208984148254,0,0,1,1,0,0.4,1,1.1,0.9
77,1,0.0014937797281395207,0.00037437648945206557,0,0,1,1,0,0.4,1,1.1,0.9
78,1,0.0007737816847052319,0.00019392797027915806,0,0,1,1,0,0.4,1,1.1,0.9
79,1,0.0,0.0,0,0,1,1,0,0.4,1,1.1,0.9
80,1,0.0009315546624447833,0.00023346960578528355,0,0,1,1,0,0.4,1,1.1,0.9
