F_BUS,T_BUS,BR_R,BR_X,BR_B,RATE_A,RATE_B,RATE_C,TAP,SHIFT,BR_STATUS,ANGMIN,ANGMAX
1,2,2.198778099092693,1.4072179834193237,3.6923404228582518e-09,0,0,0,0,0,1,-90,90
1,3,3.240534135480968,2.0739418467078194,1.0883458576402697e-08,0,0,0,0,0,1,-90,90
2,4,3.2595232128308504,2.0860948562117443,5.473617061651833e-09,0,0,0,0,0,1,-90,90
3,5,0.6204687499999998,0.3970999999999999,2.083868169953743e-09,0,0,0,0,0,1,-90,90
4,21,1.1801095206488592,0.7552700932152698,1.981721615423442e-09,0,0,0,0,0,1,-90,90
5,7,12.565357307888645,8.041828677048734,4.220123598167484e-08,0,0,0,0,0,1,-90,90
5,10,2.807355312936087,1.796707400279096,9.428610833951014e-09,0,0,0,0,0,1,-90,90
5,30,3.3939513467914417,2.172128861946523,5.699358091725268e-09,0,0,0,0,0,1,-90,90
21,22,0.7963741449552092,0.5096794527713339,1.3373266035124969e-09,0,0,0,0,0,1,-90,90
7,17,6.480819199973449,4.147724287983007,1.0883040319153668e-08,0,0,0,0,0,1,-90,90
10,16,5.138671874999999,3.2887499999999994,8.629213603544917e-09,0,0,0,0,0,1,-90,90
10,14,1.8214335137094986,1.1657174487740791,3.0586772685217663e-09,0,0,0,0,0,1,-90,90
30,31,2.3458108394088093,1.501318937221638,3.939247980640838e-09,0,0,0,0,0,1,-90,90
6,16,0.50078125,0.32049999999999995,8.409465480611618e-10,0,0,0,0,0,1,-90,90
6,28,1.2620243722962299,0.8076955982695871,2.1192787059251304e-09,0,0,0,0,0,1,-90,90
16,19,1.38580576513179,0.8869156896843458,2.3271409911430114e-09,0,0,0,0,0,1,-90,90
28,9,3.1667097172827523,2.0266942190609614,5.317758213712411e-09,0,0,0,0,0,1,-90,90
8,27,2.6116979328891348,1.6714866770490462,4.385743997487106e-09,0,0,0,0,0,1,-90,90
8,25,0.47667793880006465,0.3050738808320414,8.004705990306628e-10,0,0,0,0,0,1,-90,90
27,23,1.0375976934683127,0.6640625238197201,1.742405887996807e-09,0,0,0,0,0,1,-90,90
25,24,1.1795307924898186,0.7548997071934839,1.980749775028837e-09,0,0,0,0,0,1,-90,90
9,29,0.12421874999999998,0.07949999999999999,2.0859672565011658e-10,0,0,0,0,0,1,-90,90
14,12,2.8675492472024238,1.8352315182095513,4.815387239099431e-09,0,0,0,0,0,1,-90,90
12,15,1.2126562499999998,0.7760999999999998,2.036376336818308e-09,0,0,0,0,0,1,-90,90
15,20,3.866065035568487,2.474281622763832,6.492164086098016e-09,0,0,0,0,0,1,-90,90
22,23,0.04833043490350477,0.030931478338243053,8.115981258962278e-11,0,0,0,0,0,1,-90,90
24,26,0.2489468014394751,0.15932595292126403,4.180487055403813e-10,0,0,0,0,0,1,-90,90
