F_BUS,T_BUS,BR_R,BR_X,BR_B,RATE_A,RATE_B,RATE_C,TAP,SHIFT,BR_STATUS,ANGMIN,ANGMAX
1,2,2.7956662304737403,1.7892263875031937,4.694676300376767e-09,0,0,0,0,0,1,-90,90
1,3,1.7539018426806736,1.122497179315631,2.945273410776509e-09,0,0,0,0,0,1,-90,90
2,12,2.9319363659914477,1.8764392742345268,4.923510547001301e-09,0,0,0,0,0,1,-90,90
3,14,4.29041764532014,2.7458672930048897,7.204766369692696e-09,0,0,0,0,0,1,-90,90
12,26,0.19554556948442886,0.1251491644700345,3.28373659450278e-10,0,0,0,0,0,1,-90,90
14,10,3.7611431675633398,2.4071316272405374,6.315972020769976e-09,0,0,0,0,0,1,-90,90
4,29,0.9753718232388764,0.6242379668728809,1.6379118983165902e-09,0,0,0,0,0,1,-90,90
29,30,1.703462465162749,1.0902159777041593,2.860572115729914e-09,0,0,0,0,0,1,-90,90
29,25,2.731167692292184,1.747947323066998,4.586365889316506e-09,0,0,0,0,0,1,-90,90
6,11,1.4281296701267747,0.914002988881136,4.796428445661003e-09,0,0,0,0,0,1,-90,90
6,31,1.6994577554680732,1.0876529634995669,2.8538471299327724e-09,0,0,0,0,0,1,-90,90
11,28,0.11643971833708781,0.0745214197357362,3.910672741552843e-10,0,0,0,0,0,1,-90,90
9,10,1.188556253760341,0.7606760024066181,1.995905954498626e-09,0,0,0,0,0,1,-90,90
9,17,1.4303240947279106,0.9154074206258628,2.4018992525581635e-09,0,0,0,0,0,1,-90,90
10,20,1.9906732815536587,1.2740309001943415,3.3428764044982413e-09,0,0,0,0,0,1,-90,90
10,30,3.2479914529012057,2.0787145298567715,5.4542521319426924e-09,0,0,0,0,0,1,-90,90
17,16,1.5684093094440863,1.003781958044215,2.6337815058451072e-09,0,0,0,0,0,1,-90,90
20,18,1.3681818095432317,0.8756363581076683,2.297545624672359e-09,0,0,0,0,0,1,-90,90
28,27,1.226988611840755,0.7852727115780831,4.12088846232897e-09,0,0,0,0,0,1,-90,90
26,27,2.5409062021204227,1.6261799693570704,4.266865621706816e-09,0,0,0,0,0,1,-90,90
25,23,0.9395857866881919,0.6013349034804428,1.5778175079892994e-09,0,0,0,0,0,1,-90,90
21,19,1.519033675225635,0.9721815521444065,2.550866522198381e-09,0,0,0,0,0,1,-90,90
19,18,1.3325290220660504,0.8528185741222724,2.2376749954151857e-09,0,0,0,0,0,1,-90,90
15,16,1.6198441509417312,1.036700256602708,2.7201544529303214e-09,0,0,0,0,0,1,-90,90
24,22,0.9279673704482778,0.5938991170868978,1.5583070590040515e-09,0,0,0,0,0,1,-90,90
22,23,1.0460289100936333,0.6694585024599252,1.7565641707141e-09,0,0,0,0,0,1,-90,90
