BUS_I,BUS_TYPE,Pd,Qd,Gs,Bs,area,Vm,Va,baseKV,zone,Vmax,Vmin
1,1,0.012712815818121484,0.0031861319760757116,0,0,1,1,0,0.4,1,1.1,0.9
2,1,0.0,0.0,0,0,1,1,0,0.4,1,1.1,0.9
3,1,0.0,0.0,0,0,1,1,0,0.4,1,1.1,0.9
12,1,0.0,0.0,0,0,1,1,0,0.4,1,1.1,0.9
14,1,0.013032027595638112,0.0032661339886932415,0,0,1,1,0,0.4,1,1.1,0.9
4,1,0.0074672439898907286,0.0018714677526780695,0,0,1,1,0,0.4,1,1.1,0.9
29,1,0.0,0.0,0,0,1,1,0,0.4,1,1.1,0.9
6,3,0.0,0.0,0,0,1,1,0,0.4,1,1.1,0.9
11,1,0.0,0.0,0,0,1,1,0,0.4,1,1.1,0.9
31,1,0.07790561554917699,0.019524987726422673,0,0,1,1,0,0.4,1,1.1,0.9
9,1,0.0,0.0,0,0,1,1,0,0.4,1,1.1,0.9
10,1,0.0,0.0,0,0,1,1,0,0.4,1,1.1,0.9
17,1,0.0073772175904387085,0.001848905010159911,0,0,1,1,0,0.4,1,1.1,0.9
20,1,0.002649470984916257,0.0006640200208590663,0,0,1,1,0,0.4,1,1.1,0.9
30,1,0.005075025356620332,0.0012719212485619417,0,0,1,1,0,0.4,1,1.1,0.9
28,1,0.034481765444483815,0.008641945029802723,0,0,1,1,0,0.4,1,1.1,0.9
26,1,0.0014551752595590261,0.0003647012976201824,0,0,1,1,0,0.4,1,1.1,0.9
25,1,0.0117178644407175,0.0029367736558152495,0,0,1,1,0,0.4,1,1.1,0.9
21,1,0.004172223592089978,0.0010456577982626376,0,0,1,1,0,0.4,1,1.1,0.9
19,1,0.008218031605135725,0.002059632865930468,0,0,1,1,0,0.4,1,1.1,0.9
15,1,0.007860127166112662,0.001969933558250313,0,0,1,1,0,0.4,1,1.1,0.9
16,1,0.007422569755525848,0.0018602713341463269,0,0,1,1,0,0.4,1,1.1,0.9
18,1,0.005112027782666107,0.001281194930687405,0,0,1,1,0,0.4,1,1.1,0.9
27,1,0.0,0.0,0,0,1,1,0,0.4,1,1.1,0.9
24,1,0.0063310315426784464,0.0015867060711222032,0,0,1,1,0,0.4,1,1.1,0.9
22,1,0.0034704354099258736,0.0008697731005202377,0,0,1,1,0,0.4,1,1.1,0.9
23,1,0.004895441277013501,0.001226913235654696,0,0,1,1,0,0.4,1,1.1,0.9
