BUS_I,BUS_TYPE,Pd,Qd,Gs,Bs,area,Vm,Va,baseKV,zone,Vmax,Vmin
1,1,0.02475991222842037,0.006205418941360479,0,0,1,1,0,0.4,1,1.1,0.9
2,1,0.02608196573446703,0.006536756782635103,0,0,1,1,0,0.4,1,1.1,0.9
3,3,0.023008314352219027,0.00576642713321706,0,0,1,1,0,0.4,1,1.1,0.9
4,1,0.025984231347770722,0.006512262236417311,0,0,1,1,0,0.4,1,1.1,0.9
5,1,0.024562699885578465,0.006155992869230202,0,0,1,1,0,0.4,1,1.1,0.9
