BUS_I,BUS_TYPE,Pd,Qd,Gs,Bs,area,Vm,Va,baseKV,zone,Vmax,Vmin
1,1,0.009202642198211451,0.0023063995413439248,0,0,1,1,0,0.4,1,1.1,0.9
2,1,0.0030498505039384467,0.000764364587033306,0,0,1,1,0,0.4,1,1.1,0.9
4,1,0.06371948572391815,0.015969608454067464,0,0,1,1,0,0.4,1,1.1,0.9
16,1,0.016042037643867413,0.004020513616320828,0,0,1,1,0,0.4,1,1.1,0.9
24,1,0.011981407491879426,0.0030028237704706226,0,0,1,1,0,0.4,1,1.1,0.9
14,1,0.0,0.0,0,0,1,1,0,0.4,1,1.1,0.9
5,1,0.04105894651253279,0.010290341987106174,0,0,1,1,0,0.4,1,1.1,0.9
6,1,0.045081979026095516,0.011298608976547109,0,0,1,1,0,0.4,1,1.1,0.9
7,1,0.023845154131894142,0.005976158951802395,0,0,1,1,0,0.4,1,1.1,0.9
8,1,0.058986586833569644,0.01478343218046981,0,0,1,1,0,0.4,1,1.1,0.9
19,3,0.078854193793092,0.019762723843895498,0,0,1,1,0,0.4,1,1.1,0.9
18,1,0.008873560978072187,0.0022239240132459603,0,0,1,1,0,0.4,1,1.1,0.9
10,1,0.044361391102127376,0.011118012619376873,0,0,1,1,0,0.4,1,1.1,0.9
22,1,0.0025894504983247496,0.0006489774689740439,0,0,1,1,0,0.4,1,1.1,0.9
11,1,0.0,0.0,0,0,1,1,0,0.4,1,1.1,0.9
21,1,0.05062107345092857,0.01268683689693486,0,0,1,1,0,0.4,1,1.1,0.9
20,1,0.010980710873496238,0.0027520255570931684,0,0,1,1,0,0.4,1,1.1,0.9
13,1,0.01230500122064046,0.003083924003590766,0,0,1,1,0,0.4,1,1.1,0.9
15,1,0.008924370105047865,0.0022366579807988405,0,0,1,1,0,0.4,1,1.1,0.9
27,1,0.0028321907798045287,0.0007098139180950873,0,0,1,1,0,0.4,1,1.1,0.9
28,1,0.0019977158718975877,0.0005006747922434229,0,0,1,1,0,0.4,1,1.1,0.9
25,1,0.0,0.0,0,0,1,1,0,0.4,1,1.1,0.9
17,1,0.008049066217780034,0.0020172861481610968,0,0,1,1,0,0.4,1,1.1,0.9
