F_BUS,T_BUS,BR_R,BR_X,BR_B,RATE_A,RATE_B,RATE_C,TAP,SHIFT,BR_STATUS,ANGMIN,ANGMAX
1,2,0.5423633805386869,0.34711256354475967,9.10774140722703e-10,0,0,0,0,0,1,-90,90
1,3,1.0406127636591067,0.6659921687418284,3.4949380052368636e-09,0,0,0,0,0,1,-90,90
2,4,2.057223717615017,1.316623179273611,3.454632504547443e-09,0,0,0,0,0,1,-90,90
3,5,0.5047280517349634,0.3230259531103766,1.6951485816058528e-09,0,0,0,0,0,1,-90,90
3,6,0.8520052319435905,0.5452833484438979,1.430746176565141e-09,0,0,0,0,0,1,-90,90
3,7,1.2379210298796173,0.7922694591229551,2.0788027044734254e-09,0,0,0,0,0,1,-90,90
4,9,8.042110413653209,5.146950664738053,1.3504868625749044e-08,0,0,0,0,0,1,-90,90
5,33,0.017498956602730646,0.011199332225747614,5.877091903795686e-11,0,0,0,0,0,1,-90,90
6,32,0.4281872811848925,0.2740398599583312,7.190417293701181e-10,0,0,0,0,0,1,-90,90
7,30,0.4361178171320196,0.27911540296449255,7.323592344264905e-10,0,0,0,0,0,1,-90,90
9,8,4.360767367160177,2.7908911149825135,7.322902493476168e-09,0,0,0,0,0,1,-90,90
33,27,0.5211542120868239,0.33353869573556727,1.7503164731584868e-09,0,0,0,0,0,1,-90,90
32,31,0.4176789095242816,0.26731450209554025,7.013953440996343e-10,0,0,0,0,0,1,-90,90
30,29,0.541048199403778,0.346270847618418,9.085655975005341e-10,0,0,0,0,0,1,-90,90
14,25,1.245700245797719,0.7972481573105402,2.0918661024599716e-09,0,0,0,0,0,1,-90,90
14,23,1.9691340815740743,1.2602458122074076,3.3067062885627293e-09,0,0,0,0,0,1,-90,90
25,31,1.1525895875026113,0.7376573360016713,1.9355082382608363e-09,0,0,0,0,0,1,-90,90
23,24,1.8065948412977686,1.1562206984305718,3.0337591424089083e-09,0,0,0,0,0,1,-90,90
27,21,0.18036539052441866,0.11543384993562794,6.05764103792677e-10,0,0,0,0,0,1,-90,90
29,28,0.6824733353811187,0.436782934643916,1.1460564778184874e-09,0,0,0,0,0,1,-90,90
13,21,1.4161718749999999,0.9063499999999999,2.378133865320542e-09,0,0,0,0,0,1,-90,90
13,22,0.9451064095481669,0.6048681021108269,1.5870881201323128e-09,0,0,0,0,0,1,-90,90
13,16,0.9521929968584001,0.6094035179893761,1.5989884082043493e-09,0,0,0,0,0,1,-90,90
21,20,1.1588502895621502,0.7416641853197761,1.9460216426373154e-09,0,0,0,0,0,1,-90,90
22,26,5.653653560378165,3.6183382786420255,9.49400650590196e-09,0,0,0,0,0,1,-90,90
16,15,1.436757886363047,0.9195250472723501,2.412703320934351e-09,0,0,0,0,0,1,-90,90
20,19,1.5962815208570182,1.0216201733484918,2.6805864530641494e-09,0,0,0,0,0,1,-90,90
18,19,0.12188254988958001,0.0780048319293312,2.0467361667102085e-10,0,0,0,0,0,1,-90,90
