F_BUS,T_BUS,BR_R,BR_X,BR_B,RATE_A,RATE_B,RATE_C,TAP,SHIFT,BR_STATUS,ANGMIN,ANGMAX
1,3,0.1594115550986278,0.1020233952631218,2.676949206489915e-10,0,0,0,0,0,1,-90,90
3,6,6.720207247299308,4.300932638271557,1.1285037302958041e-08,0,0,0,0,0,1,-90,90
6,11,2.2048590869860916,1.4111098156710986,3.7025520387639095e-09,0,0,0,0,0,1,-90,90
4,23,3.5342187499999995,2.2619,5.9349048270188515e-09,0,0,0,0,0,1,-90,90
4,7,5.2663071564238475,3.3704365801112623,1.76870952106311e-08,0,0,0,0,0,1,-90,90
4,9,1.697962928834083,1.0866962744538131,5.702673827100526e-09,0,0,0,0,0,1,-90,90
4,22,3.0117187499999996,1.9274999999999995,5.057486650196221e-09,0,0,0,0,0,1,-90,90
7,10,8.434623544471913,5.398159068462024,1.4164003851819648e-08,0,0,0,0,0,1,-90,90
9,12,1.4471431577738902,0.9261716209752897,4.860285975484435e-09,0,0,0,0,0,1,-90,90
5,13,4.163046874999999,2.6643499999999993,6.9908765532816115e-09,0,0,0,0,0,1,-90,90
5,18,0.3787633470883523,0.24240854213654547,6.360456372239208e-10,0,0,0,0,0,1,-90,90
13,14,1.3203926777103605,0.8450513137346308,2.217294805677653e-09,0,0,0,0,0,1,-90,90
13,12,4.056699861483325,2.5962879113493282,6.812291284936479e-09,0,0,0,0,0,1,-90,90
18,17,1.5218208960390003,0.9739653734649603,2.555547016369606e-09,0,0,0,0,0,1,-90,90
11,10,1.4233611289294037,0.9109511225148184,2.390206558287916e-09,0,0,0,0,0,1,-90,90
14,21,0.7053427415857699,0.4514193546148928,1.1844603681478678e-09,0,0,0,0,0,1,-90,90
17,16,1.5466254382775624,0.98984028049764,2.5972005211119577e-09,0,0,0,0,0,1,-90,90
15,16,1.5129200428741918,0.9682688274394828,2.5406000874585396e-09,0,0,0,0,0,1,-90,90
21,20,1.5015991486490678,0.9610234551354033,2.521589258040338e-09,0,0,0,0,0,1,-90,90
20,19,1.8512951790968923,1.1848289146220112,3.108823044600416e-09,0,0,0,0,0,1,-90,90
