BUS_I,BUS_TYPE,Pd,Qd,Gs,Bs,area,Vm,Va,baseKV,zone,Vmax,Vmin
1,1,0.0030389605225238166,0.0007616353004220295,0,0,1,1,0,0.4,1,1.1,0.9
2,1,0.0025459204650284035,0.0006380678142610865,0,0,1,1,0,0.4,1,1.1,0.9
3,1,0.0,0.0,0,0,1,1,0,0.4,1,1.1,0.9
4,1,0.002903073245468243,0.0007275787385428377,0,0,1,1,0,0.4,1,1.1,0.9
5,1,0.0019487871819190577,0.0004884121066261364,0,0,1,1,0,0.4,1,1.1,0.9
6,1,0.0020204278128056106,0.0005063669411898933,0,0,1,1,0,0.4,1,1.1,0.9
10,1,0.003465091258161398,0.0008684337298359298,0,0,1,1,0,0.4,1,1.1,0.9
25,1,0.0021544965957877534,0.0005399677454935366,0,0,1,1,0,0.4,1,1.1,0.9
8,1,0.0006648634020975791,0.00016663047553367276,0,0,1,1,0,0.4,1,1.1,0.9
7,1,0.0027532941129342686,0.0006900405494946545,0,0,1,1,0,0.4,1,1.1,0.9
9,1,0.003426740135701411,0.0008588220325269842,0,0,1,1,0,0.4,1,1.1,0.9
11,1,0.0,0.0,0,0,1,1,0,0.4,1,1.1,0.9
15,1,0.0,0.0,0,0,1,1,0,0.4,1,1.1,0.9
17,1,0.00620969376616297,0.0015562959578009036,0,0,1,1,0,0.4,1,1.1,0.9
21,1,0.001155270880337442,0.00028953817514019195,0,0,1,1,0,0.4,1,1.1,0.9
13,1,0.001422811231066899,0.0003565901075008066,0,0,1,1,0,0.4,1,1.1,0.9
18,1,0.0,0.0,0,0,1,1,0,0.4,1,1.1,0.9
12,1,0.001512692643826037,0.0003791165129285118,0,0,1,1,0,0.4,1,1.1,0.9
14,1,0.0011220072857976336,0.0002812015325176009,0,0,1,1,0,0.4,1,1.1,0.9
16,1,0.0014013666262610506,0.0003512155829215371,0,0,1,1,0,0.4,1,1.1,0.9
19,1,0.000468599268721451,0.00011744204709635499,0,0,1,1,0,0.4,1,1.1,0.9
20,1,0.0009923926976177768,0.00024871705465888297,0,0,1,1,0,0.4,1,1.1,0.9
22,1,0.003120432678406565,0.0007820541474132546,0,0,1,1,0,0.4,1,1.1,0.9
36,1,0.0016562110149881085,0.0004150856072704565,0,0,1,1,0,0.4,1,1.1,0.9
23,3,0.01813132769949238,0.004544139062387217,0,0,1,1,0,0.4,1,1.1,0.9
24,1,0.034428141230124436,0.008628505534846868,0,0,1,1,0,0.4,1,1.1,0.9
27,1,0.0,0.0,0,0,1,1,0,0.4,1,1.1,0.9
28,1,0.0035506315088308323,0.0008898721374868076,0,0,1,1,0,0.4,1,1.1,0.9
30,1,0.024243047011208878,0.006075880307320692,0,0,1,1,0,0.4,1,1.1,0.9
29,1,0.013667467224674108,0.0034253901715800665,0,0,1,1,0,0.4,1,1.1,0.9
34,1,0.00385786150098855,0.0009668712316314626,0,0,1,1,0,0.4,1,1.1,0.9
31,1,0.006607739675326777,0.0016560556662146082,0,0,1,1,0,0.4,1,1.1,0.9
32,1,0.0,0.0,0,0,1,1,0,0.4,1,1.1,0.9
33,1,0.006360628896328916,0.0015941238671653552,0,0,1,1,0,0.4,1,1.1,0.9
35,1,0.010793232814253456,0.0027050391263989883,0,0,1,1,0,0.4,1,1.1,0.9
