F_BUS,T_BUS,BR_R,BR_X,BR_B,RATE_A,RATE_B,RATE_C,TAP,SHIFT,BR_STATUS,ANGMIN,ANGMAX
1,2,5.319342999178696,2.0459011535302682,5.368154485914596e-09,0,0,0,0,0,1,-90,90
1,3,4.078227028260426,1.5685488570232409,4.115649755940641e-09,0,0,0,0,0,1,-90,90
3,5,2.1687055777904445,0.8341175299194018,4.377212215057872e-09,0,0,0,0,0,1,-90,90
5,12,3.0780559182169176,1.1838676608526608,3.1063008510305378e-09,0,0,0,0,0,1,-90,90
12,9,2.370528577625422,0.9117417606251622,2.3922810805645443e-09,0,0,0,0,0,1,-90,90
9,11,10.696139999999998,4.113899999999999,1.079429018430207e-08,0,0,0,0,0,1,-90,90
9,7,8.98098650157198,3.454225577527685,9.063398051939095e-09,0,0,0,0,0,1,-90,90
6,7,5.519120190233695,2.122738534705267,5.569764877369121e-09,0,0,0,0,0,1,-90,90
11,10,6.030512079969117,2.3194277230650453,6.08584941400596e-09,0,0,0,0,0,1,-90,90
