BUS_I,BUS_TYPE,Pd,Qd,Gs,Bs,area,Vm,Va,baseKV,zone,Vmax,Vmin
1,1,0.0033917846302264913,0.0008500613570537523,0,0,1,1,0,0.4,1,1.1,0.9
2,1,0.003425731356663119,0.0008585692086682357,0,0,1,1,0,0.4,1,1.1,0.9
5,1,0.002577394642125701,0.0006459559865987541,0,0,1,1,0,0.4,1,1.1,0.9
6,1,0.005505670833093215,0.001379851178687002,0,0,1,1,0,0.4,1,1.1,0.9
22,1,0.0010897968907528117,0.0002731288465696106,0,0,1,1,0,0.4,1,1.1,0.9
8,3,0.0011195777193540642,0.00028059262576990597,0,0,1,1,0,0.4,1,1.1,0.9
15,1,0.0011944416022533185,0.00029935528343529076,0,0,1,1,0,0.4,1,1.1,0.9
7,1,0.0,0.0,0,0,1,1,0,0.4,1,1.1,0.9
9,1,0.0005610443043607251,0.00014061095698175542,0,0,1,1,0,0.4,1,1.1,0.9
10,1,0.0006151127827091062,0.00015416179498870374,0,0,1,1,0,0.4,1,1.1,0.9
11,1,0.001492855832810884,0.0003741449394562794,0,0,1,1,0,0.4,1,1.1,0.9
12,1,0.0,0.0,0,0,1,1,0,0.4,1,1.1,0.9
13,1,0.0,0.0,0,0,1,1,0,0.4,1,1.1,0.9
18,1,0.0,0.0,0,0,1,1,0,0.4,1,1.1,0.9
14,1,0.002111309196472739,0.0005291439629508072,0,0,1,1,0,0.4,1,1.1,0.9
16,1,0.0006404075248536969,0.0001605012549420675,0,0,1,1,0,0.4,1,1.1,0.9
17,1,0.0008846377899927265,0.00022171112916801966,0,0,1,1,0,0.4,1,1.1,0.9
19,1,0.0009823219331067097,0.00024619308315710904,0,0,1,1,0,0.4,1,1.1,0.9
20,1,0.0004893235738880898,0.0001226360475694253,0,0,1,1,0,0.4,1,1.1,0.9
21,1,0.0005485831781656523,0.00013748790437122035,0,0,1,1,0,0.4,1,1.1,0.9
