F_BUS,T_BUS,BR_R,BR_X,BR_B,RATE_A,RATE_B,RATE_C,TAP,SHIFT,BR_STATUS,ANGMIN,ANGMAX
1,2,1.2072289383624133,0.46431882244708206,1.218306742392191e-09,0,0,0,0,0,1,-90,90
1,3,1.4345121906770988,0.5517354579527304,1.4476755969057503e-09,0,0,0,0,0,1,-90,90
2,4,1.0611465624658039,0.4081332932560785,1.0708838817863747e-09,0,0,0,0,0,1,-90,90
3,5,2.3521378194163916,0.9046683920832277,2.373721564625373e-09,0,0,0,0,0,1,-90,90
5,7,0.29364959601661417,0.11294215231408238,2.9634419069929966e-10,0,0,0,0,0,1,-90,90
5,8,1.1061613960764913,0.4254466907986505,1.1163117816261142e-09,0,0,0,0,0,1,-90,90
7,9,1.4072647366766868,0.5412556679525719,2.840356228288635e-09,0,0,0,0,0,1,-90,90
9,10,0.2183926220419012,0.08399716232380815,2.203966418194682e-10,0,0,0,0,0,1,-90,90
10,16,2.6492302384305724,1.0189347070886816,2.673540170439744e-09,0,0,0,0,0,1,-90,90
16,17,0.007413629730740381,0.002851396050284762,7.481658863158197e-12,0,0,0,0,0,1,-90,90
17,15,1.2602725691569314,0.4847202189065122,1.2718371134629707e-09,0,0,0,0,0,1,-90,90
11,12,0.9288205181937197,0.3572386608437384,9.373435839954257e-10,0,0,0,0,0,1,-90,90
11,13,0.1229016982409025,0.047269883938808654,1.2402947184272354e-10,0,0,0,0,0,1,-90,90
12,14,7.600179222910114,2.9231458549654286,7.669920175389925e-09,0,0,0,0,0,1,-90,90
14,15,14.971162724888234,5.758139509572398,1.5108541478407176e-08,0,0,0,0,0,1,-90,90
