BUS_I,BUS_TYPE,Pd,Qd,Gs,Bs,area,Vm,Va,baseKV,zone,Vmax,Vmin
1,1,0.0032090160549689967,0.0008042552343047993,0,0,1,1,0,0.4,1,1.1,0.9
2,1,0.0,0.0,0,0,1,1,0,0.4,1,1.1,0.9
7,1,0.0,0.0,0,0,1,1,0,0.4,1,1.1,0.9
8,1,0.0021206136599273883,0.0005314758813044758,0,0,1,1,0,0.4,1,1.1,0.9
3,3,0.0,0.0,0,0,1,1,0,0.4,1,1.1,0.9
4,1,0.0,0.0,0,0,1,1,0,0.4,1,1.1,0.9
5,1,0.0,0.0,0,0,1,1,0,0.4,1,1.1,0.9
6,1,0.0,0.0,0,0,1,1,0,0.4,1,1.1,0.9
13,1,0.003048028977817945,0.0007639080695551313,0,0,1,1,0,0.4,1,1.1,0.9
106,1,0.003384419076323676,0.0008482153752392579,0,0,1,1,0,0.4,1,1.1,0.9
15,1,0.0012220619674611869,0.00030627759946965315,0,0,1,1,0,0.4,1,1.1,0.9
99,1,0.0007959339108672055,0.0001994798414873696,0,0,1,1,0,0.4,1,1.1,0.9
91,1,0.0028311729885301677,0.0007095588355570716,0,0,1,1,0,0.4,1,1.1,0.9
9,1,0.0016444975381695625,0.0004121499332564122,0,0,1,1,0,0.4,1,1.1,0.9
10,1,0.0010421804742475492,0.00026119504768633745,0,0,1,1,0,0.4,1,1.1,0.9
12,1,0.0012658039003992858,0.0003172403612388259,0,0,1,1,0,0.4,1,1.1,0.9
17,1,0.0,0.0,0,0,1,1,0,0.4,1,1.1,0.9
14,1,0.0011522905164918313,0.00028879122555131297,0,0,1,1,0,0.4,1,1.1,0.9
16,1,0.0,0.0,0,0,1,1,0,0.4,1,1.1,0.9
92,1,0.000929020138361497,0.00023283439417351917,0,0,1,1,0,0.4,1,1.1,0.9
93,1,0.0007963372561909443,0.00019958092935427104,0,0,1,1,0,0.4,1,1.1,0.9
94,1,0.0012881365983922009,0.0003228374629514017,0,0,1,1,0,0.4,1,1.1,0.9
