BUS_I,BUS_TYPE,Pd,Qd,Gs,Bs,area,Vm,Va,baseKV,zone,Vmax,Vmin
1,1,0.02920068665679286,0.0073183819235353945,0,0,1,1,0,0.4,1,1.1,0.9
2,1,0.0,0.0,0,0,1,1,0,0.4,1,1.1,0.9
4,1,0.03490272871544835,0.008747448370491545,0,0,1,1,0,0.4,1,1.1,0.9
5,3,0.0,0.0,0,0,1,1,0,0.4,1,1.1,0.9
7,1,0.0,0.0,0,0,1,1,0,0.4,1,1.1,0.9
13,1,0.0061931228708908236,0.0015521428999690163,0,0,1,1,0,0.4,1,1.1,0.9
12,1,0.03423266388661495,0.008579514294537533,0,0,1,1,0,0.4,1,1.1,0.9
8,1,0.0,0.0,0,0,1,1,0,0.4,1,1.1,0.9
10,1,0.0,0.0,0,0,1,1,0,0.4,1,1.1,0.9
14,1,0.008416985882784068,0.002109495508075322,0,0,1,1,0,0.4,1,1.1,0.9
11,1,0.017762873308959246,0.004451795687622854,0,0,1,1,0,0.4,1,1.1,0.9
