BUS_I,BUS_TYPE,Pd,Qd,Gs,Bs,area,Vm,Va,baseKV,zone,Vmax,Vmin
1,1,0.0065281934923542215,0.0016361195135345423,0,0,1,1,0,0.4,1,1.1,0.9
2,1,0.012318411549196785,0.003087284948737323,0,0,1,1,0,0.4,1,1.1,0.9
4,3,0.016437762609932405,0.00411969164156319,0,0,1,1,0,0.4,1,1.1,0.9
16,1,0.008493901621219855,0.0021287724092119223,0,0,1,1,0,0.4,1,1.1,0.9
5,1,0.0,0.0,0,0,1,1,0,0.4,1,1.1,0.9
10,1,0.0,0.0,0,0,1,1,0,0.4,1,1.1,0.9
21,1,0.005780677823139203,0.0014487744272548657,0,0,1,1,0,0.4,1,1.1,0.9
6,1,0.0,0.0,0,0,1,1,0,0.4,1,1.1,0.9
17,1,0.025262441828348883,0.006331364731039461,0,0,1,1,0,0.4,1,1.1,0.9
8,1,0.0,0.0,0,0,1,1,0,0.4,1,1.1,0.9
7,1,0.0,0.0,0,0,1,1,0,0.4,1,1.1,0.9
18,1,0.012702342527527246,0.0031835071220280764,0,0,1,1,0,0.4,1,1.1,0.9
20,1,0.032556442058159406,0.008159413504669607,0,0,1,1,0,0.4,1,1.1,0.9
33,1,0.0222130512220698,0.005567115405224377,0,0,1,1,0,0.4,1,1.1,0.9
12,1,0.0,0.0,0,0,1,1,0,0.4,1,1.1,0.9
35,1,0.0046519029154210075,0.0011658767688032797,0,0,1,1,0,0.4,1,1.1,0.9
38,1,0.0020295441639469796,0.0005086517141538222,0,0,1,1,0,0.4,1,1.1,0.9
22,1,0.007837219291536596,0.0019641923036978247,0,0,1,1,0,0.4,1,1.1,0.9
19,1,0.020832412579365755,0.005221094744667435,0,0,1,1,0,0.4,1,1.1,0.9
15,1,0.022653417020922224,0.005677481477774081,0,0,1,1,0,0.4,1,1.1,0.9
32,1,0.011610287333986483,0.002909812291428862,0,0,1,1,0,0.4,1,1.1,0.9
13,1,0.03765101234170005,0.00943623317365404,0,0,1,1,0,0.4,1,1.1,0.9
14,1,0.020880296075722695,0.005233095480071128,0,0,1,1,0,0.4,1,1.1,0.9
34,1,0.0037789337259056927,0.0009470900665780415,0,0,1,1,0,0.4,1,1.1,0.9
23,1,0.012249050836872093,0.0030699015156267708,0,0,1,1,0,0.4,1,1.1,0.9
24,1,0.008951411376571222,0.0022434351622751506,0,0,1,1,0,0.4,1,1.1,0.9
25,1,0.0171618877854895,0.0043011745175469,0,0,1,1,0,0.4,1,1.1,0.9
26,1,0.014232467938765179,0.0035669926983078687,0,0,1,1,0,0.4,1,1.1,0.9
27,1,0.015126996468502697,0.0037911826805182647,0,0,1,1,0,0.4,1,1.1,0.9
28,1,0.013728595291594202,0.003440710309261302,0,0,1,1,0,0.4,1,1.1,0.9
29,1,0.01806354989024938,0.004527152342183998,0,0,1,1,0,0.4,1,1.1,0.9
30,1,0.013089202438603727,0.003280463355059125,0,0,1,1,0,0.4,1,1.1,0.9
31,1,0.0070856238189674755,0.0017758247223148937,0,0,1,1,0,0.4,1,1.1,0.9
