BUS_I,BUS_TYPE,Pd,Qd,Gs,Bs,area,Vm,Va,baseKV,zone,Vmax,Vmin
65,1,0.0,0.0,0,0,1,1,0,0.4,1,1.1,0.9
70,1,0.043293488580650914,0.010850371018988234,0,0,1,1,0,0.4,1,1.1,0.9
69,1,0.0012744924553421424,0.00031941791836899886,0,0,1,1,0,0.4,1,1.1,0.9
66,3,0.006000403005128456,0.001503842748726738,0,0,1,1,0,0.4,1,1.1,0.9
59,1,0.001877095718153425,0.0004704445321419882,0,0,1,1,0,0.4,1,1.1,0.9
67,1,0.0028935652980512597,0.0007251958223010311,0,0,1,1,0,0.4,1,1.1,0.9
56,1,0.011767881231349973,0.0029493090451620883,0,0,1,1,0,0.4,1,1.1,0.9
57,1,0.002316343324584625,0.0005805303592543615,0,0,1,1,0,0.4,1,1.1,0.9
58,1,0.0014273744109039351,0.0003577337481701413,0,0,1,1,0,0.4,1,1.1,0.9
60,1,0.014548830824168952,0.0036462807112586835,0,0,1,1,0,0.4,1,1.1,0.9
64,1,0.013745248846581253,0.0034448840835705264,0,0,1,1,0,0.4,1,1.1,0.9
61,1,0.00980316410238252,0.0024569045174709244,0,0,1,1,0,0.4,1,1.1,0.9
62,1,0.0,0.0,0,0,1,1,0,0.4,1,1.1,0.9
