BUS_I,BUS_TYPE,Pd,Qd,Gs,Bs,area,Vm,Va,baseKV,zone,Vmax,Vmin
1,1,0.004960034753294198,0.001243101886789754,0,0,1,1,0,0.4,1,1.1,0.9
2,1,0.008230461506282899,0.002062748092806328,0,0,1,1,0,0.4,1,1.1,0.9
3,1,0.0,0.0,0,0,1,1,0,0.4,1,1.1,0.9
4,1,0.0,0.0,0,0,1,1,0,0.4,1,1.1,0.9
5,1,0.010698238828485446,0.0026812313893940275,0,0,1,1,0,0.4,1,1.1,0.9
8,1,0.005270504874033131,0.0013209130337028044,0,0,1,1,0,0.4,1,1.1,0.9
9,1,0.0,0.0,0,0,1,1,0,0.4,1,1.1,0.9
19,3,0.016104603337135464,0.004036194057127854,0,0,1,1,0,0.4,1,1.1,0.9
7,1,0.0,0.0,0,0,1,1,0,0.4,1,1.1,0.9
11,1,0.0009654567435692188,0.00024196626822981489,0,0,1,1,0,0.4,1,1.1,0.9
10,1,0.01740764085185023,0.004362766041734205,0,0,1,1,0,0.4,1,1.1,0.9
27,1,0.007633760795712279,0.0019132007980688292,0,0,1,1,0,0.4,1,1.1,0.9
16,1,0.0,0.0,0,0,1,1,0,0.4,1,1.1,0.9
14,1,0.018000120329285236,0.004511255395724015,0,0,1,1,0,0.4,1,1.1,0.9
15,1,0.0,0.0,0,0,1,1,0,0.4,1,1.1,0.9
24,1,0.012480863783131214,0.0031279993163902875,0,0,1,1,0,0.4,1,1.1,0.9
26,1,0.012627381023511321,0.0031647199982046182,0,0,1,1,0,0.4,1,1.1,0.9
25,1,0.0,0.0,0,0,1,1,0,0.4,1,1.1,0.9
29,1,0.0033765182500866023,0.0008462352415323355,0,0,1,1,0,0.4,1,1.1,0.9
33,1,0.0053983350230043655,0.0013529502889396189,0,0,1,1,0,0.4,1,1.1,0.9
30,1,0.011818954012760553,0.00296210909074502,0,0,1,1,0,0.4,1,1.1,0.9
20,1,0.0,0.0,0,0,1,1,0,0.4,1,1.1,0.9
17,1,0.006295948173927792,0.0015779133500913852,0,0,1,1,0,0.4,1,1.1,0.9
18,1,0.0064347120883378635,0.0016126908652503117,0,0,1,1,0,0.4,1,1.1,0.9
21,1,0.006276660209855702,0.0015730793306292384,0,0,1,1,0,0.4,1,1.1,0.9
31,1,0.01141688807239721,0.0028613418675420737,0,0,1,1,0,0.4,1,1.1,0.9
28,1,0.00810960059259492,0.002032457492575175,0,0,1,1,0,0.4,1,1.1,0.9
22,1,0.007607144872281507,0.0019065302188730948,0,0,1,1,0,0.4,1,1.1,0.9
23,1,0.005378057362815229,0.0013478682282496094,0,0,1,1,0,0.4,1,1.1,0.9
32,1,0.014038410807039402,0.003518357396623116,0,0,1,1,0,0.4,1,1.1,0.9
