F_BUS,T_BUS,BR_R,BR_X,BR_B,RATE_A,RATE_B,RATE_C,TAP,SHIFT,BR_STATUS,ANGMIN,ANGMAX
1,2,7.2261078982633515,2.7792722685628277,7.292416288206004e-09,0,0,0,0,0,1,-90,90
2,3,7.2817618442506005,2.8006776324040774,7.3485809273083205e-09,0,0,0,0,0,1,-90,90
3,4,0.38384664482291203,0.14763332493188927,7.747378157894797e-10,0,0,0,0,0,1,-90,90
4,5,3.352782722068011,1.2895318161800045,3.3835486097710304e-09,0,0,0,0,0,1,-90,90
5,6,2.3617931775386607,0.9083819913610234,2.383465522483547e-09,0,0,0,0,0,1,-90,90
6,13,3.1323093106370634,1.2047343502450245,3.1610520847714823e-09,0,0,0,0,0,1,-90,90
13,15,19.35836569543663,7.4455252674756265,1.9536002409316027e-08,0,0,0,0,0,1,-90,90
13,12,1.4437799999999996,0.5552999999999999,1.457028449729682e-09,0,0,0,0,0,1,-90,90
15,16,12.839927362213283,4.938433600851262,1.2957749421108028e-08,0,0,0,0,0,1,-90,90
12,14,2.3533151036053694,0.9051211936943729,2.374909651838631e-09,0,0,0,0,0,1,-90,90
12,11,3.292993682940303,1.2665360319001169,3.3232109329843522e-09,0,0,0,0,0,1,-90,90
7,8,8.294655095191736,3.1902519596891294,8.370768714339876e-09,0,0,0,0,0,1,-90,90
8,9,12.71438478430887,4.890147993964949,1.2831054836296535e-08,0,0,0,0,0,1,-90,90
9,10,9.170060998155305,3.5269465377520413,9.254207538592341e-09,0,0,0,0,0,1,-90,90
10,11,0.19483007952288198,0.07493464597033922,1.966178841152637e-10,0,0,0,0,0,1,-90,90
