BUS_I,BUS_TYPE,Pd,Qd,Gs,Bs,area,Vm,Va,baseKV,zone,Vmax,Vmin
1,1,0.02099336814673559,0.005261434012321532,0,0,1,1,0,0.4,1,1.1,0.9
2,1,0.0,0.0,0,0,1,1,0,0.4,1,1.1,0.9
3,1,0.0,0.0,0,0,1,1,0,0.4,1,1.1,0.9
4,1,0.0,0.0,0,0,1,1,0,0.4,1,1.1,0.9
7,1,0.0,0.0,0,0,1,1,0,0.4,1,1.1,0.9
16,1,0.005526851271613514,0.0013851594969543552,0,0,1,1,0,0.4,1,1.1,0.9
26,1,0.005948514390814469,0.0014908382361446871,0,0,1,1,0,0.4,1,1.1,0.9
9,1,0.0,0.0,0,0,1,1,0,0.4,1,1.1,0.9
13,3,0.05403181265228889,0.013541648717304238,0,0,1,1,0,0.4,1,1.1,0.9
18,1,0.017059035933576248,0.004275397413648935,0,0,1,1,0,0.4,1,1.1,0.9
14,1,0.014519240161966167,0.0036388645922504023,0,0,1,1,0,0.4,1,1.1,0.9
11,1,0.03174777070039356,0.00795674135807549,0,0,1,1,0,0.4,1,1.1,0.9
12,1,0.005086629683148578,0.001274829566934632,0,0,1,1,0,0.4,1,1.1,0.9
25,1,0.008505421381560543,0.002131659533300189,0,0,1,1,0,0.4,1,1.1,0.9
23,1,0.006526414572459028,0.0016356736741829742,0,0,1,1,0,0.4,1,1.1,0.9
19,1,0.015429214481633969,0.0038669256543141283,0,0,1,1,0,0.4,1,1.1,0.9
15,1,0.0075415110804011075,0.0018900808400719676,0,0,1,1,0,0.4,1,1.1,0.9
17,1,0.005574159025438077,0.0013970159376778888,0,0,1,1,0,0.4,1,1.1,0.9
20,1,0.006592906503759463,0.0016523381229957511,0,0,1,1,0,0.4,1,1.1,0.9
28,1,0.00815149726447733,0.0020429577883306926,0,0,1,1,0,0.4,1,1.1,0.9
29,1,0.008870227116503877,0.002223088468776618,0,0,1,1,0,0.4,1,1.1,0.9
21,1,0.008989279474723912,0.0022529258022815505,0,0,1,1,0,0.4,1,1.1,0.9
22,1,0.008655676897360243,0.0021693171152490096,0,0,1,1,0,0.4,1,1.1,0.9
24,1,0.006038174382786568,0.0015133091482922377,0,0,1,1,0,0.4,1,1.1,0.9
27,1,0.0058116895403177585,0.0014565466962115801,0,0,1,1,0,0.4,1,1.1,0.9
38,1,0.006341685058495602,0.0015893760938684059,0,0,1,1,0,0.4,1,1.1,0.9
37,1,0.008818946894173958,0.002210236433598642,0,0,1,1,0,0.4,1,1.1,0.9
33,1,0.005665485772947802,0.0014199045781391902,0,0,1,1,0,0.4,1,1.1,0.9
31,1,0.006042548381850407,0.0015144053757905355,0,0,1,1,0,0.4,1,1.1,0.9
30,1,0.0056659157039470835,0.001420012329004452,0,0,1,1,0,0.4,1,1.1,0.9
32,1,0.006021172099165987,0.0015090479743489619,0,0,1,1,0,0.4,1,1.1,0.9
34,1,0.008313417177373226,0.0020835387437556597,0,0,1,1,0,0.4,1,1.1,0.9
35,1,0.006101142212751835,0.0015290903740558055,0,0,1,1,0,0.4,1,1.1,0.9
36,1,0.0060428724819982455,0.0015144866029442403,0,0,1,1,0,0.4,1,1.1,0.9
