BUS_I,BUS_TYPE,Pd,Qd,Gs,Bs,area,Vm,Va,baseKV,zone,Vmax,Vmin
1,1,0.022405533965048758,0.00561535612789526,0,0,1,1,0,0.4,1,1.1,0.9
2,1,0.016290111905337544,0.004082686886839282,0,0,1,1,0,0.4,1,1.1,0.9
3,1,0.025887444245863412,0.006488005102146632,0,0,1,1,0,0.4,1,1.1,0.9
4,1,0.0,0.0,0,0,1,1,0,0.4,1,1.1,0.9
5,1,0.0,0.0,0,0,1,1,0,0.4,1,1.1,0.9
32,1,0.012449780378411626,0.0031202090808422184,0,0,1,1,0,0.4,1,1.1,0.9
15,1,0.0,0.0,0,0,1,1,0,0.4,1,1.1,0.9
16,1,0.02084648083832302,0.005224620582715648,0,0,1,1,0,0.4,1,1.1,0.9
17,1,0.016195524159534767,0.004058980963166765,0,0,1,1,0,0.4,1,1.1,0.9
35,1,0.013958958976642528,0.0034984448909275343,0,0,1,1,0,0.4,1,1.1,0.9
14,1,0.008229831045589912,0.002062590084462439,0,0,1,1,0,0.4,1,1.1,0.9
6,1,0.016086202756841042,0.004031582437004259,0,0,1,1,0,0.4,1,1.1,0.9
7,1,0.03635220719625015,0.009110721920772454,0,0,1,1,0,0.4,1,1.1,0.9
8,1,0.0,0.0,0,0,1,1,0,0.4,1,1.1,0.9
10,1,0.0,0.0,0,0,1,1,0,0.4,1,1.1,0.9
11,1,0.035428005796837005,0.008879095216418983,0,0,1,1,0,0.4,1,1.1,0.9
19,1,0.011369982814045531,0.00284958630169274,0,0,1,1,0,0.4,1,1.1,0.9
22,1,0.007964350868473047,0.0019960544802794097,0,0,1,1,0,0.4,1,1.1,0.9
12,3,0.03270088548694612,0.008195614440306176,0,0,1,1,0,0.4,1,1.1,0.9
25,1,0.0,0.0,0,0,1,1,0,0.4,1,1.1,0.9
31,1,0.005624774526028608,0.0014097013778843527,0,0,1,1,0,0.4,1,1.1,0.9
21,1,0.0,0.0,0,0,1,1,0,0.4,1,1.1,0.9
20,1,0.07643871445739979,0.019157347658233407,0,0,1,1,0,0.4,1,1.1,0.9
18,1,0.06113800587616728,0.0153226286184287,0,0,1,1,0,0.4,1,1.1,0.9
23,1,0.01305399104632921,0.0032716385483087533,0,0,1,1,0,0.4,1,1.1,0.9
13,1,0.02097174684575662,0.005256015203506946,0,0,1,1,0,0.4,1,1.1,0.9
28,1,0.0,0.0,0,0,1,1,0,0.4,1,1.1,0.9
26,1,0.046150944650968966,0.011566517015762164,0,0,1,1,0,0.4,1,1.1,0.9
