BUS_I,BUS_TYPE,Pd,Qd,Gs,Bs,area,Vm,Va,baseKV,zone,Vmax,Vmin
1,1,0.02893876964965804,0.007252739333927452,0,0,1,1,0,0.4,1,1.1,0.9
2,1,0.027963882662651738,0.0070084096239089,0,0,1,1,0,0.4,1,1.1,0.9
3,1,0.0,0.0,0,0,1,1,0,0.4,1,1.1,0.9
4,1,0.0,0.0,0,0,1,1,0,0.4,1,1.1,0.9
5,1,0.0,0.0,0,0,1,1,0,0.4,1,1.1,0.9
9,1,0.030665648422969205,0.007685535950913768,0,0,1,1,0,0.4,1,1.1,0.9
8,1,0.017740725674031857,0.0044462449670864945,0,0,1,1,0,0.4,1,1.1,0.9
42,1,0.008586797604786138,0.0021520543373011844,0,0,1,1,0,0.4,1,1.1,0.9
6,1,0.0,0.0,0,0,1,1,0,0.4,1,1.1,0.9
25,1,0.0,0.0,0,0,1,1,0,0.4,1,1.1,0.9
26,1,0.006940285250533466,0.0017393994435356177,0,0,1,1,0,0.4,1,1.1,0.9
41,1,0.00762548263165187,0.001911126094589017,0,0,1,1,0,0.4,1,1.1,0.9
23,1,0.0,0.0,0,0,1,1,0,0.4,1,1.1,0.9
11,1,0.0,0.0,0,0,1,1,0,0.4,1,1.1,0.9
40,1,0.057948396277834366,0.014523237100621894,0,0,1,1,0,0.4,1,1.1,0.9
34,1,0.0,0.0,0,0,1,1,0,0.4,1,1.1,0.9
37,1,0.0,0.0,0,0,1,1,0,0.4,1,1.1,0.9
24,1,0.0,0.0,0,0,1,1,0,0.4,1,1.1,0.9
33,1,0.0077235273750340845,0.0019356984235242732,0,0,1,1,0,0.4,1,1.1,0.9
12,1,0.019592312707084097,0.004910296420115932,0,0,1,1,0,0.4,1,1.1,0.9
13,1,0.008846195360727185,0.002217065543044286,0,0,1,1,0,0.4,1,1.1,0.9
14,1,0.0,0.0,0,0,1,1,0,0.4,1,1.1,0.9
15,1,0.0,0.0,0,0,1,1,0,0.4,1,1.1,0.9
16,1,0.014593873296546456,0.0036575694189357744,0,0,1,1,0,0.4,1,1.1,0.9
18,1,0.009535627655656659,0.00238985356354584,0,0,1,1,0,0.4,1,1.1,0.9
19,1,0.025826282290755575,0.006472676471284962,0,0,1,1,0,0.4,1,1.1,0.9
20,1,0.012434165165706874,0.003116295539639103,0,0,1,1,0,0.4,1,1.1,0.9
21,3,0.01983426220169,0.004970934679364554,0,0,1,1,0,0.4,1,1.1,0.9
35,1,0.0,0.0,0,0,1,1,0,0.4,1,1.1,0.9
38,1,0.00500509788854703,0.0012543957730715494,0,0,1,1,0,0.4,1,1.1,0.9
30,1,0.025858056686780786,0.006480639885578443,0,0,1,1,0,0.4,1,1.1,0.9
32,1,0.007947608155705303,0.0019918583609240485,0,0,1,1,0,0.4,1,1.1,0.9
31,1,0.005109894516370551,0.0012806602837567016,0,0,1,1,0,0.4,1,1.1,0.9
22,1,0.0,0.0,0,0,1,1,0,0.4,1,1.1,0.9
39,1,0.01801592978485926,0.0045152176187790325,0,0,1,1,0,0.4,1,1.1,0.9
27,1,0.004821325530135496,0.001208338078550466,0,0,1,1,0,0.4,1,1.1,0.9
28,1,0.0,0.0,0,0,1,1,0,0.4,1,1.1,0.9
29,1,0.0062329889161170035,0.0015621342727122408,0,0,1,1,0,0.4,1,1.1,0.9
