BUS_I,BUS_TYPE,Pd,Qd,Gs,Bs,area,Vm,Va,baseKV,zone,Vmax,Vmin
1,1,0.007973225321013657,0.0019982786277392903,0,0,1,1,0,0.4,1,1.1,0.9
3,1,0.0,0.0,0,0,1,1,0,0.4,1,1.1,0.9
5,1,0.0,0.0,0,0,1,1,0,0.4,1,1.1,0.9
29,1,0.0,0.0,0,0,1,1,0,0.4,1,1.1,0.9
28,1,0.014341775239023417,0.003594387690066881,0,0,1,1,0,0.4,1,1.1,0.9
17,1,0.005871867165236047,0.0014716286306735852,0,0,1,1,0,0.4,1,1.1,0.9
15,1,0.0,0.0,0,0,1,1,0,0.4,1,1.1,0.9
30,1,0.015230038529700623,0.003817007455356541,0,0,1,1,0,0.4,1,1.1,0.9
18,1,0.010617150699491776,0.0026609087886135924,0,0,1,1,0,0.4,1,1.1,0.9
27,1,0.0,0.0,0,0,1,1,0,0.4,1,1.1,0.9
10,1,0.0,0.0,0,0,1,1,0,0.4,1,1.1,0.9
12,1,0.0,0.0,0,0,1,1,0,0.4,1,1.1,0.9
23,1,0.0,0.0,0,0,1,1,0,0.4,1,1.1,0.9
8,1,0.009013617009867013,0.0022590253635469443,0,0,1,1,0,0.4,1,1.1,0.9
9,1,0.012523849742151564,0.003138772613236277,0,0,1,1,0,0.4,1,1.1,0.9
7,1,0.0099563932602422,0.002495307364370347,0,0,1,1,0,0.4,1,1.1,0.9
11,1,0.009460468811366493,0.0023710169815876207,0,0,1,1,0,0.4,1,1.1,0.9
25,1,0.00852102627136707,0.0021355704873411373,0,0,1,1,0,0.4,1,1.1,0.9
21,1,0.030073444663429427,0.00753711569834216,0,0,1,1,0,0.4,1,1.1,0.9
13,1,0.003935027674137024,0.0009862108976234204,0,0,1,1,0,0.4,1,1.1,0.9
14,1,0.004365692112470947,0.001094145580038819,0,0,1,1,0,0.4,1,1.1,0.9
16,1,0.010148315858068092,0.002543407701432805,0,0,1,1,0,0.4,1,1.1,0.9
24,1,0.010435269687403855,0.0026153251101630405,0,0,1,1,0,0.4,1,1.1,0.9
22,1,0.008533610959104307,0.0021387245073932,0,0,1,1,0,0.4,1,1.1,0.9
26,1,0.01449752716473652,0.003633422802189131,0,0,1,1,0,0.4,1,1.1,0.9
19,3,0.01534077158332555,0.003844759774591747,0,0,1,1,0,0.4,1,1.1,0.9
20,1,0.02901901956767,0.007272851859233679,0,0,1,1,0,0.4,1,1.1,0.9
