BUS_I,BUS_TYPE,Pd,Qd,Gs,Bs,area,Vm,Va,baseKV,zone,Vmax,Vmin
1,1,0.001975803054386548,0.00049518292249901,0,0,1,1,0,0.4,1,1.1,0.9
3,1,0.0,0.0,0,0,1,1,0,0.4,1,1.1,0.9
5,1,0.00617156123567119,0.0015467390448032842,0,0,1,1,0,0.4,1,1.1,0.9
8,1,0.0,0.0,0,0,1,1,0,0.4,1,1.1,0.9
7,1,0.07752529661091667,0.019429670815705607,0,0,1,1,0,0.4,1,1.1,0.9
6,1,0.0018560540083114756,0.0004651709825588048,0,0,1,1,0,0.4,1,1.1,0.9
9,1,0.002736025644108683,0.0006857126632505514,0,0,1,1,0,0.4,1,1.1,0.9
17,1,0.004452865160974565,0.0011159932054007364,0,0,1,1,0,0.4,1,1.1,0.9
15,3,0.018265189626857112,0.004577688023786307,0,0,1,1,0,0.4,1,1.1,0.9
10,1,0.030984048168735918,0.007765334449191045,0,0,1,1,0,0.4,1,1.1,0.9
11,1,0.017067638739844945,0.0042775534801356065,0,0,1,1,0,0.4,1,1.1,0.9
12,1,0.0,0.0,0,0,1,1,0,0.4,1,1.1,0.9
14,1,0.0,0.0,0,0,1,1,0,0.4,1,1.1,0.9
25,1,0.0,0.0,0,0,1,1,0,0.4,1,1.1,0.9
18,1,0.011410518836667325,0.0028597455865990882,0,0,1,1,0,0.4,1,1.1,0.9
26,1,0.004984995903037112,0.0012493577406063527,0,0,1,1,0,0.4,1,1.1,0.9
16,1,0.037661361809475755,0.009438826994778117,0,0,1,1,0,0.4,1,1.1,0.9
19,1,0.0014959717280684686,0.00037492585641884103,0,0,1,1,0,0.4,1,1.1,0.9
20,1,0.0005913592763235455,0.00014820860512725125,0,0,1,1,0,0.4,1,1.1,0.9
21,1,0.0,0.0,0,0,1,1,0,0.4,1,1.1,0.9
22,1,0.0021134324213079193,0.0005296760932543173,0,0,1,1,0,0.4,1,1.1,0.9
23,1,0.0,0.0,0,0,1,1,0,0.4,1,1.1,0.9
24,1,0.00252616943529776,0.0006331177396052796,0,0,1,1,0,0.4,1,1.1,0.9
27,1,0.0015392158441579497,0.00038576385352514895,0,0,1,1,0,0.4,1,1.1,0.9
