BUS_I,BUS_TYPE,Pd,Qd,Gs,Bs,area,Vm,Va,baseKV,zone,Vmax,Vmin
1,1,0.08444216257033563,0.021163200831622316,0,0,1,1,0,0.4,1,1.1,0.9
2,1,0.0,0.0,0,0,1,1,0,0.4,1,1.1,0.9
5,1,0.0,0.0,0,0,1,1,0,0.4,1,1.1,0.9
4,1,0.0,0.0,0,0,1,1,0,0.4,1,1.1,0.9
8,1,0.0,0.0,0,0,1,1,0,0.4,1,1.1,0.9
13,1,0.032803740618124945,0.008221392366065564,0,0,1,1,0,0.4,1,1.1,0.9
14,1,0.03564286097718124,0.008932943000427972,0,0,1,1,0,0.4,1,1.1,0.9
11,1,0.03810192958121947,0.009549243686505858,0,0,1,1,0,0.4,1,1.1,0.9
7,1,0.0,0.0,0,0,1,1,0,0.4,1,1.1,0.9
16,1,0.048856933418736086,0.012244701728199735,0,0,1,1,0,0.4,1,1.1,0.9
9,1,0.09343799009010713,0.023417767728686124,0,0,1,1,0,0.4,1,1.1,0.9
12,1,0.045678596449124594,0.011448135397459083,0,0,1,1,0,0.4,1,1.1,0.9
15,1,0.03293315334318537,0.008253826252257665,0,0,1,1,0,0.4,1,1.1,0.9
10,3,0.07079057597632003,0.017741790721254907,0,0,1,1,0,0.4,1,1.1,0.9
