F_BUS,T_BUS,BR_R,BR_X,BR_B,RATE_A,RATE_B,RATE_C,TAP,SHIFT,BR_STATUS,ANGMIN,ANGMAX
1,2,2.2399020830119656,1.433537333127658,3.761398663995344e-09,0,0,0,0,0,1,-90,90
2,5,9.037466541410586,5.783978586502775,1.517633955188514e-08,0,0,0,0,0,1,-90,90
5,14,2.046019673049437,1.3094525907516394,3.435817897167977e-09,0,0,0,0,0,1,-90,90
5,11,0.336060758323743,0.21507888532719557,1.693009480593581e-09,0,0,0,0,0,1,-90,90
5,4,3.5982869489823672,2.302903647348715,1.8127477748100105e-08,0,0,0,0,0,1,-90,90
4,8,4.3255213113161535,2.768333639242338,1.4527429752277305e-08,0,0,0,0,0,1,-90,90
4,13,2.8792426222586593,1.842715278245542,4.835023564119039e-09,0,0,0,0,0,1,-90,90
8,9,0.8606336831806238,0.5508055572355993,1.4452356692985397e-09,0,0,0,0,0,1,-90,90
8,7,7.359032468306203,4.709780779715969,1.235779684501389e-08,0,0,0,0,0,1,-90,90
13,12,3.24972671090587,2.0798250949797565,5.457166097329811e-09,0,0,0,0,0,1,-90,90
14,15,1.4417615891677686,0.9227274170673719,2.4211058851301042e-09,0,0,0,0,0,1,-90,90
11,10,0.5398269557385439,0.34548925167266814,2.719544401744439e-09,0,0,0,0,0,1,-90,90
7,16,1.3644531249999998,0.8732499999999997,2.2912841594209346e-09,0,0,0,0,0,1,-90,90
