F_BUS,T_BUS,BR_R,BR_X,BR_B,RATE_A,RATE_B,RATE_C,TAP,SHIFT,BR_STATUS,ANGMIN,ANGMAX
59,60,4.874342943994634,1.8747472861517824,4.919071010222691e-09,0,0,0,0,0,1,-90,90
60,61,19.423886975265308,7.470725759717427,1.9602124927132518e-08,0,0,0,0,0,1,-90,90
60,62,7.401586526072564,2.846764048489448,7.46950514733797e-09,0,0,0,0,0,1,-90,90
62,63,3.9020340905811706,1.5007823425312194,3.937840032270743e-09,0,0,0,0,0,1,-90,90
63,92,15.349054385355371,5.9034824559059125,1.5489900757671474e-08,0,0,0,0,0,1,-90,90
92,67,3.541199999999999,1.3619999999999999,3.573694846986902e-09,0,0,0,0,0,1,-90,90
64,65,4.663749173672622,1.793749682181778,4.7065447841390715e-09,0,0,0,0,0,1,-90,90
65,66,14.325089999999998,5.50965,1.445654024500836e-08,0,0,0,0,0,1,-90,90
65,67,42.36816131943692,16.295446661321893,4.275694108877826e-08,0,0,0,0,0,1,-90,90
65,68,39.59909008341491,15.230419262851889,3.9962460232822224e-08,0,0,0,0,0,1,-90,90
66,69,6.4651905094381235,2.4866117343992786,6.524516550425748e-09,0,0,0,0,0,1,-90,90
68,74,13.33029049008223,5.127034803877781,1.3452612231233874e-08,0,0,0,0,0,1,-90,90
68,79,1.9843513062211366,0.7632120408542833,2.002560159735176e-09,0,0,0,0,0,1,-90,90
74,76,5.357025333607295,2.0603943590797287,5.406182601911976e-09,0,0,0,0,0,1,-90,90
74,73,12.780134306706914,4.915436271810352,1.2897407691087495e-08,0,0,0,0,0,1,-90,90
79,78,1.1811838069675709,0.4543014642182965,1.1920226150187453e-09,0,0,0,0,0,1,-90,90
70,71,4.520142904999919,1.738516501923046,4.561620752073484e-09,0,0,0,0,0,1,-90,90
71,73,12.674223140722384,4.874701207970149,1.2790524660443284e-08,0,0,0,0,0,1,-90,90
73,85,7.632272904729616,2.9354895787421604,7.702308356045972e-09,0,0,0,0,0,1,-90,90
72,75,4.717800665828747,1.8145387176264411,4.7610922649338005e-09,0,0,0,0,0,1,-90,90
75,77,1.0818488869458749,0.41609572574841347,1.0917761754481505e-09,0,0,0,0,0,1,-90,90
77,78,1.564361178461906,0.6016773763315024,1.5787161081824447e-09,0,0,0,0,0,1,-90,90
