BUS_I,BUS_TYPE,Pd,Qd,Gs,Bs,area,Vm,Va,baseKV,zone,Vmax,Vmin
1,1,0.009535535802721243,0.0023898305430302587,0,0,1,1,0,0.4,1,1.1,0.9
2,1,0.0,0.0,0,0,1,1,0,0.4,1,1.1,0.9
4,1,0.0,0.0,0,0,1,1,0,0.4,1,1.1,0.9
5,1,0.0,0.0,0,0,1,1,0,0.4,1,1.1,0.9
27,1,0.006685961688652428,0.0016756599506985083,0,0,1,1,0,0.4,1,1.1,0.9
18,1,0.0,0.0,0,0,1,1,0,0.4,1,1.1,0.9
6,1,0.0,0.0,0,0,1,1,0,0.4,1,1.1,0.9
9,1,0.0,0.0,0,0,1,1,0,0.4,1,1.1,0.9
31,1,0.02818188020253296,0.007063044957454072,0,0,1,1,0,0.4,1,1.1,0.9
19,1,0.0,0.0,0,0,1,1,0,0.4,1,1.1,0.9
17,1,0.05564012617312303,0.013944730080992378,0,0,1,1,0,0.4,1,1.1,0.9
10,1,0.0,0.0,0,0,1,1,0,0.4,1,1.1,0.9
11,1,0.0,0.0,0,0,1,1,0,0.4,1,1.1,0.9
26,1,0.022361760001372577,0.005604385338466419,0,0,1,1,0,0.4,1,1.1,0.9
14,1,0.03622802460530501,0.009079598829748178,0,0,1,1,0,0.4,1,1.1,0.9
24,1,0.015083029838803602,0.003780163604432471,0,0,1,1,0,0.4,1,1.1,0.9
23,1,0.004214933769317653,0.0010563619776762165,0,0,1,1,0,0.4,1,1.1,0.9
29,1,0.008706305187173361,0.0021820057607367907,0,0,1,1,0,0.4,1,1.1,0.9
30,1,0.009811360028058673,0.0024589586100688134,0,0,1,1,0,0.4,1,1.1,0.9
22,1,0.008518341235884273,0.0021348975540169206,0,0,1,1,0,0.4,1,1.1,0.9
13,1,0.01839857228966481,0.004611116870165089,0,0,1,1,0,0.4,1,1.1,0.9
15,1,0.01912228849132088,0.004792497247627459,0,0,1,1,0,0.4,1,1.1,0.9
16,1,0.032327262712263,0.008101975746374092,0,0,1,1,0,0.4,1,1.1,0.9
25,1,0.009295411962996948,0.0023296498360248843,0,0,1,1,0,0.4,1,1.1,0.9
21,1,0.006424128688772324,0.0016100384152932152,0,0,1,1,0,0.4,1,1.1,0.9
20,3,0.023902864816745646,0.0059906226128038,0,0,1,1,0,0.4,1,1.1,0.9
