F_BUS,T_BUS,BR_R,BR_X,BR_B,RATE_A,RATE_B,RATE_C,TAP,SHIFT,BR_STATUS,ANGMIN,ANGMAX
1,2,4.1741974881782085,2.671486392434053,7.009601434975924e-09,0,0,0,0,0,1,-90,90
2,4,1.2592187499999998,0.8058999999999998,2.1145673107097974e-09,0,0,0,0,0,1,-90,90
2,5,0.6568696897480029,0.42039660143872176,1.103061063327729e-09,0,0,0,0,0,1,-90,90
4,27,1.3853612819574452,0.886631220452765,2.326394584221553e-09,0,0,0,0,0,1,-90,90
5,18,1.5616406249999997,0.9994499999999998,2.622415062276843e-09,0,0,0,0,0,1,-90,90
18,24,1.3158461105398245,0.8421415107454877,2.209659895289952e-09,0,0,0,0,0,1,-90,90
18,23,1.860295153121608,1.1905888979978294,3.123936424122363e-09,0,0,0,0,0,1,-90,90
6,9,0.8871435544202018,0.5677718748289292,1.4897528805728614e-09,0,0,0,0,0,1,-90,90
6,31,3.3469204014802374,2.1420290569473517,5.620380472033016e-09,0,0,0,0,0,1,-90,90
9,19,2.1687499999999997,1.388,3.641915159778136e-09,0,0,0,0,0,1,-90,90
9,17,4.313138763110445,2.7604088083906855,7.242921243849523e-09,0,0,0,0,0,1,-90,90
31,29,2.8630304716768276,1.8323395018731696,4.80779899836615e-09,0,0,0,0,0,1,-90,90
19,26,0.9227289897346572,0.5905465534301806,1.5495104074150607e-09,0,0,0,0,0,1,-90,90
19,22,1.2183786088958064,0.7797623096933161,4.0919714361609535e-09,0,0,0,0,0,1,-90,90
10,11,1.2708593749999997,0.8133499999999999,2.1341150541826708e-09,0,0,0,0,0,1,-90,90
10,26,0.3960279867851813,0.253457911542516,6.650376155708897e-10,0,0,0,0,0,1,-90,90
11,14,0.6414287644348262,0.4105144092382888,1.0771315924440129e-09,0,0,0,0,0,1,-90,90
14,13,1.970304998938257,1.2609951993204846,3.3086725740725687e-09,0,0,0,0,0,1,-90,90
23,21,0.9976281139026452,0.6384819928976929,1.6752862025788645e-09,0,0,0,0,0,1,-90,90
29,30,3.051846702973625,1.95318188990312,5.124872287206256e-09,0,0,0,0,0,1,-90,90
22,20,0.7141172972708536,0.45703507025334633,2.398390419172806e-09,0,0,0,0,0,1,-90,90
13,15,0.913277733131204,0.5844977492039706,1.5336392029410225e-09,0,0,0,0,0,1,-90,90
15,16,1.1888036317230035,0.7608343243027222,1.996321368701469e-09,0,0,0,0,0,1,-90,90
16,25,1.4009689082909178,0.8966201013061875,2.3526039910005855e-09,0,0,0,0,0,1,-90,90
21,20,1.6036610406252556,1.0263430660001636,2.692978653601706e-09,0,0,0,0,0,1,-90,90
