F_BUS,T_BUS,BR_R,BR_X,BR_B,RATE_A,RATE_B,RATE_C,TAP,SHIFT,BR_STATUS,ANGMIN,ANGMAX
1,2,3.9320833908092507,1.512339765695866,3.968165071630468e-09,0,0,0,0,0,1,-90,90
2,5,22.333869999999994,8.589949999999998,2.253881061004049e-08,0,0,0,0,0,1,-90,90
2,6,2.6948849928783445,1.0364942280301326,2.7196138631739744e-09,0,0,0,0,0,1,-90,90
5,10,6.823569999999998,2.6244499999999995,6.886184611728911e-09,0,0,0,0,0,1,-90,90
5,7,13.706948549459218,5.2719032882535455,1.38327265896072e-08,0,0,0,0,0,1,-90,90
6,13,23.357894724621545,8.98380566331598,2.3572232015656443e-08,0,0,0,0,0,1,-90,90
3,4,4.761251445886606,1.8312505561102332,4.804941759113833e-09,0,0,0,0,0,1,-90,90
3,69,27.69082624268544,10.650317785648244,2.7944923487036786e-08,0,0,0,0,0,1,-90,90
69,67,9.13432359348886,3.5132013821111006,9.218142199469682e-09,0,0,0,0,0,1,-90,90
10,9,13.462074818046691,5.177721083864112,1.3585605841806623e-08,0,0,0,0,0,1,-90,90
13,11,10.334323232081534,3.974739704646744,1.042915330441286e-08,0,0,0,0,0,1,-90,90
11,12,15.40400505779737,5.924617329922066,1.5545355669832446e-08,0,0,0,0,0,1,-90,90
12,14,1.8035343978624994,0.6936670761009612,1.8200840347918339e-09,0,0,0,0,0,1,-90,90
14,20,6.432195774710107,2.4739214518115795,6.49121904859721e-09,0,0,0,0,0,1,-90,90
14,21,1.3055899999999998,0.5021499999999999,1.317570387235296e-09,0,0,0,0,0,1,-90,90
14,18,2.231088010334994,0.8581107732057669,2.2515609752932425e-09,0,0,0,0,0,1,-90,90
20,19,3.3891045476452817,1.3035017490943392,3.4202037325821255e-09,0,0,0,0,0,1,-90,90
18,16,2.4371632424748437,0.93737047787494,2.4595272000729255e-09,0,0,0,0,0,1,-90,90
15,16,8.068487073946612,3.1032642592102353,8.14252532450679e-09,0,0,0,0,0,1,-90,90
15,17,3.0378720558257886,1.168412329163765,3.065748252487894e-09,0,0,0,0,0,1,-90,90
17,72,22.521577879911938,8.662145338427669,2.2728240939640668e-08,0,0,0,0,0,1,-90,90
72,71,4.509337215849622,1.7343604676344702,4.5507159074912646e-09,0,0,0,0,0,1,-90,90
19,22,18.037889999999997,6.93765,1.8203409732157623e-08,0,0,0,0,0,1,-90,90
22,70,8.635258048111595,3.321253095427537,8.714497116496834e-09,0,0,0,0,0,1,-90,90
70,68,1.338255011194529,0.5147134658440496,1.3505351399131055e-09,0,0,0,0,0,1,-90,90
67,68,9.636867570411203,3.706487527081232,9.725297632857143e-09,0,0,0,0,0,1,-90,90
