BUS_I,BUS_TYPE,Pd,Qd,Gs,Bs,area,Vm,Va,baseKV,zone,Vmax,Vmin
1,1,0.036625766103956375,0.009179282245695962,0,0,1,1,0,0.4,1,1.1,0.9
2,1,0.00401347917049448,0.001005872695976479,0,0,1,1,0,0.4,1,1.1,0.9
3,1,0.0,0.0,0,0,1,1,0,0.4,1,1.1,0.9
4,1,0.0033591692173365758,0.0008418871640654968,0,0,1,1,0,0.4,1,1.1,0.9
5,1,0.0184365203126862,0.004620627541231759,0,0,1,1,0,0.4,1,1.1,0.9
12,1,0.0,0.0,0,0,1,1,0,0.4,1,1.1,0.9
26,1,0.005197980930840209,0.0013027368202073893,0,0,1,1,0,0.4,1,1.1,0.9
14,1,0.0,0.0,0,0,1,1,0,0.4,1,1.1,0.9
11,1,0.0016097516896239217,0.00040344180276266704,0,0,1,1,0,0.4,1,1.1,0.9
27,1,0.0032895181631443925,0.000824430964423812,0,0,1,1,0,0.4,1,1.1,0.9
6,1,0.002205635170411256,0.0005527842804099491,0,0,1,1,0,0.4,1,1.1,0.9
7,1,0.0027704255221539078,0.0006943340853635629,0,0,1,1,0,0.4,1,1.1,0.9
8,1,0.0034081814893749934,0.0008541707973215632,0,0,1,1,0,0.4,1,1.1,0.9
9,1,0.002309471594732745,0.0005788081414133053,0,0,1,1,0,0.4,1,1.1,0.9
10,1,0.00411586487895764,0.0010315329733135137,0,0,1,1,0,0.4,1,1.1,0.9
24,1,0.004734163190859385,0.0011864931371739604,0,0,1,1,0,0.4,1,1.1,0.9
17,1,0.0321464300460132,0.008056654808157065,0,0,1,1,0,0.4,1,1.1,0.9
22,1,0.0,0.0,0,0,1,1,0,0.4,1,1.1,0.9
18,3,0.003961142021786352,0.0009927557700789215,0,0,1,1,0,0.4,1,1.1,0.9
13,1,0.0,0.0,0,0,1,1,0,0.4,1,1.1,0.9
15,1,0.00862263629401485,0.002161036359487762,0,0,1,1,0,0.4,1,1.1,0.9
28,1,0.004034852632226874,0.001011229390420832,0,0,1,1,0,0.4,1,1.1,0.9
29,1,0.007873012672215771,0.001973162970491503,0,0,1,1,0,0.4,1,1.1,0.9
21,1,0.041171617642318234,0.010318580034013002,0,0,1,1,0,0.4,1,1.1,0.9
23,1,0.02412192326820328,0.006045523835853371,0,0,1,1,0,0.4,1,1.1,0.9
36,1,0.016086598177993454,0.0040316815388866225,0,0,1,1,0,0.4,1,1.1,0.9
33,1,0.0,0.0,0,0,1,1,0,0.4,1,1.1,0.9
40,1,0.008548730650295275,0.0021425138591985855,0,0,1,1,0,0.4,1,1.1,0.9
30,1,0.0035947558837033885,0.0009009307482396988,0,0,1,1,0,0.4,1,1.1,0.9
34,1,0.01271700124772073,0.0031871809436113505,0,0,1,1,0,0.4,1,1.1,0.9
32,1,0.005722043698643997,0.0014340793304630848,0,0,1,1,0,0.4,1,1.1,0.9
31,1,0.005729930472458458,0.001436055942300921,0,0,1,1,0,0.4,1,1.1,0.9
35,1,0.004645000809239324,0.0011641469379363536,0,0,1,1,0,0.4,1,1.1,0.9
37,1,0.0031821400395741274,0.0007975194699183576,0,0,1,1,0,0.4,1,1.1,0.9
38,1,0.0031852290165027886,0.0007982936405117629,0,0,1,1,0,0.4,1,1.1,0.9
