BUS_I,BUS_TYPE,Pd,Qd,Gs,Bs,area,Vm,Va,baseKV,zone,Vmax,Vmin
20,1,0.0018032182072574808,0.0004519290826030338,0,0,1,1,0,0.4,1,1.1,0.9
44,1,0.0,0.0,0,0,1,1,0,0.4,1,1.1,0.9
22,1,0.0022553980169969985,0.0005652560253794135,0,0,1,1,0,0.4,1,1.1,0.9
23,1,0.0038499143181454226,0.0009648794798639183,0,0,1,1,0,0.4,1,1.1,0.9
24,1,0.0,0.0,0,0,1,1,0,0.4,1,1.1,0.9
25,1,0.0031645809402455166,0.0007931187448042386,0,0,1,1,0,0.4,1,1.1,0.9
26,1,0.0031122562767591628,0.000780004947998213,0,0,1,1,0,0.4,1,1.1,0.9
27,1,0.0015492912058422779,0.0003882889771871473,0,0,1,1,0,0.4,1,1.1,0.9
29,1,0.002990205674625119,0.0007494161837368557,0,0,1,1,0,0.4,1,1.1,0.9
28,1,0.001248934949973969,0.000313012603744194,0,0,1,1,0,0.4,1,1.1,0.9
41,1,0.002842890266970765,0.0007124954623474129,0,0,1,1,0,0.4,1,1.1,0.9
30,3,0.0,0.0,0,0,1,1,0,0.4,1,1.1,0.9
31,1,0.0032883555073000875,0.0008241395754022366,0,0,1,1,0,0.4,1,1.1,0.9
32,1,0.0013058885134679733,0.00032728651224690677,0,0,1,1,0,0.4,1,1.1,0.9
35,1,0.0030844180672082127,0.0007730280350250426,0,0,1,1,0,0.4,1,1.1,0.9
39,1,0.002384758803463925,0.0005976768945329698,0,0,1,1,0,0.4,1,1.1,0.9
33,1,0.003278109611320078,0.0008215717118169779,0,0,1,1,0,0.4,1,1.1,0.9
34,1,0.003102040055502284,0.0007774445215996171,0,0,1,1,0,0.4,1,1.1,0.9
36,1,0.003090254132582341,0.0007744906908810704,0,0,1,1,0,0.4,1,1.1,0.9
37,1,0.00218522996168479,0.0005476702530432332,0,0,1,1,0,0.4,1,1.1,0.9
38,1,0.0024253353378835565,0.0006078463326529212,0,0,1,1,0,0.4,1,1.1,0.9
40,1,0.0013053840816847526,0.0003271600897251569,0,0,1,1,0,0.4,1,1.1,0.9
42,1,0.002329121514422399,0.0005837328755041811,0,0,1,1,0,0.4,1,1.1,0.9
43,1,0.0006058239617344401,0.00015183379701006242,0,0,1,1,0,0.4,1,1.1,0.9
