BUS_I,BUS_TYPE,Pd,Qd,Gs,Bs,area,Vm,Va,baseKV,zone,Vmax,Vmin
1,1,0.006410638518809302,0.0016066574600039382,0,0,1,1,0,0.4,1,1.1,0.9
2,1,0.049142641212395796,0.012316306850952766,0,0,1,1,0,0.4,1,1.1,0.9
3,1,0.00919661176897379,0.0023048881733119747,0,0,1,1,0,0.4,1,1.1,0.9
4,1,0.0,0.0,0,0,1,1,0,0.4,1,1.1,0.9
5,1,0.009142476952348438,0.0022913207093656187,0,0,1,1,0,0.4,1,1.1,0.9
6,1,0.0031877359419840543,0.0007989219352618617,0,0,1,1,0,0.4,1,1.1,0.9
29,3,0.005858005250825073,0.0014681545074434292,0,0,1,1,0,0.4,1,1.1,0.9
26,1,0.014801513100525297,0.003709608859168995,0,0,1,1,0,0.4,1,1.1,0.9
7,1,0.004467198926461496,0.001119585585657704,0,0,1,1,0,0.4,1,1.1,0.9
8,1,0.005017320896294903,0.001257459147573822,0,0,1,1,0,0.4,1,1.1,0.9
9,1,0.0,0.0,0,0,1,1,0,0.4,1,1.1,0.9
10,1,0.0019115040902787758,0.0004790680830721465,0,0,1,1,0,0.4,1,1.1,0.9
11,1,0.0033778915466123175,0.0008465794220849223,0,0,1,1,0,0.4,1,1.1,0.9
12,1,0.0033394350690369255,0.0008369413202951097,0,0,1,1,0,0.4,1,1.1,0.9
13,1,0.001965885657576777,0.0004926973885663936,0,0,1,1,0,0.4,1,1.1,0.9
25,1,0.0,0.0,0,0,1,1,0,0.4,1,1.1,0.9
30,1,0.0,0.0,0,0,1,1,0,0.4,1,1.1,0.9
14,1,0.003134358059006021,0.0007855441767695917,0,0,1,1,0,0.4,1,1.1,0.9
27,1,0.012730415672729757,0.003190542915425731,0,0,1,1,0,0.4,1,1.1,0.9
24,1,0.0,0.0,0,0,1,1,0,0.4,1,1.1,0.9
31,1,0.007203687738331292,0.001805414329691229,0,0,1,1,0,0.4,1,1.1,0.9
32,1,0.005822531347452501,0.0014592639092102307,0,0,1,1,0,0.4,1,1.1,0.9
15,1,0.002825271515302261,0.0007080797869476686,0,0,1,1,0,0.4,1,1.1,0.9
16,1,0.002392399572071379,0.0005995918516542161,0,0,1,1,0,0.4,1,1.1,0.9
17,1,0.0021058185381196285,0.000527767874254264,0,0,1,1,0,0.4,1,1.1,0.9
18,1,0.0016929641127174243,0.0004242968018295949,0,0,1,1,0,0.4,1,1.1,0.9
19,1,0.0028803830486315092,0.0007218920391743218,0,0,1,1,0,0.4,1,1.1,0.9
20,1,0.006531095801300943,0.001636846900721763,0,0,1,1,0,0.4,1,1.1,0.9
21,1,0.003953204619458052,0.0009907664695394513,0,0,1,1,0,0.4,1,1.1,0.9
22,1,0.008008693261737573,0.002007167731591872,0,0,1,1,0,0.4,1,1.1,0.9
23,1,0.0054742402919911014,0.0013719739425605997,0,0,1,1,0,0.4,1,1.1,0.9
28,1,0.0035951530037218716,0.0009010302758980344,0,0,1,1,0,0.4,1,1.1,0.9
33,1,0.0049341281408338536,0.0012366090776802217,0,0,1,1,0,0.4,1,1.1,0.9
35,1,0.02139080577084213,0.005361041270129544,0,0,1,1,0,0.4,1,1.1,0.9
34,1,0.0035669550883575167,0.0008939632121502073,0,0,1,1,0,0.4,1,1.1,0.9
36,1,0.0059303661535950935,0.0014862898591571406,0,0,1,1,0,0.4,1,1.1,0.9
