BUS_I,BUS_TYPE,Pd,Qd,Gs,Bs,area,Vm,Va,baseKV,zone,Vmax,Vmin
1,1,0.0006512434054728795,0.00016321698261590853,0,0,1,1,0,0.4,1,1.1,0.9
2,1,0.0002648749896892955,6.638392991651883e-05,0,0,1,1,0,0.4,1,1.1,0.9
3,1,0.0006775462487112039,0.00016980909651909853,0,0,1,1,0,0.4,1,1.1,0.9
4,1,0.00043269306806501646,0.00010844310495107647,0,0,1,1,0,0.4,1,1.1,0.9
6,1,0.0003643905556418975,9.132488173514659e-05,0,0,1,1,0,0.4,1,1.1,0.9
9,3,0.0,0.0,0,0,1,1,0,0.4,1,1.1,0.9
27,1,0.08289254746334142,0.02077483067715454,0,0,1,1,0,0.4,1,1.1,0.9
8,1,0.01217435632634089,0.0030511813066781326,0,0,1,1,0,0.4,1,1.1,0.9
37,1,0.00028073594631187977,7.035906035098407e-05,0,0,1,1,0,0.4,1,1.1,0.9
39,1,0.0,0.0,0,0,1,1,0,0.4,1,1.1,0.9
15,1,0.01331924780698343,0.003338118159048175,0,0,1,1,0,0.4,1,1.1,0.9
18,1,0.0008198374379433629,0.00020547063007802745,0,0,1,1,0,0.4,1,1.1,0.9
10,1,0.0,0.0,0,0,1,1,0,0.4,1,1.1,0.9
12,1,0.009299209230548677,0.0023306015209813387,0,0,1,1,0,0.4,1,1.1,0.9
11,1,0.025761847016668286,0.006456527469356996,0,0,1,1,0,0.4,1,1.1,0.9
13,1,0.08132290240189087,0.02038144054290528,0,0,1,1,0,0.4,1,1.1,0.9
24,1,0.0053075862430512774,0.0013302065008021207,0,0,1,1,0,0.4,1,1.1,0.9
22,1,0.0,0.0,0,0,1,1,0,0.4,1,1.1,0.9
32,1,0.0006429939390210967,0.00016114947143478037,0,0,1,1,0,0.4,1,1.1,0.9
33,1,0.00019378971533312616,4.856828081921501e-05,0,0,1,1,0,0.4,1,1.1,0.9
35,1,0.0001586256836564854,3.9755343753535126e-05,0,0,1,1,0,0.4,1,1.1,0.9
25,1,0.0,0.0,0,0,1,1,0,0.4,1,1.1,0.9
14,1,0.0,0.0,0,0,1,1,0,0.4,1,1.1,0.9
29,1,0.00014664435970212947,3.6752540919541414e-05,0,0,1,1,0,0.4,1,1.1,0.9
20,1,0.000506234268068821,0.00012687426703533326,0,0,1,1,0,0.4,1,1.1,0.9
21,1,0.0002555627211411316,6.405005542202519e-05,0,0,1,1,0,0.4,1,1.1,0.9
23,1,0.030806565888436103,0.0077208531968437875,0,0,1,1,0,0.4,1,1.1,0.9
19,1,0.0021022522259663157,0.0005268740721768249,0,0,1,1,0,0.4,1,1.1,0.9
17,1,0.006272144531379703,0.0015719475949231684,0,0,1,1,0,0.4,1,1.1,0.9
30,1,0.0001882303854204722,4.717498140752903e-05,0,0,1,1,0,0.4,1,1.1,0.9
31,1,0.003617869052435502,0.0009067234543576343,0,0,1,1,0,0.4,1,1.1,0.9
16,1,0.0010399260215971492,0.00026063002859216095,0,0,1,1,0,0.4,1,1.1,0.9
