F_BUS,T_BUS,BR_R,BR_X,BR_B,RATE_A,RATE_B,RATE_C,TAP,SHIFT,BR_STATUS,ANGMIN,ANGMAX
1,2,1.4501237216939638,0.9280791818841367,2.435148157044905e-09,0,0,0,0,0,1,-90,90
2,3,4.751406249999999,3.0408999999999997,7.978890352571564e-09,0,0,0,0,0,1,-90,90
3,24,1.8682812499999997,1.1956999999999998,3.1373472309414382e-09,0,0,0,0,0,1,-90,90
3,28,1.2988039137957816,0.8312345048293002,2.1810414585507933e-09,0,0,0,0,0,1,-90,90
24,29,2.219696337831878,1.4206056562124016,3.727467777684808e-09,0,0,0,0,0,1,-90,90
24,18,1.6671093749999997,1.0669499999999998,2.7995254897156212e-09,0,0,0,0,0,1,-90,90
8,30,1.1246844657172113,0.7197980580590152,1.888648025665699e-09,0,0,0,0,0,1,-90,90
8,29,1.0978317189632405,0.7026123001364739,1.8435550340876155e-09,0,0,0,0,0,1,-90,90
18,21,0.4217309485830108,0.2699078070931269,1.4163996172837634e-09,0,0,0,0,0,1,-90,90
18,16,0.8537499999999999,0.5463999999999999,1.4336761118896062e-09,0,0,0,0,0,1,-90,90
27,15,0.06533476941339739,0.04181425242457433,1.0971466844369377e-10,0,0,0,0,0,1,-90,90
15,11,0.8119957169821111,0.5196772588685512,1.3635594288655066e-09,0,0,0,0,0,1,-90,90
25,12,0.21025490422984333,0.13456313870709974,3.5307459279878574e-10,0,0,0,0,0,1,-90,90
12,10,0.528216931595437,0.33805883622107963,8.870184441862423e-10,0,0,0,0,0,1,-90,90
9,10,0.9957976484429487,0.6373104950034871,1.6722123582412884e-09,0,0,0,0,0,1,-90,90
9,11,0.8944259964307016,0.5724326377156491,1.5019820614181616e-09,0,0,0,0,0,1,-90,90
10,13,1.171680975631933,0.7498758244044371,1.967567819055942e-09,0,0,0,0,0,1,-90,90
11,14,0.9337373028247725,0.5975918738078545,1.5679963289488821e-09,0,0,0,0,0,1,-90,90
13,23,0.09219795403331267,0.05900669058132011,1.5482518800896792e-10,0,0,0,0,0,1,-90,90
23,22,0.5119118655112747,0.32762359392721574,1.7192756965771227e-09,0,0,0,0,0,1,-90,90
22,21,0.421076327545785,0.2694888496293024,1.4142010473431224e-09,0,0,0,0,0,1,-90,90
16,17,0.9314860570935704,0.5961510765398851,1.5642158812454346e-09,0,0,0,0,0,1,-90,90
17,19,0.2895874014707613,0.1853359369412872,4.862952149842642e-10,0,0,0,0,0,1,-90,90
