F_BUS,T_BUS,BR_R,BR_X,BR_B,RATE_A,RATE_B,RATE_C,TAP,SHIFT,BR_STATUS,ANGMIN,ANGMAX
1,2,0.7970907400502314,0.5101380736321481,1.3385299596116248e-09,0,0,0,0,0,1,-90,90
2,3,1.5608482325045323,0.9989428688029007,2.6210844219348313e-09,0,0,0,0,0,1,-90,90
3,10,0.6731734993645344,0.430831039593302,1.130439549277969e-09,0,0,0,0,0,1,-90,90
10,6,0.5546258928127744,0.35496057140017556,9.313662003644158e-10,0,0,0,0,0,1,-90,90
4,8,1.6674165417630655,1.0671465867283618,2.8000413054117545e-09,0,0,0,0,0,1,-90,90
4,14,2.4292048719656747,1.5546911180580318,4.079289014141187e-09,0,0,0,0,0,1,-90,90
8,13,0.7198071721369559,0.4606765901676518,1.2087500414167655e-09,0,0,0,0,0,1,-90,90
5,7,11.619230111612916,7.436307271432266,1.9511815694955014e-08,0,0,0,0,0,1,-90,90
5,12,1.4745505632795395,0.9437123604989052,2.476167400699548e-09,0,0,0,0,0,1,-90,90
7,13,0.989103401216144,0.6330261767783323,3.3219418296043263e-09,0,0,0,0,0,1,-90,90
7,6,3.329831061521947,2.131091879374046,5.591682869144393e-09,0,0,0,0,0,1,-90,90
12,11,0.32121114342911494,0.20557513179463358,5.393999920434182e-10,0,0,0,0,0,1,-90,90
