BUS_I,BUS_TYPE,Pd,Qd,Gs,Bs,area,Vm,Va,baseKV,zone,Vmax,Vmin
1,1,0.018385166596544596,0.00460775708676833,0,0,1,1,0,0.4,1,1.1,0.9
2,1,0.0218114227106019,0.005466457812036603,0,0,1,1,0,0.4,1,1.1,0.9
3,1,0.0,0.0,0,0,1,1,0,0.4,1,1.1,0.9
4,3,0.02664287757458837,0.006677334540949086,0,0,1,1,0,0.4,1,1.1,0.9
5,1,0.05310480724002475,0.013309319261087318,0,0,1,1,0,0.4,1,1.1,0.9
8,1,0.02949042415633653,0.007390996985782141,0,0,1,1,0,0.4,1,1.1,0.9
9,1,0.01754756295694985,0.0043978338268414385,0,0,1,1,0,0.4,1,1.1,0.9
10,1,0.023722246798523066,0.005945355470453316,0,0,1,1,0,0.4,1,1.1,0.9
