F_BUS,T_BUS,BR_R,BR_X,BR_B,RATE_A,RATE_B,RATE_C,TAP,SHIFT,BR_STATUS,ANGMIN,ANGMAX
1,6,7.060045724774814,4.518429263855881,1.1855717604050359e-08,0,0,0,0,0,1,-90,90
6,12,1.0543000898536088,0.6747520575063097,1.7704537084464829e-09,0,0,0,0,0,1,-90,90
6,4,0.8699947421693187,0.5567966349883641,2.9219108153855566e-09,0,0,0,0,0,1,-90,90
3,4,0.13068778769319522,0.08364018412364493,4.3891996329472205e-10,0,0,0,0,0,1,-90,90
3,5,4.335870335163605,2.7749570145047073,1.456218734705673e-08,0,0,0,0,0,1,-90,90
5,8,4.272119609676651,2.7341565501930565,1.4348078082643783e-08,0,0,0,0,0,1,-90,90
8,22,1.6824447555507256,1.0767646435524645,5.650555445053057e-09,0,0,0,0,0,1,-90,90
12,13,0.9022565164458092,0.5774441705253179,1.5151316127965898e-09,0,0,0,0,0,1,-90,90
22,23,0.9256133606369111,0.5923925508076231,3.108708085484038e-09,0,0,0,0,0,1,-90,90
13,14,0.4616253078022346,0.2954401969934301,7.751931788459742e-10,0,0,0,0,0,1,-90,90
14,15,1.677314632714341,1.0734813649371782,2.8166628650605437e-09,0,0,0,0,0,1,-90,90
17,33,2.0847656249999997,1.3342499999999997,3.5008827823731824e-09,0,0,0,0,0,1,-90,90
17,19,1.2907633175255544,0.8260885232163548,2.167539132579521e-09,0,0,0,0,0,1,-90,90
19,18,1.151238365702451,0.7367925540495687,1.9332391730581956e-09,0,0,0,0,0,1,-90,90
18,20,0.27153906046309545,0.1737849986963811,4.559871911342751e-10,0,0,0,0,0,1,-90,90
20,21,0.5549522236886126,0.3551694231607121,9.319141977656005e-10,0,0,0,0,0,1,-90,90
21,32,1.371536129369677,0.8777831227965932,2.303178430771114e-09,0,0,0,0,0,1,-90,90
21,23,0.8279116581093696,0.5298634611899965,2.7805731583866897e-09,0,0,0,0,0,1,-90,90
32,31,0.28598693755619037,0.18303164003596184,4.802490666902191e-10,0,0,0,0,0,1,-90,90
24,25,0.3747349184585931,0.23983034781349957,6.292808209487372e-10,0,0,0,0,0,1,-90,90
25,26,1.891419242477349,1.2105083151855034,3.1762021499362936e-09,0,0,0,0,0,1,-90,90
26,28,0.12576812835811502,0.0804916021491936,2.1119854906482608e-10,0,0,0,0,0,1,-90,90
26,34,6.6238448448105,4.23926070067872,1.112321888476478e-08,0,0,0,0,0,1,-90,90
28,29,1.1309634610861634,0.7238166150951445,1.899192149433936e-09,0,0,0,0,0,1,-90,90
29,30,0.7182728926262489,0.4596946512807994,1.2061735730320367e-09,0,0,0,0,0,1,-90,90
30,31,1.0455056373124694,0.6691236078799804,1.755685454829641e-09,0,0,0,0,0,1,-90,90
