BUS_I,BUS_TYPE,Pd,Qd,Gs,Bs,area,Vm,Va,baseKV,zone,Vmax,Vmin
1,1,0.008119274103777087,0.0020348819030078734,0,0,1,1,0,0.4,1,1.1,0.9
2,1,0.0004815313350886526,0.00012068312843968265,0,0,1,1,0,0.4,1,1.1,0.9
154,1,0.0003966223141428774,9.94029218699479e-05,0,0,1,1,0,0.4,1,1.1,0.9
3,1,0.0034244087760644942,0.0008582377387251087,0,0,1,1,0,0.4,1,1.1,0.9
4,1,0.0,0.0,0,0,1,1,0,0.4,1,1.1,0.9
68,1,0.0038225584115356274,0.0009580234434018964,0,0,1,1,0,0.4,1,1.1,0.9
66,1,0.023508712787790764,0.005891838802760854,0,0,1,1,0,0.4,1,1.1,0.9
5,1,0.024306962645850128,0.006091899075327334,0,0,1,1,0,0.4,1,1.1,0.9
6,1,0.0,0.0,0,0,1,1,0,0.4,1,1.1,0.9
7,1,0.0032379709297375133,0.0008115120099619858,0,0,1,1,0,0.4,1,1.1,0.9
8,1,0.0,0.0,0,0,1,1,0,0.4,1,1.1,0.9
98,1,0.0030964340873297067,0.0007760395335381956,0,0,1,1,0,0.4,1,1.1,0.9
94,1,0.0,0.0,0,0,1,1,0,0.4,1,1.1,0.9
9,1,0.00033775184151890237,8.464859065352562e-05,0,0,1,1,0,0.4,1,1.1,0.9
10,1,0.0,0.0,0,0,1,1,0,0.4,1,1.1,0.9
11,1,0.004647945096860665,0.001164884845971153,0,0,1,1,0,0.4,1,1.1,0.9
70,1,0.001342016705131415,0.0003363410905829353,0,0,1,1,0,0.4,1,1.1,0.9
12,1,0.0,0.0,0,0,1,1,0,0.4,1,1.1,0.9
104,1,0.0,0.0,0,0,1,1,0,0.4,1,1.1,0.9
93,1,0.05508378095219834,0.013805296825332502,0,0,1,1,0,0.4,1,1.1,0.9
155,1,0.0,0.0,0,0,1,1,0,0.4,1,1.1,0.9
156,1,0.0019561298786725688,0.0004902523598990298,0,0,1,1,0,0.4,1,1.1,0.9
157,1,0.0,0.0,0,0,1,1,0,0.4,1,1.1,0.9
158,1,0.0026140007934833892,0.0006551303529256496,0,0,1,1,0,0.4,1,1.1,0.9
160,1,0.015883973181283036,0.003980898927826448,0,0,1,1,0,0.4,1,1.1,0.9
69,3,0.0,0.0,0,0,1,1,0,0.4,1,1.1,0.9
67,1,0.0,0.0,0,0,1,1,0,0.4,1,1.1,0.9
108,1,0.0,0.0,0,0,1,1,0,0.4,1,1.1,0.9
96,1,0.0020730472901321793,0.0005195546253090632,0,0,1,1,0,0.4,1,1.1,0.9
105,1,0.0014923988245737322,0.000374030402395525,0,0,1,1,0,0.4,1,1.1,0.9
106,1,0.0013647871261781564,0.0003420478960337241,0,0,1,1,0,0.4,1,1.1,0.9
107,1,0.009451829476377294,0.002368851760140624,0,0,1,1,0,0.4,1,1.1,0.9
