BUS_I,BUS_TYPE,Pd,Qd,Gs,Bs,area,Vm,Va,baseKV,zone,Vmax,Vmin
32,1,0.0,0.0,0,0,1,1,0,0.4,1,1.1,0.9
243,1,0.0,0.0,0,0,1,1,0,0.4,1,1.1,0.9
241,1,0.0013809735130982733,0.00034610458698883137,0,0,1,1,0,0.4,1,1.1,0.9
217,1,0.0002736343229454653,6.85792257641e-05,0,0,1,1,0,0.4,1,1.1,0.9
218,1,0.0033616085966322305,0.0008424985301457466,0,0,1,1,0,0.4,1,1.1,0.9
219,1,0.0007279128437509265,0.00018243215511429722,0,0,1,1,0,0.4,1,1.1,0.9
220,1,0.0005150440478653169,0.00012908220597768706,0,0,1,1,0,0.4,1,1.1,0.9
221,1,0.00038231701130406637,9.581767502501112e-05,0,0,1,1,0,0.4,1,1.1,0.9
222,1,0.00259703203391259,0.0006508775809012334,0,0,1,1,0,0.4,1,1.1,0.9
96,1,0.0,0.0,0,0,1,1,0,0.4,1,1.1,0.9
223,1,0.004306727424479712,0.0010793676362255843,0,0,1,1,0,0.4,1,1.1,0.9
224,1,0.0005859792741480726,0.0001468602494830047,0,0,1,1,0,0.4,1,1.1,0.9
225,1,0.0,0.0,0,0,1,1,0,0.4,1,1.1,0.9
226,1,0.0007442200641526285,0.0001865191297945026,0,0,1,1,0,0.4,1,1.1,0.9
230,1,0.0017069371093703365,0.0004277987648938266,0,0,1,1,0,0.4,1,1.1,0.9
227,1,0.0,0.0,0,0,1,1,0,0.4,1,1.1,0.9
242,1,0.003947194717504839,0.000989260246129928,0,0,1,1,0,0.4,1,1.1,0.9
228,3,0.0,0.0,0,0,1,1,0,0.4,1,1.1,0.9
229,1,0.0,0.0,0,0,1,1,0,0.4,1,1.1,0.9
237,1,0.0023607645801093377,0.0005916633753122965,0,0,1,1,0,0.4,1,1.1,0.9
238,1,0.0007778602440076364,0.0001949501535936672,0,0,1,1,0,0.4,1,1.1,0.9
231,1,0.0008258098408798578,0.00020696745534807108,0,0,1,1,0,0.4,1,1.1,0.9
232,1,0.0,0.0,0,0,1,1,0,0.4,1,1.1,0.9
233,1,0.0,0.0,0,0,1,1,0,0.4,1,1.1,0.9
234,1,0.0016292123300465896,0.00040831909899763564,0,0,1,1,0,0.4,1,1.1,0.9
235,1,0.00022100262003349233,5.538847762440632e-05,0,0,1,1,0,0.4,1,1.1,0.9
236,1,0.0014859341152289227,0.00037241019350913715,0,0,1,1,0,0.4,1,1.1,0.9
244,1,0.00040531998009253807,0.0001015827624336676,0,0,1,1,0,0.4,1,1.1,0.9
245,1,0.003908960404647197,0.0009796778240668816,0,0,1,1,0,0.4,1,1.1,0.9
246,1,0.0021076482869610033,0.000528226452540546,0,0,1,1,0,0.4,1,1.1,0.9
