F_BUS,T_BUS,BR_R,BR_X,BR_B,RATE_A,RATE_B,RATE_C,TAP,SHIFT,BR_STATUS,ANGMIN,ANGMAX
1,2,0.8273991498616176,0.5295354559114352,1.3894259398587053e-09,0,0,0,0,0,1,-90,90
1,3,1.0315737315349498,0.6602071881823678,1.7322900340316011e-09,0,0,0,0,0,1,-90,90
2,4,1.4607812499999997,0.9348999999999998,2.4530450164816854e-09,0,0,0,0,0,1,-90,90
3,18,2.2054687499999996,1.4114999999999995,3.7035758271086737e-09,0,0,0,0,0,1,-90,90
4,5,5.461015624999999,3.4950499999999995,9.17051554696151e-09,0,0,0,0,0,1,-90,90
4,11,1.2384374999999999,0.7925999999999999,2.0796699968588984e-09,0,0,0,0,0,1,-90,90
18,25,2.747265625,1.7582499999999996,4.613398652507138e-09,0,0,0,0,0,1,-90,90
5,8,0.7216406249999999,0.4618499999999999,1.2118289024088848e-09,0,0,0,0,0,1,-90,90
11,12,6.8805035831859165,4.403522293238987,1.1554218008766606e-08,0,0,0,0,0,1,-90,90
11,23,0.9722198881390008,0.6222207284089605,1.6326189506633918e-09,0,0,0,0,0,1,-90,90
8,46,0.06924080244492711,0.04431411356475335,1.1627394955591151e-10,0,0,0,0,0,1,-90,90
6,9,12.826439687678242,8.208921400114075,2.1539045599785743e-08,0,0,0,0,0,1,-90,90
6,44,0.4168647479944697,0.2667934387164606,7.000281476879085e-10,0,0,0,0,0,1,-90,90
9,19,0.3126839641376578,0.200117737048101,5.250805621728918e-10,0,0,0,0,0,1,-90,90
44,20,5.713924940891703,3.6569119621706903,9.595218381126401e-09,0,0,0,0,0,1,-90,90
19,12,2.134430718751828,1.36603566000117,3.584283846509937e-09,0,0,0,0,0,1,-90,90
10,25,0.7635937499999998,0.4886999999999999,1.2822794946567543e-09,0,0,0,0,0,1,-90,90
10,24,1.0843122491452082,0.6939598394529333,1.820852204308962e-09,0,0,0,0,0,1,-90,90
12,22,3.0567968749999994,1.9563499999999996,5.133184958812648e-09,0,0,0,0,0,1,-90,90
22,48,0.11429687499999999,0.07314999999999999,1.9193522617995005e-10,0,0,0,0,0,1,-90,90
20,45,0.6994399492850968,0.4476415675424619,1.1745479906194096e-09,0,0,0,0,0,1,-90,90
