F_BUS,T_BUS,BR_R,BR_X,BR_B,RATE_A,RATE_B,RATE_C,TAP,SHIFT,BR_STATUS,ANGMIN,ANGMAX
1,2,0.8107724821398742,0.5188943885695194,2.7230105764483286e-09,0,0,0,0,0,1,-90,90
1,3,0.01746728034666892,0.011179059421868108,8.799679966980275e-11,0,0,0,0,0,1,-90,90
2,4,0.3533101967049151,0.22611852589114567,5.933029447764038e-10,0,0,0,0,0,1,-90,90
3,5,0.3926568717865452,0.251300397943389,1.978129817568386e-09,0,0,0,0,0,1,-90,90
4,15,1.7712852583227028,1.1336225653265297,2.9744648459144594e-09,0,0,0,0,0,1,-90,90
5,6,0.1940864686302489,0.12421533992335931,9.777703088124134e-10,0,0,0,0,0,1,-90,90
15,13,2.0035475551006123,1.282270435264392,3.3644957760264397e-09,0,0,0,0,0,1,-90,90
6,7,0.7767429730599843,0.49711550275839,3.913081741332515e-09,0,0,0,0,0,1,-90,90
13,12,2.8496019357162443,1.8237452388583966,4.785248871016998e-09,0,0,0,0,0,1,-90,90
7,8,1.2230056162951692,0.7827235944289083,2.053755709269939e-09,0,0,0,0,0,1,-90,90
7,9,0.615679498002072,0.3940348787213261,3.1016749242720534e-09,0,0,0,0,0,1,-90,90
7,11,5.7748691243911034,3.6959162396103062,9.697560073708197e-09,0,0,0,0,0,1,-90,90
8,10,4.830068094125586,3.0912435802403753,8.110984767611142e-09,0,0,0,0,0,1,-90,90
9,27,1.2270040396003532,0.785282585344226,4.120940277053178e-09,0,0,0,0,0,1,-90,90
11,16,1.2960206629441515,0.8294532242842569,2.176367631014186e-09,0,0,0,0,0,1,-90,90
10,19,2.527343749999999,1.6174999999999997,4.244090613069982e-09,0,0,0,0,0,1,-90,90
27,26,2.595621370285881,1.661197676982964,4.358747120455678e-09,0,0,0,0,0,1,-90,90
19,28,3.264966234128375,2.0895783898421603,5.482757359878207e-09,0,0,0,0,0,1,-90,90
16,17,1.1080212763380868,0.7091336168563755,1.8606660443353995e-09,0,0,0,0,0,1,-90,90
26,25,2.5124675720951988,1.607979246140927,4.219109505136356e-09,0,0,0,0,0,1,-90,90
17,18,0.972778367332917,0.6225781550930669,1.6335567875937637e-09,0,0,0,0,0,1,-90,90
18,29,0.8935048529536653,0.5718431058903458,1.500435213513447e-09,0,0,0,0,0,1,-90,90
20,21,3.7445021171132735,2.396481354952495,6.288027216662205e-09,0,0,0,0,0,1,-90,90
20,22,2.222234153953815,1.4222298585304418,3.73172945422992e-09,0,0,0,0,0,1,-90,90
21,23,3.983666590318687,2.5495466178039594,6.689648759323714e-09,0,0,0,0,0,1,-90,90
23,24,1.630367909407808,1.0434354620209971,2.7378266767898944e-09,0,0,0,0,0,1,-90,90
24,25,2.354224241660511,1.506703514662727,3.95337634822852e-09,0,0,0,0,0,1,-90,90
