BUS_I,BUS_TYPE,Pd,Qd,Gs,Bs,area,Vm,Va,baseKV,zone,Vmax,Vmin
1,1,0.007203490803285655,0.0018053649731163291,0,0,1,1,0,0.4,1,1.1,0.9
2,1,0.0,0.0,0,0,1,1,0,0.4,1,1.1,0.9
3,1,0.0,0.0,0,0,1,1,0,0.4,1,1.1,0.9
4,1,0.0,0.0,0,0,1,1,0,0.4,1,1.1,0.9
5,1,0.008808864973601263,0.0022077096661242694,0,0,1,1,0,0.4,1,1.1,0.9
6,1,0.0,0.0,0,0,1,1,0,0.4,1,1.1,0.9
27,3,0.01788520919352457,0.004482455950401104,0,0,1,1,0,0.4,1,1.1,0.9
11,1,0.01005345992246524,0.0025196345630605793,0,0,1,1,0,0.4,1,1.1,0.9
15,1,0.00296719899465098,0.0007436501662173966,0,0,1,1,0,0.4,1,1.1,0.9
12,1,0.0,0.0,0,0,1,1,0,0.4,1,1.1,0.9
20,1,0.007270417259827649,0.0018221383242200187,0,0,1,1,0,0.4,1,1.1,0.9
13,1,0.0,0.0,0,0,1,1,0,0.4,1,1.1,0.9
28,1,0.004063760309895545,0.0010184743373697958,0,0,1,1,0,0.4,1,1.1,0.9
22,1,0.0,0.0,0,0,1,1,0,0.4,1,1.1,0.9
9,1,0.0,0.0,0,0,1,1,0,0.4,1,1.1,0.9
7,1,0.014378455977810352,0.0036035807497656253,0,0,1,1,0,0.4,1,1.1,0.9
10,1,0.0,0.0,0,0,1,1,0,0.4,1,1.1,0.9
14,1,0.016820232237635888,0.004215547565863358,0,0,1,1,0,0.4,1,1.1,0.9
8,1,0.015432723107067982,0.0038678049987368995,0,0,1,1,0,0.4,1,1.1,0.9
21,1,0.010808700009996813,0.0027089155710547726,0,0,1,1,0,0.4,1,1.1,0.9
16,1,0.006195999806073293,0.0015528639278914768,0,0,1,1,0,0.4,1,1.1,0.9
17,1,0.006089289373434984,0.001526119772507337,0,0,1,1,0,0.4,1,1.1,0.9
18,1,0.010529327100776763,0.0026388981199998713,0,0,1,1,0,0.4,1,1.1,0.9
19,1,0.004202610240673396,0.0010532734102625691,0,0,1,1,0,0.4,1,1.1,0.9
23,1,0.0034622320864744695,0.000867717153865103,0,0,1,1,0,0.4,1,1.1,0.9
24,1,0.0,0.0,0,0,1,1,0,0.4,1,1.1,0.9
25,1,0.004193485546538999,0.0010509865463474899,0,0,1,1,0,0.4,1,1.1,0.9
