F_BUS,T_BUS,BR_R,BR_X,BR_B,RATE_A,RATE_B,RATE_C,TAP,SHIFT,BR_STATUS,ANGMIN,ANGMAX
1,3,3.8073033546524186,1.464347444097084,3.842240025820992e-09,0,0,0,0,0,1,-90,90
3,5,5.85338,2.2512999999999996,5.907091930265503e-09,0,0,0,0,0,1,-90,90
3,6,8.277398085367576,3.1836146482182985,8.353353350315533e-09,0,0,0,0,0,1,-90,90
2,4,0.007160178919929438,0.00275391496920363,7.225882330751181e-12,0,0,0,0,0,1,-90,90
4,20,5.161904884937418,1.9853480326682378,5.209271684157171e-09,0,0,0,0,0,1,-90,90
5,10,2.4161799999999998,0.9292999999999999,2.438351410649727e-09,0,0,0,0,0,1,-90,90
5,7,2.143243169418517,0.8243242959301988,4.325820100751628e-09,0,0,0,0,0,1,-90,90
6,22,1.8704399999999997,0.7193999999999999,1.887603577769734e-09,0,0,0,0,0,1,-90,90
6,23,4.507749999999999,1.7337499999999997,4.549114126992322e-09,0,0,0,0,0,1,-90,90
20,19,3.983748506382687,1.5322109639933414,4.0203042779147136e-09,0,0,0,0,0,1,-90,90
7,8,3.0397223370105473,1.1691239757732874,3.067615512268604e-09,0,0,0,0,0,1,-90,90
23,21,3.615908863250214,1.3907341781731593,3.649089255555056e-09,0,0,0,0,0,1,-90,90
19,21,0.1491269366772308,0.05735651410662723,1.504953589603417e-10,0,0,0,0,0,1,-90,90
19,17,3.493233658287208,1.3435514070335417,3.5252883553434443e-09,0,0,0,0,0,1,-90,90
8,9,3.098662416768856,1.1917932372187907,3.1270964394439303e-09,0,0,0,0,0,1,-90,90
9,11,1.8150396953928383,0.698092190535707,1.8316949075178089e-09,0,0,0,0,0,1,-90,90
11,12,0.3708899999999999,0.14264999999999997,3.742933699872846e-10,0,0,0,0,0,1,-90,90
11,13,1.3882836072594973,0.5339552335613452,1.4010228096181115e-09,0,0,0,0,0,1,-90,90
12,16,2.559439999999999,0.9843999999999998,2.5829259966034556e-09,0,0,0,0,0,1,-90,90
12,14,2.7155893403909555,1.044457438611906,2.7405081984320915e-09,0,0,0,0,0,1,-90,90
16,24,1.15271,0.4433499999999999,1.1632875259997384e-09,0,0,0,0,0,1,-90,90
14,15,0.2727361841755913,0.10489853237522744,2.752388726915118e-10,0,0,0,0,0,1,-90,90
