F_BUS,T_BUS,BR_R,BR_X,BR_B,RATE_A,RATE_B,RATE_C,TAP,SHIFT,BR_STATUS,ANGMIN,ANGMAX
1,22,0.11438586858041735,0.04399456483862207,1.1543549901557627e-10,0,0,0,0,0,1,-90,90
1,7,0.027020126263192133,0.010392356255073896,2.7268069013810352e-11,0,0,0,0,0,1,-90,90
22,11,0.6884032677652702,0.264770487602027,6.947202108499073e-10,0,0,0,0,0,1,-90,90
7,27,2.7668146376787393,1.0641594760302844,2.7922035505592587e-09,0,0,0,0,0,1,-90,90
11,20,0.46179019541780675,0.17761161362223338,4.660276860255538e-10,0,0,0,0,0,1,-90,90
27,3,0.5080761474734107,0.19541390287438873,1.0254767367574187e-09,0,0,0,0,0,1,-90,90
2,13,2.920538664471024,1.1232841017196247,2.947338183566619e-09,0,0,0,0,0,1,-90,90
13,9,1.3473372893361946,0.5182066497446903,1.3597007590799903e-09,0,0,0,0,0,1,-90,90
9,19,1.1127544836440333,0.42798249370924357,1.1229653688467904e-09,0,0,0,0,0,1,-90,90
3,26,0.22082941076882456,0.08493438875724023,4.4571158213470155e-10,0,0,0,0,0,1,-90,90
26,21,0.7632713959164675,0.2935659215063337,7.702753457695642e-10,0,0,0,0,0,1,-90,90
21,10,0.2111648248765684,0.08121724033714169,2.131025207630985e-10,0,0,0,0,0,1,-90,90
4,24,0.0031410132358317398,0.0012080820137814385,3.169835879139712e-12,0,0,0,0,0,1,-90,90
24,28,2.7787557162826397,1.0687521985702462,2.804254203183856e-09,0,0,0,0,0,1,-90,90
28,23,2.219382110975355,0.8536085042212904,2.239747659970502e-09,0,0,0,0,0,1,-90,90
5,25,1.8261913319722223,0.7023812815277779,1.8429488740204678e-09,0,0,0,0,0,1,-90,90
5,12,0.38242434311105605,0.14708628581194463,3.859335548227529e-10,0,0,0,0,0,1,-90,90
25,16,2.264192016802778,0.8708430833856837,2.2849687515635863e-09,0,0,0,0,0,1,-90,90
25,23,2.3330175186741084,0.8973144302592726,2.354425811706719e-09,0,0,0,0,0,1,-90,90
12,10,1.5619507133517043,0.6007502743660402,1.5762835241027063e-09,0,0,0,0,0,1,-90,90
16,14,1.044606123479369,0.4017715859536035,1.0541916640147933e-09,0,0,0,0,0,1,-90,90
6,19,1.306792023069881,0.5026123165653389,1.3187834403389882e-09,0,0,0,0,0,1,-90,90
6,8,0.6890899163670358,0.2650345832180907,6.95413160293548e-10,0,0,0,0,0,1,-90,90
8,20,1.3432570288932455,0.5166373188050943,1.3555830572502905e-09,0,0,0,0,0,1,-90,90
14,15,2.719528796692296,1.0459726141124217,2.7444838040697373e-09,0,0,0,0,0,1,-90,90
15,18,0.1889897010797713,0.07268834656914282,1.9072391304709534e-10,0,0,0,0,0,1,-90,90
18,17,18.249348330016712,7.018980126929504,1.8416808451329992e-08,0,0,0,0,0,1,-90,90
