BUS_I,BUS_TYPE,Pd,Qd,Gs,Bs,area,Vm,Va,baseKV,zone,Vmax,Vmin
1,1,0.00877652486755559,0.0021996044715351273,0,0,1,1,0,0.4,1,1.1,0.9
3,1,0.0,0.0,0,0,1,1,0,0.4,1,1.1,0.9
5,1,0.0036319372653838716,0.0009102492808749312,0,0,1,1,0,0.4,1,1.1,0.9
6,1,0.0,0.0,0,0,1,1,0,0.4,1,1.1,0.9
13,1,0.006555149671496723,0.0016428753688499573,0,0,1,1,0,0.4,1,1.1,0.9
7,1,0.0,0.0,0,0,1,1,0,0.4,1,1.1,0.9
8,1,0.008115773854805462,0.002034004657924465,0,0,1,1,0,0.4,1,1.1,0.9
12,1,0.0,0.0,0,0,1,1,0,0.4,1,1.1,0.9
14,1,0.005681968803493353,0.0014240356149948451,0,0,1,1,0,0.4,1,1.1,0.9
9,1,0.0,0.0,0,0,1,1,0,0.4,1,1.1,0.9
16,1,0.0,0.0,0,0,1,1,0,0.4,1,1.1,0.9
17,1,0.0,0.0,0,0,1,1,0,0.4,1,1.1,0.9
15,1,0.005419218307789143,0.0013581841334607855,0,0,1,1,0,0.4,1,1.1,0.9
11,1,0.006426236422678271,0.0016105666632038964,0,0,1,1,0,0.4,1,1.1,0.9
25,1,0.007349854657609485,0.0018420472127613106,0,0,1,1,0,0.4,1,1.1,0.9
21,3,0.0045465074225994,0.0011394621684018083,0,0,1,1,0,0.4,1,1.1,0.9
10,1,0.008143110325070223,0.0020408558231792503,0,0,1,1,0,0.4,1,1.1,0.9
24,1,0.016660928546747503,0.004175622297480026,0,0,1,1,0,0.4,1,1.1,0.9
20,1,0.007907698406380814,0.001981856034901307,0,0,1,1,0,0.4,1,1.1,0.9
19,1,0.004363676660564989,0.001093640460177438,0,0,1,1,0,0.4,1,1.1,0.9
22,1,0.00330876687121632,0.0008292551454049203,0,0,1,1,0,0.4,1,1.1,0.9
23,1,0.005122607698269136,0.0012838465074811898,0,0,1,1,0,0.4,1,1.1,0.9
