F_BUS,T_BUS,BR_R,BR_X,BR_B,RATE_A,RATE_B,RATE_C,TAP,SHIFT,BR_STATUS,ANGMIN,ANGMAX
1,2,0.1346239688683306,0.05177844956474254,1.3585930865968553e-10,0,0,0,0,0,1,-90,90
1,3,5.155017389321784,1.982698995892994,5.2023209873339935e-09,0,0,0,0,0,1,-90,90
3,5,12.3123630165799,4.735524237146115,1.2425344026483596e-08,0,0,0,0,0,1,-90,90
5,6,5.666897228408625,2.1795758570802404,5.718897950855153e-09,0,0,0,0,0,1,-90,90
6,7,2.7008799999999993,1.0387999999999997,2.7256638818281897e-09,0,0,0,0,0,1,-90,90
7,8,6.17339578596075,2.374382994600288,6.230044252992939e-09,0,0,0,0,0,1,-90,90
