BUS_I,BUS_TYPE,Pd,Qd,Gs,Bs,area,Vm,Va,baseKV,zone,Vmax,Vmin
1,1,0.0070668511941383875,0.0017711198590415996,0,0,1,1,0,0.4,1,1.1,0.9
2,1,0.0,0.0,0,0,1,1,0,0.4,1,1.1,0.9
3,1,0.0,0.0,0,0,1,1,0,0.4,1,1.1,0.9
4,1,0.0,0.0,0,0,1,1,0,0.4,1,1.1,0.9
5,1,0.0,0.0,0,0,1,1,0,0.4,1,1.1,0.9
8,1,0.006910971403880291,0.0017320527010436571,0,0,1,1,0,0.4,1,1.1,0.9
25,1,0.0,0.0,0,0,1,1,0,0.4,1,1.1,0.9
6,1,0.0,0.0,0,0,1,1,0,0.4,1,1.1,0.9
13,1,0.004232527058765978,0.0010607712716420555,0,0,1,1,0,0.4,1,1.1,0.9
12,1,0.014705447388910678,0.003685532522348044,0,0,1,1,0,0.4,1,1.1,0.9
7,1,0.0,0.0,0,0,1,1,0,0.4,1,1.1,0.9
14,1,0.0013520815175511447,0.00033886357035000573,0,0,1,1,0,0.4,1,1.1,0.9
9,1,0.0,0.0,0,0,1,1,0,0.4,1,1.1,0.9
28,1,0.009591209664253699,0.002403783727989276,0,0,1,1,0,0.4,1,1.1,0.9
23,1,0.009939147828835955,0.0024909852518477747,0,0,1,1,0,0.4,1,1.1,0.9
10,1,0.0,0.0,0,0,1,1,0,0.4,1,1.1,0.9
15,1,0.0,0.0,0,0,1,1,0,0.4,1,1.1,0.9
17,1,0.0,0.0,0,0,1,1,0,0.4,1,1.1,0.9
11,3,0.0,0.0,0,0,1,1,0,0.4,1,1.1,0.9
21,1,0.004530696129965748,0.0011354994849362492,0,0,1,1,0,0.4,1,1.1,0.9
20,1,0.010201401095021836,0.0025567121159178153,0,0,1,1,0,0.4,1,1.1,0.9
16,1,0.015222112703281426,0.0038150210560133654,0,0,1,1,0,0.4,1,1.1,0.9
18,1,0.004074810681855464,0.0010212438216408448,0,0,1,1,0,0.4,1,1.1,0.9
19,1,0.0044001324092325265,0.001102777132037015,0,0,1,1,0,0.4,1,1.1,0.9
22,1,0.0027665739488359196,0.0006933687900991456,0,0,1,1,0,0.4,1,1.1,0.9
24,1,0.0027978871796007017,0.0007012166254836317,0,0,1,1,0,0.4,1,1.1,0.9
26,1,0.0,0.0,0,0,1,1,0,0.4,1,1.1,0.9
27,1,0.0,0.0,0,0,1,1,0,0.4,1,1.1,0.9
30,1,0.0,0.0,0,0,1,1,0,0.4,1,1.1,0.9
33,1,0.0,0.0,0,0,1,1,0,0.4,1,1.1,0.9
31,1,0.0018035171814204632,0.00045200401259134853,0,0,1,1,0,0.4,1,1.1,0.9
29,1,0.003504825238866384,0.0008783920040902043,0,0,1,1,0,0.4,1,1.1,0.9
32,1,0.0026951473196523386,0.0006754675894178053,0,0,1,1,0,0.4,1,1.1,0.9
