BUS_I,BUS_TYPE,Pd,Qd,Gs,Bs,area,Vm,Va,baseKV,zone,Vmax,Vmin
1,1,0.024545711907451945,0.006151735280581695,0,0,1,1,0,0.4,1,1.1,0.9
3,1,0.0,0.0,0,0,1,1,0,0.4,1,1.1,0.9
4,1,0.0,0.0,0,0,1,1,0,0.4,1,1.1,0.9
9,1,0.0,0.0,0,0,1,1,0,0.4,1,1.1,0.9
6,1,0.001350813484582892,0.00033854577133170255,0,0,1,1,0,0.4,1,1.1,0.9
10,1,0.002486220263727814,0.000623105533436501,0,0,1,1,0,0.4,1,1.1,0.9
5,1,0.017201333130113797,0.004311060452780513,0,0,1,1,0,0.4,1,1.1,0.9
7,3,0.06755276400100428,0.01693031854902621,0,0,1,1,0,0.4,1,1.1,0.9
8,1,0.03188735520968126,0.007991724533696773,0,0,1,1,0,0.4,1,1.1,0.9
15,1,0.0021385863682806183,0.0005359802666114102,0,0,1,1,0,0.4,1,1.1,0.9
14,1,0.010046758942313248,0.002517955139128166,0,0,1,1,0,0.4,1,1.1,0.9
12,1,0.0018179742923342707,0.000455627306126247,0,0,1,1,0,0.4,1,1.1,0.9
11,1,0.001798614754600489,0.0004507753486135989,0,0,1,1,0,0.4,1,1.1,0.9
