BUS_I,BUS_TYPE,Pd,Qd,Gs,Bs,area,Vm,Va,baseKV,zone,Vmax,Vmin
129,1,0.0,0.0,0,0,1,1,0,0.4,1,1.1,0.9
120,1,0.0005876906766797035,0.00014728916738820973,0,0,1,1,0,0.4,1,1.1,0.9
130,1,0.0003885531493635544,9.73805985474486e-05,0,0,1,1,0,0.4,1,1.1,0.9
80,1,0.0002814721222824629,7.054356344089354e-05,0,0,1,1,0,0.4,1,1.1,0.9
79,1,0.001475357395294288,0.0003697594176253474,0,0,1,1,0,0.4,1,1.1,0.9
81,1,0.0,0.0,0,0,1,1,0,0.4,1,1.1,0.9
82,1,0.0,0.0,0,0,1,1,0,0.4,1,1.1,0.9
83,1,0.0,0.0,0,0,1,1,0,0.4,1,1.1,0.9
84,1,0.00018469418750446752,4.6288726669388746e-05,0,0,1,1,0,0.4,1,1.1,0.9
85,1,0.0,0.0,0,0,1,1,0,0.4,1,1.1,0.9
86,1,0.0001716989893124259,4.3031822999307635e-05,0,0,1,1,0,0.4,1,1.1,0.9
89,1,0.0008714512645371402,0.00021840627436571137,0,0,1,1,0,0.4,1,1.1,0.9
90,1,0.0002465539642889568,6.1792248128814e-05,0,0,1,1,0,0.4,1,1.1,0.9
128,1,0.000382491398480091,9.586138057110716e-05,0,0,1,1,0,0.4,1,1.1,0.9
93,1,0.009347862956574908,0.0023427952941363333,0,0,1,1,0,0.4,1,1.1,0.9
94,1,0.005203108722113859,0.0013040219658413193,0,0,1,1,0,0.4,1,1.1,0.9
95,1,0.0,0.0,0,0,1,1,0,0.4,1,1.1,0.9
96,1,0.0,0.0,0,0,1,1,0,0.4,1,1.1,0.9
97,1,0.005289937893558237,0.0013257834074883181,0,0,1,1,0,0.4,1,1.1,0.9
98,3,0.005529409627219715,0.0013858006813087663,0,0,1,1,0,0.4,1,1.1,0.9
100,1,0.002688610272007694,0.0006738292508445331,0,0,1,1,0,0.4,1,1.1,0.9
101,1,0.0039575239977055416,0.0009918490077707907,0,0,1,1,0,0.4,1,1.1,0.9
111,1,0.00010873126613909,2.7250624000320302e-05,0,0,1,1,0,0.4,1,1.1,0.9
104,1,0.0006929693697721803,0.00017367449501824275,0,0,1,1,0,0.4,1,1.1,0.9
105,1,0.0,0.0,0,0,1,1,0,0.4,1,1.1,0.9
107,1,0.0,0.0,0,0,1,1,0,0.4,1,1.1,0.9
109,1,0.0,0.0,0,0,1,1,0,0.4,1,1.1,0.9
110,1,0.0006272909276368688,0.0001572139258084014,0,0,1,1,0,0.4,1,1.1,0.9
108,1,0.0001920911772735319,4.8142587054617186e-05,0,0,1,1,0,0.4,1,1.1,0.9
118,1,0.0,0.0,0,0,1,1,0,0.4,1,1.1,0.9
114,1,0.0,0.0,0,0,1,1,0,0.4,1,1.1,0.9
113,1,0.000764759151966246,0.00019166671042326558,0,0,1,1,0,0.4,1,1.1,0.9
119,1,0.0007961358797922966,0.00019953045967138273,0,0,1,1,0,0.4,1,1.1,0.9
