BUS_I,BUS_TYPE,Pd,Qd,Gs,Bs,area,Vm,Va,baseKV,zone,Vmax,Vmin
1,1,0.002237325223684742,0.0005607265564173047,0,0,1,1,0,0.4,1,1.1,0.9
2,1,0.007406405597825002,0.0018562202143587198,0,0,1,1,0,0.4,1,1.1,0.9
3,1,0.0035489585945819527,0.0008894528656545209,0,0,1,1,0,0.4,1,1.1,0.9
4,1,0.0,0.0,0,0,1,1,0,0.4,1,1.1,0.9
10,1,0.0,0.0,0,0,1,1,0,0.4,1,1.1,0.9
7,1,0.00455332776524347,0.0011411715073945978,0,0,1,1,0,0.4,1,1.1,0.9
21,1,0.003395562234024286,0.000851008113808927,0,0,1,1,0,0.4,1,1.1,0.9
20,1,0.0032929169121536915,0.0008252827712187903,0,0,1,1,0,0.4,1,1.1,0.9
6,1,0.0067584889657617804,0.0016938369997521424,0,0,1,1,0,0.4,1,1.1,0.9
8,1,0.0027597068533827757,0.0006916477337478974,0,0,1,1,0,0.4,1,1.1,0.9
9,1,0.002512880799639482,0.0006297872935738892,0,0,1,1,0,0.4,1,1.1,0.9
13,1,0.0034678103158704127,0.0008691151899337893,0,0,1,1,0,0.4,1,1.1,0.9
11,1,0.002791889695816374,0.0006997135143606023,0,0,1,1,0,0.4,1,1.1,0.9
22,1,0.0,0.0,0,0,1,1,0,0.4,1,1.1,0.9
12,1,0.003318490027315954,0.0008316919980267651,0,0,1,1,0,0.4,1,1.1,0.9
14,1,0.0,0.0,0,0,1,1,0,0.4,1,1.1,0.9
26,1,0.008131924945138687,0.0020380525027210382,0,0,1,1,0,0.4,1,1.1,0.9
24,1,0.019311153486486366,0.004839831277229333,0,0,1,1,0,0.4,1,1.1,0.9
15,1,0.012291492477722932,0.003080538393480316,0,0,1,1,0,0.4,1,1.1,0.9
16,1,0.0102508491603764,0.0025691049692742433,0,0,1,1,0,0.4,1,1.1,0.9
17,3,0.0009450333814251814,0.0002368476911877928,0,0,1,1,0,0.4,1,1.1,0.9
18,1,0.0,0.0,0,0,1,1,0,0.4,1,1.1,0.9
19,1,0.07541244967232658,0.018900141458252025,0,0,1,1,0,0.4,1,1.1,0.9
25,1,0.022155397968963774,0.005552666137975176,0,0,1,1,0,0.4,1,1.1,0.9
23,1,0.0,0.0,0,0,1,1,0,0.4,1,1.1,0.9
31,1,0.002600637690833937,0.0006517812437070365,0,0,1,1,0,0.4,1,1.1,0.9
29,1,0.0016443557688674527,0.00041211440252009537,0,0,1,1,0,0.4,1,1.1,0.9
27,1,0.002844972279370732,0.0007130172638410415,0,0,1,1,0,0.4,1,1.1,0.9
28,1,0.0,0.0,0,0,1,1,0,0.4,1,1.1,0.9
30,1,0.006727577532592993,0.001686089864337421,0,0,1,1,0,0.4,1,1.1,0.9
