BUS_I,BUS_TYPE,Pd,Qd,Gs,Bs,area,Vm,Va,baseKV,zone,Vmax,Vmin
1,1,0.0006932243900115895,0.00017373840911492696,0,0,1,1,0,0.4,1,1.1,0.9
3,1,0.0,0.0,0,0,1,1,0,0.4,1,1.1,0.9
68,1,0.0,0.0,0,0,1,1,0,0.4,1,1.1,0.9
4,1,0.00037843670910082695,9.484517962324849e-05,0,0,1,1,0,0.4,1,1.1,0.9
80,1,0.0002713452530264456,6.800553076459677e-05,0,0,1,1,0,0.4,1,1.1,0.9
64,1,0.00030672830034413333,7.687335832402595e-05,0,0,1,1,0,0.4,1,1.1,0.9
65,1,0.0,0.0,0,0,1,1,0,0.4,1,1.1,0.9
66,1,0.000702223185033015,0.00017599371973801059,0,0,1,1,0,0.4,1,1.1,0.9
67,1,0.00032627225341897115,8.177153467783591e-05,0,0,1,1,0,0.4,1,1.1,0.9
94,1,0.00030186477612260823,7.565444425649644e-05,0,0,1,1,0,0.4,1,1.1,0.9
69,1,0.00036600151926627844,9.172862727739054e-05,0,0,1,1,0,0.4,1,1.1,0.9
70,1,0.00021346378204301485,5.349906672381923e-05,0,0,1,1,0,0.4,1,1.1,0.9
71,3,0.0006041851895796602,0.0001514230819931419,0,0,1,1,0,0.4,1,1.1,0.9
72,1,0.0031921347820137325,0.0008000243884930509,0,0,1,1,0,0.4,1,1.1,0.9
73,1,0.0021918168142596173,0.0005493210739086185,0,0,1,1,0,0.4,1,1.1,0.9
74,1,0.00215741902767565,0.0005407001759652073,0,0,1,1,0,0.4,1,1.1,0.9
81,1,0.00033174433432012223,8.31429674260378e-05,0,0,1,1,0,0.4,1,1.1,0.9
82,1,0.0,0.0,0,0,1,1,0,0.4,1,1.1,0.9
90,1,0.00023024169203125712,5.770400733414877e-05,0,0,1,1,0,0.4,1,1.1,0.9
85,1,0.00020236670068473915,5.071787597406287e-05,0,0,1,1,0,0.4,1,1.1,0.9
86,1,0.0,0.0,0,0,1,1,0,0.4,1,1.1,0.9
87,1,0.00043642231105612655,0.00010937774134560325,0,0,1,1,0,0.4,1,1.1,0.9
88,1,0.0,0.0,0,0,1,1,0,0.4,1,1.1,0.9
89,1,0.0004440547951318163,0.00011129062216747275,0,0,1,1,0,0.4,1,1.1,0.9
93,1,0.0009497594749746539,0.00023803216188219515,0,0,1,1,0,0.4,1,1.1,0.9
91,1,0.0,0.0,0,0,1,1,0,0.4,1,1.1,0.9
92,1,0.00044205010312047503,0.00011078819898987796,0,0,1,1,0,0.4,1,1.1,0.9
95,1,0.00032747085356508147,8.207193219060468e-05,0,0,1,1,0,0.4,1,1.1,0.9
