BUS_I,BUS_TYPE,Pd,Qd,Gs,Bs,area,Vm,Va,baseKV,zone,Vmax,Vmin
1,1,0.08408994267913171,0.021074926205919407,0,0,1,1,0,0.4,1,1.1,0.9
9,1,0.07365055855605042,0.018458569920974718,0,0,1,1,0,0.4,1,1.1,0.9
8,1,0.0,0.0,0,0,1,1,0,0.4,1,1.1,0.9
2,3,0.019111020094996004,0.004789673121299866,0,0,1,1,0,0.4,1,1.1,0.9
3,1,0.0529194351783438,0.013262860643134963,0,0,1,1,0,0.4,1,1.1,0.9
10,1,0.0,0.0,0,0,1,1,0,0.4,1,1.1,0.9
11,1,0.0,0.0,0,0,1,1,0,0.4,1,1.1,0.9
12,1,0.0018230602238195415,0.000456901960708299,0,0,1,1,0,0.4,1,1.1,0.9
4,1,0.0159961815529628,0.004009020996619631,0,0,1,1,0,0.4,1,1.1,0.9
5,1,0.0,0.0,0,0,1,1,0,0.4,1,1.1,0.9
6,1,0.0,0.0,0,0,1,1,0,0.4,1,1.1,0.9
14,1,0.0038191321647413038,0.0009571647450123736,0,0,1,1,0,0.4,1,1.1,0.9
7,1,0.0,0.0,0,0,1,1,0,0.4,1,1.1,0.9
13,1,0.09033331824322113,0.022639663617991378,0,0,1,1,0,0.4,1,1.1,0.9
