F_BUS,T_BUS,BR_R,BR_X,BR_B,RATE_A,RATE_B,RATE_C,TAP,SHIFT,BR_STATUS,ANGMIN,ANGMAX
1,2,2.132935348943273,0.8203597495935666,2.1525076430234914e-09,0,0,0,0,0,1,-90,90
2,3,1.4623262134737993,0.5624331590283844,1.4757448474260666e-09,0,0,0,0,0,1,-90,90
3,4,2.6749878008613868,1.028841461869764,2.6995340900517243e-09,0,0,0,0,0,1,-90,90
4,5,2.250408487854877,0.8655417260980297,2.271058741856592e-09,0,0,0,0,0,1,-90,90
5,7,5.146899576325154,1.9795767601250593,5.194128683461053e-09,0,0,0,0,0,1,-90,90
7,9,2.917578325135565,1.1221455096675252,2.9443506794921634e-09,0,0,0,0,0,1,-90,90
7,6,1.8485623099234443,0.7109855038167093,1.8655251330926297e-09,0,0,0,0,0,1,-90,90
9,10,1.6012533662708823,0.6158666793349548,1.6159468269972563e-09,0,0,0,0,0,1,-90,90
10,11,2.580764831021975,0.992601858085375,2.604446509067056e-09,0,0,0,0,0,1,-90,90
