BUS_I,BUS_TYPE,Pd,Qd,Gs,Bs,area,Vm,Va,baseKV,zone,Vmax,Vmin
1,1,0.0017207653628609268,0.00043126445190211685,0,0,1,1,0,0.4,1,1.1,0.9
2,1,0.0,0.0,0,0,1,1,0,0.4,1,1.1,0.9
3,1,0.0,0.0,0,0,1,1,0,0.4,1,1.1,0.9
5,1,0.004884723688058244,0.0012242271546663987,0,0,1,1,0,0.4,1,1.1,0.9
4,1,0.0052471156903546624,0.0013150511517186377,0,0,1,1,0,0.4,1,1.1,0.9
9,3,0.09604423163214797,0.02407095342989297,0,0,1,1,0,0.4,1,1.1,0.9
6,1,0.0,0.0,0,0,1,1,0,0.4,1,1.1,0.9
7,1,0.0,0.0,0,0,1,1,0,0.4,1,1.1,0.9
13,1,0.0024620147111697422,0.0006170390501249188,0,0,1,1,0,0.4,1,1.1,0.9
10,1,0.042451897238647104,0.010639448346630739,0,0,1,1,0,0.4,1,1.1,0.9
