BUS_I,BUS_TYPE,Pd,Qd,Gs,Bs,area,Vm,Va,baseKV,zone,Vmax,Vmin
1,1,0.00971581896286016,0.002435013762034171,0,0,1,1,0,0.4,1,1.1,0.9
2,1,0.0,0.0,0,0,1,1,0,0.4,1,1.1,0.9
4,1,0.0138532425934542,0.0034719498678193357,0,0,1,1,0,0.4,1,1.1,0.9
6,1,0.0,0.0,0,0,1,1,0,0.4,1,1.1,0.9
5,1,0.0,0.0,0,0,1,1,0,0.4,1,1.1,0.9
43,1,0.00021463820506680516,5.379340487856572e-05,0,0,1,1,0,0.4,1,1.1,0.9
27,1,0.0020701613134925475,0.0005188313313838392,0,0,1,1,0,0.4,1,1.1,0.9
7,1,0.023472742723471305,0.005882823854872884,0,0,1,1,0,0.4,1,1.1,0.9
8,1,0.0,0.0,0,0,1,1,0,0.4,1,1.1,0.9
36,1,0.0,0.0,0,0,1,1,0,0.4,1,1.1,0.9
34,1,0.0,0.0,0,0,1,1,0,0.4,1,1.1,0.9
35,1,0.0,0.0,0,0,1,1,0,0.4,1,1.1,0.9
12,1,0.008042938157486771,0.0020157503114801426,0,0,1,1,0,0.4,1,1.1,0.9
25,1,0.010480710113790977,0.0026267135545163483,0,0,1,1,0,0.4,1,1.1,0.9
38,1,0.0,0.0,0,0,1,1,0,0.4,1,1.1,0.9
33,1,0.05915793961506632,0.014826377235611555,0,0,1,1,0,0.4,1,1.1,0.9
28,1,0.00453464501109902,0.0011364891678380107,0,0,1,1,0,0.4,1,1.1,0.9
23,3,0.025630291912171917,0.006423556652265917,0,0,1,1,0,0.4,1,1.1,0.9
37,1,0.0,0.0,0,0,1,1,0,0.4,1,1.1,0.9
39,1,0.023966729192878854,0.006006628534217378,0,0,1,1,0,0.4,1,1.1,0.9
9,1,0.005855555512118951,0.0014675405450501819,0,0,1,1,0,0.4,1,1.1,0.9
10,1,0.0028142567473118806,0.0007053192258725069,0,0,1,1,0,0.4,1,1.1,0.9
14,1,0.0007675635407130548,0.0001923695564950869,0,0,1,1,0,0.4,1,1.1,0.9
15,1,0.0,0.0,0,0,1,1,0,0.4,1,1.1,0.9
16,1,0.0,0.0,0,0,1,1,0,0.4,1,1.1,0.9
17,1,0.0,0.0,0,0,1,1,0,0.4,1,1.1,0.9
42,1,0.00045704302187142396,0.00011454577862687785,0,0,1,1,0,0.4,1,1.1,0.9
32,1,0.0019271397208879845,0.0004829867414844784,0,0,1,1,0,0.4,1,1.1,0.9
41,1,0.0007393592936148733,0.00018530090586517983,0,0,1,1,0,0.4,1,1.1,0.9
18,1,0.05793961299679174,0.014521035802893276,0,0,1,1,0,0.4,1,1.1,0.9
19,1,0.027039916301055667,0.006776841825585005,0,0,1,1,0,0.4,1,1.1,0.9
20,1,0.0,0.0,0,0,1,1,0,0.4,1,1.1,0.9
21,1,0.04997039890876765,0.012523762484903956,0,0,1,1,0,0.4,1,1.1,0.9
24,1,0.0,0.0,0,0,1,1,0,0.4,1,1.1,0.9
29,1,0.0,0.0,0,0,1,1,0,0.4,1,1.1,0.9
44,1,0.0031356457617502864,0.0007858669054984494,0,0,1,1,0,0.4,1,1.1,0.9
30,1,0.0011226675591777219,0.0002813670126251828,0,0,1,1,0,0.4,1,1.1,0.9
26,1,0.03175134705776099,0.007957637677720899,0,0,1,1,0,0.4,1,1.1,0.9
40,1,0.030050079052577717,0.007531259724265271,0,0,1,1,0,0.4,1,1.1,0.9
