F_BUS,T_BUS,BR_R,BR_X,BR_B,RATE_A,RATE_B,RATE_C,TAP,SHIFT,BR_STATUS,ANGMIN,ANGMAX
1,2,0.280231235287138,0.10778124434120692,2.8280270007636384e-10,0,0,0,0,0,1,-90,90
1,3,1.1640845066908667,0.44772481026571803,1.1747664077201068e-09,0,0,0,0,0,1,-90,90
2,4,7.3619467678824915,2.831517987647112,7.429501645818804e-09,0,0,0,0,0,1,-90,90
4,5,42.922064653547224,16.508486405210473,4.331592716435684e-08,0,0,0,0,0,1,-90,90
5,37,2.83467112161031,1.090258123696273,2.860682700836256e-09,0,0,0,0,0,1,-90,90
