BUS_I,BUS_TYPE,Pd,Qd,Gs,Bs,area,Vm,Va,baseKV,zone,Vmax,Vmin
1,1,0.00241493459370001,0.0006052396604496674,0,0,1,1,0,0.4,1,1.1,0.9
2,1,0.005840452474825363,0.0014637553671049174,0,0,1,1,0,0.4,1,1.1,0.9
3,1,0.0,0.0,0,0,1,1,0,0.4,1,1.1,0.9
4,1,0.0,0.0,0,0,1,1,0,0.4,1,1.1,0.9
5,1,0.003176310150151784,0.00079605836190175,0,0,1,1,0,0.4,1,1.1,0.9
7,1,0.00299331717429699,0.0007501959990617947,0,0,1,1,0,0.4,1,1.1,0.9
8,1,0.0019061142257289347,0.000477717255683891,0,0,1,1,0,0.4,1,1.1,0.9
6,1,0.002026496556734741,0.0005078879117886851,0,0,1,1,0,0.4,1,1.1,0.9
24,1,0.004546758770454913,0.0011395251621123305,0,0,1,1,0,0.4,1,1.1,0.9
21,1,0.0031608366604424583,0.0007921803398294026,0,0,1,1,0,0.4,1,1.1,0.9
27,1,0.002244166930124435,0.0005624412496819831,0,0,1,1,0,0.4,1,1.1,0.9
23,1,0.0025984862551414628,0.0006512420430962252,0,0,1,1,0,0.4,1,1.1,0.9
22,1,0.0,0.0,0,0,1,1,0,0.4,1,1.1,0.9
9,1,0.003283225409673942,0.0008228538517418848,0,0,1,1,0,0.4,1,1.1,0.9
11,1,0.0,0.0,0,0,1,1,0,0.4,1,1.1,0.9
28,1,0.0030991423318016847,0.0007767182835833979,0,0,1,1,0,0.4,1,1.1,0.9
13,1,0.0022796549728700786,0.0005713353915761071,0,0,1,1,0,0.4,1,1.1,0.9
14,1,0.0022534555620211776,0.0005647692002732299,0,0,1,1,0,0.4,1,1.1,0.9
29,1,0.0027518039802791145,0.0006896670870478523,0,0,1,1,0,0.4,1,1.1,0.9
19,1,0.0030878881583689894,0.0007738977218485933,0,0,1,1,0,0.4,1,1.1,0.9
20,1,0.0,0.0,0,0,1,1,0,0.4,1,1.1,0.9
15,1,0.0016940975891967438,0.00042458087781296135,0,0,1,1,0,0.4,1,1.1,0.9
16,1,0.0,0.0,0,0,1,1,0,0.4,1,1.1,0.9
17,3,0.0404610294462022,0.01014048984487961,0,0,1,1,0,0.4,1,1.1,0.9
18,1,0.08352966741088091,0.02093450798755478,0,0,1,1,0,0.4,1,1.1,0.9
30,1,0.0,0.0,0,0,1,1,0,0.4,1,1.1,0.9
33,1,0.0,0.0,0,0,1,1,0,0.4,1,1.1,0.9
34,1,0.05167985217891653,0.01295219185913156,0,0,1,1,0,0.4,1,1.1,0.9
25,1,0.0019996771893002236,0.000501166344719379,0,0,1,1,0,0.4,1,1.1,0.9
26,1,0.0054711745095130495,0.001371205585044471,0,0,1,1,0,0.4,1,1.1,0.9
31,1,0.002638250065616749,0.0006612077933956458,0,0,1,1,0,0.4,1,1.1,0.9
35,1,0.0030255122602202617,0.0007582648481822563,0,0,1,1,0,0.4,1,1.1,0.9
