F_BUS,T_BUS,BR_R,BR_X,BR_B,RATE_A,RATE_B,RATE_C,TAP,SHIFT,BR_STATUS,ANGMIN,ANGMAX
1,2,0.7499711414710211,0.4799815305414535,5.0376138688542705e-09,0,0,0,0,0,1,-90,90
1,3,0.9670373602190662,0.6189039105402023,6.495664363810762e-09,0,0,0,0,0,1,-90,90
2,6,3.292795305108017,2.107388995269131,2.2117959450778854e-08,0,0,0,0,0,1,-90,90
3,11,0.1285546875,0.08227499999999999,8.635117284459544e-10,0,0,0,0,0,1,-90,90
3,5,6.630702253941839,4.243649442522777,2.2269468641941987e-08,0,0,0,0,0,1,-90,90
6,7,12.920890532677731,8.269369940913748,4.339530799658129e-08,0,0,0,0,0,1,-90,90
6,17,1.4885993095224854,0.9527035580943908,9.9990361123877e-09,0,0,0,0,0,1,-90,90
11,19,1.4167159349835636,0.9066981983894807,9.516189954058139e-09,0,0,0,0,0,1,-90,90
5,15,8.821025626927215,5.645456401233417,1.4812876982362035e-08,0,0,0,0,0,1,-90,90
15,14,1.1249747416737705,0.7199838346712132,1.8891354771500626e-09,0,0,0,0,0,1,-90,90
7,20,9.681249999999999,6.195999999999999,1.62574253097877e-08,0,0,0,0,0,1,-90,90
7,8,30.15045080119471,19.296288512764615,5.063072454041078e-08,0,0,0,0,0,1,-90,90
17,10,1.9816994771488943,1.2682876653752924,1.331122788325619e-08,0,0,0,0,0,1,-90,90
8,18,11.91035073342003,7.62262446938882,2.0000685599685096e-08,0,0,0,0,0,1,-90,90
9,13,1.4216409267541532,0.9098501931226581,4.774635751383968e-09,0,0,0,0,0,1,-90,90
9,10,2.0211369026267922,1.2935276176811472,1.357613210497022e-08,0,0,0,0,0,1,-90,90
9,12,1.1025884190676964,0.7056565882033257,5.554628442741376e-09,0,0,0,0,0,1,-90,90
