BUS_I,BUS_TYPE,Pd,Qd,Gs,Bs,area,Vm,Va,baseKV,zone,Vmax,Vmin
1,1,0.041744975204204886,0.010462276984223503,0,0,1,1,0,0.4,1,1.1,0.9
2,1,0.0,0.0,0,0,1,1,0,0.4,1,1.1,0.9
3,3,0.0,0.0,0,0,1,1,0,0.4,1,1.1,0.9
23,1,0.0,0.0,0,0,1,1,0,0.4,1,1.1,0.9
5,1,0.010271246127090584,0.002574216930997969,0,0,1,1,0,0.4,1,1.1,0.9
6,1,0.027554795000555587,0.0069058825913560756,0,0,1,1,0,0.4,1,1.1,0.9
7,1,0.015178300134880472,0.003804040591328484,0,0,1,1,0,0.4,1,1.1,0.9
24,1,0.010591278000543403,0.002654424479031345,0,0,1,1,0,0.4,1,1.1,0.9
22,1,0.08548425269753468,0.02142437323620391,0,0,1,1,0,0.4,1,1.1,0.9
4,1,0.010642838543754012,0.0026673467692444213,0,0,1,1,0,0.4,1,1.1,0.9
9,1,0.038451431460955116,0.009636837114323556,0,0,1,1,0,0.4,1,1.1,0.9
8,1,0.005347072946895388,0.0013401028016333037,0,0,1,1,0,0.4,1,1.1,0.9
14,1,0.015559279739770865,0.0038995230807108666,0,0,1,1,0,0.4,1,1.1,0.9
10,1,0.0,0.0,0,0,1,1,0,0.4,1,1.1,0.9
26,1,0.016101419811772606,0.004035396190463193,0,0,1,1,0,0.4,1,1.1,0.9
15,1,0.009406105865906905,0.002357392343166009,0,0,1,1,0,0.4,1,1.1,0.9
13,1,0.0,0.0,0,0,1,1,0,0.4,1,1.1,0.9
11,1,0.07423309323287364,0.018604566872991727,0,0,1,1,0,0.4,1,1.1,0.9
12,1,0.05303235199015028,0.013291160263760343,0,0,1,1,0,0.4,1,1.1,0.9
16,1,0.0007998418631965204,0.00020045926666394307,0,0,1,1,0,0.4,1,1.1,0.9
17,1,0.0,0.0,0,0,1,1,0,0.4,1,1.1,0.9
18,1,0.002420071589010025,0.0006065271128325502,0,0,1,1,0,0.4,1,1.1,0.9
19,1,0.0015739508500200716,0.0003944692665862529,0,0,1,1,0,0.4,1,1.1,0.9
20,1,0.00046398846086766096,0.00011628646972084069,0,0,1,1,0,0.4,1,1.1,0.9
21,1,0.0,0.0,0,0,1,1,0,0.4,1,1.1,0.9
30,1,0.005279650398170532,0.0013232051181087318,0,0,1,1,0,0.4,1,1.1,0.9
32,1,0.0007723916255195841,0.0001935795886079852,0,0,1,1,0,0.4,1,1.1,0.9
29,1,0.0035378289204004835,0.0008866635063732879,0,0,1,1,0,0.4,1,1.1,0.9
33,1,0.0,0.0,0,0,1,1,0,0.4,1,1.1,0.9
25,1,0.009274562147036201,0.0023244243795816993,0,0,1,1,0,0.4,1,1.1,0.9
27,1,0.004525506706787337,0.001134198892890972,0,0,1,1,0,0.4,1,1.1,0.9
28,1,0.0032733524031756446,0.0008203794430700162,0,0,1,1,0,0.4,1,1.1,0.9
31,1,0.0015454400451090809,0.0003873237853262257,0,0,1,1,0,0.4,1,1.1,0.9
34,1,0.0007370241874329811,0.00018471567309062383,0,0,1,1,0,0.4,1,1.1,0.9
