BUS_I,BUS_TYPE,Pd,Qd,Gs,Bs,area,Vm,Va,baseKV,zone,Vmax,Vmin
1,1,0.011643894602864493,0.0029182350669596903,0,0,1,1,0,0.4,1,1.1,0.9
2,1,0.007803031555107715,0.0019556240492855773,0,0,1,1,0,0.4,1,1.1,0.9
11,1,0.003163328450169588,0.0007928048412019427,0,0,1,1,0,0.4,1,1.1,0.9
9,1,0.011398514775501984,0.00285673708528287,0,0,1,1,0,0.4,1,1.1,0.9
3,3,0.004531119669418931,0.0011356056339290627,0,0,1,1,0,0.4,1,1.1,0.9
4,1,0.006691160979401664,0.0016769630157901492,0,0,1,1,0,0.4,1,1.1,0.9
5,1,0.006983890147112291,0.0017503278607557608,0,0,1,1,0,0.4,1,1.1,0.9
28,1,0.0,0.0,0,0,1,1,0,0.4,1,1.1,0.9
29,1,0.010669666086163807,0.0026740703851556606,0,0,1,1,0,0.4,1,1.1,0.9
27,1,0.005583416885258234,0.0013993361760597728,0,0,1,1,0,0.4,1,1.1,0.9
10,1,0.0,0.0,0,0,1,1,0,0.4,1,1.1,0.9
12,1,0.0014986708288010483,0.00037560231482693525,0,0,1,1,0,0.4,1,1.1,0.9
13,1,0.002159443464829479,0.0005412075477419759,0,0,1,1,0,0.4,1,1.1,0.9
33,1,0.00790683946573205,0.0019816407640828094,0,0,1,1,0,0.4,1,1.1,0.9
31,1,0.0021912229492774236,0.0005491722373144045,0,0,1,1,0,0.4,1,1.1,0.9
24,1,0.005101784923855241,0.001278627828288485,0,0,1,1,0,0.4,1,1.1,0.9
25,1,0.011307585812217436,0.002833948138945793,0,0,1,1,0,0.4,1,1.1,0.9
26,1,0.0,0.0,0,0,1,1,0,0.4,1,1.1,0.9
30,1,0.0,0.0,0,0,1,1,0,0.4,1,1.1,0.9
44,1,0.003408846028053955,0.0008543373464138076,0,0,1,1,0,0.4,1,1.1,0.9
39,1,0.0,0.0,0,0,1,1,0,0.4,1,1.1,0.9
43,1,0.005875152970027887,0.001472452130979434,0,0,1,1,0,0.4,1,1.1,0.9
40,1,0.00590977937117627,0.001481130325133559,0,0,1,1,0,0.4,1,1.1,0.9
38,1,0.00609856455275199,0.0015284443515642934,0,0,1,1,0,0.4,1,1.1,0.9
32,1,0.003612288537271505,0.0009053248454214739,0,0,1,1,0,0.4,1,1.1,0.9
34,1,0.00588832623963842,0.0014757536635538113,0,0,1,1,0,0.4,1,1.1,0.9
35,1,0.0019302252290528926,0.0004837600427237399,0,0,1,1,0,0.4,1,1.1,0.9
36,1,0.001253043926670702,0.0003140424103763132,0,0,1,1,0,0.4,1,1.1,0.9
37,1,0.0031845736620600804,0.0007981293932060951,0,0,1,1,0,0.4,1,1.1,0.9
41,1,0.005595278250357288,0.0014023089143706776,0,0,1,1,0,0.4,1,1.1,0.9
42,1,0.005267719923423845,0.0013202150592874597,0,0,1,1,0,0.4,1,1.1,0.9
