F_BUS,T_BUS,BR_R,BR_X,BR_B,RATE_A,RATE_B,RATE_C,TAP,SHIFT,BR_STATUS,ANGMIN,ANGMAX
1,2,2.3400815019334393,1.497652161237401,3.929626880464684e-09,0,0,0,0,0,1,-90,90
1,3,1.5998879763015141,1.023928304832969,2.686642662750086e-09,0,0,0,0,0,1,-90,90
2,35,3.131737437266748,2.004311959850719,5.25903033970098e-09,0,0,0,0,0,1,-90,90
35,34,2.5692669957558802,1.6443308772837637,4.314491030022349e-09,0,0,0,0,0,1,-90,90
34,33,2.0001922903633407,1.2801230658325382,3.3588613831680013e-09,0,0,0,0,0,1,-90,90
5,15,4.30372846276867,2.7543862161719486,7.2271188159658206e-09,0,0,0,0,0,1,-90,90
15,17,5.021103849578989,3.2135064637305524,8.431785235090295e-09,0,0,0,0,0,1,-90,90
15,13,4.192180535125876,2.6829955424805605,7.039799812519537e-09,0,0,0,0,0,1,-90,90
17,18,3.1957540799109103,2.0452826111429827,5.366531518409395e-09,0,0,0,0,0,1,-90,90
13,14,0.6735880129138565,0.4310963282648682,1.1311356291300542e-09,0,0,0,0,0,1,-90,90
18,19,2.669921874999999,1.7087499999999995,4.483517672385367e-09,0,0,0,0,0,1,-90,90
18,20,3.440711886916537,2.202055607626584,5.777881628306708e-09,0,0,0,0,0,1,-90,90
10,11,1.7944907966612895,1.1484741098632252,3.01343319259624e-09,0,0,0,0,0,1,-90,90
11,12,3.01271180527133,1.928135555373651,5.05915425736494e-09,0,0,0,0,0,1,-90,90
30,27,2.5511068837313715,1.6327084055880778,4.283995312542083e-09,0,0,0,0,0,1,-90,90
27,26,1.9115184700385992,1.2233718208247033,3.2099541644862173e-09,0,0,0,0,0,1,-90,90
12,28,2.3606624323884975,1.5108239567286386,3.964187803866005e-09,0,0,0,0,0,1,-90,90
28,16,1.41710001753261,0.9069440112208703,2.379692466523977e-09,0,0,0,0,0,1,-90,90
16,29,0.8459729800706205,0.5414227072451971,1.4206164015593683e-09,0,0,0,0,0,1,-90,90
16,14,2.0035586012602757,1.2822775048065764,3.36451432550256e-09,0,0,0,0,0,1,-90,90
29,26,4.578581475334623,2.9302921442141585,7.688671024922424e-09,0,0,0,0,0,1,-90,90
26,25,2.1529687499999994,1.3778999999999997,3.615414192116926e-09,0,0,0,0,0,1,-90,90
20,31,0.8740194827059516,0.559372468931809,1.4677140306666284e-09,0,0,0,0,0,1,-90,90
31,32,0.30928727803370964,0.19794385794157418,5.193766116876e-10,0,0,0,0,0,1,-90,90
32,33,0.9325116054704006,0.5968074275010564,1.565938053086663e-09,0,0,0,0,0,1,-90,90
21,22,2.959171140793016,1.8938695301075303,4.9692450665277445e-09,0,0,0,0,0,1,-90,90
22,24,3.9246482839272248,2.511774901713424,6.590541132925329e-09,0,0,0,0,0,1,-90,90
24,25,9.452923414486996,6.049870985271677,1.5874003498532284e-08,0,0,0,0,0,1,-90,90
