BUS_I,BUS_TYPE,Pd,Qd,Gs,Bs,area,Vm,Va,baseKV,zone,Vmax,Vmin
1,1,0.01763650792280754,0.004420125536552689,0,0,1,1,0,0.4,1,1.1,0.9
2,1,0.0,0.0,0,0,1,1,0,0.4,1,1.1,0.9
3,1,0.0,0.0,0,0,1,1,0,0.4,1,1.1,0.9
6,1,0.0,0.0,0,0,1,1,0,0.4,1,1.1,0.9
32,1,0.023515410336314123,0.005893517366646062,0,0,1,1,0,0.4,1,1.1,0.9
4,1,0.0,0.0,0,0,1,1,0,0.4,1,1.1,0.9
5,1,0.0,0.0,0,0,1,1,0,0.4,1,1.1,0.9
8,1,0.0,0.0,0,0,1,1,0,0.4,1,1.1,0.9
26,1,0.0,0.0,0,0,1,1,0,0.4,1,1.1,0.9
29,1,0.031116181495299624,0.007798450182392321,0,0,1,1,0,0.4,1,1.1,0.9
21,3,0.058135895221440366,0.014570228765430876,0,0,1,1,0,0.4,1,1.1,0.9
31,1,0.018578356165511588,0.004656174956730122,0,0,1,1,0,0.4,1,1.1,0.9
12,1,0.03554170964911485,0.008907592087979808,0,0,1,1,0,0.4,1,1.1,0.9
9,1,0.0,0.0,0,0,1,1,0,0.4,1,1.1,0.9
10,1,0.0,0.0,0,0,1,1,0,0.4,1,1.1,0.9
11,1,0.0,0.0,0,0,1,1,0,0.4,1,1.1,0.9
23,1,0.025804728568003695,0.006467274599170575,0,0,1,1,0,0.4,1,1.1,0.9
18,1,0.0558613755854566,0.014000180410597493,0,0,1,1,0,0.4,1,1.1,0.9
14,1,0.02573686848918516,0.006450267260268163,0,0,1,1,0,0.4,1,1.1,0.9
25,1,0.02391684031097744,0.005994125201820303,0,0,1,1,0,0.4,1,1.1,0.9
30,1,0.03110501590901144,0.007795651822688745,0,0,1,1,0,0.4,1,1.1,0.9
20,1,0.0,0.0,0,0,1,1,0,0.4,1,1.1,0.9
22,1,0.05813669094028616,0.014570428191371975,0,0,1,1,0,0.4,1,1.1,0.9
19,1,0.05243588263135658,0.013141670951243677,0,0,1,1,0,0.4,1,1.1,0.9
13,1,0.027564412348771068,0.006908292926022509,0,0,1,1,0,0.4,1,1.1,0.9
24,1,0.02589359100602505,0.006489545625456373,0,0,1,1,0,0.4,1,1.1,0.9
15,1,0.0,0.0,0,0,1,1,0,0.4,1,1.1,0.9
16,1,0.02573845717964106,0.006450665423628195,0,0,1,1,0,0.4,1,1.1,0.9
27,1,0.02391680568813138,0.005994116524517139,0,0,1,1,0,0.4,1,1.1,0.9
