BUS_I,BUS_TYPE,Pd,Qd,Gs,Bs,area,Vm,Va,baseKV,zone,Vmax,Vmin
1,1,0.013878459186103764,0.003478269741663014,0,0,1,1,0,0.4,1,1.1,0.9
2,1,0.007014800443586847,0.0017580747112880542,0,0,1,1,0,0.4,1,1.1,0.9
3,1,0.010709116203625914,0.002683957516575184,0,0,1,1,0,0.4,1,1.1,0.9
4,1,0.0,0.0,0,0,1,1,0,0.4,1,1.1,0.9
5,1,0.006252194731676374,0.0015669477038163944,0,0,1,1,0,0.4,1,1.1,0.9
6,1,0.007329487165476392,0.001836942638063924,0,0,1,1,0,0.4,1,1.1,0.9
11,1,0.0,0.0,0,0,1,1,0,0.4,1,1.1,0.9
16,1,0.0,0.0,0,0,1,1,0,0.4,1,1.1,0.9
9,1,0.01343791962061256,0.0033678601190885063,0,0,1,1,0,0.4,1,1.1,0.9
7,3,0.00529158116975903,0.0013261952513255746,0,0,1,1,0,0.4,1,1.1,0.9
8,1,0.013394713154441405,0.003357031557941186,0,0,1,1,0,0.4,1,1.1,0.9
10,1,0.0,0.0,0,0,1,1,0,0.4,1,1.1,0.9
12,1,0.014532055707857022,0.0036420764708096362,0,0,1,1,0,0.4,1,1.1,0.9
25,1,0.012735907375801976,0.0031919192659535635,0,0,1,1,0,0.4,1,1.1,0.9
18,1,0.007925799274916776,0.001986392540177735,0,0,1,1,0,0.4,1,1.1,0.9
14,1,0.0,0.0,0,0,1,1,0,0.4,1,1.1,0.9
17,1,0.0,0.0,0,0,1,1,0,0.4,1,1.1,0.9
13,1,0.020589268436432412,0.005160157078325163,0,0,1,1,0,0.4,1,1.1,0.9
22,1,0.009290098351469133,0.0023283181194453774,0,0,1,1,0,0.4,1,1.1,0.9
19,1,0.01057168640535912,0.002649514362439394,0,0,1,1,0,0.4,1,1.1,0.9
21,1,0.011010239263819,0.0027594260692971827,0,0,1,1,0,0.4,1,1.1,0.9
20,1,0.012696476621659385,0.003182036987439357,0,0,1,1,0,0.4,1,1.1,0.9
