BUS_I,BUS_TYPE,Pd,Qd,Gs,Bs,area,Vm,Va,baseKV,zone,Vmax,Vmin
1,1,0.000135174253512861,3.3877861334667796e-05,0,0,1,1,0,0.4,1,1.1,0.9
2,1,0.03953421893601728,0.009908209235728178,0,0,1,1,0,0.4,1,1.1,0.9
3,3,0.013321801195144698,0.003338758098443533,0,0,1,1,0,0.4,1,1.1,0.9
4,1,0.0,0.0,0,0,1,1,0,0.4,1,1.1,0.9
5,1,0.0003475785388236458,8.711139314746487e-05,0,0,1,1,0,0.4,1,1.1,0.9
7,1,0.002794313511864739,0.0007003209799234097,0,0,1,1,0,0.4,1,1.1,0.9
6,1,0.0003428121053684328,8.591681231967977e-05,0,0,1,1,0,0.4,1,1.1,0.9
