F_BUS,T_BUS,BR_R,BR_X,BR_B,RATE_A,RATE_B,RATE_C,TAP,SHIFT,BR_STATUS,ANGMIN,ANGMAX
1,2,15.934288637804354,10.197944728194786,2.675796073789058e-08,0,0,0,0,0,1,-90,90
2,3,3.0714623874404015,1.9657359279618571,5.157812302712413e-09,0,0,0,0,0,1,-90,90
3,4,6.370525592501958,4.077136379201254,1.0697827656985581e-08,0,0,0,0,0,1,-90,90
4,5,6.794140624999999,4.348249999999999,1.1409191349787665e-08,0,0,0,0,0,1,-90,90
5,7,22.877003182169787,14.641282036588663,3.84166477000285e-08,0,0,0,0,0,1,-90,90
7,6,8.414482602653926,5.385268865698513,1.4130181787801602e-08,0,0,0,0,0,1,-90,90
