BUS_I,BUS_TYPE,Pd,Qd,Gs,Bs,area,Vm,Va,baseKV,zone,Vmax,Vmin
1,1,0.03729572819610449,0.009347190573409556,0,0,1,1,0,0.4,1,1.1,0.9
2,1,0.030000429345168056,0.007518816334646172,0,0,1,1,0,0.4,1,1.1,0.9
3,1,0.0,0.0,0,0,1,1,0,0.4,1,1.1,0.9
4,1,0.05332324736022966,0.013364065515717281,0,0,1,1,0,0.4,1,1.1,0.9
5,1,0.0,0.0,0,0,1,1,0,0.4,1,1.1,0.9
6,1,0.0,0.0,0,0,1,1,0,0.4,1,1.1,0.9
11,1,0.05991406662208834,0.015015880526582955,0,0,1,1,0,0.4,1,1.1,0.9
14,1,0.08115728578488869,0.020339933106099033,0,0,1,1,0,0.4,1,1.1,0.9
12,3,0.035160638433967835,0.008812086638902882,0,0,1,1,0,0.4,1,1.1,0.9
13,1,0.07932420912462498,0.019880520789785992,0,0,1,1,0,0.4,1,1.1,0.9
