BUS_I,BUS_TYPE,Pd,Qd,Gs,Bs,area,Vm,Va,baseKV,zone,Vmax,Vmin
1,1,0.012629101301582634,0.0031651511405297464,0,0,1,1,0,0.4,1,1.1,0.9
2,1,0.012319633864754943,0.0030875912898926123,0,0,1,1,0,0.4,1,1.1,0.9
3,1,0.0,0.0,0,0,1,1,0,0.4,1,1.1,0.9
4,1,0.030210757403021517,0.007571529514808633,0,0,1,1,0,0.4,1,1.1,0.9
5,1,0.03531472016865431,0.008850703161696675,0,0,1,1,0,0.4,1,1.1,0.9
6,1,0.015138368322464681,0.0037940327357738357,0,0,1,1,0,0.4,1,1.1,0.9
24,3,0.04788676646592779,0.01200155497025896,0,0,1,1,0,0.4,1,1.1,0.9
22,1,0.013219966641643125,0.0033132359535605516,0,0,1,1,0,0.4,1,1.1,0.9
9,1,0.0,0.0,0,0,1,1,0,0.4,1,1.1,0.9
17,1,0.04776061054449089,0.011969937315994793,0,0,1,1,0,0.4,1,1.1,0.9
15,1,0.00944861915096484,0.0023680471767504006,0,0,1,1,0,0.4,1,1.1,0.9
10,1,0.0,0.0,0,0,1,1,0,0.4,1,1.1,0.9
16,1,0.022580017267555555,0.005659085765558676,0,0,1,1,0,0.4,1,1.1,0.9
25,1,0.0233380020890537,0.005849054668727457,0,0,1,1,0,0.4,1,1.1,0.9
11,1,0.0,0.0,0,0,1,1,0,0.4,1,1.1,0.9
13,1,0.0,0.0,0,0,1,1,0,0.4,1,1.1,0.9
23,1,0.013979715242954624,0.0035036469016187176,0,0,1,1,0,0.4,1,1.1,0.9
12,1,0.0,0.0,0,0,1,1,0,0.4,1,1.1,0.9
14,1,0.0,0.0,0,0,1,1,0,0.4,1,1.1,0.9
19,1,0.027641355531349516,0.006927576705309611,0,0,1,1,0,0.4,1,1.1,0.9
18,1,0.010796423336608227,0.0027058387466751214,0,0,1,1,0,0.4,1,1.1,0.9
26,1,0.029098387906574236,0.007292743439988773,0,0,1,1,0,0.4,1,1.1,0.9
21,1,0.016909764969488858,0.004237986583618617,0,0,1,1,0,0.4,1,1.1,0.9
20,1,0.019385747276403013,0.004858526243212504,0,0,1,1,0,0.4,1,1.1,0.9
