F_BUS,T_BUS,BR_R,BR_X,BR_B,RATE_A,RATE_B,RATE_C,TAP,SHIFT,BR_STATUS,ANGMIN,ANGMAX
1,2,3.4938125615713593,1.3437740621428305,3.5258725707742237e-09,0,0,0,0,0,1,-90,90
2,3,5.1598299999999995,1.9845499999999996,5.207177759609295e-09,0,0,0,0,0,1,-90,90
2,5,27.685760600921533,10.6483694618929,2.7939811361805693e-08,0,0,0,0,0,1,-90,90
5,7,7.8498524310941535,3.0191740119592905,7.92188444103942e-09,0,0,0,0,0,1,-90,90
4,7,2.3463897486267538,0.9024575956256746,2.367920748246449e-09,0,0,0,0,0,1,-90,90
4,6,1.4718836050587025,0.5661090788687317,1.4853899397839126e-09,0,0,0,0,0,1,-90,90
