F_BUS,T_BUS,BR_R,BR_X,BR_B,RATE_A,RATE_B,RATE_C,TAP,SHIFT,BR_STATUS,ANGMIN,ANGMAX
1,2,0.8633708564861343,0.552557348151126,1.4498321202293884e-09,0,0,0,0,0,1,-90,90
2,3,21.26272838411257,13.608146165832045,3.5705845690072365e-08,0,0,0,0,0,1,-90,90
3,15,1.929531852577476,1.2349003856495846,3.240203483654964e-09,0,0,0,0,0,1,-90,90
3,7,0.4032427014028435,0.25807532889781987,1.3543061277776637e-09,0,0,0,0,0,1,-90,90
15,14,0.2631306217022195,0.1684035978894205,4.418671585840503e-10,0,0,0,0,0,1,-90,90
7,5,0.021072433187209444,0.013486357239814043,7.077257763957116e-11,0,0,0,0,0,1,-90,90
14,13,2.058712110966375,1.3175757510184798,3.4571319177163296e-09,0,0,0,0,0,1,-90,90
5,6,0.5397476648064341,0.34543850547611776,1.8127632995166805e-09,0,0,0,0,0,1,-90,90
6,8,0.0007692574450925446,0.0004923247648592286,2.5835807271974507e-12,0,0,0,0,0,1,-90,90
8,9,0.395314394553178,0.25300121251403396,6.638393020872552e-10,0,0,0,0,0,1,-90,90
9,10,0.3116978949028064,0.19948665273779612,5.234246864403287e-10,0,0,0,0,0,1,-90,90
10,11,0.48795496682317224,0.31229117876683027,8.194077652852328e-10,0,0,0,0,0,1,-90,90
11,12,0.3751902920499704,0.24012178691198105,6.300455158125066e-10,0,0,0,0,0,1,-90,90
