F_BUS,T_BUS,BR_R,BR_X,BR_B,RATE_A,RATE_B,RATE_C,TAP,SHIFT,BR_STATUS,ANGMIN,ANGMAX
1,15,0.4942256483285026,0.19008678781865485,9.975215478822608e-10,0,0,0,0,0,1,-90,90
1,6,0.3627463389670938,0.13951782267965146,7.321499617813553e-10,0,0,0,0,0,1,-90,90
15,5,0.05180148714347527,0.019923648901336646,5.227682923045745e-11,0,0,0,0,0,1,-90,90
6,8,0.23790577235291896,0.09150222013573807,4.801776983655631e-10,0,0,0,0,0,1,-90,90
5,9,0.3573010636277776,0.1374234860106837,3.605797384811726e-10,0,0,0,0,0,1,-90,90
8,16,0.0763114257683504,0.02935054837244246,1.5402335312017248e-10,0,0,0,0,0,1,-90,90
2,12,2.6546617787105147,1.0210237610425057,2.6790215517538837e-09,0,0,0,0,0,1,-90,90
2,13,0.23261154787781732,0.08946597995300667,2.3474604371416563e-10,0,0,0,0,0,1,-90,90
13,18,0.9818551257265983,0.37763658681792245,9.908648490050894e-10,0,0,0,0,0,1,-90,90
18,14,0.7830963779841806,0.3011909146093003,7.902822463278479e-10,0,0,0,0,0,1,-90,90
17,19,1.2963821531820132,0.4986085204546205,1.3082780471456985e-09,0,0,0,0,0,1,-90,90
17,4,7.929839714278098,3.0499383516454226,8.002605705508794e-09,0,0,0,0,0,1,-90,90
19,9,1.4678787783189515,0.5645687608919044,1.4813483638540235e-09,0,0,0,0,0,1,-90,90
4,20,2.0044514562580336,0.7709428677915513,2.0228447532657656e-09,0,0,0,0,0,1,-90,90
20,7,0.012689253357634581,0.004880482060628685,1.280569279800349e-11,0,0,0,0,0,1,-90,90
7,14,0.2083951179843272,0.08015196845551047,2.1030739841799893e-10,0,0,0,0,0,1,-90,90
16,10,0.31108894463001585,0.11964959408846765,6.278871333891799e-10,0,0,0,0,0,1,-90,90
10,11,21.43371687040659,8.24373725784869,2.163039747304538e-08,0,0,0,0,0,1,-90,90
