BUS_I,BUS_TYPE,Pd,Qd,Gs,Bs,area,Vm,Va,baseKV,zone,Vmax,Vmin
1,1,0.0010976710900065891,0.00027510230692547375,0,0,1,1,0,0.4,1,1.1,0.9
15,3,0.0008570280615506546,0.00021479147895845255,0,0,1,1,0,0.4,1,1.1,0.9
6,1,0.004003582038411341,0.0010033922408630978,0,0,1,1,0,0.4,1,1.1,0.9
5,1,0.008958763210301866,0.0022452777054903688,0,0,1,1,0,0.4,1,1.1,0.9
8,1,0.0017617832265766846,0.0004415444975697967,0,0,1,1,0,0.4,1,1.1,0.9
2,1,0.002428756601907807,0.0006087037822425489,0,0,1,1,0,0.4,1,1.1,0.9
12,1,0.004063869170415924,0.0010185016203879624,0,0,1,1,0,0.4,1,1.1,0.9
13,1,0.004773047725178543,0.0011962385200963246,0,0,1,1,0,0.4,1,1.1,0.9
18,1,0.004714437396753201,0.0011815493871618183,0,0,1,1,0,0.4,1,1.1,0.9
17,1,0.0,0.0,0,0,1,1,0,0.4,1,1.1,0.9
19,1,0.0011683978286724198,0.00029282809850860483,0,0,1,1,0,0.4,1,1.1,0.9
4,1,0.0022387859372724147,0.0005610926457507896,0,0,1,1,0,0.4,1,1.1,0.9
20,1,0.002397029876544254,0.0006007523153430681,0,0,1,1,0,0.4,1,1.1,0.9
7,1,0.002777187359588552,0.0006960287615687224,0,0,1,1,0,0.4,1,1.1,0.9
9,1,0.0011232773866234477,0.00028151984978986075,0,0,1,1,0,0.4,1,1.1,0.9
16,1,0.027743014085533875,0.006953054740605828,0,0,1,1,0,0.4,1,1.1,0.9
14,1,0.0037244353611471715,0.0009334314888809236,0,0,1,1,0,0.4,1,1.1,0.9
10,1,0.10740493900734843,0.026918215087484893,0,0,1,1,0,0.4,1,1.1,0.9
11,1,0.0018918114136272112,0.0004741326330765104,0,0,1,1,0,0.4,1,1.1,0.9
