F_BUS,T_BUS,BR_R,BR_X,BR_B,RATE_A,RATE_B,RATE_C,TAP,SHIFT,BR_STATUS,ANGMIN,ANGMAX
1,2,2.5103016248087675,1.6065930398776114,4.215472296487257e-09,0,0,0,0,0,1,-90,90
1,3,6.3731440233087175,4.078812174917579,1.070222470729104e-08,0,0,0,0,0,1,-90,90
2,4,11.2648772004662,7.209521408298368,1.8916761751892542e-08,0,0,0,0,0,1,-90,90
3,5,3.5071716514214946,2.2445898569097564,5.889485466400491e-09,0,0,0,0,0,1,-90,90
4,18,1.6727108595227276,1.0705349500945458,2.808931890361424e-09,0,0,0,0,0,1,-90,90
5,7,12.461591069033242,7.975418284181275,2.0926366537991007e-08,0,0,0,0,0,1,-90,90
5,29,2.0240589738972212,1.2953977432942214,6.797879941276098e-09,0,0,0,0,0,1,-90,90
18,19,0.1372944713332551,0.08786846165328327,2.3055438224890214e-10,0,0,0,0,0,1,-90,90
7,27,2.8606214943185977,1.8307977563639024,4.803753676793585e-09,0,0,0,0,0,1,-90,90
29,26,1.862512547315283,1.1920080302817813,6.255320051960367e-09,0,0,0,0,0,1,-90,90
6,21,1.1478805599379365,0.7346435583602794,3.855201026261751e-09,0,0,0,0,0,1,-90,90
6,24,0.8985258257093879,0.5750565284540082,3.017733557213314e-09,0,0,0,0,0,1,-90,90
21,20,1.031256412921355,0.6600041042696673,1.7317571706451664e-09,0,0,0,0,0,1,-90,90
24,25,0.9193943172863538,0.5884123630632665,3.0878211891080506e-09,0,0,0,0,0,1,-90,90
27,8,5.971020172196979,3.8214529102060664,1.0026950494277917e-08,0,0,0,0,0,1,-90,90
8,10,2.9561077332346235,1.8919089492701593,4.96410078045167e-09,0,0,0,0,0,1,-90,90
10,9,1.6949245907332702,1.084751738069293,2.8462347258431124e-09,0,0,0,0,0,1,-90,90
9,14,2.4334792178741362,1.5574266994394472,4.086466791737572e-09,0,0,0,0,0,1,-90,90
26,25,0.8541165958064315,0.5466346213161162,2.868583449900208e-09,0,0,0,0,0,1,-90,90
20,22,0.8851255547282098,0.5664803550260542,1.4863641157679305e-09,0,0,0,0,0,1,-90,90
11,12,1.0303600596547835,0.6594304381790614,1.7302519521782874e-09,0,0,0,0,0,1,-90,90
12,13,0.4980468749999999,0.31875,8.363547962386748e-10,0,0,0,0,0,1,-90,90
13,28,0.6997769109286183,0.4478572229943157,1.1751138399417403e-09,0,0,0,0,0,1,-90,90
28,23,0.7844146473349409,0.5020253742943622,1.3172433870575871e-09,0,0,0,0,0,1,-90,90
23,22,1.3082031249999997,0.8372499999999998,2.196825264786919e-09,0,0,0,0,0,1,-90,90
