F_BUS,T_BUS,BR_R,BR_X,BR_B,RATE_A,RATE_B,RATE_C,TAP,SHIFT,BR_STATUS,ANGMIN,ANGMAX
1,2,3.3654077107828404,2.153860934901018,5.6514256418371224e-09,0,0,0,0,0,1,-90,90
2,3,1.9472656249999996,1.2462499999999999,3.2699832621567014e-09,0,0,0,0,0,1,-90,90
3,28,1.492667166710252,0.9553069866945614,2.5065900555366666e-09,0,0,0,0,0,1,-90,90
3,27,4.513024756494017,2.888335844156171,7.578583643633242e-09,0,0,0,0,0,1,-90,90
27,24,2.9728283491430187,1.9026101434515321,4.992179196386016e-09,0,0,0,0,0,1,-90,90
24,23,1.1425781249999998,0.7312499999999998,1.9186962972534304e-09,0,0,0,0,0,1,-90,90
5,6,8.621623755261659,5.517839203367462,1.4478027553286796e-08,0,0,0,0,0,1,-90,90
5,7,0.12190115349841088,0.07801673823898297,2.047048571390452e-10,0,0,0,0,0,1,-90,90
6,8,2.914364687643395,1.8651934000917731,4.894002968092475e-09,0,0,0,0,0,1,-90,90
7,10,7.210488042374693,4.614712347119804,1.210835076007994e-08,0,0,0,0,0,1,-90,90
8,11,1.2951181950721398,0.8288756448461695,2.1748521444784892e-09,0,0,0,0,0,1,-90,90
10,16,1.6294529297509295,1.0428498750405948,5.472580359197518e-09,0,0,0,0,0,1,-90,90
10,19,2.9925058205627373,1.915203725160152,5.025222968821553e-09,0,0,0,0,0,1,-90,90
11,12,3.571162701793934,2.2855441291481178,5.996943668794271e-09,0,0,0,0,0,1,-90,90
16,14,2.046915412745694,1.3100258641572442,6.874644170570204e-09,0,0,0,0,0,1,-90,90
12,29,1.9208976286939896,1.2293744823641535,3.225704297093955e-09,0,0,0,0,0,1,-90,90
15,18,4.413001429487958,2.824320914872293,7.410617547515749e-09,0,0,0,0,0,1,-90,90
15,13,1.931496200720257,1.2361575684609645,3.2435021530637365e-09,0,0,0,0,0,1,-90,90
13,14,5.515758857660856,3.530085668902948,9.26244417355417e-09,0,0,0,0,0,1,-90,90
14,17,2.6600994041870427,1.7024636186797073,4.4670230993086246e-09,0,0,0,0,0,1,-90,90
29,30,0.18230613339383858,0.1166759253720567,3.0614108169570303e-10,0,0,0,0,0,1,-90,90
30,31,0.22198900403417893,0.14207296258187452,3.727793056351014e-10,0,0,0,0,0,1,-90,90
17,20,1.386813556442455,0.8875606761231712,2.3288333440892725e-09,0,0,0,0,0,1,-90,90
20,21,5.691249999999998,3.6423999999999994,9.5571410504149e-09,0,0,0,0,0,1,-90,90
20,22,0.9826892246995795,0.6289211038077309,1.6501997854911916e-09,0,0,0,0,0,1,-90,90
22,23,6.382889098420783,4.085049022989301,1.0718589312148128e-08,0,0,0,0,0,1,-90,90
