F_BUS,T_BUS,BR_R,BR_X,BR_B,RATE_A,RATE_B,RATE_C,TAP,SHIFT,BR_STATUS,ANGMIN,ANGMAX
1,2,2.1988463128495375,0.8457101203267451,2.2190234207462286e-09,0,0,0,0,0,1,-90,90
1,3,4.814502619186015,1.851731776610006,4.858681577146169e-09,0,0,0,0,0,1,-90,90
3,5,6.121036142623775,2.354244670239914,6.17720414580232e-09,0,0,0,0,0,1,-90,90
5,6,1.2210417131623352,0.4696314281393598,1.2322462663177167e-09,0,0,0,0,0,1,-90,90
6,8,1.0875139995305645,0.4182746152040633,1.0974932723789948e-09,0,0,0,0,0,1,-90,90
8,9,1.833752705348949,0.7052895020572881,1.8505796322585092e-09,0,0,0,0,0,1,-90,90
9,10,0.5344185565606652,0.20554559867717895,5.393225013314775e-10,0,0,0,0,0,1,-90,90
16,12,10.629373485271886,4.088220571258418,1.0726911005030882e-08,0,0,0,0,0,1,-90,90
12,13,1.2890687536278302,0.49579567447224243,1.3008975381937218e-09,0,0,0,0,0,1,-90,90
12,11,4.545226954608949,1.7481642133111344,4.5869349785586744e-09,0,0,0,0,0,1,-90,90
10,11,2.2886226499201308,0.8802394807385119,2.309623565660534e-09,0,0,0,0,0,1,-90,90
