BUS_I,BUS_TYPE,Pd,Qd,Gs,Bs,area,Vm,Va,baseKV,zone,Vmax,Vmin
1,1,0.02212884190047965,0.005546010559843106,0,0,1,1,0,0.4,1,1.1,0.9
2,1,0.018275618950715052,0.00458030185873114,0,0,1,1,0,0.4,1,1.1,0.9
3,1,0.0,0.0,0,0,1,1,0,0.4,1,1.1,0.9
4,1,0.014736758309273209,0.0036933797786911447,0,0,1,1,0,0.4,1,1.1,0.9
5,1,0.0,0.0,0,0,1,1,0,0.4,1,1.1,0.9
12,1,0.017502631226493502,0.004386572873705996,0,0,1,1,0,0.4,1,1.1,0.9
13,3,0.060857064017205593,0.015252217951503121,0,0,1,1,0,0.4,1,1.1,0.9
6,1,0.0,0.0,0,0,1,1,0,0.4,1,1.1,0.9
9,1,0.0,0.0,0,0,1,1,0,0.4,1,1.1,0.9
18,1,0.04524447214089016,0.011339333589909427,0,0,1,1,0,0.4,1,1.1,0.9
8,1,0.0,0.0,0,0,1,1,0,0.4,1,1.1,0.9
10,1,0.0,0.0,0,0,1,1,0,0.4,1,1.1,0.9
15,1,0.014721672739952637,0.0036895989786325874,0,0,1,1,0,0.4,1,1.1,0.9
11,1,0.0,0.0,0,0,1,1,0,0.4,1,1.1,0.9
14,1,0.016835600476012003,0.004219399209465108,0,0,1,1,0,0.4,1,1.1,0.9
17,1,0.06746144136972801,0.016907430940190253,0,0,1,1,0,0.4,1,1.1,0.9
16,1,0.032074585868684544,0.008038648960046265,0,0,1,1,0,0.4,1,1.1,0.9
