BUS_I,BUS_TYPE,Pd,Qd,Gs,Bs,area,Vm,Va,baseKV,zone,Vmax,Vmin
1,1,0.06194891450426313,0.015525861477821581,0,0,1,1,0,0.4,1,1.1,0.9
2,1,0.06542101336745487,0.016396051479028253,0,0,1,1,0,0.4,1,1.1,0.9
3,3,0.03844577170832834,0.009635418646607288,0,0,1,1,0,0.4,1,1.1,0.9
5,1,0.0,0.0,0,0,1,1,0,0.4,1,1.1,0.9
32,1,0.029004843729457122,0.007269299059282519,0,0,1,1,0,0.4,1,1.1,0.9
35,1,0.01916924996867064,0.004804266903285849,0,0,1,1,0,0.4,1,1.1,0.9
9,1,0.0,0.0,0,0,1,1,0,0.4,1,1.1,0.9
34,1,0.004172702565568551,0.0010457778403318069,0,0,1,1,0,0.4,1,1.1,0.9
6,1,0.015180404766233693,0.003804568061666156,0,0,1,1,0,0.4,1,1.1,0.9
7,1,0.0,0.0,0,0,1,1,0,0.4,1,1.1,0.9
8,1,0.0,0.0,0,0,1,1,0,0.4,1,1.1,0.9
11,1,0.0,0.0,0,0,1,1,0,0.4,1,1.1,0.9
39,1,0.003959800939046239,0.0009924196630620365,0,0,1,1,0,0.4,1,1.1,0.9
31,1,0.034295868607021766,0.008595354890642138,0,0,1,1,0,0.4,1,1.1,0.9
13,1,0.002794850086021791,0.0007004554580833845,0,0,1,1,0,0.4,1,1.1,0.9
10,1,0.0046568048979297155,0.0011671053214261293,0,0,1,1,0,0.4,1,1.1,0.9
40,1,0.011202630102992626,0.0028076437587032823,0,0,1,1,0,0.4,1,1.1,0.9
30,1,0.004970411106550581,0.0012457024460504405,0,0,1,1,0,0.4,1,1.1,0.9
12,1,0.0,0.0,0,0,1,1,0,0.4,1,1.1,0.9
14,1,0.004765006443273569,0.001194223184880852,0,0,1,1,0,0.4,1,1.1,0.9
22,1,0.006659785132811852,0.0016690994874006522,0,0,1,1,0,0.4,1,1.1,0.9
23,1,0.002548442704114118,0.0006386999469622342,0,0,1,1,0,0.4,1,1.1,0.9
15,1,0.02392657711807353,0.005996565475704356,0,0,1,1,0,0.4,1,1.1,0.9
16,1,0.027015281676819748,0.006770667806774414,0,0,1,1,0,0.4,1,1.1,0.9
18,1,0.0,0.0,0,0,1,1,0,0.4,1,1.1,0.9
20,1,0.0349595293399851,0.008761683948878487,0,0,1,1,0,0.4,1,1.1,0.9
21,1,0.0,0.0,0,0,1,1,0,0.4,1,1.1,0.9
24,1,0.00519153153670553,0.001301120449674472,0,0,1,1,0,0.4,1,1.1,0.9
26,1,0.006101109752114293,0.001529082238653176,0,0,1,1,0,0.4,1,1.1,0.9
33,1,0.005864980845692434,0.0014699027563111087,0,0,1,1,0,0.4,1,1.1,0.9
37,1,0.03913336347073916,0.009807745386178278,0,0,1,1,0,0.4,1,1.1,0.9
41,1,0.009271023115218748,0.002323537414600907,0,0,1,1,0,0.4,1,1.1,0.9
42,1,0.012914051083430939,0.0032365662876152985,0,0,1,1,0,0.4,1,1.1,0.9
28,1,0.023994163681739514,0.006013504265247921,0,0,1,1,0,0.4,1,1.1,0.9
29,1,0.006665054755077928,0.0016704201792319497,0,0,1,1,0,0.4,1,1.1,0.9
36,1,0.016388228955585834,0.00410727733758338,0,0,1,1,0,0.4,1,1.1,0.9
