BUS_I,BUS_TYPE,Pd,Qd,Gs,Bs,area,Vm,Va,baseKV,zone,Vmax,Vmin
1,1,0.044318535489240855,0.011107271990351364,0,0,1,1,0,0.4,1,1.1,0.9
2,1,0.0,0.0,0,0,1,1,0,0.4,1,1.1,0.9
3,1,0.0,0.0,0,0,1,1,0,0.4,1,1.1,0.9
4,1,0.015312894070786592,0.0038377730113612744,0,0,1,1,0,0.4,1,1.1,0.9
5,3,0.057025067294750854,0.014291829044410901,0,0,1,1,0,0.4,1,1.1,0.9
6,1,0.027863763811523164,0.006983317474572951,0,0,1,1,0,0.4,1,1.1,0.9
