BUS_I,BUS_TYPE,Pd,Qd,Gs,Bs,area,Vm,Va,baseKV,zone,Vmax,Vmin
1,3,0.013367091251605652,0.0033501088565409502,0,0,1,1,0,0.4,1,1.1,0.9
2,1,0.004415716975404952,0.001106682992495125,0,0,1,1,0,0.4,1,1.1,0.9
3,1,0.0,0.0,0,0,1,1,0,0.4,1,1.1,0.9
4,1,0.0017091666984701357,0.00042835755259483727,0,0,1,1,0,0.4,1,1.1,0.9
5,1,0.0,0.0,0,0,1,1,0,0.4,1,1.1,0.9
6,1,0.003211046458105226,0.0008047641012976997,0,0,1,1,0,0.4,1,1.1,0.9
112,1,0.0008765564259481339,0.00021968574842144405,0,0,1,1,0,0.4,1,1.1,0.9
79,1,0.006292046727706483,0.0015769355554991803,0,0,1,1,0,0.4,1,1.1,0.9
81,1,0.0028873489606301593,0.0007236378612863508,0,0,1,1,0,0.4,1,1.1,0.9
83,1,0.0037826363305435385,0.0009480180267719264,0,0,1,1,0,0.4,1,1.1,0.9
64,1,0.002236269229719788,0.0005604618993825125,0,0,1,1,0,0.4,1,1.1,0.9
65,1,0.0,0.0,0,0,1,1,0,0.4,1,1.1,0.9
66,1,0.0,0.0,0,0,1,1,0,0.4,1,1.1,0.9
75,1,0.002010409858207934,0.0005038562051000151,0,0,1,1,0,0.4,1,1.1,0.9
76,1,0.002792850816262392,0.0006999543938502236,0,0,1,1,0,0.4,1,1.1,0.9
77,1,0.004066403105117311,0.001019136684286699,0,0,1,1,0,0.4,1,1.1,0.9
78,1,0.0,0.0,0,0,1,1,0,0.4,1,1.1,0.9
80,1,0.0,0.0,0,0,1,1,0,0.4,1,1.1,0.9
117,1,0.0010072451968278964,0.00025243944184163015,0,0,1,1,0,0.4,1,1.1,0.9
82,1,0.0035530782385696956,0.000890485345761775,0,0,1,1,0,0.4,1,1.1,0.9
84,1,0.0015180813478082333,0.00038046704945109784,0,0,1,1,0,0.4,1,1.1,0.9
85,1,0.0009725914672580564,0.0002437543985394719,0,0,1,1,0,0.4,1,1.1,0.9
86,1,0.0013928934424822978,0.000349092002893093,0,0,1,1,0,0.4,1,1.1,0.9
87,1,0.0,0.0,0,0,1,1,0,0.4,1,1.1,0.9
88,1,0.0025212000739198914,0.0006318723002460359,0,0,1,1,0,0.4,1,1.1,0.9
98,1,0.0,0.0,0,0,1,1,0,0.4,1,1.1,0.9
93,1,0.0035757284162240134,0.0008961620153777501,0,0,1,1,0,0.4,1,1.1,0.9
94,1,0.0014873729390808027,0.0003727707967577015,0,0,1,1,0,0.4,1,1.1,0.9
95,1,0.001699388551483154,0.000425906917957499,0,0,1,1,0,0.4,1,1.1,0.9
96,1,0.0007304080791973407,0.00018305752006549282,0,0,1,1,0,0.4,1,1.1,0.9
97,1,0.003534164854424075,0.0008857452048784102,0,0,1,1,0,0.4,1,1.1,0.9
108,1,0.0014031975222586078,0.0003516744487122591,0,0,1,1,0,0.4,1,1.1,0.9
116,1,0.006750146430849265,0.0016917461634160726,0,0,1,1,0,0.4,1,1.1,0.9
110,1,0.001388519822660003,0.00034799587044168534,0,0,1,1,0,0.4,1,1.1,0.9
111,1,0.0014070215968181947,0.0003526328521381807,0,0,1,1,0,0.4,1,1.1,0.9
109,1,0.0010682732244347553,0.00026773450730760467,0,0,1,1,0,0.4,1,1.1,0.9
