F_BUS,T_BUS,BR_R,BR_X,BR_B,RATE_A,RATE_B,RATE_C,TAP,SHIFT,BR_STATUS,ANGMIN,ANGMAX
1,2,3.593489051907385,1.3821111738105327,7.252927429970221e-09,0,0,0,0,0,1,-90,90
1,3,1.0220199895801734,0.39308461137698975,2.0627965493506575e-09,0,0,0,0,0,1,-90,90
2,4,6.353816784423871,2.4437756863168736,6.4121208350825945e-09,0,0,0,0,0,1,-90,90
3,5,1.0734099999999998,0.41284999999999994,1.0832598513792531e-09,0,0,0,0,0,1,-90,90
3,6,6.5431599999999985,2.5165999999999995,6.603201506554509e-09,0,0,0,0,0,1,-90,90
5,21,11.997747581696345,4.61451830065244,1.210784160966842e-08,0,0,0,0,0,1,-90,90
6,28,3.759166643680813,1.4458333244926207,3.793661601572116e-09,0,0,0,0,0,1,-90,90
21,22,1.0866859396452595,0.41795613063279213,1.0966576140300987e-09,0,0,0,0,0,1,-90,90
28,29,0.7000728314127672,0.26925878131260284,7.064968570358459e-10,0,0,0,0,0,1,-90,90
22,11,0.8628352254419243,0.3318597020930478,8.707527953689677e-10,0,0,0,0,0,1,-90,90
14,16,10.556519999999999,4.060199999999999,1.0653388999806332e-08,0,0,0,0,0,1,-90,90
14,12,4.697404334009484,1.8066939746190323,4.740508771790252e-09,0,0,0,0,0,1,-90,90
16,17,4.126982853542858,1.5873010975164838,4.16485297563239e-09,0,0,0,0,0,1,-90,90
12,13,2.772729844524391,1.0664345555863042,2.7981730366722052e-09,0,0,0,0,0,1,-90,90
29,30,0.6923106357697195,0.26627332144989213,6.986634337412384e-10,0,0,0,0,0,1,-90,90
8,9,0.9904730198129775,0.38095116146652985,9.995618228242389e-10,0,0,0,0,0,1,-90,90
8,10,2.8034975520578427,1.0782682892530164,2.8292230756041765e-09,0,0,0,0,0,1,-90,90
10,11,2.582743010167915,0.993362696218429,2.6064428404293805e-09,0,0,0,0,0,1,-90,90
11,23,4.387150672015415,1.687365643082852,4.427408152472783e-09,0,0,0,0,0,1,-90,90
23,24,1.8007187556498685,0.6925841367884111,1.817242555613522e-09,0,0,0,0,0,1,-90,90
13,15,3.4709966689105824,1.3349987188117622,3.502847314355149e-09,0,0,0,0,0,1,-90,90
15,30,4.088124694524335,1.572355651740129,4.125638245414415e-09,0,0,0,0,0,1,-90,90
17,18,9.446792335512118,3.633381667504661,9.533478224888464e-09,0,0,0,0,0,1,-90,90
19,26,3.5937199999999994,1.3821999999999997,3.626696782309323e-09,0,0,0,0,0,1,-90,90
19,18,2.2720018375417284,0.8738468605929727,2.292850236972679e-09,0,0,0,0,0,1,-90,90
26,27,5.320643265521072,2.0464012559696436,5.369466683793129e-09,0,0,0,0,0,1,-90,90
