F_BUS,T_BUS,BR_R,BR_X,BR_B,RATE_A,RATE_B,RATE_C,TAP,SHIFT,BR_STATUS,ANGMIN,ANGMAX
1,2,7.206789305385802,4.6123451554469135,1.2102139584835273e-08,0,0,0,0,0,1,-90,90
2,4,1.528238235133162,0.9780724704852237,7.698970369499547e-09,0,0,0,0,0,1,-90,90
2,5,9.494399009289168,6.076415365945069,4.7830956567026274e-08,0,0,0,0,0,1,-90,90
4,6,1.4794417870817627,0.9468427437323284,7.453143247099477e-09,0,0,0,0,0,1,-90,90
5,39,5.043364907530445,3.2277535408194855,2.54075026347364e-08,0,0,0,0,0,1,-90,90
6,7,0.6175865355912661,0.3952553827784103,3.1112822129494293e-09,0,0,0,0,0,1,-90,90
39,36,1.46282378031054,0.9362072193987456,7.3694249243991954e-09,0,0,0,0,0,1,-90,90
7,8,0.7825133629818097,0.5008085523083583,3.9421518561924025e-09,0,0,0,0,0,1,-90,90
36,37,0.4319313475262618,0.27643606241680757,2.175987074405936e-09,0,0,0,0,0,1,-90,90
36,38,1.8222437560753928,1.1662360038882513,3.0600378836020868e-09,0,0,0,0,0,1,-90,90
36,35,14.44587596238677,9.245360615927535,2.4258515118704766e-08,0,0,0,0,0,1,-90,90
8,13,5.882408389011101,3.7647413689671048,9.878147452655039e-09,0,0,0,0,0,1,-90,90
8,12,1.0830827812667205,0.6931729800107013,5.456362790164754e-09,0,0,0,0,0,1,-90,90
12,11,0.42779003686693273,0.273785623594837,1.4367492984140452e-09,0,0,0,0,0,1,-90,90
11,10,1.283130101028809,0.8212032646584378,2.1547209069300154e-09,0,0,0,0,0,1,-90,90
9,10,0.015340424156674961,0.009817871460271974,2.5760702383225945e-11,0,0,0,0,0,1,-90,90
14,15,12.472984263940056,7.9827099289216354,2.094549877971985e-08,0,0,0,0,0,1,-90,90
15,17,15.958359374999997,10.213349999999998,2.6798381986397712e-08,0,0,0,0,0,1,-90,90
17,26,13.645588445078197,8.733176604850046,2.2914616909382662e-08,0,0,0,0,0,1,-90,90
26,27,2.112054745067355,1.3517150368431072,3.54670856223269e-09,0,0,0,0,0,1,-90,90
27,28,1.4223094272507664,0.9102780334404904,2.3884404680114924e-09,0,0,0,0,0,1,-90,90
28,35,3.886792105307722,2.487546947396942,6.52697041670371e-09,0,0,0,0,0,1,-90,90
37,40,4.954690371326491,3.1710018376489546,2.4960777372229227e-08,0,0,0,0,0,1,-90,90
38,42,3.0835173315770485,1.9734510922093111,5.178055799566146e-09,0,0,0,0,0,1,-90,90
40,41,5.387926457241676,3.4482729326346724,1.8095558311836923e-08,0,0,0,0,0,1,-90,90
42,43,10.92424149773967,6.991514558553389,1.8344742694960467e-08,0,0,0,0,0,1,-90,90
