BUS_I,BUS_TYPE,Pd,Qd,Gs,Bs,area,Vm,Va,baseKV,zone,Vmax,Vmin
1,3,0.0728241567796554,0.018251454112602452,0,0,1,1,0,0.4,1,1.1,0.9
2,1,0.0,0.0,0,0,1,1,0,0.4,1,1.1,0.9
3,1,0.0,0.0,0,0,1,1,0,0.4,1,1.1,0.9
5,1,0.08757997301962696,0.021949610258957895,0,0,1,1,0,0.4,1,1.1,0.9
6,1,0.032385334306312984,0.008116529859746882,0,0,1,1,0,0.4,1,1.1,0.9
7,1,0.043667647667871144,0.010944144125512154,0,0,1,1,0,0.4,1,1.1,0.9
17,1,0.03438719018023041,0.008618242234301349,0,0,1,1,0,0.4,1,1.1,0.9
18,1,0.0,0.0,0,0,1,1,0,0.4,1,1.1,0.9
8,1,0.035484422697774395,0.008893234624606701,0,0,1,1,0,0.4,1,1.1,0.9
9,1,0.01351284299730314,0.0033866376873034998,0,0,1,1,0,0.4,1,1.1,0.9
10,1,0.01395221458219708,0.003496754586347547,0,0,1,1,0,0.4,1,1.1,0.9
11,1,0.0,0.0,0,0,1,1,0,0.4,1,1.1,0.9
12,1,0.011725492948250404,0.0029386855400215534,0,0,1,1,0,0.4,1,1.1,0.9
20,1,0.0,0.0,0,0,1,1,0,0.4,1,1.1,0.9
19,1,0.06003416234443328,0.015045979351786393,0,0,1,1,0,0.4,1,1.1,0.9
13,1,0.051599761428913773,0.01293211922508868,0,0,1,1,0,0.4,1,1.1,0.9
14,1,0.012160092762782598,0.0030476065206829573,0,0,1,1,0,0.4,1,1.1,0.9
16,1,0.03284369523309132,0.008231405936478085,0,0,1,1,0,0.4,1,1.1,0.9
