BUS_I,BUS_TYPE,Pd,Qd,Gs,Bs,area,Vm,Va,baseKV,zone,Vmax,Vmin
68,1,0.0021038397732620943,0.0005272719490339255,0,0,1,1,0,0.4,1,1.1,0.9
69,1,0.002133254095542775,0.0005346438730918107,0,0,1,1,0,0.4,1,1.1,0.9
70,1,0.0022497296788386444,0.0005638354059261058,0,0,1,1,0,0.4,1,1.1,0.9
71,1,0.0029797780562690122,0.0007468027762310735,0,0,1,1,0,0.4,1,1.1,0.9
72,1,0.0018151732399834164,0.0004549252962340721,0,0,1,1,0,0.4,1,1.1,0.9
73,3,0.0,0.0,0,0,1,1,0,0.4,1,1.1,0.9
74,1,0.003946116406082353,0.000988989995813043,0,0,1,1,0,0.4,1,1.1,0.9
75,1,0.0031451702225564065,0.0007882539603856918,0,0,1,1,0,0.4,1,1.1,0.9
76,1,0.0014373083252335224,0.0003602234217834393,0,0,1,1,0,0.4,1,1.1,0.9
77,1,0.006047203740462481,0.0015155721186385586,0,0,1,1,0,0.4,1,1.1,0.9
78,1,0.0011076181182976576,0.00027759526720732777,0,0,1,1,0,0.4,1,1.1,0.9
79,1,0.004495243026796217,0.0011266140997253239,0,0,1,1,0,0.4,1,1.1,0.9
80,1,0.003974347099727371,0.0009960652745723698,0,0,1,1,0,0.4,1,1.1,0.9
