BUS_I,BUS_TYPE,Pd,Qd,Gs,Bs,area,Vm,Va,baseKV,zone,Vmax,Vmin
1,1,0.010011677893137167,0.0025091629994375346,0,0,1,1,0,0.4,1,1.1,0.9
2,1,0.007992939427147275,0.0020032194484693867,0,0,1,1,0,0.4,1,1.1,0.9
3,1,0.0,0.0,0,0,1,1,0,0.4,1,1.1,0.9
4,1,0.009342051592193248,0.0023413388289325633,0,0,1,1,0,0.4,1,1.1,0.9
5,1,0.004667043939626446,0.0011696714671660703,0,0,1,1,0,0.4,1,1.1,0.9
6,1,0.01103948330785908,0.00276675531760526,0,0,1,1,0,0.4,1,1.1,0.9
7,1,0.005166797528919225,0.0012949215229982813,0,0,1,1,0,0.4,1,1.1,0.9
8,1,0.006175638275789699,0.0015477608473744196,0,0,1,1,0,0.4,1,1.1,0.9
14,1,0.00769574217537146,0.0019287347960814413,0,0,1,1,0,0.4,1,1.1,0.9
9,1,0.006821579355481194,0.0017096489418854948,0,0,1,1,0,0.4,1,1.1,0.9
15,1,0.0,0.0,0,0,1,1,0,0.4,1,1.1,0.9
10,1,0.007374755951526262,0.0018482880652938242,0,0,1,1,0,0.4,1,1.1,0.9
11,3,0.004529502280562163,0.0011352002780717907,0,0,1,1,0,0.4,1,1.1,0.9
12,1,0.004663655509379964,0.0011688222464968279,0,0,1,1,0,0.4,1,1.1,0.9
13,1,0.0059676820271987695,0.0014956420986456098,0,0,1,1,0,0.4,1,1.1,0.9
16,1,0.0072949647403512535,0.0018282905027575905,0,0,1,1,0,0.4,1,1.1,0.9
17,1,0.006830623597203107,0.0017119156425253695,0,0,1,1,0,0.4,1,1.1,0.9
19,1,0.005359353724395639,0.001343180654600295,0,0,1,1,0,0.4,1,1.1,0.9
20,1,0.004647195612200676,0.0011646970074092695,0,0,1,1,0,0.4,1,1.1,0.9
21,1,0.003946402245658346,0.0009890616339635618,0,0,1,1,0,0.4,1,1.1,0.9
22,1,0.007156171936323232,0.0017935057471779071,0,0,1,1,0,0.4,1,1.1,0.9
18,1,0.020912390864898524,0.005241139192457234,0,0,1,1,0,0.4,1,1.1,0.9
23,1,0.0,0.0,0,0,1,1,0,0.4,1,1.1,0.9
26,1,0.006545498861020551,0.0016404566477504707,0,0,1,1,0,0.4,1,1.1,0.9
24,1,0.00376889936721317,0.0009445752192344587,0,0,1,1,0,0.4,1,1.1,0.9
25,1,0.004789624449457647,0.0012003930388150617,0,0,1,1,0,0.4,1,1.1,0.9
27,1,0.0068512033181303165,0.0017170734067723295,0,0,1,1,0,0.4,1,1.1,0.9
