BUS_I,BUS_TYPE,Pd,Qd,Gs,Bs,area,Vm,Va,baseKV,zone,Vmax,Vmin
1,1,0.008492825652040688,0.002128502745916547,0,0,1,1,0,0.4,1,1.1,0.9
2,1,0.008818420820378455,0.0022101045870773356,0,0,1,1,0,0.4,1,1.1,0.9
3,1,0.007506751392808426,0.0018813692411860958,0,0,1,1,0,0.4,1,1.1,0.9
4,1,0.0,0.0,0,0,1,1,0,0.4,1,1.1,0.9
7,1,0.0,0.0,0,0,1,1,0,0.4,1,1.1,0.9
10,1,0.0,0.0,0,0,1,1,0,0.4,1,1.1,0.9
12,1,0.01166561426645467,0.0029236785277683987,0,0,1,1,0,0.4,1,1.1,0.9
9,1,0.0,0.0,0,0,1,1,0,0.4,1,1.1,0.9
5,1,0.004274618163154269,0.001071320296776889,0,0,1,1,0,0.4,1,1.1,0.9
6,1,0.009576729462031055,0.0024001546472268657,0,0,1,1,0,0.4,1,1.1,0.9
18,3,0.036110513524265864,0.009050147776716453,0,0,1,1,0,0.4,1,1.1,0.9
19,1,0.0,0.0,0,0,1,1,0,0.4,1,1.1,0.9
15,1,0.010258341595687066,0.0025709827505670363,0,0,1,1,0,0.4,1,1.1,0.9
16,1,0.012213541606026716,0.0030610020634942985,0,0,1,1,0,0.4,1,1.1,0.9
17,1,0.0,0.0,0,0,1,1,0,0.4,1,1.1,0.9
20,1,0.05422672923582405,0.013590499417916416,0,0,1,1,0,0.4,1,1.1,0.9
