F_BUS,T_BUS,BR_R,BR_X,BR_B,RATE_A,RATE_B,RATE_C,TAP,SHIFT,BR_STATUS,ANGMIN,ANGMAX
1,2,4.8193994199325365,1.8536151615125145,4.863623312036761e-09,0,0,0,0,0,1,-90,90
2,4,1.905454937768825,0.7328672837572404,1.9229398204761665e-09,0,0,0,0,0,1,-90,90
4,6,2.2533872665726697,0.8666874102202576,2.2740648545172972e-09,0,0,0,0,0,1,-90,90
6,7,4.204473396342872,1.6171051524395663,4.243054589066996e-09,0,0,0,0,0,1,-90,90
7,15,1.3360805153018966,0.5138771212699603,1.3483406903575045e-09,0,0,0,0,0,1,-90,90
13,10,2.10252748169325,0.8086644160358654,2.1218207463502536e-09,0,0,0,0,0,1,-90,90
10,14,3.316991307784432,1.2757658876093971,3.347428765426854e-09,0,0,0,0,0,1,-90,90
10,8,0.5115107665320021,0.19673491020461623,5.162045042736183e-10,0,0,0,0,0,1,-90,90
15,16,6.005282611128098,2.309724081203115,6.06038843388923e-09,0,0,0,0,0,1,-90,90
16,11,3.400355949426621,1.3078292113179313,3.4315583797546523e-09,0,0,0,0,0,1,-90,90
8,9,5.286618057634699,2.033314637551807,5.335129252952964e-09,0,0,0,0,0,1,-90,90
9,11,2.684191044714682,1.0323811710441086,2.7088217849387925e-09,0,0,0,0,0,1,-90,90
9,12,1.4046147492259538,0.5402364420099823,1.4175038098132252e-09,0,0,0,0,0,1,-90,90
12,20,7.310388375331624,2.8116878366660094,7.377470141871565e-09,0,0,0,0,0,1,-90,90
14,18,1.0087607445459426,0.3879849017484394,1.0180173598290145e-09,0,0,0,0,0,1,-90,90
20,21,1.1162933614589903,0.4293436005611501,1.1265367201998425e-09,0,0,0,0,0,1,-90,90
18,19,2.2263701667048474,0.8562962179634028,2.246799839669741e-09,0,0,0,0,0,1,-90,90
21,22,1.1595459520449776,0.44597921232499144,1.1701862062768722e-09,0,0,0,0,0,1,-90,90
22,23,2.186852489092976,0.8410971111896062,2.206919538967596e-09,0,0,0,0,0,1,-90,90
