BUS_I,BUS_TYPE,Pd,Qd,Gs,Bs,area,Vm,Va,baseKV,zone,Vmax,Vmin
1,1,0.02320404109349788,0.00581548087849926,0,0,1,1,0,0.4,1,1.1,0.9
2,1,0.0,0.0,0,0,1,1,0,0.4,1,1.1,0.9
3,3,0.0,0.0,0,0,1,1,0,0.4,1,1.1,0.9
4,1,0.0,0.0,0,0,1,1,0,0.4,1,1.1,0.9
5,1,0.0,0.0,0,0,1,1,0,0.4,1,1.1,0.9
6,1,0.0,0.0,0,0,1,1,0,0.4,1,1.1,0.9
9,1,0.0,0.0,0,0,1,1,0,0.4,1,1.1,0.9
10,1,0.06379938253154087,0.01598963248156814,0,0,1,1,0,0.4,1,1.1,0.9
8,1,0.0,0.0,0,0,1,1,0,0.4,1,1.1,0.9
11,1,0.04240438229000745,0.010627539977991702,0,0,1,1,0,0.4,1,1.1,0.9
21,1,0.010981863422614733,0.002752314413130491,0,0,1,1,0,0.4,1,1.1,0.9
7,1,0.022767786541207573,0.005706145181463563,0,0,1,1,0,0.4,1,1.1,0.9
20,1,0.0,0.0,0,0,1,1,0,0.4,1,1.1,0.9
12,1,0.001817463443531678,0.0004554992753478446,0,0,1,1,0,0.4,1,1.1,0.9
13,1,0.0,0.0,0,0,1,1,0,0.4,1,1.1,0.9
14,1,0.0,0.0,0,0,1,1,0,0.4,1,1.1,0.9
15,1,0.0018814212072009598,0.0004715286018841826,0,0,1,1,0,0.4,1,1.1,0.9
16,1,0.0,0.0,0,0,1,1,0,0.4,1,1.1,0.9
22,1,0.0,0.0,0,0,1,1,0,0.4,1,1.1,0.9
25,1,0.0,0.0,0,0,1,1,0,0.4,1,1.1,0.9
24,1,0.002527282844542411,0.0006333967862655626,0,0,1,1,0,0.4,1,1.1,0.9
26,1,0.0030034887999190814,0.0007527452487407698,0,0,1,1,0,0.4,1,1.1,0.9
17,1,0.007216801559738513,0.0018087009631414307,0,0,1,1,0,0.4,1,1.1,0.9
18,1,0.0057116904642253875,0.0014314845653293118,0,0,1,1,0,0.4,1,1.1,0.9
19,1,0.0015452269708363868,0.00038727038387974667,0,0,1,1,0,0.4,1,1.1,0.9
