F_BUS,T_BUS,BR_R,BR_X,BR_B,RATE_A,RATE_B,RATE_C,TAP,SHIFT,BR_STATUS,ANGMIN,ANGMAX
1,2,2.458027623480364,0.9453952398001401,2.4805830373272455e-09,0,0,0,0,0,1,-90,90
2,4,2.2369108148782386,0.8603503134147072,2.257437211199491e-09,0,0,0,0,0,1,-90,90
4,5,10.16663750042023,3.91024519246932,1.0259928850795094e-08,0,0,0,0,0,1,-90,90
5,7,1.210063037361266,0.4654088605235639,1.2211668477203424e-09,0,0,0,0,0,1,-90,90
7,8,4.432533313131461,1.7048205050505618,4.473207234902204e-09,0,0,0,0,0,1,-90,90
