BUS_I,BUS_TYPE,Pd,Qd,Gs,Bs,area,Vm,Va,baseKV,zone,Vmax,Vmin
1,1,0.003748169729156278,0.0009393798822131048,0,0,1,1,0,0.4,1,1.1,0.9
2,1,0.0,0.0,0,0,1,1,0,0.4,1,1.1,0.9
3,1,0.0,0.0,0,0,1,1,0,0.4,1,1.1,0.9
4,1,0.0037258098640060096,0.0009337759717690898,0,0,1,1,0,0.4,1,1.1,0.9
12,1,0.0020664371094522766,0.0005178979578694347,0,0,1,1,0,0.4,1,1.1,0.9
13,1,0.03349562187259819,0.008394794153683873,0,0,1,1,0,0.4,1,1.1,0.9
14,1,0.01326656272729829,0.0033249140334281335,0,0,1,1,0,0.4,1,1.1,0.9
5,1,0.0,0.0,0,0,1,1,0,0.4,1,1.1,0.9
7,1,0.0,0.0,0,0,1,1,0,0.4,1,1.1,0.9
8,1,0.0,0.0,0,0,1,1,0,0.4,1,1.1,0.9
27,1,0.005603699720609765,0.0014044195337677382,0,0,1,1,0,0.4,1,1.1,0.9
22,1,0.04956327104429209,0.012421726623933805,0,0,1,1,0,0.4,1,1.1,0.9
10,1,0.0,0.0,0,0,1,1,0,0.4,1,1.1,0.9
25,1,0.0,0.0,0,0,1,1,0,0.4,1,1.1,0.9
29,1,0.010140923877034089,0.002541555096354911,0,0,1,1,0,0.4,1,1.1,0.9
15,1,0.005808859044460465,0.0014558373070811077,0,0,1,1,0,0.4,1,1.1,0.9
24,3,0.01539321261457791,0.003857902735909047,0,0,1,1,0,0.4,1,1.1,0.9
16,1,0.0,0.0,0,0,1,1,0,0.4,1,1.1,0.9
17,1,0.0659805603041413,0.016536287160296488,0,0,1,1,0,0.4,1,1.1,0.9
28,1,0.05647430426900622,0.014153794818738899,0,0,1,1,0,0.4,1,1.1,0.9
20,1,0.0,0.0,0,0,1,1,0,0.4,1,1.1,0.9
23,1,0.003456743294155641,0.0008663415328408347,0,0,1,1,0,0.4,1,1.1,0.9
18,1,0.012328770763273041,0.003089881212514568,0,0,1,1,0,0.4,1,1.1,0.9
19,1,0.005047954351880175,0.0012651366152390735,0,0,1,1,0,0.4,1,1.1,0.9
