BUS_I,BUS_TYPE,Pd,Qd,Gs,Bs,area,Vm,Va,baseKV,zone,Vmax,Vmin
1,1,0.083904055326235,0.02102833844381496,0,0,1,1,0,0.4,1,1.1,0.9
2,1,0.0,0.0,0,0,1,1,0,0.4,1,1.1,0.9
3,1,0.0,0.0,0,0,1,1,0,0.4,1,1.1,0.9
4,1,0.0,0.0,0,0,1,1,0,0.4,1,1.1,0.9
5,1,0.022751329486809406,0.0057020206548441124,0,0,1,1,0,0.4,1,1.1,0.9
6,1,0.01883485595113198,0.004720459862648192,0,0,1,1,0,0.4,1,1.1,0.9
7,1,0.004510021789840236,0.001130318006882877,0,0,1,1,0,0.4,1,1.1,0.9
8,1,0.0,0.0,0,0,1,1,0,0.4,1,1.1,0.9
37,3,0.0040381361115103915,0.0010120523078993564,0,0,1,1,0,0.4,1,1.1,0.9
32,1,0.09732859570781283,0.02439284540952549,0,0,1,1,0,0.4,1,1.1,0.9
9,1,0.0,0.0,0,0,1,1,0,0.4,1,1.1,0.9
26,1,0.0029545112211281682,0.0007404703104321336,0,0,1,1,0,0.4,1,1.1,0.9
19,1,0.0035067701288561603,0.0008788794394684107,0,0,1,1,0,0.4,1,1.1,0.9
10,1,0.0,0.0,0,0,1,1,0,0.4,1,1.1,0.9
40,1,0.0029446900720616447,0.0007380088984577658,0,0,1,1,0,0.4,1,1.1,0.9
11,1,0.0,0.0,0,0,1,1,0,0.4,1,1.1,0.9
38,1,0.0016801611184896644,0.00042108806901365717,0,0,1,1,0,0.4,1,1.1,0.9
12,1,0.0,0.0,0,0,1,1,0,0.4,1,1.1,0.9
13,1,0.0,0.0,0,0,1,1,0,0.4,1,1.1,0.9
41,1,0.010381360914410232,0.0026018142980909304,0,0,1,1,0,0.4,1,1.1,0.9
15,1,0.0,0.0,0,0,1,1,0,0.4,1,1.1,0.9
16,1,0.0,0.0,0,0,1,1,0,0.4,1,1.1,0.9
18,1,0.012731780026971591,0.0031908848548307216,0,0,1,1,0,0.4,1,1.1,0.9
20,1,0.003842259891316078,0.0009629610996695995,0,0,1,1,0,0.4,1,1.1,0.9
30,1,0.0,0.0,0,0,1,1,0,0.4,1,1.1,0.9
27,1,0.0031252974101352833,0.0007832733641106133,0,0,1,1,0,0.4,1,1.1,0.9
39,1,0.018441564281382654,0.004621891678947589,0,0,1,1,0,0.4,1,1.1,0.9
35,1,0.005791866322983971,0.0014515785296370398,0,0,1,1,0,0.4,1,1.1,0.9
21,1,0.0053649325198162935,0.0013445788325281462,0,0,1,1,0,0.4,1,1.1,0.9
22,1,0.005359569464313139,0.0013432347241203366,0,0,1,1,0,0.4,1,1.1,0.9
23,1,0.01416745219419139,0.003550698216762746,0,0,1,1,0,0.4,1,1.1,0.9
25,1,0.0,0.0,0,0,1,1,0,0.4,1,1.1,0.9
31,1,0.0035145806095671977,0.0008808369304521538,0,0,1,1,0,0.4,1,1.1,0.9
28,1,0.005488883501428695,0.0013756438767820163,0,0,1,1,0,0.4,1,1.1,0.9
33,1,0.0027359303409392887,0.0006856887780248254,0,0,1,1,0,0.4,1,1.1,0.9
29,1,0.005788425384089935,0.0014507161490602376,0,0,1,1,0,0.4,1,1.1,0.9
36,1,0.016739881245183823,0.004195409708914623,0,0,1,1,0,0.4,1,1.1,0.9
34,1,0.01844603666372699,0.004623012563620221,0,0,1,1,0,0.4,1,1.1,0.9
