BUS_I,BUS_TYPE,Pd,Qd,Gs,Bs,area,Vm,Va,baseKV,zone,Vmax,Vmin
180,1,0.0005696749221006758,0.00014277399368015122,0,0,1,1,0,0.4,1,1.1,0.9
110,1,0.004077829182817713,0.001022000329292118,0,0,1,1,0,0.4,1,1.1,0.9
181,1,0.010420466056831217,0.0026116149706153363,0,0,1,1,0,0.4,1,1.1,0.9
94,1,0.0,0.0,0,0,1,1,0,0.4,1,1.1,0.9
95,1,0.0,0.0,0,0,1,1,0,0.4,1,1.1,0.9
182,1,0.055255238091105545,0.013848268034906701,0,0,1,1,0,0.4,1,1.1,0.9
90,3,0.013803953802194348,0.0034595969323137897,0,0,1,1,0,0.4,1,1.1,0.9
91,1,0.0,0.0,0,0,1,1,0,0.4,1,1.1,0.9
92,1,0.0,0.0,0,0,1,1,0,0.4,1,1.1,0.9
93,1,0.0,0.0,0,0,1,1,0,0.4,1,1.1,0.9
96,1,0.0036082566708976207,0.0009043143644579422,0,0,1,1,0,0.4,1,1.1,0.9
97,1,0.005651648717037419,0.0014164366850365484,0,0,1,1,0,0.4,1,1.1,0.9
98,1,0.010035474059073568,0.002515126880790232,0,0,1,1,0,0.4,1,1.1,0.9
113,1,0.008900779159186672,0.002230745532445182,0,0,1,1,0,0.4,1,1.1,0.9
100,1,0.0016286572519819225,0.0004081799833212697,0,0,1,1,0,0.4,1,1.1,0.9
101,1,0.0028312456329215555,0.0007095770419577301,0,0,1,1,0,0.4,1,1.1,0.9
102,1,0.0005015567205031877,0.00012570196311134852,0,0,1,1,0,0.4,1,1.1,0.9
103,1,0.0005295697662575047,0.000132722694167475,0,0,1,1,0,0.4,1,1.1,0.9
104,1,0.0,0.0,0,0,1,1,0,0.4,1,1.1,0.9
105,1,0.0,0.0,0,0,1,1,0,0.4,1,1.1,0.9
106,1,0.0,0.0,0,0,1,1,0,0.4,1,1.1,0.9
107,1,0.0,0.0,0,0,1,1,0,0.4,1,1.1,0.9
108,1,0.0032122861883630634,0.0008050748069881396,0,0,1,1,0,0.4,1,1.1,0.9
119,1,0.0,0.0,0,0,1,1,0,0.4,1,1.1,0.9
109,1,0.0,0.0,0,0,1,1,0,0.4,1,1.1,0.9
115,1,0.007454098417700196,0.001868173161731478,0,0,1,1,0,0.4,1,1.1,0.9
112,1,0.00030780304023212134,7.714271352999074e-05,0,0,1,1,0,0.4,1,1.1,0.9
111,1,0.0006644010259568831,0.00016651459314947698,0,0,1,1,0,0.4,1,1.1,0.9
114,1,0.0011654586268000167,0.00029209146508263665,0,0,1,1,0,0.4,1,1.1,0.9
117,1,0.00021677284579376148,5.4328396274248034e-05,0,0,1,1,0,0.4,1,1.1,0.9
118,1,0.0007294838987590397,0.00018282589861448923,0,0,1,1,0,0.4,1,1.1,0.9
