BUS_I,BUS_TYPE,Pd,Qd,Gs,Bs,area,Vm,Va,baseKV,zone,Vmax,Vmin
1,1,0.011657511643858623,0.002921647819126609,0,0,1,1,0,0.4,1,1.1,0.9
2,1,0.034602416444381515,0.008672183020678955,0,0,1,1,0,0.4,1,1.1,0.9
3,1,0.0,0.0,0,0,1,1,0,0.4,1,1.1,0.9
4,1,0.0,0.0,0,0,1,1,0,0.4,1,1.1,0.9
8,1,0.0,0.0,0,0,1,1,0,0.4,1,1.1,0.9
30,1,0.029199555813000263,0.007318098507365516,0,0,1,1,0,0.4,1,1.1,0.9
6,1,0.0,0.0,0,0,1,1,0,0.4,1,1.1,0.9
7,1,0.0,0.0,0,0,1,1,0,0.4,1,1.1,0.9
13,1,0.0525027239966767,0.013158422976476939,0,0,1,1,0,0.4,1,1.1,0.9
17,1,0.062274258329535884,0.015607400326472459,0,0,1,1,0,0.4,1,1.1,0.9
10,1,0.0,0.0,0,0,1,1,0,0.4,1,1.1,0.9
19,1,0.013172236603327305,0.0033012736783673106,0,0,1,1,0,0.4,1,1.1,0.9
9,1,0.0,0.0,0,0,1,1,0,0.4,1,1.1,0.9
18,1,0.03268365985826566,0.00819129729081451,0,0,1,1,0,0.4,1,1.1,0.9
16,1,0.07736692892671299,0.019389980132710014,0,0,1,1,0,0.4,1,1.1,0.9
25,1,0.0,0.0,0,0,1,1,0,0.4,1,1.1,0.9
22,1,0.01958144050312644,0.004907571588955354,0,0,1,1,0,0.4,1,1.1,0.9
14,1,0.0,0.0,0,0,1,1,0,0.4,1,1.1,0.9
15,1,0.0,0.0,0,0,1,1,0,0.4,1,1.1,0.9
24,3,0.05027492333573377,0.01260008350049437,0,0,1,1,0,0.4,1,1.1,0.9
21,1,0.016089723063573803,0.004032464709036459,0,0,1,1,0,0.4,1,1.1,0.9
31,1,0.0020529024787022203,0.0005145058596565697,0,0,1,1,0,0.4,1,1.1,0.9
12,1,0.037406392043663896,0.009374925547969794,0,0,1,1,0,0.4,1,1.1,0.9
20,1,0.0175636157097476,0.00440185702592846,0,0,1,1,0,0.4,1,1.1,0.9
32,1,0.03783494127902662,0.009482330110550307,0,0,1,1,0,0.4,1,1.1,0.9
23,1,0.024889661934088664,0.0062379372828538626,0,0,1,1,0,0.4,1,1.1,0.9
27,1,0.04450173866093734,0.011153187033234986,0,0,1,1,0,0.4,1,1.1,0.9
26,1,0.026564038166396794,0.006657575522726231,0,0,1,1,0,0.4,1,1.1,0.9
