F_BUS,T_BUS,BR_R,BR_X,BR_B,RATE_A,RATE_B,RATE_C,TAP,SHIFT,BR_STATUS,ANGMIN,ANGMAX
1,2,1.5843833488553503,0.6093782110982117,1.598922006510849e-09,0,0,0,0,0,1,-90,90
2,4,2.5019157416914424,0.9622752852659394,2.524873882773671e-09,0,0,0,0,0,1,-90,90
4,18,1.1395146259370734,0.4382748561296436,1.1499710682191144e-09,0,0,0,0,0,1,-90,90
18,17,1.4958180085456014,0.5753146186713851,1.5095439707358035e-09,0,0,0,0,0,1,-90,90
17,9,4.034419999999999,1.5516999999999996,4.071440744544476e-09,0,0,0,0,0,1,-90,90
5,6,5.0589330993600115,1.9457434997538507,5.105355006335241e-09,0,0,0,0,0,1,-90,90
5,7,5.485861334451445,2.1099466670967097,5.536200830852204e-09,0,0,0,0,0,1,-90,90
6,19,5.8507630290478225,2.250293472710701,5.9044509453997766e-09,0,0,0,0,0,1,-90,90
7,9,4.882149999999999,1.8777499999999996,4.926949705528382e-09,0,0,0,0,0,1,-90,90
19,14,6.640716193967587,2.5541216130644564,6.701652898081003e-09,0,0,0,0,0,1,-90,90
8,14,1.4831547101668245,0.5704441192949326,2.9935289421707535e-09,0,0,0,0,0,1,-90,90
14,12,1.8682328622584812,0.7185511008686467,1.885376186836306e-09,0,0,0,0,0,1,-90,90
10,11,0.11981634526767372,0.04608320971833605,1.2091580697726455e-10,0,0,0,0,0,1,-90,90
10,12,2.8437725799450533,1.0937586845942513,2.8698676761979803e-09,0,0,0,0,0,1,-90,90
11,13,13.947267523118086,5.364333662737725,1.4075250784173414e-08,0,0,0,0,0,1,-90,90
13,16,11.544317534129306,4.4401221285112715,1.1650250786089025e-08,0,0,0,0,0,1,-90,90
15,16,10.172697968094225,3.9125761415747013,1.0266044930682387e-08,0,0,0,0,0,1,-90,90
