F_BUS,T_BUS,BR_R,BR_X,BR_B,RATE_A,RATE_B,RATE_C,TAP,SHIFT,BR_STATUS,ANGMIN,ANGMAX
1,2,1.1396659890983711,0.4383330727301428,1.150123820322795e-09,0,0,0,0,0,1,-90,90
1,3,2.5022579004143237,0.96240688477474,5.050438362443769e-09,0,0,0,0,0,1,-90,90
2,4,4.286771824554923,1.648758394059586,4.32610820615062e-09,0,0,0,0,0,1,-90,90
3,5,0.55068,0.21179999999999996,5.557331634301219e-10,0,0,0,0,0,1,-90,90
3,6,2.307177413951346,0.8873759284428253,2.3283485923761705e-09,0,0,0,0,0,1,-90,90
4,12,1.749450327974239,0.6728655107593228,1.7655036773243778e-09,0,0,0,0,0,1,-90,90
4,10,0.4329928865829557,0.16653572560882912,4.3696612661343434e-10,0,0,0,0,0,1,-90,90
5,24,1.5173557713193029,0.5835983735843473,1.531279368860734e-09,0,0,0,0,0,1,-90,90
5,23,8.042341838175341,3.093208399298208,8.116140174176662e-09,0,0,0,0,0,1,-90,90
12,13,2.7765886067912695,1.0679186949197192,2.8020672078087955e-09,0,0,0,0,0,1,-90,90
10,8,1.625422294404101,0.6251624209246543,1.6403375346463249e-09,0,0,0,0,0,1,-90,90
24,25,2.156651707612404,0.8294814260047707,2.1764416283293665e-09,0,0,0,0,0,1,-90,90
13,14,1.3584890614548066,0.5224957928672334,1.3709548623656156e-09,0,0,0,0,0,1,-90,90
13,15,1.2957897472871223,0.4983806720335086,1.307680205201189e-09,0,0,0,0,0,1,-90,90
8,7,0.5077696212462746,0.1952960081716441,5.124290293980298e-10,0,0,0,0,0,1,-90,90
25,26,1.147996713071806,0.44153719733531,1.1585309888915101e-09,0,0,0,0,0,1,-90,90
7,9,3.278541858417982,1.2609776378530702,3.3086264952725653e-09,0,0,0,0,0,1,-90,90
19,29,3.305388650070196,1.2713033269500758,3.3357196391180557e-09,0,0,0,0,0,1,-90,90
19,27,2.4272873936615404,0.933572074485208,2.449560728251587e-09,0,0,0,0,0,1,-90,90
29,22,3.499983202275712,1.3461473854906587,3.5320998346643603e-09,0,0,0,0,0,1,-90,90
27,28,0.7711754782060918,0.29660595315618915,7.782519576945022e-10,0,0,0,0,0,1,-90,90
22,30,1.9782099999999996,0.7608499999999999,1.9963624995080657e-09,0,0,0,0,0,1,-90,90
14,28,2.0976220673579284,0.8067777182145878,2.1168703188306348e-09,0,0,0,0,0,1,-90,90
15,17,3.497877152352886,1.3453373662895718,3.5299744591541664e-09,0,0,0,0,0,1,-90,90
17,34,2.5371104801894617,0.9758117231497931,2.560391576101194e-09,0,0,0,0,0,1,-90,90
34,32,0.03812952982743401,0.014665203779782313,3.847941496168936e-11,0,0,0,0,0,1,-90,90
32,31,2.1886138007781297,0.8417745387608192,2.208697012844579e-09,0,0,0,0,0,1,-90,90
33,31,0.5852049895858393,0.22507884214839977,5.905749620789389e-10,0,0,0,0,0,1,-90,90
