F_BUS,T_BUS,BR_R,BR_X,BR_B,RATE_A,RATE_B,RATE_C,TAP,SHIFT,BR_STATUS,ANGMIN,ANGMAX
1,2,3.136056534474609,1.206175590182542,3.164833693977046e-09,0,0,0,0,0,1,-90,90
1,3,2.0852080931258685,0.8020031127407187,2.104342431181323e-09,0,0,0,0,0,1,-90,90
2,4,2.0844448623482057,0.8017095624416177,2.1035721968265306e-09,0,0,0,0,0,1,-90,90
3,6,2.6984099999999995,1.0378499999999997,2.723171216553126e-09,0,0,0,0,0,1,-90,90
4,8,0.8153599999999999,0.31359999999999993,8.228419265896423e-10,0,0,0,0,0,1,-90,90
6,15,2.7746037751594055,1.0671552981382328,2.800064162915841e-09,0,0,0,0,0,1,-90,90
8,9,3.0928726160929925,1.1895663908049972,3.121253510255967e-09,0,0,0,0,0,1,-90,90
8,7,2.0194455285751967,0.7767098186827681,2.0379764145600147e-09,0,0,0,0,0,1,-90,90
9,10,0.12553599309643468,0.048283074267859494,2.533758791596702e-10,0,0,0,0,0,1,-90,90
14,13,1.5297772897777728,0.5883758806837589,1.5438148699639718e-09,0,0,0,0,0,1,-90,90
13,11,3.501476073005325,1.3467215665405097,3.53360640431127e-09,0,0,0,0,0,1,-90,90
10,11,0.9298794393429967,0.35764593820884494,9.384122220431318e-10,0,0,0,0,0,1,-90,90
11,12,5.302829999999999,2.0395499999999998,5.351489959744593e-09,0,0,0,0,0,1,-90,90
12,17,5.256289999999999,2.0216499999999997,5.304522898246013e-09,0,0,0,0,0,1,-90,90
