BUS_I,BUS_TYPE,Pd,Qd,Gs,Bs,area,Vm,Va,baseKV,zone,Vmax,Vmin
1,3,0.057461489914124475,0.014401206863028152,0,0,1,1,0,0.4,1,1.1,0.9
3,1,0.0,0.0,0,0,1,1,0,0.4,1,1.1,0.9
7,1,0.014138157293536768,0.00354335622258561,0,0,1,1,0,0.4,1,1.1,0.9
6,1,0.0,0.0,0,0,1,1,0,0.4,1,1.1,0.9
4,1,0.0,0.0,0,0,1,1,0,0.4,1,1.1,0.9
5,1,0.0,0.0,0,0,1,1,0,0.4,1,1.1,0.9
9,1,0.04179784783642305,0.010475528114939127,0,0,1,1,0,0.4,1,1.1,0.9
11,1,0.0023799782418827647,0.0005964787728630545,0,0,1,1,0,0.4,1,1.1,0.9
13,1,0.0,0.0,0,0,1,1,0,0.4,1,1.1,0.9
8,1,0.03837981038699954,0.009618887181188722,0,0,1,1,0,0.4,1,1.1,0.9
10,1,0.007622200429612821,0.00191030349721813,0,0,1,1,0,0.4,1,1.1,0.9
12,1,0.009164750831784575,0.0022969030697583153,0,0,1,1,0,0.4,1,1.1,0.9
