BUS_I,BUS_TYPE,Pd,Qd,Gs,Bs,area,Vm,Va,baseKV,zone,Vmax,Vmin
1,1,0.04626322070950425,0.011594656048480399,0,0,1,1,0,0.4,1,1.1,0.9
4,1,0.025339794524977574,0.006350751144222058,0,0,1,1,0,0.4,1,1.1,0.9
2,1,0.0058010480276224664,0.0014538796817312825,0,0,1,1,0,0.4,1,1.1,0.9
5,1,0.09839488740164466,0.024660083298451624,0,0,1,1,0,0.4,1,1.1,0.9
6,1,0.0,0.0,0,0,1,1,0,0.4,1,1.1,0.9
7,1,0.0,0.0,0,0,1,1,0,0.4,1,1.1,0.9
9,1,0.0,0.0,0,0,1,1,0,0.4,1,1.1,0.9
8,1,0.022580985993316812,0.005659328551119967,0,0,1,1,0,0.4,1,1.1,0.9
11,1,0.002722346580792119,0.0006822843668243935,0,0,1,1,0,0.4,1,1.1,0.9
20,3,0.04322338746540872,0.010832802023415015,0,0,1,1,0,0.4,1,1.1,0.9
12,1,0.002731543234412594,0.0006845892654866804,0,0,1,1,0,0.4,1,1.1,0.9
19,1,0.06237186131197156,0.015631861939678197,0,0,1,1,0,0.4,1,1.1,0.9
13,1,0.0,0.0,0,0,1,1,0,0.4,1,1.1,0.9
14,1,0.0,0.0,0,0,1,1,0,0.4,1,1.1,0.9
15,1,0.0038466539201515507,0.0009640623471018593,0,0,1,1,0,0.4,1,1.1,0.9
23,1,0.0,0.0,0,0,1,1,0,0.4,1,1.1,0.9
25,1,0.03991143871147801,0.010002749423031946,0,0,1,1,0,0.4,1,1.1,0.9
21,1,0.004940416793976008,0.0012381851627230104,0,0,1,1,0,0.4,1,1.1,0.9
16,1,0.0033525541593787665,0.0008402292742648024,0,0,1,1,0,0.4,1,1.1,0.9
17,1,0.0,0.0,0,0,1,1,0,0.4,1,1.1,0.9
18,1,0.06580757285088899,0.016492932417794717,0,0,1,1,0,0.4,1,1.1,0.9
22,1,0.0053500052541646395,0.0013408377071088414,0,0,1,1,0,0.4,1,1.1,0.9
24,1,0.0,0.0,0,0,1,1,0,0.4,1,1.1,0.9
26,1,0.0068978202373872165,0.0017287567080326869,0,0,1,1,0,0.4,1,1.1,0.9
