BUS_I,BUS_TYPE,Pd,Qd,Gs,Bs,area,Vm,Va,baseKV,zone,Vmax,Vmin
1,1,0.001251140820141079,0.0003135654469203283,0,0,1,1,0,0.4,1,1.1,0.9
2,1,0.0,0.0,0,0,1,1,0,0.4,1,1.1,0.9
10,1,0.0035769301930140694,0.0008964632090325378,0,0,1,1,0,0.4,1,1.1,0.9
3,1,0.0009550266387359374,0.00023935223755411125,0,0,1,1,0,0.4,1,1.1,0.9
11,1,0.0,0.0,0,0,1,1,0,0.4,1,1.1,0.9
8,3,0.0,0.0,0,0,1,1,0,0.4,1,1.1,0.9
13,1,0.003313011825813865,0.000830319031311373,0,0,1,1,0,0.4,1,1.1,0.9
6,1,0.0,0.0,0,0,1,1,0,0.4,1,1.1,0.9
12,1,0.003695563109810032,0.0009261954206075654,0,0,1,1,0,0.4,1,1.1,0.9
4,1,0.0013149936532826066,0.00032956847538749524,0,0,1,1,0,0.4,1,1.1,0.9
5,1,0.0010589842522016777,0.00026540647142003207,0,0,1,1,0,0.4,1,1.1,0.9
7,1,0.0026348627544855127,0.0006603588532031225,0,0,1,1,0,0.4,1,1.1,0.9
9,1,0.0026020554713402856,0.0006521365729960753,0,0,1,1,0,0.4,1,1.1,0.9
14,1,0.0,0.0,0,0,1,1,0,0.4,1,1.1,0.9
15,1,0.0,0.0,0,0,1,1,0,0.4,1,1.1,0.9
17,1,0.006012555007297026,0.001506888327553376,0,0,1,1,0,0.4,1,1.1,0.9
16,1,0.002582124920111442,0.00064714150601174,0,0,1,1,0,0.4,1,1.1,0.9
