F_BUS,T_BUS,BR_R,BR_X,BR_B,RATE_A,RATE_B,RATE_C,TAP,SHIFT,BR_STATUS,ANGMIN,ANGMAX
1,2,1.2935054509685067,0.8278434886198442,4.344287825833184e-09,0,0,0,0,0,1,-90,90
1,3,1.4475841262740126,0.926453840815368,2.4308834925793727e-09,0,0,0,0,0,1,-90,90
2,4,1.5196484374999997,0.9725749999999999,5.103797747148732e-09,0,0,0,0,0,1,-90,90
2,5,1.687395253592578,1.07993296229925,2.833590941600684e-09,0,0,0,0,0,1,-90,90
3,6,2.8843749999999995,1.8459999999999996,4.843642208177549e-09,0,0,0,0,0,1,-90,90
4,12,0.6952175335082998,0.44493922144531195,2.334914835391301e-09,0,0,0,0,0,1,-90,90
5,16,3.1694786737348744,2.0284663511903194,5.322408037103649e-09,0,0,0,0,0,1,-90,90
6,9,1.525170970214453,0.97610942093725,2.561172692877254e-09,0,0,0,0,0,1,-90,90
12,13,2.3784022825098923,1.522177460806331,3.993977788460496e-09,0,0,0,0,0,1,-90,90
16,15,3.301919559513785,2.1132285180888224,5.5448119424374415e-09,0,0,0,0,0,1,-90,90
9,7,1.5536677522961144,0.9943473614695133,2.609026462407212e-09,0,0,0,0,0,1,-90,90
7,8,1.5876578924506717,1.0161010511684299,2.666105059161963e-09,0,0,0,0,0,1,-90,90
