F_BUS,T_BUS,BR_R,BR_X,BR_B,RATE_A,RATE_B,RATE_C,TAP,SHIFT,BR_STATUS,ANGMIN,ANGMAX
1,2,1.1308393912396,0.43493822739984617,1.1412162276185376e-09,0,0,0,0,0,1,-90,90
1,3,2.948870384160455,1.1341809169847905,2.975929881482692e-09,0,0,0,0,0,1,-90,90
2,4,1.341195295393612,0.5158443443821584,1.3535024048207466e-09,0,0,0,0,0,1,-90,90
3,5,1.2506771740744453,0.48102968233632526,1.2621536688789079e-09,0,0,0,0,0,1,-90,90
3,6,5.86703,2.25655,5.920867185732962e-09,0,0,0,0,0,1,-90,90
4,19,1.8431194157596473,0.7088920829844798,1.8600322937088455e-09,0,0,0,0,0,1,-90,90
5,7,2.105120249155106,0.8096616342904255,2.1244373056289927e-09,0,0,0,0,0,1,-90,90
6,13,2.2561560875261515,0.8677523413562122,2.2768590827940643e-09,0,0,0,0,0,1,-90,90
7,8,0.3329788687352364,0.12806879566739862,6.720687153251117e-10,0,0,0,0,0,1,-90,90
13,11,2.6037321348540976,1.0014354364823452,2.627624566040409e-09,0,0,0,0,0,1,-90,90
8,9,1.1684255616364145,0.4493944467832364,1.1791472971613672e-09,0,0,0,0,0,1,-90,90
11,10,1.8104330849669914,0.6963204172949967,1.827046025799486e-09,0,0,0,0,0,1,-90,90
9,14,0.7463897974985098,0.28707299903788835,7.532388380108502e-10,0,0,0,0,0,1,-90,90
14,15,2.932090365825763,1.12772706377914,2.9589958859289155e-09,0,0,0,0,0,1,-90,90
15,16,0.7633012010109558,0.29357738500421376,7.703054243622974e-10,0,0,0,0,0,1,-90,90
10,12,5.184854185073115,1.9941746865665828,5.232431572228134e-09,0,0,0,0,0,1,-90,90
16,17,6.538422647766125,2.51477794144851,6.598420683311946e-09,0,0,0,0,0,1,-90,90
17,18,9.684105905376862,3.724656117452639,9.772969437399957e-09,0,0,0,0,0,1,-90,90
18,20,2.447070162608096,0.9411808317723448,2.469525028331627e-09,0,0,0,0,0,1,-90,90
