BUS_I,BUS_TYPE,Pd,Qd,Gs,Bs,area,Vm,Va,baseKV,zone,Vmax,Vmin
1,1,0.021556372000198876,0.00540253607860147,0,0,1,1,0,0.4,1,1.1,0.9
2,1,0.03356367887323458,0.00841185084584599,0,0,1,1,0,0.4,1,1.1,0.9
3,1,0.0,0.0,0,0,1,1,0,0.4,1,1.1,0.9
4,1,0.0,0.0,0,0,1,1,0,0.4,1,1.1,0.9
5,1,0.022713743952547473,0.005692600832024125,0,0,1,1,0,0.4,1,1.1,0.9
6,1,0.011403247824880362,0.0028579232992723227,0,0,1,1,0,0.4,1,1.1,0.9
26,1,0.0,0.0,0,0,1,1,0,0.4,1,1.1,0.9
18,1,0.01761810359106666,0.0044155129762279855,0,0,1,1,0,0.4,1,1.1,0.9
15,1,0.0,0.0,0,0,1,1,0,0.4,1,1.1,0.9
39,1,0.01328167242607677,0.0033287008808988855,0,0,1,1,0,0.4,1,1.1,0.9
29,1,0.008198910512484846,0.0020548406683887064,0,0,1,1,0,0.4,1,1.1,0.9
12,1,0.0,0.0,0,0,1,1,0,0.4,1,1.1,0.9
7,1,0.0,0.0,0,0,1,1,0,0.4,1,1.1,0.9
28,1,0.01002497750056093,0.0025124961952525562,0,0,1,1,0,0.4,1,1.1,0.9
27,1,0.0077183462912318035,0.0019343999215236665,0,0,1,1,0,0.4,1,1.1,0.9
17,3,0.029949820130938894,0.0075061324699503785,0,0,1,1,0,0.4,1,1.1,0.9
8,1,0.021368331773821577,0.005355408755542544,0,0,1,1,0,0.4,1,1.1,0.9
9,1,0.0019301865006457692,0.0004837503364699812,0,0,1,1,0,0.4,1,1.1,0.9
10,1,0.00907361415318317,0.002274062065055694,0,0,1,1,0,0.4,1,1.1,0.9
11,1,0.0,0.0,0,0,1,1,0,0.4,1,1.1,0.9
22,1,0.003897329756313542,0.0009767629088279202,0,0,1,1,0,0.4,1,1.1,0.9
19,1,0.002627825429975001,0.0006585951334285466,0,0,1,1,0,0.4,1,1.1,0.9
30,1,0.024642353396887452,0.00617595592092694,0,0,1,1,0,0.4,1,1.1,0.9
16,1,0.0,0.0,0,0,1,1,0,0.4,1,1.1,0.9
20,1,0.0044216591843639266,0.0011081722504410888,0,0,1,1,0,0.4,1,1.1,0.9
37,1,0.0036117105933450924,0.0009051799990199633,0,0,1,1,0,0.4,1,1.1,0.9
38,1,0.0032126673127021613,0.0008051703257513337,0,0,1,1,0,0.4,1,1.1,0.9
35,1,0.00421639860887796,0.0010567291010759171,0,0,1,1,0,0.4,1,1.1,0.9
13,1,0.00903478882305147,0.0022643315201013674,0,0,1,1,0,0.4,1,1.1,0.9
14,1,0.0037745401933729143,0.0009459889435309617,0,0,1,1,0,0.4,1,1.1,0.9
33,1,0.03531799873310008,0.008851524847400752,0,0,1,1,0,0.4,1,1.1,0.9
23,1,0.0370599086409698,0.009288088621808277,0,0,1,1,0,0.4,1,1.1,0.9
24,1,0.02727016272788831,0.006834547019572238,0,0,1,1,0,0.4,1,1.1,0.9
32,1,0.029598012048847707,0.007417961053339843,0,0,1,1,0,0.4,1,1.1,0.9
31,1,0.02653097300208153,0.006649288611405696,0,0,1,1,0,0.4,1,1.1,0.9
34,1,0.02671537601573715,0.00669550436302977,0,0,1,1,0,0.4,1,1.1,0.9
