F_BUS,T_BUS,BR_R,BR_X,BR_B,RATE_A,RATE_B,RATE_C,TAP,SHIFT,BR_STATUS,ANGMIN,ANGMAX
1,3,1.937847764640395,1.2402225693698528,3.2541681389676212e-09,0,0,0,0,0,1,-90,90
3,10,3.650255241446429,2.336163354525715,6.129761337583102e-09,0,0,0,0,0,1,-90,90
10,7,2.156319160423288,1.3800442626709042,3.62104043327522e-09,0,0,0,0,0,1,-90,90
4,7,1.7146780005656794,1.0973939203620346,2.87940601931906e-09,0,0,0,0,0,1,-90,90
4,11,4.276463678431902,2.7369367541964174,7.181333902350072e-09,0,0,0,0,0,1,-90,90
7,13,0.2265074162498662,0.14496474639991436,3.803669362732285e-10,0,0,0,0,0,1,-90,90
11,8,1.4973100428545154,0.9582784274268898,2.5143866946212844e-09,0,0,0,0,0,1,-90,90
8,9,3.7461122661780895,2.397511850353977,6.290731090455245e-09,0,0,0,0,0,1,-90,90
9,12,3.0271576555051896,1.9373808995233217,5.083412729278521e-09,0,0,0,0,0,1,-90,90
