F_BUS,T_BUS,BR_R,BR_X,BR_B,RATE_A,RATE_B,RATE_C,TAP,SHIFT,BR_STATUS,ANGMIN,ANGMAX
1,2,0.8059847306485913,0.5158302276150984,1.353465364425961e-09,0,0,0,0,0,1,-90,90
2,3,1.1728929585056354,0.7506514934436066,1.969603064612658e-09,0,0,0,0,0,1,-90,90
3,7,2.103555857478187,1.34627574878604,3.5324366417475073e-09,0,0,0,0,0,1,-90,90
7,6,0.015680223935113424,0.01003534331847259,2.6331317698215822e-11,0,0,0,0,0,1,-90,90
6,5,3.7092712928915734,2.373933627450607,6.2288651773195025e-09,0,0,0,0,0,1,-90,90
4,5,2.506714719329476,1.6042974203708646,4.209448916456491e-09,0,0,0,0,0,1,-90,90
