F_BUS,T_BUS,BR_R,BR_X,BR_B,RATE_A,RATE_B,RATE_C,TAP,SHIFT,BR_STATUS,ANGMIN,ANGMAX
1,2,0.2879551648641756,0.18429130551307238,4.835542502617885e-10,0,0,0,0,0,1,-90,90
1,3,1.0617657368809252,0.6795300716037922,1.7829905398407584e-09,0,0,0,0,0,1,-90,90
2,4,4.758864240042817,3.045673113627403,7.991414325827317e-09,0,0,0,0,0,1,-90,90
3,5,1.5102550713118368,0.9665632456395755,2.536124882693897e-09,0,0,0,0,0,1,-90,90
4,6,6.58183618673586,4.212375159510951,1.105267503753298e-08,0,0,0,0,0,1,-90,90
6,19,4.293717053153048,2.7479789140179505,7.21030696376991e-09,0,0,0,0,0,1,-90,90
6,43,1.3684544748052179,0.8758108638753395,2.2980035030590665e-09,0,0,0,0,0,1,-90,90
19,94,1.4944993776776374,0.9564796017136878,2.5096668310516094e-09,0,0,0,0,0,1,-90,90
43,41,1.0224148233599861,0.6543454869503911,1.7169097612802855e-09,0,0,0,0,0,1,-90,90
8,9,1.3330477227623605,0.8531505425679107,2.238546033538196e-09,0,0,0,0,0,1,-90,90
9,11,2.7510156249999995,1.7606499999999996,4.619695912149405e-09,0,0,0,0,0,1,-90,90
11,12,2.7412499999999995,1.7543999999999995,4.603296798497667e-09,0,0,0,0,0,1,-90,90
11,13,1.4897635514939995,0.9534486729561598,2.501714103825205e-09,0,0,0,0,0,1,-90,90
12,15,1.727666056849828,1.1057062763838899,2.901216462697639e-09,0,0,0,0,0,1,-90,90
13,90,0.7129315451869528,0.45627618891964977,1.1972040125880877e-09,0,0,0,0,0,1,-90,90
15,14,1.4956209447081616,0.9571974046132233,2.5115502440642542e-09,0,0,0,0,0,1,-90,90
90,91,1.6001239759619315,1.0240793446156362,2.6870389697199882e-09,0,0,0,0,0,1,-90,90
94,93,0.9452339789609872,0.6049497465350318,1.5873023435229636e-09,0,0,0,0,0,1,-90,90
35,42,4.854534723533012,3.106902223061128,8.152070825731063e-09,0,0,0,0,0,1,-90,90
42,44,1.2408072798978345,0.794116659134614,2.083649495342016e-09,0,0,0,0,0,1,-90,90
42,40,2.256560524515751,1.4441987356900807,3.789372672364642e-09,0,0,0,0,0,1,-90,90
39,40,2.1637056249777467,1.3847715999857577,3.633444295978643e-09,0,0,0,0,0,1,-90,90
39,41,0.5632421595680138,0.36047498212352885,9.458352320723577e-10,0,0,0,0,0,1,-90,90
44,45,0.47524218405121155,0.3041549977927754,7.980595802476904e-10,0,0,0,0,0,1,-90,90
91,92,0.0773410963524812,0.04949830166558797,1.2987652393312405e-10,0,0,0,0,0,1,-90,90
92,93,1.4050599571601754,0.8992383725825123,2.3594739635176304e-09,0,0,0,0,0,1,-90,90
