BUS_I,BUS_TYPE,Pd,Qd,Gs,Bs,area,Vm,Va,baseKV,zone,Vmax,Vmin
129,1,0.0005595249942463697,0.0001402301819743788,0,0,1,1,0,0.4,1,1.1,0.9
124,1,0.0,0.0,0,0,1,1,0,0.4,1,1.1,0.9
130,1,0.0,0.0,0,0,1,1,0,0.4,1,1.1,0.9
139,1,0.0004688211542620058,0.00011749765685472045,0,0,1,1,0,0.4,1,1.1,0.9
131,1,0.07690556724992115,0.019274351997134648,0,0,1,1,0,0.4,1,1.1,0.9
132,1,0.0,0.0,0,0,1,1,0,0.4,1,1.1,0.9
12,1,0.015440261420463659,0.0038696942781616364,0,0,1,1,0,0.4,1,1.1,0.9
133,1,0.0,0.0,0,0,1,1,0,0.4,1,1.1,0.9
29,1,0.0,0.0,0,0,1,1,0,0.4,1,1.1,0.9
134,1,0.00035186210357751575,8.818495567123253e-05,0,0,1,1,0,0.4,1,1.1,0.9
9,1,0.09186752318745865,0.023024171621617195,0,0,1,1,0,0.4,1,1.1,0.9
11,3,0.0,0.0,0,0,1,1,0,0.4,1,1.1,0.9
13,1,0.01806285624673076,0.004526978498731352,0,0,1,1,0,0.4,1,1.1,0.9
138,1,0.001682246375923337,0.0004216106837893942,0,0,1,1,0,0.4,1,1.1,0.9
19,1,0.002870409489320757,0.0007193924295921568,0,0,1,1,0,0.4,1,1.1,0.9
20,1,0.0,0.0,0,0,1,1,0,0.4,1,1.1,0.9
21,1,0.0,0.0,0,0,1,1,0,0.4,1,1.1,0.9
23,1,0.0008391396094720098,0.00021030821026442925,0,0,1,1,0,0.4,1,1.1,0.9
128,1,0.0,0.0,0,0,1,1,0,0.4,1,1.1,0.9
22,1,0.00017586238739021126,4.4075268915188464e-05,0,0,1,1,0,0.4,1,1.1,0.9
24,1,0.0,0.0,0,0,1,1,0,0.4,1,1.1,0.9
25,1,0.0,0.0,0,0,1,1,0,0.4,1,1.1,0.9
28,1,0.00041516197208855125,0.00010404939813856626,0,0,1,1,0,0.4,1,1.1,0.9
26,1,0.00024174506427495054,6.058702417815031e-05,0,0,1,1,0,0.4,1,1.1,0.9
27,1,0.00019207789850693508,4.813925908200575e-05,0,0,1,1,0,0.4,1,1.1,0.9
120,1,0.00028170219272726,7.06012245296252e-05,0,0,1,1,0,0.4,1,1.1,0.9
121,1,0.0007796554866494913,0.0001954000838111628,0,0,1,1,0,0.4,1,1.1,0.9
122,1,0.0,0.0,0,0,1,1,0,0.4,1,1.1,0.9
123,1,0.000174823906974584,4.381500118960387e-05,0,0,1,1,0,0.4,1,1.1,0.9
125,1,0.0006800584628456003,0.00017043871673061295,0,0,1,1,0,0.4,1,1.1,0.9
127,1,0.00034721515910875764,8.702032160630308e-05,0,0,1,1,0,0.4,1,1.1,0.9
126,1,0.00029040678734373974,7.278280158093505e-05,0,0,1,1,0,0.4,1,1.1,0.9
