BUS_I,BUS_TYPE,Pd,Qd,Gs,Bs,area,Vm,Va,baseKV,zone,Vmax,Vmin
1,1,0.002202454037705801,0.0005519870134017587,0,0,1,1,0,0.4,1,1.1,0.9
2,1,0.03580126519995708,0.008972642840852947,0,0,1,1,0,0.4,1,1.1,0.9
3,3,0.0025523187129611424,0.0006396713663475016,0,0,1,1,0,0.4,1,1.1,0.9
4,1,0.00773823403210555,0.0019393842592216473,0,0,1,1,0,0.4,1,1.1,0.9
5,1,0.003767207377901901,0.0009441511667409012,0,0,1,1,0,0.4,1,1.1,0.9
10,1,0.03232711267683174,0.008101938143950528,0,0,1,1,0,0.4,1,1.1,0.9
7,1,0.0004780372144589859,0.00011980741926354736,0,0,1,1,0,0.4,1,1.1,0.9
13,1,0.0,0.0,0,0,1,1,0,0.4,1,1.1,0.9
11,1,0.010662707096228952,0.002672326297876348,0,0,1,1,0,0.4,1,1.1,0.9
6,1,0.004038142914023678,0.001012054012769891,0,0,1,1,0,0.4,1,1.1,0.9
8,1,0.001155319224349243,0.00028955029129164534,0,0,1,1,0,0.4,1,1.1,0.9
9,1,0.001228402474206305,0.0003078666802503523,0,0,1,1,0,0.4,1,1.1,0.9
14,1,0.08755847649294475,0.02194422272152979,0,0,1,1,0,0.4,1,1.1,0.9
