BUS_I,BUS_TYPE,Pd,Qd,Gs,Bs,area,Vm,Va,baseKV,zone,Vmax,Vmin
1,1,0.0023894191122389714,0.0005988448780087782,0,0,1,1,0,0.4,1,1.1,0.9
2,3,0.0,0.0,0,0,1,1,0,0.4,1,1.1,0.9
4,1,0.0,0.0,0,0,1,1,0,0.4,1,1.1,0.9
90,1,0.0025611185966586225,0.0006418768250936531,0,0,1,1,0,0.4,1,1.1,0.9
8,1,0.01556409441423366,0.0039007297518748145,0,0,1,1,0,0.4,1,1.1,0.9
5,1,0.004275683064288271,0.0010715871861586707,0,0,1,1,0,0.4,1,1.1,0.9
6,1,0.0,0.0,0,0,1,1,0,0.4,1,1.1,0.9
7,1,0.003943126989891066,0.0009882407774924815,0,0,1,1,0,0.4,1,1.1,0.9
88,1,0.004261969088864069,0.001068150139933563,0,0,1,1,0,0.4,1,1.1,0.9
89,1,0.0,0.0,0,0,1,1,0,0.4,1,1.1,0.9
