BUS_I,BUS_TYPE,Pd,Qd,Gs,Bs,area,Vm,Va,baseKV,zone,Vmax,Vmin
1,1,0.0076506953311135505,0.001917444992707838,0,0,1,1,0,0.4,1,1.1,0.9
3,1,0.0,0.0,0,0,1,1,0,0.4,1,1.1,0.9
6,1,0.054606614871667,0.013685707732811197,0,0,1,1,0,0.4,1,1.1,0.9
7,1,0.05572283520595774,0.013965458918568183,0,0,1,1,0,0.4,1,1.1,0.9
5,1,0.0,0.0,0,0,1,1,0,0.4,1,1.1,0.9
4,1,0.0,0.0,0,0,1,1,0,0.4,1,1.1,0.9
19,1,0.011233182203451493,0.002815300836851895,0,0,1,1,0,0.4,1,1.1,0.9
22,1,0.004095198263969286,0.0010263534313620147,0,0,1,1,0,0.4,1,1.1,0.9
20,1,0.011990119605387603,0.0030050072319338208,0,0,1,1,0,0.4,1,1.1,0.9
21,1,0.010255061122555373,0.002570160586501177,0,0,1,1,0,0.4,1,1.1,0.9
18,1,0.003003990588073825,0.0007528710087067694,0,0,1,1,0,0.4,1,1.1,0.9
14,3,0.05154319728770331,0.012917942915010073,0,0,1,1,0,0.4,1,1.1,0.9
16,1,0.02168963044568936,0.005435933793186003,0,0,1,1,0,0.4,1,1.1,0.9
9,1,0.0,0.0,0,0,1,1,0,0.4,1,1.1,0.9
10,1,0.0,0.0,0,0,1,1,0,0.4,1,1.1,0.9
26,1,0.050505637167462404,0.012657905837190675,0,0,1,1,0,0.4,1,1.1,0.9
17,1,0.0849423967118555,0.02128857132519537,0,0,1,1,0,0.4,1,1.1,0.9
13,1,0.038931885386170526,0.009757250218395892,0,0,1,1,0,0.4,1,1.1,0.9
23,1,0.008132052104168138,0.002038084371777869,0,0,1,1,0,0.4,1,1.1,0.9
24,1,0.0,0.0,0,0,1,1,0,0.4,1,1.1,0.9
15,1,0.0515403242289426,0.012917222858610482,0,0,1,1,0,0.4,1,1.1,0.9
27,1,0.022092731451625117,0.005536960428274153,0,0,1,1,0,0.4,1,1.1,0.9
11,1,0.07459091011132103,0.018694244235923058,0,0,1,1,0,0.4,1,1.1,0.9
12,1,0.007089239751096272,0.0017767309603304287,0,0,1,1,0,0.4,1,1.1,0.9
25,1,0.006264686391462252,0.0015700784088661217,0,0,1,1,0,0.4,1,1.1,0.9
