BUS_I,BUS_TYPE,Pd,Qd,Gs,Bs,area,Vm,Va,baseKV,zone,Vmax,Vmin
1,1,0.014515660620848327,0.0036379674746819268,0,0,1,1,0,0.4,1,1.1,0.9
2,1,0.0,0.0,0,0,1,1,0,0.4,1,1.1,0.9
3,1,0.0,0.0,0,0,1,1,0,0.4,1,1.1,0.9
39,1,0.021562140421055767,0.00540398178114342,0,0,1,1,0,0.4,1,1.1,0.9
7,1,0.0,0.0,0,0,1,1,0,0.4,1,1.1,0.9
10,1,0.0,0.0,0,0,1,1,0,0.4,1,1.1,0.9
34,1,0.08800088678003665,0.022055101191132017,0,0,1,1,0,0.4,1,1.1,0.9
8,1,0.0,0.0,0,0,1,1,0,0.4,1,1.1,0.9
24,1,0.004382641401149211,0.0010983934721975788,0,0,1,1,0,0.4,1,1.1,0.9
38,1,0.01660991458372969,0.004162836993175868,0,0,1,1,0,0.4,1,1.1,0.9
9,1,0.0,0.0,0,0,1,1,0,0.4,1,1.1,0.9
16,1,0.0,0.0,0,0,1,1,0,0.4,1,1.1,0.9
33,1,0.010389203530155506,0.0026037798428734226,0,0,1,1,0,0.4,1,1.1,0.9
25,1,0.029377184376766795,0.0073626164218053855,0,0,1,1,0,0.4,1,1.1,0.9
23,1,0.0561070048177755,0.014061740899048415,0,0,1,1,0,0.4,1,1.1,0.9
14,1,0.0,0.0,0,0,1,1,0,0.4,1,1.1,0.9
15,1,0.0,0.0,0,0,1,1,0,0.4,1,1.1,0.9
29,1,0.01136820735844173,0.0028491413305744367,0,0,1,1,0,0.4,1,1.1,0.9
18,1,0.0,0.0,0,0,1,1,0,0.4,1,1.1,0.9
35,3,0.01001452911293589,0.0025098775824773187,0,0,1,1,0,0.4,1,1.1,0.9
31,1,0.0043312510963202724,0.0010855138477447207,0,0,1,1,0,0.4,1,1.1,0.9
32,1,0.010570780322404872,0.0026492872766454355,0,0,1,1,0,0.4,1,1.1,0.9
30,1,0.012195773405794327,0.0030565489327538187,0,0,1,1,0,0.4,1,1.1,0.9
28,1,0.03224826052007406,0.008082175930635831,0,0,1,1,0,0.4,1,1.1,0.9
22,1,0.0,0.0,0,0,1,1,0,0.4,1,1.1,0.9
37,1,0.012245696267783428,0.0030690607813636255,0,0,1,1,0,0.4,1,1.1,0.9
19,1,0.0,0.0,0,0,1,1,0,0.4,1,1.1,0.9
36,1,0.014155371209482202,0.003547670436589171,0,0,1,1,0,0.4,1,1.1,0.9
26,1,0.0032594405481231378,0.0008168928035352768,0,0,1,1,0,0.4,1,1.1,0.9
27,1,0.009474130421832589,0.002374440903917139,0,0,1,1,0,0.4,1,1.1,0.9
20,1,0.013178050372900438,0.0033027307463688853,0,0,1,1,0,0.4,1,1.1,0.9
17,1,0.07953237339256085,0.019932691673076965,0,0,1,1,0,0.4,1,1.1,0.9
21,1,0.017234139590760273,0.004319282526849942,0,0,1,1,0,0.4,1,1.1,0.9
