BUS_I,BUS_TYPE,Pd,Qd,Gs,Bs,area,Vm,Va,baseKV,zone,Vmax,Vmin
1,1,0.012230446117501799,0.0030652387334281083,0,0,1,1,0,0.4,1,1.1,0.9
3,1,0.0,0.0,0,0,1,1,0,0.4,1,1.1,0.9
16,1,0.01656417765342271,0.004151374237935531,0,0,1,1,0,0.4,1,1.1,0.9
17,1,0.0,0.0,0,0,1,1,0,0.4,1,1.1,0.9
5,1,0.0,0.0,0,0,1,1,0,0.4,1,1.1,0.9
7,1,0.0,0.0,0,0,1,1,0,0.4,1,1.1,0.9
13,1,0.0,0.0,0,0,1,1,0,0.4,1,1.1,0.9
48,1,0.07448048328662402,0.018666568664891647,0,0,1,1,0,0.4,1,1.1,0.9
8,1,0.0,0.0,0,0,1,1,0,0.4,1,1.1,0.9
18,1,0.03131974270340876,0.007849467430146403,0,0,1,1,0,0.4,1,1.1,0.9
11,1,0.0,0.0,0,0,1,1,0,0.4,1,1.1,0.9
38,1,0.0,0.0,0,0,1,1,0,0.4,1,1.1,0.9
15,1,0.0,0.0,0,0,1,1,0,0.4,1,1.1,0.9
30,1,0.011885367923709146,0.002978753985814445,0,0,1,1,0,0.4,1,1.1,0.9
14,1,0.0,0.0,0,0,1,1,0,0.4,1,1.1,0.9
46,3,0.015598278905049766,0.003909297192859825,0,0,1,1,0,0.4,1,1.1,0.9
44,1,0.054790038670698316,0.013731678070117109,0,0,1,1,0,0.4,1,1.1,0.9
42,1,0.01916362142547736,0.004802856257390919,0,0,1,1,0,0.4,1,1.1,0.9
50,1,0.0471990242468408,0.011829190522690481,0,0,1,1,0,0.4,1,1.1,0.9
49,1,0.015882554956153767,0.0039805434871044015,0,0,1,1,0,0.4,1,1.1,0.9
47,1,0.0,0.0,0,0,1,1,0,0.4,1,1.1,0.9
45,1,0.006613666365699144,0.0016575410348361518,0,0,1,1,0,0.4,1,1.1,0.9
34,1,0.0,0.0,0,0,1,1,0,0.4,1,1.1,0.9
28,1,0.013578339833051999,0.0034030527416625627,0,0,1,1,0,0.4,1,1.1,0.9
35,1,0.0,0.0,0,0,1,1,0,0.4,1,1.1,0.9
37,1,0.009119395189124767,0.002285535874210034,0,0,1,1,0,0.4,1,1.1,0.9
36,1,0.011681547075478214,0.0029276716661120108,0,0,1,1,0,0.4,1,1.1,0.9
32,1,0.017129687015011087,0.004293104243742627,0,0,1,1,0,0.4,1,1.1,0.9
33,1,0.06843181412062098,0.017150629275992896,0,0,1,1,0,0.4,1,1.1,0.9
41,1,0.0014286983971354304,0.0003580655703980727,0,0,1,1,0,0.4,1,1.1,0.9
19,1,0.007066802233947729,0.0017711075884611679,0,0,1,1,0,0.4,1,1.1,0.9
21,1,0.0,0.0,0,0,1,1,0,0.4,1,1.1,0.9
22,1,0.0,0.0,0,0,1,1,0,0.4,1,1.1,0.9
24,1,0.0,0.0,0,0,1,1,0,0.4,1,1.1,0.9
26,1,0.024712674256112958,0.006193579989533686,0,0,1,1,0,0.4,1,1.1,0.9
29,1,0.0,0.0,0,0,1,1,0,0.4,1,1.1,0.9
25,1,0.0,0.0,0,0,1,1,0,0.4,1,1.1,0.9
43,1,0.02189178548623648,0.005486598622129245,0,0,1,1,0,0.4,1,1.1,0.9
40,1,0.013213299836417733,0.003311565094672105,0,0,1,1,0,0.4,1,1.1,0.9
39,1,0.006763058063457042,0.001694982123576554,0,0,1,1,0,0.4,1,1.1,0.9
31,1,0.0051963014089105005,0.0013023158923341845,0,0,1,1,0,0.4,1,1.1,0.9
27,1,0.00802983820603341,0.002012467154168047,0,0,1,1,0,0.4,1,1.1,0.9
