F_BUS,T_BUS,BR_R,BR_X,BR_B,RATE_A,RATE_B,RATE_C,TAP,SHIFT,BR_STATUS,ANGMIN,ANGMAX
13,14,2.1552753749822657,0.8289520673008715,2.175052666161722e-09,0,0,0,0,0,1,-90,90
13,15,0.2310421964804551,0.08886238326171352,2.331622915957128e-10,0,0,0,0,0,1,-90,90
14,16,1.1699308379205677,0.4499733992002184,1.180666386198973e-09,0,0,0,0,0,1,-90,90
15,17,2.717450491168343,1.0451732658339783,2.7423864275472545e-09,0,0,0,0,0,1,-90,90
16,32,1.0922911709289103,0.4201119888188117,1.102314280175629e-09,0,0,0,0,0,1,-90,90
17,18,0.808643309389142,0.31101665745736234,8.160636021163485e-10,0,0,0,0,0,1,-90,90
32,38,6.60963770742049,2.542168349007881,6.670289228357319e-09,0,0,0,0,0,1,-90,90
32,31,0.3585805349803829,0.13791559037707035,3.618709505504353e-10,0,0,0,0,0,1,-90,90
18,19,1.8009237857922666,0.6926629945354872,1.8174494671585813e-09,0,0,0,0,0,1,-90,90
37,38,4.825865431811156,1.8561020891581368,4.870148657493436e-09,0,0,0,0,0,1,-90,90
48,49,5.947660984564932,2.287561917140359,6.0022380583318515e-09,0,0,0,0,0,1,-90,90
48,50,12.145786865529406,4.67145648674208,1.2257239335237676e-08,0,0,0,0,0,1,-90,90
49,47,6.699029999999999,2.5765499999999997,6.760501804701985e-09,0,0,0,0,0,1,-90,90
50,31,15.23995060005872,5.861519461561047,1.5379795811522878e-08,0,0,0,0,0,1,-90,90
52,56,12.90052370949175,4.961739888266059,1.301890181408648e-08,0,0,0,0,0,1,-90,90
52,51,3.1255034582735925,1.2021167147206124,3.1541837803772968e-09,0,0,0,0,0,1,-90,90
56,44,20.406752998167917,7.8487511531415075,2.0594009949533273e-08,0,0,0,0,0,1,-90,90
19,20,0.5389681580592612,0.20729544540740819,5.43913850995822e-10,0,0,0,0,0,1,-90,90
20,24,1.614878871810361,0.6211072583886005,1.6296973632375217e-09,0,0,0,0,0,1,-90,90
24,25,1.6677873886328973,0.6414566879357299,1.6830913805001496e-09,0,0,0,0,0,1,-90,90
25,26,2.2617773140921553,0.8699143515739058,2.282531890998253e-09,0,0,0,0,0,1,-90,90
26,34,2.3075423565306585,0.8875162909733304,2.328716883750602e-09,0,0,0,0,0,1,-90,90
47,55,2.0489299999999995,0.7880499999999999,2.067731442120432e-09,0,0,0,0,0,1,-90,90
47,46,2.9617899999999993,1.1391499999999997,2.988968050620507e-09,0,0,0,0,0,1,-90,90
44,45,15.58101212260856,5.992696970234062,1.5723986991247792e-08,0,0,0,0,0,1,-90,90
44,42,2.275789943648665,0.8753038244802558,2.296673103592525e-09,0,0,0,0,0,1,-90,90
46,45,4.197753072304515,1.6145204124248131,4.236272597825055e-09,0,0,0,0,0,1,-90,90
