F_BUS,T_BUS,BR_R,BR_X,BR_B,RATE_A,RATE_B,RATE_C,TAP,SHIFT,BR_STATUS,ANGMIN,ANGMAX
1,2,4.853933698927874,3.106517567313839,8.15106154360041e-09,0,0,0,0,0,1,-90,90
2,3,1.4180258677753368,0.9075365553762157,2.381247218355526e-09,0,0,0,0,0,1,-90,90
2,4,3.6291067636353143,2.3226283287266014,1.2188494698731363e-08,0,0,0,0,0,1,-90,90
3,25,0.2530950169839144,0.16198081086970523,4.2501467629649467e-10,0,0,0,0,0,1,-90,90
4,8,0.9613281249999999,0.61525,4.84298624363148e-09,0,0,0,0,0,1,-90,90
4,9,3.2310937499999994,2.0678999999999994,5.425876339268881e-09,0,0,0,0,0,1,-90,90
4,6,2.0247978027343647,1.2958705937499997,3.4001806631763663e-09,0,0,0,0,0,1,-90,90
25,23,1.3728955193512296,0.8786531323847869,2.3054612125494966e-09,0,0,0,0,0,1,-90,90
8,17,2.7599218749999994,1.7663499999999996,4.63465190379979e-09,0,0,0,0,0,1,-90,90
8,13,2.6458265864951307,1.6933290153568836,4.443055195619898e-09,0,0,0,0,0,1,-90,90
9,12,1.2510156249999997,0.8006499999999999,2.100792055242338e-09,0,0,0,0,0,1,-90,90
9,18,5.749818383219651,3.679883765260577,9.65549313467143e-09,0,0,0,0,0,1,-90,90
6,5,1.6122220874709838,1.0318221359814297,2.707354956214284e-09,0,0,0,0,0,1,-90,90
23,22,0.4019090371445667,0.25722178377252275,6.749134825261703e-10,0,0,0,0,0,1,-90,90
17,30,3.150796177247706,2.016509553438532,5.291035095464863e-09,0,0,0,0,0,1,-90,90
13,14,1.926765343181708,1.2331298196362932,3.2355577695301835e-09,0,0,0,0,0,1,-90,90
12,10,0.1939589810344953,0.124133747862077,3.2570935027303676e-10,0,0,0,0,0,1,-90,90
30,31,1.159292763219012,0.7419473684601676,1.946764675037882e-09,0,0,0,0,0,1,-90,90
14,15,1.3947367293225543,0.8926315067664347,2.3421384845736878e-09,0,0,0,0,0,1,-90,90
14,16,3.105251206003559,1.9873607718422779,5.2145528263117935e-09,0,0,0,0,0,1,-90,90
22,24,3.293272586891341,2.107694455610458,5.530291347311278e-09,0,0,0,0,0,1,-90,90
24,26,3.500859374999999,2.2405499999999994,5.878885454784511e-09,0,0,0,0,0,1,-90,90
26,29,1.3037971228585008,0.8344301586294406,2.189426400928411e-09,0,0,0,0,0,1,-90,90
29,28,1.108526645863618,0.7094570533527156,1.8615146958334157e-09,0,0,0,0,0,1,-90,90
