BUS_I,BUS_TYPE,Pd,Qd,Gs,Bs,area,Vm,Va,baseKV,zone,Vmax,Vmin
1,1,0.029536090415363276,0.007402442029130088,0,0,1,1,0,0.4,1,1.1,0.9
2,1,0.0,0.0,0,0,1,1,0,0.4,1,1.1,0.9
4,1,0.0,0.0,0,0,1,1,0,0.4,1,1.1,0.9
38,1,0.005018349870388671,0.0012577170327905678,0,0,1,1,0,0.4,1,1.1,0.9
6,1,0.0,0.0,0,0,1,1,0,0.4,1,1.1,0.9
16,1,0.0,0.0,0,0,1,1,0,0.4,1,1.1,0.9
12,1,0.043328044461831576,0.010859031539172458,0,0,1,1,0,0.4,1,1.1,0.9
7,1,0.0,0.0,0,0,1,1,0,0.4,1,1.1,0.9
39,1,0.011900380301205398,0.002982516442272718,0,0,1,1,0,0.4,1,1.1,0.9
13,1,0.0,0.0,0,0,1,1,0,0.4,1,1.1,0.9
8,1,0.0,0.0,0,0,1,1,0,0.4,1,1.1,0.9
9,1,0.0,0.0,0,0,1,1,0,0.4,1,1.1,0.9
10,1,0.0,0.0,0,0,1,1,0,0.4,1,1.1,0.9
40,1,0.014361816418700614,0.003599410483153899,0,0,1,1,0,0.4,1,1.1,0.9
20,1,0.0,0.0,0,0,1,1,0,0.4,1,1.1,0.9
31,1,0.0,0.0,0,0,1,1,0,0.4,1,1.1,0.9
24,1,0.0,0.0,0,0,1,1,0,0.4,1,1.1,0.9
30,1,0.018730746785907026,0.0046943676463311,0,0,1,1,0,0.4,1,1.1,0.9
36,1,0.02196614555194453,0.00550523501130416,0,0,1,1,0,0.4,1,1.1,0.9
33,1,0.008672950640558355,0.0021736463233754714,0,0,1,1,0,0.4,1,1.1,0.9
21,1,0.0,0.0,0,0,1,1,0,0.4,1,1.1,0.9
18,1,0.0,0.0,0,0,1,1,0,0.4,1,1.1,0.9
34,1,0.027873545365136202,0.0069857689629912595,0,0,1,1,0,0.4,1,1.1,0.9
23,3,0.0,0.0,0,0,1,1,0,0.4,1,1.1,0.9
28,1,0.0,0.0,0,0,1,1,0,0.4,1,1.1,0.9
27,1,0.0,0.0,0,0,1,1,0,0.4,1,1.1,0.9
25,1,0.013273467434164824,0.0033266445160881225,0,0,1,1,0,0.4,1,1.1,0.9
32,1,0.036598648593192555,0.00917248595686489,0,0,1,1,0,0.4,1,1.1,0.9
14,1,0.0,0.0,0,0,1,1,0,0.4,1,1.1,0.9
37,1,0.08350874604880086,0.020929264599963866,0,0,1,1,0,0.4,1,1.1,0.9
35,1,0.0009556678598285431,0.000239512942708352,0,0,1,1,0,0.4,1,1.1,0.9
19,1,0.0,0.0,0,0,1,1,0,0.4,1,1.1,0.9
17,1,0.03529601755902822,0.008846015845887317,0,0,1,1,0,0.4,1,1.1,0.9
22,1,0.04727896223402288,0.011849224870761574,0,0,1,1,0,0.4,1,1.1,0.9
