F_BUS,T_BUS,BR_R,BR_X,BR_B,RATE_A,RATE_B,RATE_C,TAP,SHIFT,BR_STATUS,ANGMIN,ANGMAX
1,3,2.242372250720149,0.8624508656615959,2.2629487624039934e-09,0,0,0,0,0,1,-90,90
3,5,1.7555953619479916,0.6752289853646123,1.7717050995108002e-09,0,0,0,0,0,1,-90,90
3,6,4.612056700812358,1.7738679618509072,4.654377969531386e-09,0,0,0,0,0,1,-90,90
3,7,5.09869605545678,1.9610369444064537,5.14548283625278e-09,0,0,0,0,0,1,-90,90
5,8,5.000810551932874,1.9233886738203367,5.0466991133514764e-09,0,0,0,0,0,1,-90,90
6,10,1.3079440728196239,0.5030554126229322,1.3199460615561259e-09,0,0,0,0,0,1,-90,90
7,11,2.418525756598557,0.930202214076368,2.440718692437977e-09,0,0,0,0,0,1,-90,90
8,9,5.923582745180685,2.278301055838725,5.977938871612095e-09,0,0,0,0,0,1,-90,90
11,12,2.2420721379636728,0.8623354376783359,2.262645895745422e-09,0,0,0,0,0,1,-90,90
12,13,1.178719108807434,0.4533535033874747,1.1895353002344184e-09,0,0,0,0,0,1,-90,90
