BUS_I,BUS_TYPE,Pd,Qd,Gs,Bs,area,Vm,Va,baseKV,zone,Vmax,Vmin
1,1,0.02401677457379636,0.0060191710889650725,0,0,1,1,0,0.4,1,1.1,0.9
2,1,0.0,0.0,0,0,1,1,0,0.4,1,1.1,0.9
3,1,0.03263584982541308,0.008179314967100539,0,0,1,1,0,0.4,1,1.1,0.9
4,1,0.0,0.0,0,0,1,1,0,0.4,1,1.1,0.9
6,3,0.0,0.0,0,0,1,1,0,0.4,1,1.1,0.9
8,1,0.02319788317072258,0.005813937557574826,0,0,1,1,0,0.4,1,1.1,0.9
5,1,0.0,0.0,0,0,1,1,0,0.4,1,1.1,0.9
14,1,0.08928297595209642,0.022376423026177976,0,0,1,1,0,0.4,1,1.1,0.9
13,1,0.06468488734205202,0.01621156090656088,0,0,1,1,0,0.4,1,1.1,0.9
7,1,0.032968851993356335,0.00826277317734804,0,0,1,1,0,0.4,1,1.1,0.9
11,1,0.0,0.0,0,0,1,1,0,0.4,1,1.1,0.9
9,1,0.012109668168615986,0.003034968926136368,0,0,1,1,0,0.4,1,1.1,0.9
12,1,0.0,0.0,0,0,1,1,0,0.4,1,1.1,0.9
15,1,0.084050852439168,0.021065129268302854,0,0,1,1,0,0.4,1,1.1,0.9
