BUS_I,BUS_TYPE,Pd,Qd,Gs,Bs,area,Vm,Va,baseKV,zone,Vmax,Vmin
1,1,0.029143229116180693,0.0073039817064607365,0,0,1,1,0,0.4,1,1.1,0.9
2,1,0.027651364522454366,0.00693008519493643,0,0,1,1,0,0.4,1,1.1,0.9
3,1,0.0,0.0,0,0,1,1,0,0.4,1,1.1,0.9
4,1,0.027650724834071553,0.006929924873915472,0,0,1,1,0,0.4,1,1.1,0.9
7,1,0.0,0.0,0,0,1,1,0,0.4,1,1.1,0.9
9,1,0.017576679356490262,0.00440513108442238,0,0,1,1,0,0.4,1,1.1,0.9
5,1,0.019131764040887105,0.004794872044202487,0,0,1,1,0,0.4,1,1.1,0.9
6,3,0.021582945533674524,0.005409196033873015,0,0,1,1,0,0.4,1,1.1,0.9
8,1,0.01765787815100663,0.004425481420597205,0,0,1,1,0,0.4,1,1.1,0.9
15,1,0.01912917889451343,0.0047942241454488315,0,0,1,1,0,0.4,1,1.1,0.9
18,1,0.027620252706176317,0.006922287838780606,0,0,1,1,0,0.4,1,1.1,0.9
20,1,0.017676600342569206,0.004430173644102458,0,0,1,1,0,0.4,1,1.1,0.9
17,1,0.019064681083903655,0.004778059470390947,0,0,1,1,0,0.4,1,1.1,0.9
22,1,0.0,0.0,0,0,1,1,0,0.4,1,1.1,0.9
10,1,0.01922720796283877,0.004818792545844523,0,0,1,1,0,0.4,1,1.1,0.9
13,1,0.021385981401498177,0.005359832169199343,0,0,1,1,0,0.4,1,1.1,0.9
11,1,0.011989872153536037,0.0030049452146539285,0,0,1,1,0,0.4,1,1.1,0.9
19,1,0.0,0.0,0,0,1,1,0,0.4,1,1.1,0.9
21,1,0.04193782216018813,0.010510608987277558,0,0,1,1,0,0.4,1,1.1,0.9
12,1,0.01816384253608198,0.004552288048578563,0,0,1,1,0,0.4,1,1.1,0.9
14,1,0.0,0.0,0,0,1,1,0,0.4,1,1.1,0.9
16,1,0.04729857804904433,0.011854141057416898,0,0,1,1,0,0.4,1,1.1,0.9
24,1,0.016832260033165864,0.004218562015572063,0,0,1,1,0,0.4,1,1.1,0.9
23,1,0.0,0.0,0,0,1,1,0,0.4,1,1.1,0.9
