BUS_I,BUS_TYPE,Pd,Qd,Gs,Bs,area,Vm,Va,baseKV,zone,Vmax,Vmin
1,1,0.03919733791645624,0.009823778893629898,0,0,1,1,0,0.4,1,1.1,0.9
3,1,0.0,0.0,0,0,1,1,0,0.4,1,1.1,0.9
4,1,0.006779772217049769,0.0016991710853279636,0,0,1,1,0,0.4,1,1.1,0.9
5,1,0.0,0.0,0,0,1,1,0,0.4,1,1.1,0.9
6,1,0.08550386692460221,0.021429289024880466,0,0,1,1,0,0.4,1,1.1,0.9
7,1,0.0,0.0,0,0,1,1,0,0.4,1,1.1,0.9
8,1,0.08145422908698549,0.02041435411269802,0,0,1,1,0,0.4,1,1.1,0.9
10,1,0.0,0.0,0,0,1,1,0,0.4,1,1.1,0.9
9,1,0.0,0.0,0,0,1,1,0,0.4,1,1.1,0.9
22,1,0.014198780287112092,0.003558549776954615,0,0,1,1,0,0.4,1,1.1,0.9
35,1,0.007177369255500255,0.00179881829613663,0,0,1,1,0,0.4,1,1.1,0.9
11,1,0.019591171211232064,0.004910010334288312,0,0,1,1,0,0.4,1,1.1,0.9
12,1,0.0,0.0,0,0,1,1,0,0.4,1,1.1,0.9
21,1,0.022553074373873317,0.0056523332398934634,0,0,1,1,0,0.4,1,1.1,0.9
34,1,0.03382689693681263,0.008477819510935224,0,0,1,1,0,0.4,1,1.1,0.9
26,3,0.009040573127827108,0.002265781203528603,0,0,1,1,0,0.4,1,1.1,0.9
23,1,0.009116286138934242,0.0022847566727829875,0,0,1,1,0,0.4,1,1.1,0.9
17,1,0.014523886620064264,0.0036400291044193537,0,0,1,1,0,0.4,1,1.1,0.9
24,1,0.012559340204305951,0.003147667361491389,0,0,1,1,0,0.4,1,1.1,0.9
13,1,0.06651127183221792,0.016669296006949216,0,0,1,1,0,0.4,1,1.1,0.9
14,1,0.011408557572159476,0.0028592540473798152,0,0,1,1,0,0.4,1,1.1,0.9
15,1,0.010993656313474997,0.002755269990179495,0,0,1,1,0,0.4,1,1.1,0.9
16,1,0.02675047571912927,0.006704301177907635,0,0,1,1,0,0.4,1,1.1,0.9
18,1,0.016255648796268278,0.004074049617537854,0,0,1,1,0,0.4,1,1.1,0.9
19,1,0.013173031613065036,0.003301472926589177,0,0,1,1,0,0.4,1,1.1,0.9
20,1,0.0,0.0,0,0,1,1,0,0.4,1,1.1,0.9
33,1,0.024873662019818735,0.0062339273263501875,0,0,1,1,0,0.4,1,1.1,0.9
32,1,0.02544259122985558,0.006376514426970178,0,0,1,1,0,0.4,1,1.1,0.9
25,1,0.01330647434657147,0.0033349168281041936,0,0,1,1,0,0.4,1,1.1,0.9
27,1,0.014616334375990121,0.003663198696072837,0,0,1,1,0,0.4,1,1.1,0.9
39,1,0.006417088938919058,0.001608274087670448,0,0,1,1,0,0.4,1,1.1,0.9
38,1,0.0061045805970353145,0.0015299521143868513,0,0,1,1,0,0.4,1,1.1,0.9
31,1,0.006867978793414384,0.0017212777371882746,0,0,1,1,0,0.4,1,1.1,0.9
36,1,0.0060001257718138475,0.001503773267508639,0,0,1,1,0,0.4,1,1.1,0.9
37,1,0.00482382180335364,0.0012089637035917738,0,0,1,1,0,0.4,1,1.1,0.9
