F_BUS,T_BUS,BR_R,BR_X,BR_B,RATE_A,RATE_B,RATE_C,TAP,SHIFT,BR_STATUS,ANGMIN,ANGMAX
1,2,6.022260765163379,3.8542468897045628,1.0112997245780101e-08,0,0,0,0,0,1,-90,90
2,3,0.49729166666666647,0.3182666666666666,2.505259794348821e-09,0,0,0,0,0,1,-90,90
2,4,3.5049860323184903,2.243191060683834,1.1771630446949932e-08,0,0,0,0,0,1,-90,90
3,9,5.77783104528382,3.697811868981646,2.910760180904563e-08,0,0,0,0,0,1,-90,90
3,13,1.8679624346750014,1.195495958192001,3.1368118541735863e-09,0,0,0,0,0,1,-90,90
4,18,6.135864377962319,3.9269532018958846,1.0303768298071984e-08,0,0,0,0,0,1,-90,90
9,7,0.5246460370489396,0.33577346371132144,2.6430658524671654e-09,0,0,0,0,0,1,-90,90
13,14,0.9158448362824717,0.5861406952207819,1.5379500602935603e-09,0,0,0,0,0,1,-90,90
18,17,0.704076511696992,0.450608967486075,1.1823340272474853e-09,0,0,0,0,0,1,-90,90
5,17,2.487309196378615,1.5918778856823137,4.176861818719009e-09,0,0,0,0,0,1,-90,90
5,16,0.9786300343911398,0.6263232220103295,1.6433833120752928e-09,0,0,0,0,0,1,-90,90
7,6,3.2695405889814104,2.092505976948103,1.6471316799798966e-08,0,0,0,0,0,1,-90,90
11,19,2.2675953232792567,1.4512610068987244,3.8079030704750336e-09,0,0,0,0,0,1,-90,90
11,8,4.071098700700666,2.605503168448426,1.3672941625392348e-08,0,0,0,0,0,1,-90,90
11,10,21.187675816595206,13.560112522620932,3.557981222221219e-08,0,0,0,0,0,1,-90,90
8,6,1.4597703219689384,0.9342530060601207,7.354042188412064e-09,0,0,0,0,0,1,-90,90
10,21,0.8423745748631315,0.5391197279124043,1.414573710388796e-09,0,0,0,0,0,1,-90,90
14,15,2.544782701448278,1.6286609289268978,4.27337530777897e-09,0,0,0,0,0,1,-90,90
