BUS_I,BUS_TYPE,Pd,Qd,Gs,Bs,area,Vm,Va,baseKV,zone,Vmax,Vmin
1,1,0.07945510494453845,0.019913326374585424,0,0,1,1,0,0.4,1,1.1,0.9
3,1,0.0,0.0,0,0,1,1,0,0.4,1,1.1,0.9
2,1,0.0,0.0,0,0,1,1,0,0.4,1,1.1,0.9
4,1,0.0,0.0,0,0,1,1,0,0.4,1,1.1,0.9
8,3,0.0,0.0,0,0,1,1,0,0.4,1,1.1,0.9
21,1,0.012585787102795143,0.003154295579043659,0,0,1,1,0,0.4,1,1.1,0.9
5,1,0.0,0.0,0,0,1,1,0,0.4,1,1.1,0.9
11,1,0.0,0.0,0,0,1,1,0,0.4,1,1.1,0.9
13,1,0.0,0.0,0,0,1,1,0,0.4,1,1.1,0.9
6,1,0.0,0.0,0,0,1,1,0,0.4,1,1.1,0.9
19,1,0.05316617570152031,0.013324699647328332,0,0,1,1,0,0.4,1,1.1,0.9
25,1,0.016324168005175586,0.004091222150012035,0,0,1,1,0,0.4,1,1.1,0.9
9,1,0.0,0.0,0,0,1,1,0,0.4,1,1.1,0.9
10,1,0.0,0.0,0,0,1,1,0,0.4,1,1.1,0.9
18,1,0.02368670616749994,0.005936448148694491,0,0,1,1,0,0.4,1,1.1,0.9
20,1,0.00947795217651743,0.002375398725927644,0,0,1,1,0,0.4,1,1.1,0.9
26,1,0.016755590809543083,0.0041993468968713555,0,0,1,1,0,0.4,1,1.1,0.9
12,1,0.0,0.0,0,0,1,1,0,0.4,1,1.1,0.9
23,1,0.011745429580612459,0.002943682131081534,0,0,1,1,0,0.4,1,1.1,0.9
22,1,0.011572993243349018,0.0029004655112663336,0,0,1,1,0,0.4,1,1.1,0.9
24,1,0.014010715764780437,0.0035114163647555516,0,0,1,1,0,0.4,1,1.1,0.9
14,1,0.0,0.0,0,0,1,1,0,0.4,1,1.1,0.9
16,1,0.0,0.0,0,0,1,1,0,0.4,1,1.1,0.9
27,1,0.011622382107893,0.002912843527501049,0,0,1,1,0,0.4,1,1.1,0.9
