BUS_I,BUS_TYPE,Pd,Qd,Gs,Bs,area,Vm,Va,baseKV,zone,Vmax,Vmin
1,1,0.0018606824035016655,0.00046633096773631035,0,0,1,1,0,0.4,1,1.1,0.9
2,1,0.00038498233755579524,9.648566875030384e-05,0,0,1,1,0,0.4,1,1.1,0.9
4,1,0.0,0.0,0,0,1,1,0,0.4,1,1.1,0.9
8,1,0.004948651591926522,0.0012402489976311866,0,0,1,1,0,0.4,1,1.1,0.9
6,1,0.000615133131379218,0.00015416689484615793,0,0,1,1,0,0.4,1,1.1,0.9
19,1,0.0,0.0,0,0,1,1,0,0.4,1,1.1,0.9
7,1,0.001342911162173658,0.0003365652626486907,0,0,1,1,0,0.4,1,1.1,0.9
15,1,0.07491440014053537,0.018775318479486967,0,0,1,1,0,0.4,1,1.1,0.9
16,3,0.0,0.0,0,0,1,1,0,0.4,1,1.1,0.9
18,1,0.0,0.0,0,0,1,1,0,0.4,1,1.1,0.9
9,1,0.0019292577028094946,0.00048351755778996237,0,0,1,1,0,0.4,1,1.1,0.9
10,1,0.0013533549664764054,0.0003391827267350836,0,0,1,1,0,0.4,1,1.1,0.9
11,1,0.0,0.0,0,0,1,1,0,0.4,1,1.1,0.9
12,1,0.013772119208835622,0.003451618431146407,0,0,1,1,0,0.4,1,1.1,0.9
13,1,0.0035407172332597167,0.0008873873858103356,0,0,1,1,0,0.4,1,1.1,0.9
14,1,0.0,0.0,0,0,1,1,0,0.4,1,1.1,0.9
20,1,0.01383577416663205,0.003467571867377415,0,0,1,1,0,0.4,1,1.1,0.9
17,1,0.04518298412255315,0.011323923239899494,0,0,1,1,0,0.4,1,1.1,0.9
