F_BUS,T_BUS,BR_R,BR_X,BR_B,RATE_A,RATE_B,RATE_C,TAP,SHIFT,BR_STATUS,ANGMIN,ANGMAX
1,2,2.7467814760573463,1.0564544138682104,2.7719865601449283e-09,0,0,0,0,0,1,-90,90
1,3,13.726834026095798,5.279551548498383,1.385279453984611e-08,0,0,0,0,0,1,-90,90
1,5,9.62673843337991,3.7025917051461197,9.715075548588208e-09,0,0,0,0,0,1,-90,90
2,21,8.26081665103923,3.177237173476627,8.33661976101957e-09,0,0,0,0,0,1,-90,90
3,4,5.689059999999999,2.1880999999999995,5.741264093019121e-09,0,0,0,0,0,1,-90,90
3,7,14.919263496037933,5.738178267706898,1.5056166010570024e-08,0,0,0,0,0,1,-90,90
5,6,6.475727706866606,2.4906645026410024,6.535150439545777e-09,0,0,0,0,0,1,-90,90
21,20,13.574209999999997,5.2208499999999995,1.3698770001388817e-08,0,0,0,0,0,1,-90,90
7,8,13.917409999999997,5.352849999999999,1.404511928171354e-08,0,0,0,0,0,1,-90,90
10,11,6.380009999999999,2.453849999999999,6.43855440549105e-09,0,0,0,0,0,1,-90,90
10,9,10.176451952930558,3.914019981896369,1.0269833362927185e-08,0,0,0,0,0,1,-90,90
9,8,3.001104037087577,1.154270783495222,3.028642842147144e-09,0,0,0,0,0,1,-90,90
20,13,14.749320036252131,5.672815398558512,1.488466311140713e-08,0,0,0,0,0,1,-90,90
17,12,2.6019499999999995,1.0007499999999998,2.6258260779164046e-09,0,0,0,0,0,1,-90,90
12,18,9.0341541801036,3.474674684655231,9.117053609036889e-09,0,0,0,0,0,1,-90,90
12,19,15.798617957423698,6.0763915220860385,1.5943589626104098e-08,0,0,0,0,0,1,-90,90
18,22,12.770029999999998,4.911549999999998,1.2887210664991572e-08,0,0,0,0,0,1,-90,90
19,16,4.8388599999999995,1.8610999999999995,4.88326246676015e-09,0,0,0,0,0,1,-90,90
16,15,8.284328609073095,3.186280234258883,8.36034747006402e-09,0,0,0,0,0,1,-90,90
13,14,4.9783374704142345,1.9147451809285518,5.024019813786617e-09,0,0,0,0,0,1,-90,90
14,15,2.629972114547347,1.0115277363643644,2.654105329684035e-09,0,0,0,0,0,1,-90,90
