BUS_I,BUS_TYPE,Pd,Qd,Gs,Bs,area,Vm,Va,baseKV,zone,Vmax,Vmin
1,1,0.06370023314777785,0.01596478330365704,0,0,1,1,0,0.4,1,1.1,0.9
2,1,0.01841239403290658,0.004614580925551223,0,0,1,1,0,0.4,1,1.1,0.9
4,3,0.017543039257646956,0.004396700080926662,0,0,1,1,0,0.4,1,1.1,0.9
6,1,0.0027845908431754223,0.0006978842494581052,0,0,1,1,0,0.4,1,1.1,0.9
7,1,0.05330593306726723,0.01335972614486192,0,0,1,1,0,0.4,1,1.1,0.9
8,1,0.0,0.0,0,0,1,1,0,0.4,1,1.1,0.9
9,1,0.0031548681184758644,0.000790684482209629,0,0,1,1,0,0.4,1,1.1,0.9
