BUS_I,BUS_TYPE,Pd,Qd,Gs,Bs,area,Vm,Va,baseKV,zone,Vmax,Vmin
1,1,0.013324264704371848,0.0033393755120546694,0,0,1,1,0,0.4,1,1.1,0.9
3,1,0.0,0.0,0,0,1,1,0,0.4,1,1.1,0.9
5,1,0.019937261299260812,0.004996748686502887,0,0,1,1,0,0.4,1,1.1,0.9
6,1,0.0,0.0,0,0,1,1,0,0.4,1,1.1,0.9
18,1,0.005085768884729442,0.00127461383051499,0,0,1,1,0,0.4,1,1.1,0.9
9,1,0.003725515745730407,0.0009337022587808697,0,0,1,1,0,0.4,1,1.1,0.9
7,1,0.0,0.0,0,0,1,1,0,0.4,1,1.1,0.9
10,1,0.0,0.0,0,0,1,1,0,0.4,1,1.1,0.9
8,1,0.009257616086990628,0.0023201772965945663,0,0,1,1,0,0.4,1,1.1,0.9
34,1,0.011916263649123019,0.0029864971844946997,0,0,1,1,0,0.4,1,1.1,0.9
35,1,0.0,0.0,0,0,1,1,0,0.4,1,1.1,0.9
17,1,0.0077114315821052775,0.0019326669320610264,0,0,1,1,0,0.4,1,1.1,0.9
41,1,0.00934171741727394,0.002341255076803118,0,0,1,1,0,0.4,1,1.1,0.9
11,1,0.03228928913590007,0.00809245867103635,0,0,1,1,0,0.4,1,1.1,0.9
12,1,0.03651811534662798,0.009152302422729925,0,0,1,1,0,0.4,1,1.1,0.9
13,3,0.0,0.0,0,0,1,1,0,0.4,1,1.1,0.9
14,1,0.014879126772392809,0.003729060678911812,0,0,1,1,0,0.4,1,1.1,0.9
15,1,0.017093810618627893,0.004284112771252328,0,0,1,1,0,0.4,1,1.1,0.9
16,1,0.002163897695854502,0.0005423238832651748,0,0,1,1,0,0.4,1,1.1,0.9
26,1,0.016379730508844333,0.00410514742605965,0,0,1,1,0,0.4,1,1.1,0.9
39,1,0.0035480093335262595,0.0008892149584082855,0,0,1,1,0,0.4,1,1.1,0.9
24,1,0.0,0.0,0,0,1,1,0,0.4,1,1.1,0.9
38,1,0.006254200231803057,0.0015674503295267852,0,0,1,1,0,0.4,1,1.1,0.9
19,1,0.0031379744028542603,0.0007864505179717459,0,0,1,1,0,0.4,1,1.1,0.9
20,1,0.0,0.0,0,0,1,1,0,0.4,1,1.1,0.9
21,1,0.0,0.0,0,0,1,1,0,0.4,1,1.1,0.9
37,1,0.011914955051685352,0.002986169219062052,0,0,1,1,0,0.4,1,1.1,0.9
22,1,0.0019691943698410814,0.0004935266300260164,0,0,1,1,0,0.4,1,1.1,0.9
36,1,0.0,0.0,0,0,1,1,0,0.4,1,1.1,0.9
23,1,0.004000241999064716,0.0010025551480965635,0,0,1,1,0,0.4,1,1.1,0.9
25,1,0.0,0.0,0,0,1,1,0,0.4,1,1.1,0.9
27,1,0.0,0.0,0,0,1,1,0,0.4,1,1.1,0.9
28,1,0.04734334470147622,0.01186536063809955,0,0,1,1,0,0.4,1,1.1,0.9
31,1,0.009133278655072742,0.0022890153987645033,0,0,1,1,0,0.4,1,1.1,0.9
29,1,0.0015130940412220243,0.0003792171125987002,0,0,1,1,0,0.4,1,1.1,0.9
33,1,0.05731099825265807,0.014363490097396467,0,0,1,1,0,0.4,1,1.1,0.9
32,1,0.002394284405811613,0.0006000642355174973,0,0,1,1,0,0.4,1,1.1,0.9
40,1,0.004266617825715469,0.0010693152232119265,0,0,1,1,0,0.4,1,1.1,0.9
