BUS_I,BUS_TYPE,Pd,Qd,Gs,Bs,area,Vm,Va,baseKV,zone,Vmax,Vmin
1,1,0.04075230921006755,0.010213491435000364,0,0,1,1,0,0.4,1,1.1,0.9
2,1,0.036515908088026273,0.009151749231579279,0,0,1,1,0,0.4,1,1.1,0.9
4,1,0.0,0.0,0,0,1,1,0,0.4,1,1.1,0.9
6,1,0.038742624255860496,0.009709816907968358,0,0,1,1,0,0.4,1,1.1,0.9
5,1,0.0,0.0,0,0,1,1,0,0.4,1,1.1,0.9
15,1,0.045567116224985445,0.011420195819641593,0,0,1,1,0,0.4,1,1.1,0.9
22,1,0.05652426035938891,0.014166314995169137,0,0,1,1,0,0.4,1,1.1,0.9
8,1,0.0,0.0,0,0,1,1,0,0.4,1,1.1,0.9
14,1,0.06516285555395426,0.016331351032153562,0,0,1,1,0,0.4,1,1.1,0.9
9,1,0.020825663936739215,0.005219403375392905,0,0,1,1,0,0.4,1,1.1,0.9
10,1,0.024337890727310425,0.0060996503831972125,0,0,1,1,0,0.4,1,1.1,0.9
11,1,0.04890951940192946,0.01225788101789785,0,0,1,1,0,0.4,1,1.1,0.9
16,1,0.024585861905926855,0.006161797818717263,0,0,1,1,0,0.4,1,1.1,0.9
12,1,0.056844578973384664,0.014246594407156633,0,0,1,1,0,0.4,1,1.1,0.9
17,1,0.019988066829320184,0.005009481752583566,0,0,1,1,0,0.4,1,1.1,0.9
13,3,0.06250194611452509,0.01566446426436747,0,0,1,1,0,0.4,1,1.1,0.9
18,1,0.010430615171377628,0.0026141585784869364,0,0,1,1,0,0.4,1,1.1,0.9
19,1,0.02868317336901465,0.00718868086770134,0,0,1,1,0,0.4,1,1.1,0.9
