F_BUS,T_BUS,BR_R,BR_X,BR_B,RATE_A,RATE_B,RATE_C,TAP,SHIFT,BR_STATUS,ANGMIN,ANGMAX
1,2,0.21698679276207827,0.1388715473677301,3.643792461241958e-10,0,0,0,0,0,1,-90,90
1,3,0.10515538014301609,0.0672994432915303,1.765841950778481e-10,0,0,0,0,0,1,-90,90
2,4,1.1183930548433372,0.7157715550997358,3.756166105843947e-09,0,0,0,0,0,1,-90,90
3,5,1.781977015931682,1.1404652901962764,2.992419185566708e-09,0,0,0,0,0,1,-90,90
4,6,0.030579203901266123,0.01957069049681032,1.5405214929609384e-10,0,0,0,0,0,1,-90,90
5,16,1.017350604692189,0.6511043870030009,1.7084055746572618e-09,0,0,0,0,0,1,-90,90
6,7,0.9130204766760822,0.5843331050726926,4.599621600269027e-09,0,0,0,0,0,1,-90,90
7,8,0.4024895127819407,0.2575932881804421,2.0276647722221545e-09,0,0,0,0,0,1,-90,90
8,9,0.5485937499999999,0.35109999999999997,2.763709825500223e-09,0,0,0,0,0,1,-90,90
9,24,0.24690698414231607,0.1580204698510823,1.2438699093067449e-09,0,0,0,0,0,1,-90,90
24,10,0.2406577466283593,0.15402095784214995,1.2123874523534765e-09,0,0,0,0,0,1,-90,90
10,22,0.9903698461393957,0.6338367015292133,4.989292850409968e-09,0,0,0,0,0,1,-90,90
22,21,0.5178426176929498,0.3314192753234879,2.6087915339552477e-09,0,0,0,0,0,1,-90,90
21,19,0.16915770748522305,0.10826093279054275,8.521840036201721e-10,0,0,0,0,0,1,-90,90
11,12,2.1408253178403203,1.370128203417805,3.5950221000481883e-09,0,0,0,0,0,1,-90,90
11,13,3.305995846147973,2.1158373415347027,5.551657125187251e-09,0,0,0,0,0,1,-90,90
12,14,0.2212721482403075,0.1416141748737968,3.715755117524154e-10,0,0,0,0,0,1,-90,90
13,15,4.918231980800493,3.1476684677123155,1.6518071340802736e-08,0,0,0,0,0,1,-90,90
14,18,3.3297204672717666,2.131021099053931,5.591497151622173e-09,0,0,0,0,0,1,-90,90
15,20,2.47298573477453,1.5827108702556993,1.2458426610799449e-08,0,0,0,0,0,1,-90,90
18,23,6.578359374999999,4.21015,1.1046836534538846e-08,0,0,0,0,0,1,-90,90
20,19,0.12543521519731363,0.08027853772628073,6.319184947049629e-10,0,0,0,0,0,1,-90,90
