BUS_I,BUS_TYPE,Pd,Qd,Gs,Bs,area,Vm,Va,baseKV,zone,Vmax,Vmin
1,1,0.047987235844829786,0.01202673497013592,0,0,1,1,0,0.4,1,1.1,0.9
2,1,0.05851443103662347,0.01466509878337966,0,0,1,1,0,0.4,1,1.1,0.9
4,1,0.0,0.0,0,0,1,1,0,0.4,1,1.1,0.9
5,1,0.0,0.0,0,0,1,1,0,0.4,1,1.1,0.9
8,1,0.041635356553346874,0.01043480396064873,0,0,1,1,0,0.4,1,1.1,0.9
6,1,0.0,0.0,0,0,1,1,0,0.4,1,1.1,0.9
9,1,0.0,0.0,0,0,1,1,0,0.4,1,1.1,0.9
12,3,0.05929384178673324,0.014860437530432227,0,0,1,1,0,0.4,1,1.1,0.9
10,1,0.027094356041485614,0.00679048571064042,0,0,1,1,0,0.4,1,1.1,0.9
11,1,0.0429590692287591,0.01076655762896317,0,0,1,1,0,0.4,1,1.1,0.9
13,1,0.0720705718967381,0.018062587937987734,0,0,1,1,0,0.4,1,1.1,0.9
14,1,0.06252620197221007,0.01567054335533228,0,0,1,1,0,0.4,1,1.1,0.9
