BUS_I,BUS_TYPE,Pd,Qd,Gs,Bs,area,Vm,Va,baseKV,zone,Vmax,Vmin
1,1,0.016218694805762116,0.004064788074502876,0,0,1,1,0,0.4,1,1.1,0.9
2,1,0.0,0.0,0,0,1,1,0,0.4,1,1.1,0.9
3,1,0.0,0.0,0,0,1,1,0,0.4,1,1.1,0.9
5,1,0.0,0.0,0,0,1,1,0,0.4,1,1.1,0.9
8,1,0.0,0.0,0,0,1,1,0,0.4,1,1.1,0.9
9,3,0.0,0.0,0,0,1,1,0,0.4,1,1.1,0.9
6,1,0.0,0.0,0,0,1,1,0,0.4,1,1.1,0.9
17,1,0.01032660614112937,0.0025880914583606284,0,0,1,1,0,0.4,1,1.1,0.9
16,1,0.0200910096847534,0.005035281664113534,0,0,1,1,0,0.4,1,1.1,0.9
7,1,0.0,0.0,0,0,1,1,0,0.4,1,1.1,0.9
14,1,0.0691370425310368,0.01732737617620834,0,0,1,1,0,0.4,1,1.1,0.9
18,1,0.013263102020197886,0.0033240466984718045,0,0,1,1,0,0.4,1,1.1,0.9
10,1,0.05550439128194696,0.013910711710614608,0,0,1,1,0,0.4,1,1.1,0.9
11,1,0.0,0.0,0,0,1,1,0,0.4,1,1.1,0.9
12,1,0.0014926328867136294,0.00037408906389735,0,0,1,1,0,0.4,1,1.1,0.9
13,1,0.0,0.0,0,0,1,1,0,0.4,1,1.1,0.9
15,1,0.00736064314662337,0.001844751062979268,0,0,1,1,0,0.4,1,1.1,0.9
