F_BUS,T_BUS,BR_R,BR_X,BR_B,RATE_A,RATE_B,RATE_C,TAP,SHIFT,BR_STATUS,ANGMIN,ANGMAX
1,3,0.5153001549724229,0.32979209918235064,8.653276985498973e-10,0,0,0,0,0,1,-90,90
3,5,1.5304946686070409,0.9795165879085062,5.140225231639974e-09,0,0,0,0,0,1,-90,90
3,6,0.8625423643988085,0.5520271132152375,2.8968817179065343e-09,0,0,0,0,0,1,-90,90
5,17,0.6984600286717614,0.4470144183499273,2.3458048801556284e-09,0,0,0,0,0,1,-90,90
6,8,2.535178431746872,1.6225141963179983,4.25724715311654e-09,0,0,0,0,0,1,-90,90
4,18,3.2974253623196015,2.1103522318845447,5.5372649753400216e-09,0,0,0,0,0,1,-90,90
4,24,1.6914939986539275,1.0825561591385138,2.8404738380963583e-09,0,0,0,0,0,1,-90,90
18,19,2.351693372032965,1.5050837581010974,3.94912633671775e-09,0,0,0,0,0,1,-90,90
8,10,2.3025408034065307,1.4736261141801796,3.86658594025774e-09,0,0,0,0,0,1,-90,90
8,7,2.0789669400198716,1.330538841612718,3.4911452290655605e-09,0,0,0,0,0,1,-90,90
19,20,1.013152724646644,0.6484177437738523,1.7013562038322246e-09,0,0,0,0,0,1,-90,90
10,22,7.341898957802574,4.6988153329936475,1.232902506788726e-08,0,0,0,0,0,1,-90,90
22,14,0.7020047177202584,0.4492830193409654,1.178854927355011e-09,0,0,0,0,0,1,-90,90
14,21,3.2765624999999994,2.0969999999999995,5.502230612431377e-09,0,0,0,0,0,1,-90,90
14,12,2.0219897800121442,1.2940734592077723,3.3954652369995094e-09,0,0,0,0,0,1,-90,90
21,20,1.9981005080958543,1.2787843251813467,3.355348717553747e-09,0,0,0,0,0,1,-90,90
12,13,5.184374999999999,3.317999999999999,8.705961455435054e-09,0,0,0,0,0,1,-90,90
12,11,3.3754652175364535,2.1602977392233305,5.66831490353882e-09,0,0,0,0,0,1,-90,90
13,15,4.571926406336143,2.9260329000551315,7.677495372276922e-09,0,0,0,0,0,1,-90,90
15,16,5.4761377723788005,3.5047281743224326,9.195909703866295e-09,0,0,0,0,0,1,-90,90
