F_BUS,T_BUS,BR_R,BR_X,BR_B,RATE_A,RATE_B,RATE_C,TAP,SHIFT,BR_STATUS,ANGMIN,ANGMAX
1,2,1.9707352643912754,0.7579751016889521,1.988819174045655e-09,0,0,0,0,0,1,-90,90
1,3,2.939715577964292,1.130659837678574,2.966691068727583e-09,0,0,0,0,0,1,-90,90
2,4,0.4551493976765016,0.17505746064480832,4.593259508318385e-10,0,0,0,0,0,1,-90,90
3,5,1.8264003680771594,0.7024616800296768,1.843159828287679e-09,0,0,0,0,0,1,-90,90
3,6,2.9968238285448137,1.1526245494403131,3.024323357448934e-09,0,0,0,0,0,1,-90,90
4,10,2.1518684282290965,0.8276417031650372,2.1716144564995285e-09,0,0,0,0,0,1,-90,90
4,7,1.1618301586161899,0.44685775331391925,1.1724913732408941e-09,0,0,0,0,0,1,-90,90
5,15,1.3702315059286538,0.5270121176648669,1.3828050581487448e-09,0,0,0,0,0,1,-90,90
7,8,1.7353172380125896,0.6674297069279191,1.7512408989532184e-09,0,0,0,0,0,1,-90,90
8,9,1.9296763413362459,0.7421832082062484,1.9473834850858134e-09,0,0,0,0,0,1,-90,90
9,11,3.0483310519667204,1.1724350199872002,3.0763032227277857e-09,0,0,0,0,0,1,-90,90
11,12,9.302847378129137,3.5780182223573607,9.388212396228883e-09,0,0,0,0,0,1,-90,90
12,19,4.996625064481975,1.9217788709546062,5.0424752189271546e-09,0,0,0,0,0,1,-90,90
19,17,1.5095794189225558,0.5806074688163676,1.523431658906874e-09,0,0,0,0,0,1,-90,90
17,18,1.5313575779508561,0.5889836838272524,1.5454096592164576e-09,0,0,0,0,0,1,-90,90
20,21,5.195189999999998,1.9981499999999996,5.242862230915477e-09,0,0,0,0,0,1,-90,90
20,18,0.9243200989851281,0.3555077303788955,9.328018679288313e-10,0,0,0,0,0,1,-90,90
21,22,3.569923002715799,1.3730473087368458,3.602681418430324e-09,0,0,0,0,0,1,-90,90
22,23,0.7282018133740001,0.2800776205284616,1.4697679137135337e-09,0,0,0,0,0,1,-90,90
23,24,1.4514065044618654,0.5582332709468713,1.464724936710336e-09,0,0,0,0,0,1,-90,90
