BUS_I,BUS_TYPE,Pd,Qd,Gs,Bs,area,Vm,Va,baseKV,zone,Vmax,Vmin
15,1,0.00029388528836995673,7.365459611544281e-05,0,0,1,1,0,0.4,1,1.1,0.9
16,1,0.0006724720696939779,0.00016853738738318303,0,0,1,1,0,0.4,1,1.1,0.9
17,1,0.0,0.0,0,0,1,1,0,0.4,1,1.1,0.9
18,1,0.0006177680905201276,0.000154827277856076,0,0,1,1,0,0.4,1,1.1,0.9
19,1,0.020543829499796974,0.005148769007338822,0,0,1,1,0,0.4,1,1.1,0.9
62,1,0.0,0.0,0,0,1,1,0,0.4,1,1.1,0.9
38,3,0.0,0.0,0,0,1,1,0,0.4,1,1.1,0.9
28,1,0.0004095382959236181,0.0001026399720359205,0,0,1,1,0,0.4,1,1.1,0.9
29,1,0.0004456136520096244,0.00011168130852803735,0,0,1,1,0,0.4,1,1.1,0.9
30,1,0.0,0.0,0,0,1,1,0,0.4,1,1.1,0.9
31,1,0.0,0.0,0,0,1,1,0,0.4,1,1.1,0.9
32,1,0.0,0.0,0,0,1,1,0,0.4,1,1.1,0.9
33,1,0.0,0.0,0,0,1,1,0,0.4,1,1.1,0.9
59,1,0.00046064532365652913,0.00011544860055627589,0,0,1,1,0,0.4,1,1.1,0.9
35,1,0.003523133068347615,0.0008829803786688356,0,0,1,1,0,0.4,1,1.1,0.9
40,1,0.0,0.0,0,0,1,1,0,0.4,1,1.1,0.9
114,1,0.0014011462785418888,0.0003511603585775427,0,0,1,1,0,0.4,1,1.1,0.9
36,1,0.0003605471209360819,9.036162619920918e-05,0,0,1,1,0,0.4,1,1.1,0.9
37,1,0.0,0.0,0,0,1,1,0,0.4,1,1.1,0.9
39,1,0.0005814958540832403,0.00014573659849685737,0,0,1,1,0,0.4,1,1.1,0.9
67,1,0.0008465651298640449,0.0002121692210977917,0,0,1,1,0,0.4,1,1.1,0.9
120,1,0.0002701613971992302,6.770882852646808e-05,0,0,1,1,0,0.4,1,1.1,0.9
60,1,0.0001711152911447347,4.288553444899239e-05,0,0,1,1,0,0.4,1,1.1,0.9
61,1,0.001048246154378719,0.0002627152504249801,0,0,1,1,0,0.4,1,1.1,0.9
63,1,0.0,0.0,0,0,1,1,0,0.4,1,1.1,0.9
81,1,0.0001988935568199478,4.9847424070767846e-05,0,0,1,1,0,0.4,1,1.1,0.9
91,1,0.00019329283810344007,4.844375164705237e-05,0,0,1,1,0,0.4,1,1.1,0.9
92,1,0.0,0.0,0,0,1,1,0,0.4,1,1.1,0.9
122,1,0.0003472469329227021,8.702828487471337e-05,0,0,1,1,0,0.4,1,1.1,0.9
94,1,0.0007668012642519207,0.00019217851200563813,0,0,1,1,0,0.4,1,1.1,0.9
115,1,0.0,0.0,0,0,1,1,0,0.4,1,1.1,0.9
116,1,0.00027418180272914923,6.871643713174711e-05,0,0,1,1,0,0.4,1,1.1,0.9
117,1,0.0001281110288842718,3.210765037862809e-05,0,0,1,1,0,0.4,1,1.1,0.9
121,1,0.0012546537968483012,0.0003144458818749617,0,0,1,1,0,0.4,1,1.1,0.9
