F_BUS,T_BUS,BR_R,BR_X,BR_B,RATE_A,RATE_B,RATE_C,TAP,SHIFT,BR_STATUS,ANGMIN,ANGMAX
1,2,3.013970814697365,1.9289413214063136,5.061268473164355e-09,0,0,0,0,0,1,-90,90
2,11,4.729874507045601,3.027119684509185,7.942732758989055e-09,0,0,0,0,0,1,-90,90
11,12,7.395944051230304,4.733404192787394,1.2419781330741934e-08,0,0,0,0,0,1,-90,90
11,9,0.8716559763886352,0.5578598248887265,1.4637450672142865e-09,0,0,0,0,0,1,-90,90
12,14,3.627956104732431,2.321891907028756,6.092315083266709e-09,0,0,0,0,0,1,-90,90
9,10,0.8246516068729254,0.5277770283986722,1.384812075437882e-09,0,0,0,0,0,1,-90,90
3,4,0.7673877625744912,0.49112816804767434,2.577301326522895e-09,0,0,0,0,0,1,-90,90
3,5,0.6426095959613034,0.41127014141523416,2.158229053003227e-09,0,0,0,0,0,1,-90,90
4,6,0.46950360708009975,0.30048230853126384,1.5768459289411253e-09,0,0,0,0,0,1,-90,90
5,7,0.8028752379969869,0.5138401523180717,2.6964873781410546e-09,0,0,0,0,0,1,-90,90
6,10,0.9393723846999311,0.601198326207956,3.1549182971901956e-09,0,0,0,0,0,1,-90,90
7,8,1.0712034900164045,0.6855702336104988,1.7988390683564227e-09,0,0,0,0,0,1,-90,90
8,17,0.6913031298011719,0.44243400307275,1.1608840799653999e-09,0,0,0,0,0,1,-90,90
13,21,1.3810937499999998,0.8838999999999998,2.3192282490834975e-09,0,0,0,0,0,1,-90,90
13,20,2.1118152108916735,1.351561734970671,3.5463063198600333e-09,0,0,0,0,0,1,-90,90
21,26,3.6892187499999993,2.3610999999999995,6.195191558899248e-09,0,0,0,0,0,1,-90,90
21,22,2.122077050883184,1.3581293125652376,3.5635387120824195e-09,0,0,0,0,0,1,-90,90
20,23,4.327757370527386,2.769764717137527,7.267469821586283e-09,0,0,0,0,0,1,-90,90
20,19,1.758219513209376,1.1252604884540005,2.9525239420749104e-09,0,0,0,0,0,1,-90,90
17,18,1.9403875502300485,1.2418480321472312,3.2584331227792852e-09,0,0,0,0,0,1,-90,90
18,19,1.83965243462542,1.1773775581602688,3.0892717419642995e-09,0,0,0,0,0,1,-90,90
18,16,2.99828125,1.9188999999999998,5.03492146981143e-09,0,0,0,0,0,1,-90,90
22,24,2.0363608346458135,1.3032709341733208,3.4195981069625578e-09,0,0,0,0,0,1,-90,90
16,25,2.937656249999999,1.8800999999999997,4.933115772261435e-09,0,0,0,0,0,1,-90,90
