BUS_I,BUS_TYPE,Pd,Qd,Gs,Bs,area,Vm,Va,baseKV,zone,Vmax,Vmin
1,1,0.0016551745926326941,0.00041482585534338164,0,0,1,1,0,0.4,1,1.1,0.9
2,1,0.0019070146924533731,0.0004779429339179795,0,0,1,1,0,0.4,1,1.1,0.9
3,1,0.001539615610463529,0.0003858640444055476,0,0,1,1,0,0.4,1,1.1,0.9
5,1,0.0972350927417297,0.024369411357277937,0,0,1,1,0,0.4,1,1.1,0.9
31,1,0.0,0.0,0,0,1,1,0,0.4,1,1.1,0.9
28,1,0.0,0.0,0,0,1,1,0,0.4,1,1.1,0.9
30,3,0.005805564669300002,0.0014550116588384124,0,0,1,1,0,0.4,1,1.1,0.9
39,1,0.008623352055585117,0.002161215746246675,0,0,1,1,0,0.4,1,1.1,0.9
10,1,0.0,0.0,0,0,1,1,0,0.4,1,1.1,0.9
7,1,0.0024773365761748584,0.0006208790714643556,0,0,1,1,0,0.4,1,1.1,0.9
8,1,0.0,0.0,0,0,1,1,0,0.4,1,1.1,0.9
9,1,0.0,0.0,0,0,1,1,0,0.4,1,1.1,0.9
11,1,0.003504989383020783,0.0008784331424930962,0,0,1,1,0,0.4,1,1.1,0.9
12,1,0.0021973187575910825,0.0005506999908873377,0,0,1,1,0,0.4,1,1.1,0.9
13,1,0.0036938231914128905,0.0009257593559527945,0,0,1,1,0,0.4,1,1.1,0.9
14,1,0.0,0.0,0,0,1,1,0,0.4,1,1.1,0.9
22,1,0.0,0.0,0,0,1,1,0,0.4,1,1.1,0.9
29,1,0.0039305505730697615,0.0009850888303273462,0,0,1,1,0,0.4,1,1.1,0.9
20,1,0.003058480372753605,0.0007665274360334559,0,0,1,1,0,0.4,1,1.1,0.9
15,1,0.0020847172940975235,0.0005224794039990771,0,0,1,1,0,0.4,1,1.1,0.9
16,1,0.0007842599919302142,0.00019655408161297226,0,0,1,1,0,0.4,1,1.1,0.9
17,1,0.0013231687901902672,0.0003316173578288789,0,0,1,1,0,0.4,1,1.1,0.9
18,1,0.001492559125286471,0.00037407057754113807,0,0,1,1,0,0.4,1,1.1,0.9
19,1,0.0,0.0,0,0,1,1,0,0.4,1,1.1,0.9
35,1,0.010426381881521802,0.0026130976160403303,0,0,1,1,0,0.4,1,1.1,0.9
34,1,0.0008926211192124026,0.0002237119400714618,0,0,1,1,0,0.4,1,1.1,0.9
21,1,0.006659488186140412,0.001669025065549616,0,0,1,1,0,0.4,1,1.1,0.9
23,1,0.0036163529301430665,0.0009063434782937411,0,0,1,1,0,0.4,1,1.1,0.9
24,1,0.0028219740198000966,0.000707253356673627,0,0,1,1,0,0.4,1,1.1,0.9
25,1,0.0023705728965200744,0.000594121571119961,0,0,1,1,0,0.4,1,1.1,0.9
26,1,0.0,0.0,0,0,1,1,0,0.4,1,1.1,0.9
27,1,0.002374508507723016,0.0005951079282636882,0,0,1,1,0,0.4,1,1.1,0.9
32,1,0.0028304149656478914,0.0007093688571149727,0,0,1,1,0,0.4,1,1.1,0.9
36,1,0.002676202659194974,0.0006707196099518348,0,0,1,1,0,0.4,1,1.1,0.9
37,1,0.0018794567625026438,0.0004710362656340487,0,0,1,1,0,0.4,1,1.1,0.9
