BUS_I,BUS_TYPE,Pd,Qd,Gs,Bs,area,Vm,Va,baseKV,zone,Vmax,Vmin
1,1,0.005987848525846045,0.0015006962996271095,0,0,1,1,0,0.4,1,1.1,0.9
2,1,0.004216856924551116,0.0010568439658110215,0,0,1,1,0,0.4,1,1.1,0.9
3,1,0.0,0.0,0,0,1,1,0,0.4,1,1.1,0.9
4,1,0.0024127760753751195,0.00060469868476385,0,0,1,1,0,0.4,1,1.1,0.9
5,1,0.01001509870385753,0.002510020335418499,0,0,1,1,0,0.4,1,1.1,0.9
12,1,0.006949824153508157,0.0017417901179714907,0,0,1,1,0,0.4,1,1.1,0.9
30,3,0.010532544993683496,0.002639704599982938,0,0,1,1,0,0.4,1,1.1,0.9
10,1,0.0,0.0,0,0,1,1,0,0.4,1,1.1,0.9
31,1,0.0317351866909705,0.007953587508024985,0,0,1,1,0,0.4,1,1.1,0.9
6,1,0.0043731393105906876,0.0010960120238228668,0,0,1,1,0,0.4,1,1.1,0.9
8,1,0.0,0.0,0,0,1,1,0,0.4,1,1.1,0.9
11,1,0.0010554012649780392,0.0002645084901760316,0,0,1,1,0,0.4,1,1.1,0.9
16,1,0.0,0.0,0,0,1,1,0,0.4,1,1.1,0.9
15,1,0.0007513695337769377,0.000188310955783952,0,0,1,1,0,0.4,1,1.1,0.9
17,1,0.0009293379894888678,0.0002329140551750657,0,0,1,1,0,0.4,1,1.1,0.9
34,1,0.007834531053848988,0.0019635185678254325,0,0,1,1,0,0.4,1,1.1,0.9
35,1,0.0055943671112562545,0.0014020805613868864,0,0,1,1,0,0.4,1,1.1,0.9
36,1,0.0,0.0,0,0,1,1,0,0.4,1,1.1,0.9
32,1,0.004555208887929308,0.001141642961179976,0,0,1,1,0,0.4,1,1.1,0.9
37,1,0.005247215825561377,0.0013150762479670697,0,0,1,1,0,0.4,1,1.1,0.9
