F_BUS,T_BUS,BR_R,BR_X,BR_B,RATE_A,RATE_B,RATE_C,TAP,SHIFT,BR_STATUS,ANGMIN,ANGMAX
1,2,0.9559269418083834,0.6117932427573655,4.815776121285032e-09,0,0,0,0,0,1,-90,90
1,3,0.6854899982582002,0.4387135988852482,3.4533668009676006e-09,0,0,0,0,0,1,-90,90
2,4,1.6700260416666663,1.0688166666666665,8.413270074978823e-09,0,0,0,0,0,1,-90,90
3,5,0.47564625338852035,0.30441360216865304,2.3962143643674813e-09,0,0,0,0,0,1,-90,90
4,8,1.3986558702066072,0.8951397569322286,7.046159331898269e-09,0,0,0,0,0,1,-90,90
5,12,0.46142321942602316,0.29531086043265486,2.3245614541573727e-09,0,0,0,0,0,1,-90,90
8,9,2.964241116746411,1.8971143147177032,9.955517842366734e-09,0,0,0,0,0,1,-90,90
12,11,0.7032558859816959,0.45008376702828545,3.542867927183783e-09,0,0,0,0,0,1,-90,90
35,9,28.503027881256973,18.241937844004465,4.786425790908527e-08,0,0,0,0,0,1,-90,90
9,10,7.49472832300655,4.796626126724192,1.2585666719527895e-08,0,0,0,0,0,1,-90,90
10,16,7.820171280049746,5.004909619231837,1.3132173065994129e-08,0,0,0,0,0,1,-90,90
16,17,4.674143668633154,2.9914519479252184,7.849145676438536e-09,0,0,0,0,0,1,-90,90
16,18,7.465795121107866,4.778108877509035,1.2537080083624386e-08,0,0,0,0,0,1,-90,90
11,13,1.2860500341888403,0.8230720218808579,6.4788727825874755e-09,0,0,0,0,0,1,-90,90
13,14,1.1654904963899986,0.7459139176895991,1.9571723376968676e-09,0,0,0,0,0,1,-90,90
14,15,1.2428608548158568,0.7954309470821485,2.087098000529652e-09,0,0,0,0,0,1,-90,90
