F_BUS,T_BUS,BR_R,BR_X,BR_B,RATE_A,RATE_B,RATE_C,TAP,SHIFT,BR_STATUS,ANGMIN,ANGMAX
1,2,3.480769347620289,2.227692382476985,5.8451488898164305e-09,0,0,0,0,0,1,-90,90
2,3,6.968760195904516,4.4600065253788905,1.1702424623549563e-08,0,0,0,0,0,1,-90,90
3,4,4.676150962878351,2.9927366162421447,7.852516463915987e-09,0,0,0,0,0,1,-90,90
3,6,10.470500602353779,6.701120385506417,1.7582789567344476e-08,0,0,0,0,0,1,-90,90
4,21,2.163157282168789,1.3844206605880252,3.6325234807677162e-09,0,0,0,0,0,1,-90,90
6,7,4.9184329477608895,3.147797086566969,8.259373148035804e-09,0,0,0,0,0,1,-90,90
6,22,2.62585341374442,1.6805461847964287,4.409514861035607e-09,0,0,0,0,0,1,-90,90
6,5,6.3826244676157025,4.0848796592740495,1.0718144925777744e-08,0,0,0,0,0,1,-90,90
5,8,4.73753986216098,3.0320255117830275,7.955604954032182e-09,0,0,0,0,0,1,-90,90
8,31,4.836953124999999,3.095649999999999,8.122546588160798e-09,0,0,0,0,0,1,-90,90
8,20,1.0411525258768344,0.666337616561174,3.496750817412926e-09,0,0,0,0,0,1,-90,90
7,10,0.8171625101862496,0.5229840065191999,1.3722358657520038e-09,0,0,0,0,0,1,-90,90
10,11,1.1893500387252611,0.7611840247841671,1.997238933171754e-09,0,0,0,0,0,1,-90,90
20,19,1.8172555423955825,1.1630435471331728,6.103322659634639e-09,0,0,0,0,0,1,-90,90
9,12,6.6559391361663485,4.259801047146463,1.1177113840952077e-08,0,0,0,0,0,1,-90,90
9,25,1.1640407724962527,0.7449860943976017,1.9547378609585962e-09,0,0,0,0,0,1,-90,90
12,27,2.2509642764618123,1.44061713693556,3.779975065159792e-09,0,0,0,0,0,1,-90,90
25,24,2.2801333749913546,1.459285359994467,3.8289578350188365e-09,0,0,0,0,0,1,-90,90
27,18,5.981239318329315,3.8279931637307616,1.0044111192015945e-08,0,0,0,0,0,1,-90,90
26,17,4.090853776885253,2.618146417206562,6.869644904426074e-09,0,0,0,0,0,1,-90,90
17,24,2.3245262029285434,1.4876967698742676,3.9035053453588336e-09,0,0,0,0,0,1,-90,90
17,16,1.0285487459116918,0.6582711973834827,3.4544205374585183e-09,0,0,0,0,0,1,-90,90
19,16,0.6772286956111625,0.4334263651911441,2.2744986311774675e-09,0,0,0,0,0,1,-90,90
18,29,1.4299705004757215,0.9151811203044616,2.4013054726077503e-09,0,0,0,0,0,1,-90,90
13,14,6.954084635331616,4.450614166612234,1.1677780406129994e-08,0,0,0,0,0,1,-90,90
14,15,5.036329624382035,3.2232509596045027,8.457353410340824e-09,0,0,0,0,0,1,-90,90
15,16,4.566867789853158,2.922795385506021,7.66900059323052e-09,0,0,0,0,0,1,-90,90
