BUS_I,BUS_TYPE,Pd,Qd,Gs,Bs,area,Vm,Va,baseKV,zone,Vmax,Vmin
1,1,0.01344237763742755,0.003368977403420108,0,0,1,1,0,0.4,1,1.1,0.9
2,1,0.0,0.0,0,0,1,1,0,0.4,1,1.1,0.9
4,1,0.0,0.0,0,0,1,1,0,0.4,1,1.1,0.9
12,1,0.0,0.0,0,0,1,1,0,0.4,1,1.1,0.9
23,1,0.009183404819480627,0.002301578199763345,0,0,1,1,0,0.4,1,1.1,0.9
5,1,0.0,0.0,0,0,1,1,0,0.4,1,1.1,0.9
9,1,0.0,0.0,0,0,1,1,0,0.4,1,1.1,0.9
27,1,0.014920883596079968,0.0037395259254057764,0,0,1,1,0,0.4,1,1.1,0.9
7,1,0.0,0.0,0,0,1,1,0,0.4,1,1.1,0.9
11,1,0.0,0.0,0,0,1,1,0,0.4,1,1.1,0.9
26,1,0.08805478231494679,0.022068608685427666,0,0,1,1,0,0.4,1,1.1,0.9
8,1,0.0,0.0,0,0,1,1,0,0.4,1,1.1,0.9
20,1,0.005735142472776365,0.0014373621927107263,0,0,1,1,0,0.4,1,1.1,0.9
10,1,0.0,0.0,0,0,1,1,0,0.4,1,1.1,0.9
29,1,0.052951070441449914,0.013270789187431993,0,0,1,1,0,0.4,1,1.1,0.9
25,1,0.0033637616133285237,0.0008430381269934652,0,0,1,1,0,0.4,1,1.1,0.9
14,3,0.01775418731571109,0.004449618772513892,0,0,1,1,0,0.4,1,1.1,0.9
13,1,0.0,0.0,0,0,1,1,0,0.4,1,1.1,0.9
15,1,0.03811348536540343,0.00955213983902029,0,0,1,1,0,0.4,1,1.1,0.9
24,1,0.003363759571994647,0.0008430376153869705,0,0,1,1,0,0.4,1,1.1,0.9
28,1,0.02937273875289911,0.007361502243439154,0,0,1,1,0,0.4,1,1.1,0.9
18,1,0.0,0.0,0,0,1,1,0,0.4,1,1.1,0.9
17,1,0.04111636227405614,0.010304731733354172,0,0,1,1,0,0.4,1,1.1,0.9
21,1,0.005709952219427415,0.0014310489201180305,0,0,1,1,0,0.4,1,1.1,0.9
16,1,0.04209594413113945,0.010550238088727291,0,0,1,1,0,0.4,1,1.1,0.9
22,1,0.005560427063746984,0.001393574383669384,0,0,1,1,0,0.4,1,1.1,0.9
