F_BUS,T_BUS,BR_R,BR_X,BR_B,RATE_A,RATE_B,RATE_C,TAP,SHIFT,BR_STATUS,ANGMIN,ANGMAX
1,2,4.281250235516911,1.6466347059680428,4.3205359497707705e-09,0,0,0,0,0,1,-90,90
1,3,5.654853264221254,2.174943563162021,5.7067434685458504e-09,0,0,0,0,0,1,-90,90
3,5,9.703589999999998,3.732149999999999,9.79263232245387e-09,0,0,0,0,0,1,-90,90
3,7,4.770001577995671,1.8346159915367968,4.813772184401482e-09,0,0,0,0,0,1,-90,90
5,6,2.9927299999999994,1.15105,3.0201919630134175e-09,0,0,0,0,0,1,-90,90
5,14,5.235557820521528,2.0136760848159727,5.283600475629665e-09,0,0,0,0,0,1,-90,90
7,9,1.7752799999999997,0.6828,1.7915703682251521e-09,0,0,0,0,0,1,-90,90
6,16,9.207179591811151,3.5412229199273657,9.29166674080495e-09,0,0,0,0,0,1,-90,90
14,12,9.641935434184187,3.708436705455457,9.73041200048697e-09,0,0,0,0,0,1,-90,90
9,10,3.796145762203189,1.460056062385842,3.830980048796088e-09,0,0,0,0,0,1,-90,90
9,8,8.927781743867255,3.433762209179714,9.009705075421372e-09,0,0,0,0,0,1,-90,90
12,11,9.474551764079294,3.6440583707997285,9.561492380210338e-09,0,0,0,0,0,1,-90,90
