F_BUS,T_BUS,BR_R,BR_X,BR_B,RATE_A,RATE_B,RATE_C,TAP,SHIFT,BR_STATUS,ANGMIN,ANGMAX
1,2,2.694185847521042,1.7242789424134666,4.5242634150301274e-09,0,0,0,0,0,1,-90,90
1,3,0.9013691449103257,0.5768762527426085,1.5136414770744306e-09,0,0,0,0,0,1,-90,90
3,5,0.9770968293324198,0.6253419707727487,1.6408086479847333e-09,0,0,0,0,0,1,-90,90
5,15,0.7056649313683702,0.45162555607575694,1.1850014115385663e-09,0,0,0,0,0,1,-90,90
4,13,1.3013852494507299,0.8328865596484671,2.1853762161089406e-09,0,0,0,0,0,1,-90,90
13,14,2.9042565384369996,1.8587241845996798,4.877028664077686e-09,0,0,0,0,0,1,-90,90
13,6,1.4174218749999996,0.9071499999999999,2.3802329518679656e-09,0,0,0,0,0,1,-90,90
15,10,1.5845312499999997,1.0140999999999998,2.6608545846765182e-09,0,0,0,0,0,1,-90,90
6,27,1.925057511080846,1.2320368070917416,3.2326898596196435e-09,0,0,0,0,0,1,-90,90
27,26,1.1718621497066681,0.7499917758122676,1.9678720591063565e-09,0,0,0,0,0,1,-90,90
9,16,0.6148437499999999,0.39349999999999996,1.03248819551347e-09,0,0,0,0,0,1,-90,90
9,17,0.8521606085824194,0.5453827894927484,1.4310070957750205e-09,0,0,0,0,0,1,-90,90
16,24,1.211091173558976,0.7750983510777447,4.0674963041917505e-09,0,0,0,0,0,1,-90,90
16,10,0.9732529273734213,0.6228818735189897,3.268707403342674e-09,0,0,0,0,0,1,-90,90
17,18,1.148207529421814,0.7348528188299609,1.928149582926896e-09,0,0,0,0,0,1,-90,90
10,20,0.7634451035856589,0.4886048662948217,1.2820298773058215e-09,0,0,0,0,0,1,-90,90
20,21,1.294483864722814,0.828469673422601,2.173786933036176e-09,0,0,0,0,0,1,-90,90
14,23,1.291584297273468,0.8266139502550195,2.1689177786151628e-09,0,0,0,0,0,1,-90,90
24,25,0.7721817799897263,0.4941963391934248,1.2967011092329913e-09,0,0,0,0,0,1,-90,90
26,22,1.323776254922131,0.8472168031501639,2.222976742803567e-09,0,0,0,0,0,1,-90,90
19,18,1.027598484298805,0.6576630299512354,1.7256145236347452e-09,0,0,0,0,0,1,-90,90
21,22,1.3073965792086346,0.8367338106935263,2.1954708572504915e-09,0,0,0,0,0,1,-90,90
