F_BUS,T_BUS,BR_R,BR_X,BR_B,RATE_A,RATE_B,RATE_C,TAP,SHIFT,BR_STATUS,ANGMIN,ANGMAX
1,2,1.679483910074736,1.074869702447831,5.640611331600822e-09,0,0,0,0,0,1,-90,90
1,3,4.2972933621964895,2.7502677518057532,7.216312549531921e-09,0,0,0,0,0,1,-90,90
2,4,5.05912713922489,3.23784136910393,8.495636575717865e-09,0,0,0,0,0,1,-90,90
4,6,1.7082952747256963,1.0933089758244456,2.8686877041617843e-09,0,0,0,0,0,1,-90,90
4,7,2.945365855553912,1.8850341475545038,4.9460622757047576e-09,0,0,0,0,0,1,-90,90
6,10,2.154340327098521,1.3787778093430536,3.6177174393459334e-09,0,0,0,0,0,1,-90,90
7,17,3.7154291593916238,2.377874662010639,6.239205893104366e-09,0,0,0,0,0,1,-90,90
10,9,1.6167771121613546,1.034737351783267,2.715004069054872e-09,0,0,0,0,0,1,-90,90
8,11,1.4516270904019564,0.9290413378572522,2.4376727178695157e-09,0,0,0,0,0,1,-90,90
8,9,3.0961703665182174,1.9815490345716593,5.199303651909407e-09,0,0,0,0,0,1,-90,90
11,15,2.79674874154552,1.789919194589133,4.696494127919334e-09,0,0,0,0,0,1,-90,90
11,12,0.9287844105456203,0.5944220227491971,1.559679089305681e-09,0,0,0,0,0,1,-90,90
12,13,3.7603339625659786,2.4066137360422264,6.314613147710722e-09,0,0,0,0,0,1,-90,90
