BUS_I,BUS_TYPE,Pd,Qd,Gs,Bs,area,Vm,Va,baseKV,zone,Vmax,Vmin
5,1,0.0,0.0,0,0,1,1,0,0.4,1,1.1,0.9
51,1,0.0,0.0,0,0,1,1,0,0.4,1,1.1,0.9
48,1,0.0014554235407089175,0.0003647635227418268,0,0,1,1,0,0.4,1,1.1,0.9
142,1,0.009517755702536887,0.002385374429880688,0,0,1,1,0,0.4,1,1.1,0.9
77,1,0.0,0.0,0,0,1,1,0,0.4,1,1.1,0.9
18,1,0.002241969002238124,0.0005618903970290482,0,0,1,1,0,0.4,1,1.1,0.9
20,1,0.0,0.0,0,0,1,1,0,0.4,1,1.1,0.9
21,1,0.000995483786047638,0.00024949175444437184,0,0,1,1,0,0.4,1,1.1,0.9
76,1,0.0,0.0,0,0,1,1,0,0.4,1,1.1,0.9
163,1,0.0010706832468091005,0.000268338515849836,0,0,1,1,0,0.4,1,1.1,0.9
78,1,0.0,0.0,0,0,1,1,0,0.4,1,1.1,0.9
79,1,0.0,0.0,0,0,1,1,0,0.4,1,1.1,0.9
164,1,0.005295667092904922,0.001327219280193228,0,0,1,1,0,0.4,1,1.1,0.9
52,1,0.0,0.0,0,0,1,1,0,0.4,1,1.1,0.9
49,1,0.004575205362609428,0.0011466545501386,0,0,1,1,0,0.4,1,1.1,0.9
50,1,0.0035052887629938786,0.0008785081741870122,0,0,1,1,0,0.4,1,1.1,0.9
53,3,0.0,0.0,0,0,1,1,0,0.4,1,1.1,0.9
75,1,0.0007768579978542632,0.00019469896703021452,0,0,1,1,0,0.4,1,1.1,0.9
