BUS_I,BUS_TYPE,Pd,Qd,Gs,Bs,area,Vm,Va,baseKV,zone,Vmax,Vmin
1,1,0.0013863867506993463,0.0003474612722158988,0,0,1,1,0,0.4,1,1.1,0.9
2,1,0.0035002072417697986,0.0008772346249206042,0,0,1,1,0,0.4,1,1.1,0.9
3,1,0.0017715554711874755,0.0004439936529322218,0,0,1,1,0,0.4,1,1.1,0.9
5,1,0.0,0.0,0,0,1,1,0,0.4,1,1.1,0.9
6,1,0.0036577155263358184,0.0009167099220642376,0,0,1,1,0,0.4,1,1.1,0.9
7,1,0.010722551709341962,0.002687324771712762,0,0,1,1,0,0.4,1,1.1,0.9
17,1,0.0013726251124576998,0.000344012280562736,0,0,1,1,0,0.4,1,1.1,0.9
18,1,0.00255075442929348,0.0006392793199051951,0,0,1,1,0,0.4,1,1.1,0.9
12,1,0.003558769130044449,0.0008919116176089799,0,0,1,1,0,0.4,1,1.1,0.9
14,1,0.003690024997527284,0.0009248074388351867,0,0,1,1,0,0.4,1,1.1,0.9
11,1,0.004427569992030882,0.0011096536384814374,0,0,1,1,0,0.4,1,1.1,0.9
19,1,0.0,0.0,0,0,1,1,0,0.4,1,1.1,0.9
15,3,0.057205013744229566,0.014336927875768795,0,0,1,1,0,0.4,1,1.1,0.9
9,1,0.017653907587772934,0.004424486303648852,0,0,1,1,0,0.4,1,1.1,0.9
13,1,0.007110978046357765,0.00178217909067613,0,0,1,1,0,0.4,1,1.1,0.9
23,1,0.05743146773446449,0.014393682595550777,0,0,1,1,0,0.4,1,1.1,0.9
21,1,0.03772247908198966,0.009454144427126152,0,0,1,1,0,0.4,1,1.1,0.9
16,1,0.07848131242307996,0.019669270963489194,0,0,1,1,0,0.4,1,1.1,0.9
26,1,0.0,0.0,0,0,1,1,0,0.4,1,1.1,0.9
20,1,0.06600716374874735,0.01654295461200394,0,0,1,1,0,0.4,1,1.1,0.9
27,1,0.0,0.0,0,0,1,1,0,0.4,1,1.1,0.9
22,1,0.07337444122629157,0.01838936839504375,0,0,1,1,0,0.4,1,1.1,0.9
24,1,0.0,0.0,0,0,1,1,0,0.4,1,1.1,0.9
25,1,0.0,0.0,0,0,1,1,0,0.4,1,1.1,0.9
29,1,0.02214583648698598,0.005550269804707712,0,0,1,1,0,0.4,1,1.1,0.9
28,1,0.03061704194861975,0.007673354020145264,0,0,1,1,0,0.4,1,1.1,0.9
