BUS_I,BUS_TYPE,Pd,Qd,Gs,Bs,area,Vm,Va,baseKV,zone,Vmax,Vmin
1,1,0.013636607985217406,0.0034176561171426366,0,0,1,1,0,0.4,1,1.1,0.9
2,1,0.005562624382473734,0.0013941250836525419,0,0,1,1,0,0.4,1,1.1,0.9
3,1,0.0,0.0,0,0,1,1,0,0.4,1,1.1,0.9
5,1,0.050472161088742105,0.012649515941012652,0,0,1,1,0,0.4,1,1.1,0.9
10,1,0.01476013371366087,0.0036992382072595083,0,0,1,1,0,0.4,1,1.1,0.9
8,3,0.0,0.0,0,0,1,1,0,0.4,1,1.1,0.9
6,1,0.03919707677882179,0.009823713446369496,0,0,1,1,0,0.4,1,1.1,0.9
9,1,0.0,0.0,0,0,1,1,0,0.4,1,1.1,0.9
14,1,0.008481361369063361,0.0021256295257661554,0,0,1,1,0,0.4,1,1.1,0.9
11,1,0.006769304031810157,0.0016965475108028088,0,0,1,1,0,0.4,1,1.1,0.9
15,1,0.008298095696140305,0.0020796988185986017,0,0,1,1,0,0.4,1,1.1,0.9
12,1,0.0030148684656733085,0.0007555972618160252,0,0,1,1,0,0.4,1,1.1,0.9
13,1,0.005974432774692389,0.001497333995449556,0,0,1,1,0,0.4,1,1.1,0.9
16,1,0.008991333814528633,0.0022534406683690634,0,0,1,1,0,0.4,1,1.1,0.9
17,1,0.0,0.0,0,0,1,1,0,0.4,1,1.1,0.9
19,1,0.004354830662119223,0.0010914234439859346,0,0,1,1,0,0.4,1,1.1,0.9
