F_BUS,T_BUS,BR_R,BR_X,BR_B,RATE_A,RATE_B,RATE_C,TAP,SHIFT,BR_STATUS,ANGMIN,ANGMAX
1,2,0.809393958558162,0.5180121334772237,4.077571127938869e-09,0,0,0,0,0,1,-90,90
1,3,0.14010064133561598,0.08966441045479423,7.058000916308739e-10,0,0,0,0,0,1,-90,90
2,4,0.8481244054999774,0.5427996195199856,2.84845844820121e-09,0,0,0,0,0,1,-90,90
3,5,0.6712034581682762,0.42957021322769684,3.381393959098866e-09,0,0,0,0,0,1,-90,90
3,6,3.9564028267628113,2.5320978091281994,6.643865559873916e-09,0,0,0,0,0,1,-90,90
4,10,5.117117914156646,3.2749554650602533,8.59301870014495e-09,0,0,0,0,0,1,-90,90
4,7,2.8023486029463385,1.7935031058856565,4.7058978029064444e-09,0,0,0,0,0,1,-90,90
6,28,2.3614699461839956,1.5113407655577573,3.965543836941996e-09,0,0,0,0,0,1,-90,90
6,15,3.937033453650817,2.519701410336523,6.611339167448799e-09,0,0,0,0,0,1,-90,90
10,29,2.057155781933845,1.3165797004376611,3.454518422247893e-09,0,0,0,0,0,1,-90,90
7,8,1.655783198603456,1.0597012471062117,2.7805057901094447e-09,0,0,0,0,0,1,-90,90
28,36,4.150822917469614,2.656526667180553,6.970349237434973e-09,0,0,0,0,0,1,-90,90
15,13,1.719695598482329,1.1006051830286907,2.887831917148832e-09,0,0,0,0,0,1,-90,90
8,9,1.6957859850034749,1.085303030402224,2.8476812387428033e-09,0,0,0,0,0,1,-90,90
9,25,4.0277758175898875,2.577776523257528,6.76372002778946e-09,0,0,0,0,0,1,-90,90
25,26,3.7030823236815906,2.369972687156218,6.218472231710631e-09,0,0,0,0,0,1,-90,90
29,24,8.403673742683386,5.378351195317368,1.4112030801755895e-08,0,0,0,0,0,1,-90,90
11,12,1.5830971905964473,1.0131822019817263,2.658446412834757e-09,0,0,0,0,0,1,-90,90
11,13,0.9370045058412882,0.5996828837384245,1.5734828424686151e-09,0,0,0,0,0,1,-90,90
12,14,2.0692794319679777,1.3243388364595057,3.474877294801738e-09,0,0,0,0,0,1,-90,90
21,22,3.4643804360337933,2.2172034790616277,5.817627494745942e-09,0,0,0,0,0,1,-90,90
22,24,4.317628984195468,2.7632825498850995,7.250461533989142e-09,0,0,0,0,0,1,-90,90
24,23,4.282680028439461,2.740915218201255,7.191772827690021e-09,0,0,0,0,0,1,-90,90
23,30,1.6733719741539999,1.07095806345856,2.8100420798244703e-09,0,0,0,0,0,1,-90,90
30,31,0.016258333673595405,0.010405333551101058,2.7302119598201016e-11,0,0,0,0,0,1,-90,90
26,27,4.105355162639551,2.6274273040893132,6.893996635430741e-09,0,0,0,0,0,1,-90,90
27,35,6.119568089375769,3.9165235772004925,1.027640244195603e-08,0,0,0,0,0,1,-90,90
