F_BUS,T_BUS,BR_R,BR_X,BR_B,RATE_A,RATE_B,RATE_C,TAP,SHIFT,BR_STATUS,ANGMIN,ANGMAX
1,2,2.806125911380534,1.7959205832835416,4.712240920762193e-09,0,0,0,0,0,1,-90,90
2,4,1.539850606597886,0.9855043882226472,2.5858237546800696e-09,0,0,0,0,0,1,-90,90
4,10,0.3563326642760795,0.22805290513669088,5.983784815913255e-10,0,0,0,0,0,1,-90,90
10,8,1.5633502445122764,1.000544156487857,2.6252859737323876e-09,0,0,0,0,0,1,-90,90
5,14,0.33645957315794683,0.21533412682108605,1.695018633041717e-09,0,0,0,0,0,1,-90,90
5,16,0.40520317904653663,0.25933003458978343,2.041335701062653e-09,0,0,0,0,0,1,-90,90
14,13,0.6946453219713846,0.44457300606168615,2.3329930409282308e-09,0,0,0,0,0,1,-90,90
16,11,0.057275976144666535,0.03665662473258659,2.8854535443783553e-10,0,0,0,0,0,1,-90,90
8,9,1.2911406247840622,0.8263299998617998,2.168172733051984e-09,0,0,0,0,0,1,-90,90
13,15,0.8481769111621011,0.5428332231437447,1.4243173952438272e-09,0,0,0,0,0,1,-90,90
13,12,0.7083407755692446,0.45333809636431655,1.1894948743906095e-09,0,0,0,0,0,1,-90,90
11,9,0.19779687081411948,0.12658999732103648,9.964626015556696e-10,0,0,0,0,0,1,-90,90
