BUS_I,BUS_TYPE,Pd,Qd,Gs,Bs,area,Vm,Va,baseKV,zone,Vmax,Vmin
1,1,0.03561436561639506,0.008925801389830481,0,0,1,1,0,0.4,1,1.1,0.9
2,1,0.0,0.0,0,0,1,1,0,0.4,1,1.1,0.9
3,1,0.0,0.0,0,0,1,1,0,0.4,1,1.1,0.9
4,1,0.0,0.0,0,0,1,1,0,0.4,1,1.1,0.9
5,1,0.009234572419920043,0.0023144020092349415,0,0,1,1,0,0.4,1,1.1,0.9
7,1,0.014633418106950779,0.0036674802826436766,0,0,1,1,0,0.4,1,1.1,0.9
12,1,0.03705492282268079,0.009286839057958317,0,0,1,1,0,0.4,1,1.1,0.9
6,1,0.05415479059173812,0.013572469894204525,0,0,1,1,0,0.4,1,1.1,0.9
8,3,0.0,0.0,0,0,1,1,0,0.4,1,1.1,0.9
10,1,0.02303716881986522,0.005773658744477339,0,0,1,1,0,0.4,1,1.1,0.9
9,1,0.0,0.0,0,0,1,1,0,0.4,1,1.1,0.9
15,1,0.009715182616644285,0.0024348542786392048,0,0,1,1,0,0.4,1,1.1,0.9
16,1,0.010181901811303625,0.0025518251347600605,0,0,1,1,0,0.4,1,1.1,0.9
14,1,0.057659777818715244,0.014450902496342146,0,0,1,1,0,0.4,1,1.1,0.9
30,1,0.020991835256120375,0.00526104983371981,0,0,1,1,0,0.4,1,1.1,0.9
21,1,0.0038478887918367,0.000964371835119203,0,0,1,1,0,0.4,1,1.1,0.9
23,1,0.008304300288262779,0.002081253835963971,0,0,1,1,0,0.4,1,1.1,0.9
13,1,0.0,0.0,0,0,1,1,0,0.4,1,1.1,0.9
31,1,0.011724649088684034,0.0029384740488785843,0,0,1,1,0,0.4,1,1.1,0.9
11,1,0.05955405136614109,0.014925652198314914,0,0,1,1,0,0.4,1,1.1,0.9
19,1,0.0,0.0,0,0,1,1,0,0.4,1,1.1,0.9
24,1,0.005231933792278291,0.0013112462093981725,0,0,1,1,0,0.4,1,1.1,0.9
17,1,0.008137532619826068,0.0020394579184753853,0,0,1,1,0,0.4,1,1.1,0.9
18,1,0.008275251051422735,0.002073973410942417,0,0,1,1,0,0.4,1,1.1,0.9
20,1,0.006296763827601934,0.0015781177721714158,0,0,1,1,0,0.4,1,1.1,0.9
22,1,0.006097475821997227,0.0015281714899165898,0,0,1,1,0,0.4,1,1.1,0.9
25,1,0.007236555172524454,0.0018136516851719184,0,0,1,1,0,0.4,1,1.1,0.9
26,1,0.0,0.0,0,0,1,1,0,0.4,1,1.1,0.9
27,1,0.0061385594025701,0.0015384680057811807,0,0,1,1,0,0.4,1,1.1,0.9
28,1,0.00552456277283874,0.0013845859450970928,0,0,1,1,0,0.4,1,1.1,0.9
32,1,0.0077892626396949445,0.0019521732338014124,0,0,1,1,0,0.4,1,1.1,0.9
