BUS_I,BUS_TYPE,Pd,Qd,Gs,Bs,area,Vm,Va,baseKV,zone,Vmax,Vmin
1,1,0.006516665253593967,0.001633230264554035,0,0,1,1,0,0.4,1,1.1,0.9
2,1,0.006415893122272388,0.0016079743877683973,0,0,1,1,0,0.4,1,1.1,0.9
3,1,0.0,0.0,0,0,1,1,0,0.4,1,1.1,0.9
4,3,0.0054770651553542665,0.0013726819200549794,0,0,1,1,0,0.4,1,1.1,0.9
5,1,0.0,0.0,0,0,1,1,0,0.4,1,1.1,0.9
69,1,0.0,0.0,0,0,1,1,0,0.4,1,1.1,0.9
6,1,0.0038359994154727045,0.0009613920765235559,0,0,1,1,0,0.4,1,1.1,0.9
13,1,0.0006047402299547299,0.0001515621882236044,0,0,1,1,0,0.4,1,1.1,0.9
7,1,0.0,0.0,0,0,1,1,0,0.4,1,1.1,0.9
9,1,0.001494696186652546,0.00037460617560616956,0,0,1,1,0,0.4,1,1.1,0.9
8,1,0.009952958471505844,0.002494446525168353,0,0,1,1,0,0.4,1,1.1,0.9
10,1,0.004889712846962585,0.0012254775557534801,0,0,1,1,0,0.4,1,1.1,0.9
11,1,0.0026071561395105748,0.0006534149209395375,0,0,1,1,0,0.4,1,1.1,0.9
12,1,0.0024741428174433555,0.0006200786400757558,0,0,1,1,0,0.4,1,1.1,0.9
14,1,0.003265978635175246,0.0008185314026086146,0,0,1,1,0,0.4,1,1.1,0.9
70,1,0.009349797226408545,0.002343280067852517,0,0,1,1,0,0.4,1,1.1,0.9
68,1,0.004877873058832759,0.001222510225140806,0,0,1,1,0,0.4,1,1.1,0.9
