F_BUS,T_BUS,BR_R,BR_X,BR_B,RATE_A,RATE_B,RATE_C,TAP,SHIFT,BR_STATUS,ANGMIN,ANGMAX
1,2,2.5929201535750575,1.6594688982880368,4.354211050328187e-09,0,0,0,0,0,1,-90,90
1,3,3.4621426428372875,2.215771291415864,5.813869637470183e-09,0,0,0,0,0,1,-90,90
2,4,2.740003137829695,1.7536020082110046,4.6012029812111254e-09,0,0,0,0,0,1,-90,90
3,14,1.4149414062499996,0.9055624999999998,9.504270308001694e-09,0,0,0,0,0,1,-90,90
3,8,0.8406676802961695,0.5380273153895485,5.646829499400372e-09,0,0,0,0,0,1,-90,90
14,17,1.3200593744839304,0.8448379996697154,8.866940399290411e-09,0,0,0,0,0,1,-90,90
14,19,0.5387379703617658,0.3447923010315301,3.6187444037507674e-09,0,0,0,0,0,1,-90,90
8,22,0.0853559435024555,0.05462780384157151,5.733424407954052e-10,0,0,0,0,0,1,-90,90
6,13,0.6441876514356395,0.4122800969188093,4.327058026061702e-09,0,0,0,0,0,1,-90,90
6,24,0.21134731454327216,0.1352622813076942,1.4196361753333324e-09,0,0,0,0,0,1,-90,90
13,25,1.5416434260198109,0.986651792652679,2.5888343811844855e-09,0,0,0,0,0,1,-90,90
13,7,0.3451512959404106,0.2208968294018628,2.318407814828729e-09,0,0,0,0,0,1,-90,90
7,12,5.980942644122425,3.8278032922383525,1.0043612996146625e-08,0,0,0,0,0,1,-90,90
7,22,0.677463091109983,0.43357637831038914,4.550571714957655e-09,0,0,0,0,0,1,-90,90
12,23,0.6090152235825727,0.38976974309284645,1.0227005303981753e-09,0,0,0,0,0,1,-90,90
9,26,1.1050781249999997,0.7072499999999998,1.855723700830754e-09,0,0,0,0,0,1,-90,90
9,10,0.8171518846461399,0.5229772061735295,5.488872090437444e-09,0,0,0,0,0,1,-90,90
9,18,1.4680506324159217,0.93955240474619,9.861009067006203e-09,0,0,0,0,0,1,-90,90
10,20,1.4020935778690793,0.8973398898362107,4.708985228052073e-09,0,0,0,0,0,1,-90,90
18,19,0.7166827016144813,0.45867692903326807,4.81401285673412e-09,0,0,0,0,0,1,-90,90
17,16,1.7897128627293,1.145416232146752,6.010819510246699e-09,0,0,0,0,0,1,-90,90
16,15,7.51222288939081,4.807822649210118,1.261504480668805e-08,0,0,0,0,0,1,-90,90
