F_BUS,T_BUS,BR_R,BR_X,BR_B,RATE_A,RATE_B,RATE_C,TAP,SHIFT,BR_STATUS,ANGMIN,ANGMAX
1,2,2.5351267081565005,0.9750487339063465,2.55838960053026e-09,0,0,0,0,0,1,-90,90
2,3,1.5760113082655216,0.6061581954867392,1.5904731421951832e-09,0,0,0,0,0,1,-90,90
3,8,5.548789999999999,2.1341499999999995,5.599706943977312e-09,0,0,0,0,0,1,-90,90
3,19,0.7355847189975095,0.28291719961442674,7.423346096813817e-10,0,0,0,0,0,1,-90,90
8,12,0.8888187380291044,0.3418533607804248,8.969747385067244e-10,0,0,0,0,0,1,-90,90
8,6,2.265879097784099,0.871491960686192,2.2866713135791172e-09,0,0,0,0,0,1,-90,90
19,20,0.6344739779647517,0.244028453063366,6.402960537670607e-10,0,0,0,0,0,1,-90,90
12,14,0.8517501294032732,0.3275962036166436,1.7191319599959936e-09,0,0,0,0,0,1,-90,90
12,10,10.014405871606195,3.8516945660023834,1.0106300310345208e-08,0,0,0,0,0,1,-90,90
6,4,1.0219852786237045,0.39307126100911716,1.031363245203323e-09,0,0,0,0,0,1,-90,90
20,21,1.9133399999999998,0.7358999999999999,1.9308972378103244e-09,0,0,0,0,0,1,-90,90
20,22,4.65627139175311,1.7908736122127349,4.698998384412241e-09,0,0,0,0,0,1,-90,90
4,5,6.404752499235822,2.463366345859932,6.4635239474600555e-09,0,0,0,0,0,1,-90,90
14,16,1.3851645571530617,0.5327555989050237,2.7957502768139567e-09,0,0,0,0,0,1,-90,90
10,9,1.5759517436862385,0.6061352860331687,1.590413031037935e-09,0,0,0,0,0,1,-90,90
16,15,1.3262193844069319,0.5100843786180508,2.6767781430188613e-09,0,0,0,0,0,1,-90,90
9,11,0.5894679768349176,0.22671845262881443,5.948770674570033e-10,0,0,0,0,0,1,-90,90
11,13,6.171559534922524,2.373676744200971,6.22819115210254e-09,0,0,0,0,0,1,-90,90
13,23,4.352789999999999,1.6741499999999996,4.392732179209341e-09,0,0,0,0,0,1,-90,90
17,18,3.376546469805426,1.2986717191559332,3.4075304189979298e-09,0,0,0,0,0,1,-90,90
17,15,2.7702973747969186,1.0654989903065073,2.7957182460558835e-09,0,0,0,0,0,1,-90,90
