F_BUS,T_BUS,BR_R,BR_X,BR_B,RATE_A,RATE_B,RATE_C,TAP,SHIFT,BR_STATUS,ANGMIN,ANGMAX
1,2,3.3150340366333864,1.275013091012841,3.3454535339158834e-09,0,0,0,0,0,1,-90,90
1,3,3.3606374786569195,1.2925528764065075,3.3914754433715385e-09,0,0,0,0,0,1,-90,90
2,4,1.5012399999999997,0.5773999999999999,1.5150157156022301e-09,0,0,0,0,0,1,-90,90
3,5,2.046756289204124,0.7872139573862016,2.065537784865812e-09,0,0,0,0,0,1,-90,90
4,6,4.4740999835706505,1.720807685988712,4.515155330450306e-09,0,0,0,0,0,1,-90,90
5,22,1.4802577788789013,0.5693299149534236,1.4938409569049497e-09,0,0,0,0,0,1,-90,90
6,7,0.5737381498937136,0.2206685191898899,5.790029000889427e-10,0,0,0,0,0,1,-90,90
22,19,3.584106287576947,1.378502418298826,3.6169948523006596e-09,0,0,0,0,0,1,-90,90
7,8,5.008639999999999,1.9263999999999997,5.054600406193516e-09,0,0,0,0,0,1,-90,90
7,9,3.05173556238501,1.1737444470711578,3.0797389736987436e-09,0,0,0,0,0,1,-90,90
19,18,2.3966358425187044,0.921783016353348,2.418627911587375e-09,0,0,0,0,0,1,-90,90
9,10,0.4486911077292898,0.17257350297280377,4.528083981647487e-10,0,0,0,0,0,1,-90,90
10,11,1.4699729416650984,0.5653742083327301,2.9669234874272797e-09,0,0,0,0,0,1,-90,90
11,12,1.0245975126363955,0.39407596639861375,3.101998348987026e-09,0,0,0,0,0,1,-90,90
12,15,0.11879550472339347,0.04569057873976672,3.596567969122328e-10,0,0,0,0,0,1,-90,90
15,20,4.909365996008234,1.8882176907723978,4.954415441632032e-09,0,0,0,0,0,1,-90,90
15,14,0.6339631222037457,0.24383197007836377,1.919341530836373e-09,0,0,0,0,0,1,-90,90
14,13,0.18125757584580912,0.06971445224838813,5.48762508283214e-10,0,0,0,0,0,1,-90,90
16,17,5.83044833955277,2.2424801305972193,5.883949843748752e-09,0,0,0,0,0,1,-90,90
16,18,4.155647448061729,1.5983259415622033,4.193780602912141e-09,0,0,0,0,0,1,-90,90
17,25,12.098877679479463,4.653414492107486,1.2209899699954992e-08,0,0,0,0,0,1,-90,90
25,24,3.1366661129400817,1.206410043438493,3.165448866071504e-09,0,0,0,0,0,1,-90,90
23,24,0.18119697388943456,0.06969114380362869,1.8285967804085984e-10,0,0,0,0,0,1,-90,90
23,26,18.378968013575196,7.068833851375078,1.854761755423326e-08,0,0,0,0,0,1,-90,90
26,27,1.206971472488361,0.4642197971109081,1.21804691395342e-09,0,0,0,0,0,1,-90,90
27,28,3.095023665444986,1.1903937174788408,3.123424298120204e-09,0,0,0,0,0,1,-90,90
28,29,3.3193028797695447,1.2766549537575174,3.349761548915964e-09,0,0,0,0,0,1,-90,90
29,30,3.4653865768783483,1.3328409911070571,3.4971857428577143e-09,0,0,0,0,0,1,-90,90
