BUS_I,BUS_TYPE,Pd,Qd,Gs,Bs,area,Vm,Va,baseKV,zone,Vmax,Vmin
1,1,0.08236796783478008,0.0206433586293825,0,0,1,1,0,0.4,1,1.1,0.9
2,3,0.09538403132025712,0.023905491634927598,0,0,1,1,0,0.4,1,1.1,0.9
3,1,0.0,0.0,0,0,1,1,0,0.4,1,1.1,0.9
4,1,0.07745271041766023,0.019411479000873658,0,0,1,1,0,0.4,1,1.1,0.9
5,1,0.0,0.0,0,0,1,1,0,0.4,1,1.1,0.9
23,1,0.009680136378024238,0.002426070863296292,0,0,1,1,0,0.4,1,1.1,0.9
20,1,0.026148303749540188,0.006553382656405152,0,0,1,1,0,0.4,1,1.1,0.9
17,1,0.01139670238221478,0.002856282856708477,0,0,1,1,0,0.4,1,1.1,0.9
8,1,0.0,0.0,0,0,1,1,0,0.4,1,1.1,0.9
22,1,0.0,0.0,0,0,1,1,0,0.4,1,1.1,0.9
21,1,0.00768990243900215,0.0019272712201872963,0,0,1,1,0,0.4,1,1.1,0.9
10,1,0.0,0.0,0,0,1,1,0,0.4,1,1.1,0.9
12,1,0.0,0.0,0,0,1,1,0,0.4,1,1.1,0.9
14,1,0.005813458596526529,0.0014569900634903072,0,0,1,1,0,0.4,1,1.1,0.9
25,1,0.013586534023628036,0.003405106399403372,0,0,1,1,0,0.4,1,1.1,0.9
24,1,0.005977858429067777,0.001498192545364898,0,0,1,1,0,0.4,1,1.1,0.9
18,1,0.008486112461217046,0.002126820261701349,0,0,1,1,0,0.4,1,1.1,0.9
16,1,0.013224010574424938,0.003314249458650971,0,0,1,1,0,0.4,1,1.1,0.9
19,1,0.07755069482150892,0.01943603620729633,0,0,1,1,0,0.4,1,1.1,0.9
13,1,0.021129604738413195,0.005295578120697337,0,0,1,1,0,0.4,1,1.1,0.9
15,1,0.007194613056519621,0.0018031400000457336,0,0,1,1,0,0.4,1,1.1,0.9
