F_BUS,T_BUS,BR_R,BR_X,BR_B,RATE_A,RATE_B,RATE_C,TAP,SHIFT,BR_STATUS,ANGMIN,ANGMAX
1,2,1.2976281756666017,0.8304820324266251,2.1790670776785906e-09,0,0,0,0,0,1,-90,90
1,3,2.868416369990541,1.8357864767939465,4.816843371723032e-09,0,0,0,0,0,1,-90,90
2,29,5.531966291061665,3.5404584262794656,9.28966081789008e-09,0,0,0,0,0,1,-90,90
3,4,3.99784610957048,2.558621510125107,6.713459989812e-09,0,0,0,0,0,1,-90,90
4,6,0.08077769415834336,0.051697724261339756,1.356474969116738e-10,0,0,0,0,0,1,-90,90
6,7,1.1054967008052632,0.7075178885153685,1.8564266023042778e-09,0,0,0,0,0,1,-90,90
7,8,0.5040548615044778,0.3225951113628657,1.692887646315183e-09,0,0,0,0,0,1,-90,90
19,20,0.0743588468120494,0.04758966195971162,1.248685240200221e-10,0,0,0,0,0,1,-90,90
20,21,4.412734374999999,2.8241499999999995,7.410169091129267e-09,0,0,0,0,0,1,-90,90
8,9,0.12821263972088584,0.08205608942136695,4.3060708359623435e-10,0,0,0,0,0,1,-90,90
9,10,1.4981865201127618,0.9588393728721675,5.03171707183762e-09,0,0,0,0,0,1,-90,90
10,11,1.905008668258865,1.2192055476856736,3.199022454612435e-09,0,0,0,0,0,1,-90,90
10,12,1.3735792961861286,0.8790907495591223,2.3066094579539574e-09,0,0,0,0,0,1,-90,90
11,13,2.8715903897885613,1.8378178494646793,4.822173405530453e-09,0,0,0,0,0,1,-90,90
12,14,2.1910080635026947,1.4022451606417246,3.679292441114283e-09,0,0,0,0,0,1,-90,90
13,15,4.785747086371829,3.0628781352779706,8.036557862695844e-09,0,0,0,0,0,1,-90,90
14,17,0.6276027055429294,0.4016657315474748,1.0539139170649306e-09,0,0,0,0,0,1,-90,90
15,16,0.1335087842014948,0.08544562188895669,2.2419719430407917e-10,0,0,0,0,0,1,-90,90
17,18,0.7107248185530702,0.454863883873965,1.19349832443527e-09,0,0,0,0,0,1,-90,90
16,23,0.43415682478141676,0.2778603678601067,7.290662002962913e-10,0,0,0,0,0,1,-90,90
18,22,0.8264649835016613,0.5289375894410632,1.3878572230273142e-09,0,0,0,0,0,1,-90,90
23,24,1.0445816405094774,0.6685322499260655,1.7541338154224237e-09,0,0,0,0,0,1,-90,90
24,25,0.3689368659087605,0.23611959418160675,6.195443296618553e-10,0,0,0,0,0,1,-90,90
22,21,1.8562866693538134,1.1880234683864406,3.1172051006403308e-09,0,0,0,0,0,1,-90,90
25,26,1.2477777320791839,0.7985777485306776,2.0953547612646743e-09,0,0,0,0,0,1,-90,90
26,27,5.7208028318619055,3.661313812391619,9.606768211854554e-09,0,0,0,0,0,1,-90,90
