BUS_I,BUS_TYPE,Pd,Qd,Gs,Bs,area,Vm,Va,baseKV,zone,Vmax,Vmin
1,1,0.0011274053641081203,0.00028255441846831894,0,0,1,1,0,0.4,1,1.1,0.9
2,1,0.003514395621363378,0.0008807905680380498,0,0,1,1,0,0.4,1,1.1,0.9
3,1,0.001546962201052755,0.00038770527356566054,0,0,1,1,0,0.4,1,1.1,0.9
4,1,0.002586437911120079,0.0006482224434501286,0,0,1,1,0,0.4,1,1.1,0.9
5,1,0.0019008697443015658,0.0004764028647407094,0,0,1,1,0,0.4,1,1.1,0.9
6,1,0.0,0.0,0,0,1,1,0,0.4,1,1.1,0.9
7,1,0.038767342396799014,0.00971601185803765,0,0,1,1,0,0.4,1,1.1,0.9
8,1,0.015391026703506692,0.0038573548949538644,0,0,1,1,0,0.4,1,1.1,0.9
9,1,0.0,0.0,0,0,1,1,0,0.4,1,1.1,0.9
23,3,0.00949461579554084,0.002379575022522136,0,0,1,1,0,0.4,1,1.1,0.9
24,1,0.0,0.0,0,0,1,1,0,0.4,1,1.1,0.9
25,1,0.0035397224311463477,0.0008871380648991686,0,0,1,1,0,0.4,1,1.1,0.9
27,1,0.03904250818890752,0.009784974906153977,0,0,1,1,0,0.4,1,1.1,0.9
10,1,0.014474772597453027,0.003627719970065947,0,0,1,1,0,0.4,1,1.1,0.9
11,1,0.0009379085602715951,0.00023506204268741073,0,0,1,1,0,0.4,1,1.1,0.9
12,1,0.0,0.0,0,0,1,1,0,0.4,1,1.1,0.9
13,1,0.0,0.0,0,0,1,1,0,0.4,1,1.1,0.9
14,1,0.020461991845032158,0.005128258557693076,0,0,1,1,0,0.4,1,1.1,0.9
15,1,0.009468291361218368,0.0023729774973831833,0,0,1,1,0,0.4,1,1.1,0.9
19,1,0.0,0.0,0,0,1,1,0,0.4,1,1.1,0.9
17,1,0.002933807860735602,0.0007352815592142526,0,0,1,1,0,0.4,1,1.1,0.9
21,1,0.003789799064177626,0.0009498131770355799,0,0,1,1,0,0.4,1,1.1,0.9
26,1,0.0169492113871462,0.00424787278777966,0,0,1,1,0,0.4,1,1.1,0.9
18,1,0.0,0.0,0,0,1,1,0,0.4,1,1.1,0.9
22,1,0.0023762335890936846,0.0005955402744091099,0,0,1,1,0,0.4,1,1.1,0.9
20,1,0.0026615831454085736,0.0006670556144204015,0,0,1,1,0,0.4,1,1.1,0.9
