BUS_I,BUS_TYPE,Pd,Qd,Gs,Bs,area,Vm,Va,baseKV,zone,Vmax,Vmin
1,1,0.017120405908309037,0.004290778179142947,0,0,1,1,0,0.4,1,1.1,0.9
2,1,0.04905145768883491,0.012293454105796617,0,0,1,1,0,0.4,1,1.1,0.9
10,1,0.0055923809315917405,0.0014015827778407488,0,0,1,1,0,0.4,1,1.1,0.9
9,1,0.00519923058418758,0.0013030500128584927,0,0,1,1,0,0.4,1,1.1,0.9
5,3,0.046711685133088175,0.01170705182771259,0,0,1,1,0,0.4,1,1.1,0.9
6,1,0.03160648140746704,0.007921330923399906,0,0,1,1,0,0.4,1,1.1,0.9
7,1,0.02921069644206056,0.007320890612198185,0,0,1,1,0,0.4,1,1.1,0.9
8,1,0.0,0.0,0,0,1,1,0,0.4,1,1.1,0.9
