BUS_I,BUS_TYPE,Pd,Qd,Gs,Bs,area,Vm,Va,baseKV,zone,Vmax,Vmin
1,1,0.025957491890753484,0.006505560696786407,0,0,1,1,0,0.4,1,1.1,0.9
3,1,0.0,0.0,0,0,1,1,0,0.4,1,1.1,0.9
7,1,0.0,0.0,0,0,1,1,0,0.4,1,1.1,0.9
4,1,0.0,0.0,0,0,1,1,0,0.4,1,1.1,0.9
24,1,0.004353563611663298,0.0010911058912084321,0,0,1,1,0,0.4,1,1.1,0.9
6,1,0.0,0.0,0,0,1,1,0,0.4,1,1.1,0.9
14,1,0.0,0.0,0,0,1,1,0,0.4,1,1.1,0.9
16,1,0.0,0.0,0,0,1,1,0,0.4,1,1.1,0.9
17,1,0.09071947816275205,0.022736444416604263,0,0,1,1,0,0.4,1,1.1,0.9
12,1,0.0,0.0,0,0,1,1,0,0.4,1,1.1,0.9
25,1,0.011549165066766454,0.0028944936072894767,0,0,1,1,0,0.4,1,1.1,0.9
10,3,0.0,0.0,0,0,1,1,0,0.4,1,1.1,0.9
52,1,0.0051958700816100165,0.0013022077915228545,0,0,1,1,0,0.4,1,1.1,0.9
13,1,0.0,0.0,0,0,1,1,0,0.4,1,1.1,0.9
22,1,0.006030845256625532,0.001511472296130415,0,0,1,1,0,0.4,1,1.1,0.9
20,1,0.009232068218619462,0.0023137743972288793,0,0,1,1,0,0.4,1,1.1,0.9
57,1,0.008885398855560061,0.002226890865006624,0,0,1,1,0,0.4,1,1.1,0.9
21,1,0.0,0.0,0,0,1,1,0,0.4,1,1.1,0.9
23,1,0.0,0.0,0,0,1,1,0,0.4,1,1.1,0.9
27,1,0.004115062133694214,0.0010313317863861612,0,0,1,1,0,0.4,1,1.1,0.9
26,1,0.013378827484314947,0.0033530502337188097,0,0,1,1,0,0.4,1,1.1,0.9
