BUS_I,BUS_TYPE,Pd,Qd,Gs,Bs,area,Vm,Va,baseKV,zone,Vmax,Vmin
69,1,0.001281290501601519,0.00032112166936104636,0,0,1,1,0,0.4,1,1.1,0.9
70,1,0.002642538722504788,0.0006622826321285346,0,0,1,1,0,0.4,1,1.1,0.9
71,1,0.0005845961236187696,0.00014651359928432434,0,0,1,1,0,0.4,1,1.1,0.9
72,1,0.001704375563526413,0.00042715678099047497,0,0,1,1,0,0.4,1,1.1,0.9
73,1,0.0005492392247190369,0.00013765232513617419,0,0,1,1,0,0.4,1,1.1,0.9
108,1,0.0008973592550225468,0.00022489942884087915,0,0,1,1,0,0.4,1,1.1,0.9
99,1,0.0,0.0,0,0,1,1,0,0.4,1,1.1,0.9
74,1,0.006136798163419139,0.001538026597641814,0,0,1,1,0,0.4,1,1.1,0.9
75,1,0.0026929511701456396,0.0006749171824688143,0,0,1,1,0,0.4,1,1.1,0.9
76,1,0.001388853323287672,0.0003480794535777159,0,0,1,1,0,0.4,1,1.1,0.9
77,1,0.009033806935239435,0.002264085435819207,0,0,1,1,0,0.4,1,1.1,0.9
78,1,0.00109472373348275,0.0002743636297512073,0,0,1,1,0,0.4,1,1.1,0.9
79,1,0.0,0.0,0,0,1,1,0,0.4,1,1.1,0.9
82,1,0.0,0.0,0,0,1,1,0,0.4,1,1.1,0.9
80,3,0.0004564308786251418,0.00011439236106787112,0,0,1,1,0,0.4,1,1.1,0.9
81,1,0.008924146811882241,0.0022366020182563785,0,0,1,1,0,0.4,1,1.1,0.9
94,1,0.0011052958783043657,0.0002770132590035904,0,0,1,1,0,0.4,1,1.1,0.9
112,1,0.002684564738814156,0.0006728153446531264,0,0,1,1,0,0.4,1,1.1,0.9
83,1,0.0,0.0,0,0,1,1,0,0.4,1,1.1,0.9
96,1,0.001336524269527352,0.000334964556465317,0,0,1,1,0,0.4,1,1.1,0.9
107,1,0.0,0.0,0,0,1,1,0,0.4,1,1.1,0.9
89,1,0.005843286236869637,0.0014644655748190087,0,0,1,1,0,0.4,1,1.1,0.9
90,1,0.0007081195589395185,0.0001774714903370017,0,0,1,1,0,0.4,1,1.1,0.9
91,1,0.0,0.0,0,0,1,1,0,0.4,1,1.1,0.9
93,1,0.0007466654603299587,0.0001871320038474452,0,0,1,1,0,0.4,1,1.1,0.9
95,1,0.001166718746777613,0.00029240728091854207,0,0,1,1,0,0.4,1,1.1,0.9
97,1,0.0038833862539187376,0.000973268337721553,0,0,1,1,0,0.4,1,1.1,0.9
98,1,0.0018093673305033234,0.00045347019815750303,0,0,1,1,0,0.4,1,1.1,0.9
105,1,0.0023239609277686596,0.0005824395105732307,0,0,1,1,0,0.4,1,1.1,0.9
106,1,0.004622188640966291,0.0011584296696444047,0,0,1,1,0,0.4,1,1.1,0.9
