BUS_I,BUS_TYPE,Pd,Qd,Gs,Bs,area,Vm,Va,baseKV,zone,Vmax,Vmin
1,1,0.011363815113975599,0.0028480405303472887,0,0,1,1,0,0.4,1,1.1,0.9
2,1,0.01642126984139827,0.004115558164137541,0,0,1,1,0,0.4,1,1.1,0.9
7,1,0.025199808029108095,0.006315667221266707,0,0,1,1,0,0.4,1,1.1,0.9
3,1,0.008370533619409572,0.002097853473468984,0,0,1,1,0,0.4,1,1.1,0.9
4,1,0.0,0.0,0,0,1,1,0,0.4,1,1.1,0.9
5,1,0.022566949005708666,0.005655810550410608,0,0,1,1,0,0.4,1,1.1,0.9
6,1,0.007724120798811935,0.0019358471495422556,0,0,1,1,0,0.4,1,1.1,0.9
12,1,0.039223481688622136,0.009830331140564386,0,0,1,1,0,0.4,1,1.1,0.9
11,1,0.019108547743936888,0.004789053491716757,0,0,1,1,0,0.4,1,1.1,0.9
13,1,0.02042135349745803,0.005118073627736312,0,0,1,1,0,0.4,1,1.1,0.9
20,1,0.010665905675162294,0.0026731279373214028,0,0,1,1,0,0.4,1,1.1,0.9
14,1,0.006198201550467537,0.0015534157370514622,0,0,1,1,0,0.4,1,1.1,0.9
19,1,0.013840188387596706,0.003468678175434274,0,0,1,1,0,0.4,1,1.1,0.9
21,1,0.003922816881024706,0.000983150584397381,0,0,1,1,0,0.4,1,1.1,0.9
26,3,0.0,0.0,0,0,1,1,0,0.4,1,1.1,0.9
8,1,0.014358741665522659,0.0035986398773684477,0,0,1,1,0,0.4,1,1.1,0.9
9,1,0.0,0.0,0,0,1,1,0,0.4,1,1.1,0.9
10,1,0.04094387135786944,0.01026150143477141,0,0,1,1,0,0.4,1,1.1,0.9
17,1,0.0,0.0,0,0,1,1,0,0.4,1,1.1,0.9
18,1,0.03689585200049676,0.00924697215197367,0,0,1,1,0,0.4,1,1.1,0.9
16,1,0.045401364449043226,0.01137865450881193,0,0,1,1,0,0.4,1,1.1,0.9
27,1,0.03955549657088424,0.009913541913696203,0,0,1,1,0,0.4,1,1.1,0.9
28,1,0.01192723367272454,0.0029892465315689556,0,0,1,1,0,0.4,1,1.1,0.9
24,1,0.0,0.0,0,0,1,1,0,0.4,1,1.1,0.9
22,1,0.06394562762986966,0.01602628495815523,0,0,1,1,0,0.4,1,1.1,0.9
23,1,0.03256279393464317,0.008161005434975412,0,0,1,1,0,0.4,1,1.1,0.9
25,1,0.026760845957905444,0.006706900204735131,0,0,1,1,0,0.4,1,1.1,0.9
