BUS_I,BUS_TYPE,Pd,Qd,Gs,Bs,area,Vm,Va,baseKV,zone,Vmax,Vmin
1,1,0.007772426261577743,0.001947953639696694,0,0,1,1,0,0.4,1,1.1,0.9
2,1,0.00609872974362855,0.001528485752300487,0,0,1,1,0,0.4,1,1.1,0.9
3,1,0.0,0.0,0,0,1,1,0,0.4,1,1.1,0.9
4,1,0.006348070422836774,0.0015909764170224077,0,0,1,1,0,0.4,1,1.1,0.9
5,1,0.0038747307177828976,0.0009710990558844664,0,0,1,1,0,0.4,1,1.1,0.9
6,1,0.0,0.0,0,0,1,1,0,0.4,1,1.1,0.9
17,3,0.0,0.0,0,0,1,1,0,0.4,1,1.1,0.9
19,1,0.0027633246969335206,0.0006925544508109289,0,0,1,1,0,0.4,1,1.1,0.9
25,1,0.007908790370984128,0.001982129707027855,0,0,1,1,0,0.4,1,1.1,0.9
18,1,0.00878679764434393,0.002202179072085995,0,0,1,1,0,0.4,1,1.1,0.9
16,1,0.0,0.0,0,0,1,1,0,0.4,1,1.1,0.9
10,1,0.0030673666838455472,0.0007687545555264509,0,0,1,1,0,0.4,1,1.1,0.9
26,1,0.004825970784171193,0.001209502288952935,0,0,1,1,0,0.4,1,1.1,0.9
7,1,0.0006072218894654223,0.0001521841507245854,0,0,1,1,0,0.4,1,1.1,0.9
8,1,0.0,0.0,0,0,1,1,0,0.4,1,1.1,0.9
12,1,0.019789976835648697,0.004959835720421463,0,0,1,1,0,0.4,1,1.1,0.9
13,1,0.0,0.0,0,0,1,1,0,0.4,1,1.1,0.9
14,1,0.0087179457535445,0.0021849231616702528,0,0,1,1,0,0.4,1,1.1,0.9
15,1,0.0,0.0,0,0,1,1,0,0.4,1,1.1,0.9
33,1,0.004000196372718665,0.0010025437130563501,0,0,1,1,0,0.4,1,1.1,0.9
27,1,0.005130292280082269,0.0012857724452268382,0,0,1,1,0,0.4,1,1.1,0.9
32,1,0.0,0.0,0,0,1,1,0,0.4,1,1.1,0.9
23,1,0.008854508340893462,0.0022191489722627367,0,0,1,1,0,0.4,1,1.1,0.9
24,1,0.01807131740112306,0.004529099063911364,0,0,1,1,0,0.4,1,1.1,0.9
20,1,0.020126497671829353,0.005044175792055518,0,0,1,1,0,0.4,1,1.1,0.9
21,1,0.0,0.0,0,0,1,1,0,0.4,1,1.1,0.9
22,1,0.0,0.0,0,0,1,1,0,0.4,1,1.1,0.9
28,1,0.015276677869205018,0.003828696375660584,0,0,1,1,0,0.4,1,1.1,0.9
29,1,0.005808676760434034,0.0014557916223977418,0,0,1,1,0,0.4,1,1.1,0.9
30,1,0.00677423309812528,0.0016977828512673833,0,0,1,1,0,0.4,1,1.1,0.9
31,1,0.02956834909914695,0.007410526817376824,0,0,1,1,0,0.4,1,1.1,0.9
