BUS_I,BUS_TYPE,Pd,Qd,Gs,Bs,area,Vm,Va,baseKV,zone,Vmax,Vmin
1,1,0.07220764857743772,0.018096942592519018,0,0,1,1,0,0.4,1,1.1,0.9
2,1,0.0,0.0,0,0,1,1,0,0.4,1,1.1,0.9
4,1,0.0,0.0,0,0,1,1,0,0.4,1,1.1,0.9
3,1,0.0,0.0,0,0,1,1,0,0.4,1,1.1,0.9
14,1,0.026436081976352062,0.006625506678618759,0,0,1,1,0,0.4,1,1.1,0.9
13,1,0.06878413434359006,0.017238929047206426,0,0,1,1,0,0.4,1,1.1,0.9
5,3,0.0,0.0,0,0,1,1,0,0.4,1,1.1,0.9
11,1,0.05380922221686675,0.013485862295632325,0,0,1,1,0,0.4,1,1.1,0.9
6,1,0.0,0.0,0,0,1,1,0,0.4,1,1.1,0.9
7,1,0.0,0.0,0,0,1,1,0,0.4,1,1.1,0.9
8,1,0.0,0.0,0,0,1,1,0,0.4,1,1.1,0.9
12,1,0.06279156799620655,0.015737050350046546,0,0,1,1,0,0.4,1,1.1,0.9
15,1,0.00021665264547839966,5.4298271235563626e-05,0,0,1,1,0,0.4,1,1.1,0.9
