F_BUS,T_BUS,BR_R,BR_X,BR_B,RATE_A,RATE_B,RATE_C,TAP,SHIFT,BR_STATUS,ANGMIN,ANGMAX
1,2,0.6045149246088564,0.3868895517496681,4.060573267080358e-09,0,0,0,0,0,1,-90,90
1,3,2.8936018565332815,1.8519051881813002,9.718273169033517e-09,0,0,0,0,0,1,-90,90
2,4,0.18149465549596291,0.11615657951741627,3.047783918245338e-10,0,0,0,0,0,1,-90,90
2,5,2.161124991146339,1.383119994333657,1.4516442867884712e-08,0,0,0,0,0,1,-90,90
3,6,2.8810275856886536,1.8438576548407384,4.8380209982978725e-09,0,0,0,0,0,1,-90,90
3,7,1.9971974332746503,1.2782063572957763,3.353832211786943e-09,0,0,0,0,0,1,-90,90
5,19,1.6286218903531053,1.0423180098259874,1.0939578562809914e-08,0,0,0,0,0,1,-90,90
6,8,1.2174458610283532,0.779165351058146,2.0444193832799105e-09,0,0,0,0,0,1,-90,90
19,10,2.4267765697208774,1.5531370046213615,1.6300844963524328e-08,0,0,0,0,0,1,-90,90
19,15,1.6474907165856942,1.0543940586148444,1.1066321920603456e-08,0,0,0,0,0,1,-90,90
10,11,0.6708158297917364,0.42932213106671124,4.505921549164587e-09,0,0,0,0,0,1,-90,90
15,17,0.12508317278564593,0.0800532305828134,8.401932969704982e-10,0,0,0,0,0,1,-90,90
9,11,4.230363242257136,2.707432475044567,1.4207837716052522e-08,0,0,0,0,0,1,-90,90
9,14,12.408210176620928,7.941254513037394,2.0836725647469326e-08,0,0,0,0,0,1,-90,90
14,16,2.722900566232467,1.7426563623887787,4.572483158838267e-09,0,0,0,0,0,1,-90,90
17,18,0.21226269128070513,0.13584812241965127,1.4257848313185133e-09,0,0,0,0,0,1,-90,90
