BUS_I,BUS_TYPE,Pd,Qd,Gs,Bs,area,Vm,Va,baseKV,zone,Vmax,Vmin
1,1,0.0054215770553607,0.001358775291326104,0,0,1,1,0,0.4,1,1.1,0.9
2,1,0.0032171015186564546,0.0008062816425187284,0,0,1,1,0,0.4,1,1.1,0.9
3,1,0.0,0.0,0,0,1,1,0,0.4,1,1.1,0.9
4,1,0.0017802067692699686,0.0004461618726130184,0,0,1,1,0,0.4,1,1.1,0.9
5,1,0.009724796095891514,0.0024372636436507922,0,0,1,1,0,0.4,1,1.1,0.9
6,1,0.0038709706446917124,0.0009701566927385196,0,0,1,1,0,0.4,1,1.1,0.9
14,1,0.004237832124132949,0.0010621008463517578,0,0,1,1,0,0.4,1,1.1,0.9
7,1,0.0053904382358923395,0.0013509711675328553,0,0,1,1,0,0.4,1,1.1,0.9
9,1,0.007418269345034965,0.001859193549682894,0,0,1,1,0,0.4,1,1.1,0.9
15,1,0.0022375713815664523,0.0005607882493977822,0,0,1,1,0,0.4,1,1.1,0.9
8,1,0.0,0.0,0,0,1,1,0,0.4,1,1.1,0.9
10,1,0.002074808133638024,0.0005199959342904173,0,0,1,1,0,0.4,1,1.1,0.9
13,1,0.004359650790048043,0.001092631481917303,0,0,1,1,0,0.4,1,1.1,0.9
11,1,0.00207297183519586,0.0005195357145194474,0,0,1,1,0,0.4,1,1.1,0.9
12,1,0.0013875083828905257,0.0003477423797408437,0,0,1,1,0,0.4,1,1.1,0.9
16,1,0.0,0.0,0,0,1,1,0,0.4,1,1.1,0.9
17,3,0.0035063738254652484,0.0008787801164762368,0,0,1,1,0,0.4,1,1.1,0.9
18,1,0.007784185146086074,0.0019509006939505257,0,0,1,1,0,0.4,1,1.1,0.9
19,1,0.004991349898655352,0.0012509502020173222,0,0,1,1,0,0.4,1,1.1,0.9
21,1,0.004681153885370043,0.0011732077529077614,0,0,1,1,0,0.4,1,1.1,0.9
20,1,0.011909271086013947,0.0029847446829847834,0,0,1,1,0,0.4,1,1.1,0.9
37,1,0.0029344333111959503,0.0007354383118754786,0,0,1,1,0,0.4,1,1.1,0.9
36,1,0.010160587020733329,0.0025464831446949977,0,0,1,1,0,0.4,1,1.1,0.9
22,1,0.017765604707203772,0.00445248024055045,0,0,1,1,0,0.4,1,1.1,0.9
23,1,0.006316347426913468,0.0015830258848087584,0,0,1,1,0,0.4,1,1.1,0.9
24,1,0.007551270910123121,0.0018925268839699713,0,0,1,1,0,0.4,1,1.1,0.9
34,1,0.006071931949071753,0.001521769591903983,0,0,1,1,0,0.4,1,1.1,0.9
32,1,0.007057850922541001,0.001768864178353697,0,0,1,1,0,0.4,1,1.1,0.9
30,1,0.0018740077761158266,0.00046967062091673187,0,0,1,1,0,0.4,1,1.1,0.9
28,1,0.0026605630878959027,0.000666799963909527,0,0,1,1,0,0.4,1,1.1,0.9
25,1,0.003370257437346575,0.0008446661339520314,0,0,1,1,0,0.4,1,1.1,0.9
31,1,0.006920538980090453,0.0017344505616697257,0,0,1,1,0,0.4,1,1.1,0.9
33,1,0.0,0.0,0,0,1,1,0,0.4,1,1.1,0.9
35,1,0.007174549128980197,0.0017981115058070376,0,0,1,1,0,0.4,1,1.1,0.9
