BUS_I,BUS_TYPE,Pd,Qd,Gs,Bs,area,Vm,Va,baseKV,zone,Vmax,Vmin
1,1,0.007053393532039186,0.0017677470509909734,0,0,1,1,0,0.4,1,1.1,0.9
2,1,0.0,0.0,0,0,1,1,0,0.4,1,1.1,0.9
3,1,0.02013555998964445,0.005046447022991381,0,0,1,1,0,0.4,1,1.1,0.9
4,1,0.005266619391845131,0.001319939240074487,0,0,1,1,0,0.4,1,1.1,0.9
5,1,0.0,0.0,0,0,1,1,0,0.4,1,1.1,0.9
8,1,0.0,0.0,0,0,1,1,0,0.4,1,1.1,0.9
9,1,0.0,0.0,0,0,1,1,0,0.4,1,1.1,0.9
7,1,0.0,0.0,0,0,1,1,0,0.4,1,1.1,0.9
15,1,0.007779565228772121,0.0019497428335290893,0,0,1,1,0,0.4,1,1.1,0.9
6,1,0.0,0.0,0,0,1,1,0,0.4,1,1.1,0.9
21,1,0.0010350968814335805,0.0002594197319818564,0,0,1,1,0,0.4,1,1.1,0.9
13,1,0.01143188251676709,0.0028650998295352195,0,0,1,1,0,0.4,1,1.1,0.9
11,3,0.06941129296767706,0.017396109814619646,0,0,1,1,0,0.4,1,1.1,0.9
14,1,0.0011678624330074478,0.0002926939157065864,0,0,1,1,0,0.4,1,1.1,0.9
17,1,0.0009832589753288074,0.0002464279280749834,0,0,1,1,0,0.4,1,1.1,0.9
22,1,0.0015055877216455687,0.00037733585158089355,0,0,1,1,0,0.4,1,1.1,0.9
12,1,0.014057182438036362,0.0035230620108186,0,0,1,1,0,0.4,1,1.1,0.9
16,1,0.0010680747675456451,0.000267684769322778,0,0,1,1,0,0.4,1,1.1,0.9
18,1,0.0,0.0,0,0,1,1,0,0.4,1,1.1,0.9
19,1,0.002440690114836405,0.0006116946025039831,0,0,1,1,0,0.4,1,1.1,0.9
20,1,0.0,0.0,0,0,1,1,0,0.4,1,1.1,0.9
24,1,0.0031330229755669667,0.0007852095733192816,0,0,1,1,0,0.4,1,1.1,0.9
23,1,0.00231187042787685,0.0005794093456701002,0,0,1,1,0,0.4,1,1.1,0.9
