F_BUS,T_BUS,BR_R,BR_X,BR_B,RATE_A,RATE_B,RATE_C,TAP,SHIFT,BR_STATUS,ANGMIN,ANGMAX
1,2,3.4943144666579027,1.3439671025607318,3.52637908145463e-09,0,0,0,0,0,1,-90,90
1,3,2.7942937136530444,1.0747283514050172,2.8199347807098678e-09,0,0,0,0,0,1,-90,90
2,4,1.9681141153798873,0.7569669674538029,1.9861739727819077e-09,0,0,0,0,0,1,-90,90
3,5,1.2986482807420625,0.4994801079777164,1.3105649692014885e-09,0,0,0,0,0,1,-90,90
4,6,0.3719329201847199,0.14305112314796922,3.7534586024198715e-10,0,0,0,0,0,1,-90,90
12,13,1.2212589102834346,0.46971496549362873,1.2324654564884082e-09,0,0,0,0,0,1,-90,90
12,11,4.118759368630649,1.584138218704096,4.156554030174625e-09,0,0,0,0,0,1,-90,90
13,14,0.251975144758859,0.0969135172149458,2.542873253116214e-10,0,0,0,0,0,1,-90,90
11,10,0.5542282465027513,0.2131647101933659,5.593139694401529e-10,0,0,0,0,0,1,-90,90
6,7,4.684969525017423,1.801911355775932,4.7279598581965e-09,0,0,0,0,0,1,-90,90
14,15,2.660147785943239,1.0231337638243228,2.6845578998218044e-09,0,0,0,0,0,1,-90,90
15,16,0.15681030279213556,0.060311654920052145,1.5824922936934114e-10,0,0,0,0,0,1,-90,90
7,8,5.386029999999999,2.0715499999999993,5.435453421641496e-09,0,0,0,0,0,1,-90,90
16,17,0.4464778297591071,0.1717222422150412,4.505748106585386e-10,0,0,0,0,0,1,-90,90
8,19,13.923639045743982,5.355245786824609,1.4051405486581079e-08,0,0,0,0,0,1,-90,90
19,20,3.1616335424237194,1.2160129009321998,3.190645402298824e-09,0,0,0,0,0,1,-90,90
19,18,3.0316468522146858,1.1660180200825714,3.0594659250095133e-09,0,0,0,0,0,1,-90,90
18,17,2.897052805966782,1.1142510792179932,2.9236368135469444e-09,0,0,0,0,0,1,-90,90
20,22,4.870690452229873,1.8733424816268742,4.9153850023727e-09,0,0,0,0,0,1,-90,90
22,21,1.6032463725470336,0.6166332202103976,1.617958121546871e-09,0,0,0,0,0,1,-90,90
