BUS_I,BUS_TYPE,Pd,Qd,Gs,Bs,area,Vm,Va,baseKV,zone,Vmax,Vmin
1,1,0.0036954138388592046,0.0009261580097808584,0,0,1,1,0,0.4,1,1.1,0.9
2,1,0.0,0.0,0,0,1,1,0,0.4,1,1.1,0.9
3,1,0.0,0.0,0,0,1,1,0,0.4,1,1.1,0.9
4,1,0.0,0.0,0,0,1,1,0,0.4,1,1.1,0.9
5,1,0.0029343581546339816,0.0007354194758655241,0,0,1,1,0,0.4,1,1.1,0.9
6,1,0.005576735876139396,0.001397661757340071,0,0,1,1,0,0.4,1,1.1,0.9
27,1,0.005810729209131298,0.0014563060145290497,0,0,1,1,0,0.4,1,1.1,0.9
22,1,0.0,0.0,0,0,1,1,0,0.4,1,1.1,0.9
7,1,0.0014017355664344181,0.000351308048044956,0,0,1,1,0,0.4,1,1.1,0.9
16,1,0.0,0.0,0,0,1,1,0,0.4,1,1.1,0.9
19,1,0.018935935714187283,0.004745792839213902,0,0,1,1,0,0.4,1,1.1,0.9
15,1,0.006010685705666998,0.0015064198364038485,0,0,1,1,0,0.4,1,1.1,0.9
8,1,0.0344742238401578,0.008640054925593098,0,0,1,1,0,0.4,1,1.1,0.9
9,1,0.02767108201779925,0.006935026865082937,0,0,1,1,0,0.4,1,1.1,0.9
10,3,0.0,0.0,0,0,1,1,0,0.4,1,1.1,0.9
11,1,0.018123132884378026,0.004542085248122351,0,0,1,1,0,0.4,1,1.1,0.9
12,1,0.00229609585282761,0.0005754558644986238,0,0,1,1,0,0.4,1,1.1,0.9
13,1,0.026310673787786797,0.006594076423876929,0,0,1,1,0,0.4,1,1.1,0.9
25,1,0.004798561375547214,0.001202632843622208,0,0,1,1,0,0.4,1,1.1,0.9
23,1,0.0,0.0,0,0,1,1,0,0.4,1,1.1,0.9
21,1,0.030195786231664287,0.007567777385582267,0,0,1,1,0,0.4,1,1.1,0.9
26,1,0.0023493915429868635,0.0005888130235287554,0,0,1,1,0,0.4,1,1.1,0.9
24,1,0.0020031877661931085,0.0005020461782238453,0,0,1,1,0,0.4,1,1.1,0.9
14,1,0.016887965113839887,0.004232523024785489,0,0,1,1,0,0.4,1,1.1,0.9
17,1,0.006868842496187202,0.0017214942015075622,0,0,1,1,0,0.4,1,1.1,0.9
28,1,0.0022438578875327493,0.0005623637963075752,0,0,1,1,0,0.4,1,1.1,0.9
18,1,0.0029288659947938863,0.0007340430108608709,0,0,1,1,0,0.4,1,1.1,0.9
20,1,0.0021649309431944525,0.0005425828394583668,0,0,1,1,0,0.4,1,1.1,0.9
