F_BUS,T_BUS,BR_R,BR_X,BR_B,RATE_A,RATE_B,RATE_C,TAP,SHIFT,BR_STATUS,ANGMIN,ANGMAX
1,2,3.454696095272976,1.3287292674126832,3.4863971629907406e-09,0,0,0,0,0,1,-90,90
1,3,5.208327540946848,2.003202900364172,5.256120324890354e-09,0,0,0,0,0,1,-90,90
2,4,1.6769503528318874,0.6449809049353414,1.6923384261177527e-09,0,0,0,0,0,1,-90,90
3,5,4.766043144973039,1.8330935172973226,4.809777427907885e-09,0,0,0,0,0,1,-90,90
4,12,1.7366005475555277,0.6679232875213569,1.752535984432911e-09,0,0,0,0,0,1,-90,90
5,7,2.501588598609252,0.9621494610035586,2.5245437377530426e-09,0,0,0,0,0,1,-90,90
5,9,5.06905864176122,1.9496379391389314,5.1155734629889605e-09,0,0,0,0,0,1,-90,90
12,13,1.1513862662652894,0.44284087164049596,1.1619516453868055e-09,0,0,0,0,0,1,-90,90
12,14,1.880124030007593,0.7231246269259972,1.897376470612895e-09,0,0,0,0,0,1,-90,90
7,6,6.74106419995381,2.5927169999822346,6.802921719920597e-09,0,0,0,0,0,1,-90,90
9,8,1.1731798478020614,0.45122301838540835,1.1839452097252646e-09,0,0,0,0,0,1,-90,90
13,15,1.1313240506000644,0.4351246348461786,1.1417053343222074e-09,0,0,0,0,0,1,-90,90
14,22,3.974119412724289,1.528507466432419,4.010586825529032e-09,0,0,0,0,0,1,-90,90
8,10,2.8978370388965193,1.114552707267892,2.924428242774279e-09,0,0,0,0,0,1,-90,90
10,11,2.800754421356178,1.0772132389831455,2.8264547733187506e-09,0,0,0,0,0,1,-90,90
11,18,1.7050626719139277,0.6557933353515106,1.720708710157157e-09,0,0,0,0,0,1,-90,90
18,19,3.092070068703075,1.1892577187319517,3.120443598510849e-09,0,0,0,0,0,1,-90,90
19,17,7.750319382392103,2.980892070150809,7.821438054715175e-09,0,0,0,0,0,1,-90,90
22,23,1.646542427764852,0.6332855491403278,1.6616514710969607e-09,0,0,0,0,0,1,-90,90
22,24,1.1121761486321329,0.427760057166205,1.122381726902856e-09,0,0,0,0,0,1,-90,90
17,20,12.584613392847102,4.840235920325808,1.270009263338418e-08,0,0,0,0,0,1,-90,90
20,21,1.5721830098031138,0.6046857730011976,1.58660971440578e-09,0,0,0,0,0,1,-90,90
