BUS_I,BUS_TYPE,Pd,Qd,Gs,Bs,area,Vm,Va,baseKV,zone,Vmax,Vmin
1,1,0.006724291365952739,0.001685266273343811,0,0,1,1,0,0.4,1,1.1,0.9
2,1,0.0034055333977543335,0.0008535071230019734,0,0,1,1,0,0.4,1,1.1,0.9
3,1,0.002538378649387507,0.0006361776570909593,0,0,1,1,0,0.4,1,1.1,0.9
4,1,0.001925005980265972,0.00048245197567635937,0,0,1,1,0,0.4,1,1.1,0.9
5,1,0.002742424933398481,0.0006873164763256469,0,0,1,1,0,0.4,1,1.1,0.9
10,1,0.010233540649140976,0.0025647670474562585,0,0,1,1,0,0.4,1,1.1,0.9
26,1,0.003875854837815945,0.0009713807869213571,0,0,1,1,0,0.4,1,1.1,0.9
27,1,0.0020095143115646213,0.0005036317599544905,0,0,1,1,0,0.4,1,1.1,0.9
6,1,0.008373613278835396,0.002098625308876058,0,0,1,1,0,0.4,1,1.1,0.9
7,1,0.002176757818579167,0.0005455469338320608,0,0,1,1,0,0.4,1,1.1,0.9
9,1,0.0021151369667591962,0.0005301032926131917,0,0,1,1,0,0.4,1,1.1,0.9
25,1,0.0017892325098318982,0.00044842393642512336,0,0,1,1,0,0.4,1,1.1,0.9
23,1,0.0030218039155294847,0.0007573354493955019,0,0,1,1,0,0.4,1,1.1,0.9
12,1,0.007686093653875705,0.001926316648654523,0,0,1,1,0,0.4,1,1.1,0.9
13,1,0.002668088629981366,0.0006686860425422104,0,0,1,1,0,0.4,1,1.1,0.9
14,1,0.0,0.0,0,0,1,1,0,0.4,1,1.1,0.9
20,1,0.0,0.0,0,0,1,1,0,0.4,1,1.1,0.9
18,3,0.0,0.0,0,0,1,1,0,0.4,1,1.1,0.9
30,1,0.05341775362802858,0.013387751019077165,0,0,1,1,0,0.4,1,1.1,0.9
19,1,0.0,0.0,0,0,1,1,0,0.4,1,1.1,0.9
16,1,0.0,0.0,0,0,1,1,0,0.4,1,1.1,0.9
15,1,0.06220542283879319,0.015590148526298376,0,0,1,1,0,0.4,1,1.1,0.9
31,1,0.023521931459794403,0.005895151714247546,0,0,1,1,0,0.4,1,1.1,0.9
32,1,0.023515450066849297,0.005893527324056785,0,0,1,1,0,0.4,1,1.1,0.9
21,1,0.0019250492909861933,0.00048246283036603463,0,0,1,1,0,0.4,1,1.1,0.9
22,1,0.005779491025125292,0.001448476987635244,0,0,1,1,0,0.4,1,1.1,0.9
24,1,0.0037964633767350897,0.0009514834112025558,0,0,1,1,0,0.4,1,1.1,0.9
29,1,0.004506953794840921,0.0011295490948566504,0,0,1,1,0,0.4,1,1.1,0.9
28,1,0.003946468940565091,0.0009890783492828162,0,0,1,1,0,0.4,1,1.1,0.9
