BUS_I,BUS_TYPE,Pd,Qd,Gs,Bs,area,Vm,Va,baseKV,zone,Vmax,Vmin
76,1,0.003311082963924795,0.000829835612953857,0,0,1,1,0,0.4,1,1.1,0.9
77,1,0.0,0.0,0,0,1,1,0,0.4,1,1.1,0.9
18,3,0.0,0.0,0,0,1,1,0,0.4,1,1.1,0.9
17,1,0.006414666386866716,0.001607666938894905,0,0,1,1,0,0.4,1,1.1,0.9
84,1,0.0,0.0,0,0,1,1,0,0.4,1,1.1,0.9
19,1,0.0,0.0,0,0,1,1,0,0.4,1,1.1,0.9
95,1,0.009970941575204489,0.0024989535157944314,0,0,1,1,0,0.4,1,1.1,0.9
83,1,0.0003937530428169906,9.868381469100066e-05,0,0,1,1,0,0.4,1,1.1,0.9
