F_BUS,T_BUS,BR_R,BR_X,BR_B,RATE_A,RATE_B,RATE_C,TAP,SHIFT,BR_STATUS,ANGMIN,ANGMAX
134,135,2.2220556200194537,0.8546367769305591,2.2424457017343865e-09,0,0,0,0,0,1,-90,90
134,136,2.2814096612045978,0.8774652543094608,2.3023443889396273e-09,0,0,0,0,0,1,-90,90
135,137,0.8991247974134766,0.3458172297744141,9.0737536860801e-10,0,0,0,0,0,1,-90,90
136,138,0.5868199999999999,0.22569999999999996,5.922047921915888e-10,0,0,0,0,0,1,-90,90
138,139,0.593385946483529,0.2282253640321266,5.98830989275566e-10,0,0,0,0,0,1,-90,90
