BUS_I,BUS_TYPE,Pd,Qd,Gs,Bs,area,Vm,Va,baseKV,zone,Vmax,Vmin
1,1,0.009464229452808219,0.00237195948717564,0,0,1,1,0,0.4,1,1.1,0.9
2,1,0.009375348150519523,0.0023496837330587907,0,0,1,1,0,0.4,1,1.1,0.9
3,1,0.0,0.0,0,0,1,1,0,0.4,1,1.1,0.9
4,1,0.006429410738087136,0.001611362221636507,0,0,1,1,0,0.4,1,1.1,0.9
5,1,0.031490684386642785,0.007892309454351598,0,0,1,1,0,0.4,1,1.1,0.9
11,1,0.0,0.0,0,0,1,1,0,0.4,1,1.1,0.9
24,1,0.02075686122127218,0.005202159789477197,0,0,1,1,0,0.4,1,1.1,0.9
6,1,0.0,0.0,0,0,1,1,0,0.4,1,1.1,0.9
23,1,0.021823081593720463,0.0054693798035796905,0,0,1,1,0,0.4,1,1.1,0.9
7,1,0.0,0.0,0,0,1,1,0,0.4,1,1.1,0.9
16,1,0.0,0.0,0,0,1,1,0,0.4,1,1.1,0.9
9,3,0.0,0.0,0,0,1,1,0,0.4,1,1.1,0.9
20,1,0.08216157465388149,0.020591631622343856,0,0,1,1,0,0.4,1,1.1,0.9
25,1,0.015786233182124687,0.003956402974993078,0,0,1,1,0,0.4,1,1.1,0.9
14,1,0.0,0.0,0,0,1,1,0,0.4,1,1.1,0.9
12,1,0.0,0.0,0,0,1,1,0,0.4,1,1.1,0.9
13,1,0.0,0.0,0,0,1,1,0,0.4,1,1.1,0.9
22,1,0.018215329767511026,0.0045651919651272365,0,0,1,1,0,0.4,1,1.1,0.9
28,1,0.006287743253289713,0.001575857003143537,0,0,1,1,0,0.4,1,1.1,0.9
26,1,0.00969374199147695,0.002429480751451363,0,0,1,1,0,0.4,1,1.1,0.9
15,1,0.0,0.0,0,0,1,1,0,0.4,1,1.1,0.9
21,1,0.025916490038941538,0.006495284664080093,0,0,1,1,0,0.4,1,1.1,0.9
17,1,0.0385130712721665,0.009652285507213818,0,0,1,1,0,0.4,1,1.1,0.9
27,1,0.013211100233964594,0.0033110138223331627,0,0,1,1,0,0.4,1,1.1,0.9
18,1,0.006669031148697221,0.001671416757412673,0,0,1,1,0,0.4,1,1.1,0.9
19,1,0.047196469174605446,0.011828550161226371,0,0,1,1,0,0.4,1,1.1,0.9
