BUS_I,BUS_TYPE,Pd,Qd,Gs,Bs,area,Vm,Va,baseKV,zone,Vmax,Vmin
1,1,0.014496133901587462,0.0036330736175290363,0,0,1,1,0,0.4,1,1.1,0.9
2,1,0.006231451016748333,0.0015617488387985735,0,0,1,1,0,0.4,1,1.1,0.9
3,1,0.008567534108039652,0.002147226449928859,0,0,1,1,0,0.4,1,1.1,0.9
4,1,0.0,0.0,0,0,1,1,0,0.4,1,1.1,0.9
12,1,0.008164229495390496,0.002046148786188256,0,0,1,1,0,0.4,1,1.1,0.9
9,1,0.010578511451484305,0.0026512248802356675,0,0,1,1,0,0.4,1,1.1,0.9
30,1,0.005579787950963997,0.0013984266793944107,0,0,1,1,0,0.4,1,1.1,0.9
10,1,0.003979977634352944,0.0009974764195672787,0,0,1,1,0,0.4,1,1.1,0.9
5,1,0.018805404060662417,0.00471307852311465,0,0,1,1,0,0.4,1,1.1,0.9
6,1,0.015254972032375845,0.003823256380164832,0,0,1,1,0,0.4,1,1.1,0.9
7,1,0.008356753882075216,0.0020943999457556086,0,0,1,1,0,0.4,1,1.1,0.9
8,1,0.004924459954227521,0.001234186001712017,0,0,1,1,0,0.4,1,1.1,0.9
32,1,0.011809343499465113,0.00295970046907102,0,0,1,1,0,0.4,1,1.1,0.9
17,1,0.0,0.0,0,0,1,1,0,0.4,1,1.1,0.9
11,1,0.0036512795297989446,0.0009150969092858399,0,0,1,1,0,0.4,1,1.1,0.9
31,1,0.0,0.0,0,0,1,1,0,0.4,1,1.1,0.9
13,1,0.007993731639761487,0.0020034179956660188,0,0,1,1,0,0.4,1,1.1,0.9
14,1,0.0,0.0,0,0,1,1,0,0.4,1,1.1,0.9
15,1,0.0,0.0,0,0,1,1,0,0.4,1,1.1,0.9
16,1,0.008415467987057348,0.0021091150875469007,0,0,1,1,0,0.4,1,1.1,0.9
19,1,0.0,0.0,0,0,1,1,0,0.4,1,1.1,0.9
35,1,0.005516512376524823,0.0013825683255954172,0,0,1,1,0,0.4,1,1.1,0.9
20,1,0.0,0.0,0,0,1,1,0,0.4,1,1.1,0.9
21,1,0.006573239809821433,0.0016474091848819516,0,0,1,1,0,0.4,1,1.1,0.9
34,1,0.0,0.0,0,0,1,1,0,0.4,1,1.1,0.9
37,1,0.0,0.0,0,0,1,1,0,0.4,1,1.1,0.9
36,1,0.01098300648562839,0.002752600891725838,0,0,1,1,0,0.4,1,1.1,0.9
29,1,0.0,0.0,0,0,1,1,0,0.4,1,1.1,0.9
26,1,0.05618723809001371,0.014081849252530495,0,0,1,1,0,0.4,1,1.1,0.9
23,1,0.01003571078776252,0.0025151862105922454,0,0,1,1,0,0.4,1,1.1,0.9
22,1,0.010910322818158843,0.0027343846475533177,0,0,1,1,0,0.4,1,1.1,0.9
24,1,0.03127469423988015,0.007838177220945309,0,0,1,1,0,0.4,1,1.1,0.9
25,1,0.0,0.0,0,0,1,1,0,0.4,1,1.1,0.9
28,1,0.0,0.0,0,0,1,1,0,0.4,1,1.1,0.9
42,1,0.09491151742440342,0.023787068489791365,0,0,1,1,0,0.4,1,1.1,0.9
41,3,0.019141459917519223,0.004797302059945312,0,0,1,1,0,0.4,1,1.1,0.9
38,1,0.0,0.0,0,0,1,1,0,0.4,1,1.1,0.9
39,1,0.0033513331786401064,0.0008399232676468136,0,0,1,1,0,0.4,1,1.1,0.9
33,1,0.006051895438367495,0.0015167479689718846,0,0,1,1,0,0.4,1,1.1,0.9
40,1,0.005136018653430539,0.0012872076096697826,0,0,1,1,0,0.4,1,1.1,0.9
