BUS_I,BUS_TYPE,Pd,Qd,Gs,Bs,area,Vm,Va,baseKV,zone,Vmax,Vmin
1,1,0.005824717850491662,0.001459811898526565,0,0,1,1,0,0.4,1,1.1,0.9
2,1,0.0,0.0,0,0,1,1,0,0.4,1,1.1,0.9
3,1,0.0,0.0,0,0,1,1,0,0.4,1,1.1,0.9
4,1,0.0,0.0,0,0,1,1,0,0.4,1,1.1,0.9
5,1,0.0,0.0,0,0,1,1,0,0.4,1,1.1,0.9
6,1,0.005746441349697121,0.0014401939581957298,0,0,1,1,0,0.4,1,1.1,0.9
7,3,0.0,0.0,0,0,1,1,0,0.4,1,1.1,0.9
17,1,0.030144717778553768,0.007554978424773584,0,0,1,1,0,0.4,1,1.1,0.9
36,1,0.01837150305962563,0.004604332681624212,0,0,1,1,0,0.4,1,1.1,0.9
8,1,0.0869593281715054,0.02179406199768536,0,0,1,1,0,0.4,1,1.1,0.9
10,1,0.0,0.0,0,0,1,1,0,0.4,1,1.1,0.9
29,1,0.010675143497624513,0.0026754431538680177,0,0,1,1,0,0.4,1,1.1,0.9
14,1,0.0,0.0,0,0,1,1,0,0.4,1,1.1,0.9
45,1,0.03370721022397989,0.00844782319317813,0,0,1,1,0,0.4,1,1.1,0.9
15,1,0.0,0.0,0,0,1,1,0,0.4,1,1.1,0.9
44,1,0.060456236159395875,0.015151761021037012,0,0,1,1,0,0.4,1,1.1,0.9
11,1,0.0,0.0,0,0,1,1,0,0.4,1,1.1,0.9
13,1,0.0,0.0,0,0,1,1,0,0.4,1,1.1,0.9
41,1,0.02196565337080688,0.005505111659083603,0,0,1,1,0,0.4,1,1.1,0.9
21,1,0.0,0.0,0,0,1,1,0,0.4,1,1.1,0.9
22,1,0.0,0.0,0,0,1,1,0,0.4,1,1.1,0.9
37,1,0.0074729450487894524,0.0018728965727219202,0,0,1,1,0,0.4,1,1.1,0.9
20,1,0.0,0.0,0,0,1,1,0,0.4,1,1.1,0.9
42,1,0.046657964629004754,0.011693588200277109,0,0,1,1,0,0.4,1,1.1,0.9
40,1,0.015665717139452705,0.0039261988075858885,0,0,1,1,0,0.4,1,1.1,0.9
34,1,0.0037072343725105222,0.0009291205147663437,0,0,1,1,0,0.4,1,1.1,0.9
35,1,0.0,0.0,0,0,1,1,0,0.4,1,1.1,0.9
31,1,0.0033601574066124762,0.0008421348276433702,0,0,1,1,0,0.4,1,1.1,0.9
32,1,0.0035059495841778454,0.0008786737915871875,0,0,1,1,0,0.4,1,1.1,0.9
18,1,0.01074290780810501,0.002692426490962454,0,0,1,1,0,0.4,1,1.1,0.9
19,1,0.009540252737662016,0.0023910127183609546,0,0,1,1,0,0.4,1,1.1,0.9
23,1,0.0031370030164770855,0.0007862070655972508,0,0,1,1,0,0.4,1,1.1,0.9
30,1,0.006394066696012912,0.0016025041697125635,0,0,1,1,0,0.4,1,1.1,0.9
26,1,0.0,0.0,0,0,1,1,0,0.4,1,1.1,0.9
43,1,0.009798349579047575,0.002455697884183186,0,0,1,1,0,0.4,1,1.1,0.9
38,1,0.007523253470590924,0.001885505051729308,0,0,1,1,0,0.4,1,1.1,0.9
28,1,0.004175575930558747,0.0010464979734797401,0,0,1,1,0,0.4,1,1.1,0.9
24,1,0.0038355758814019422,0.0009612859288797043,0,0,1,1,0,0.4,1,1.1,0.9
39,1,0.009370201786293332,0.00234839393260418,0,0,1,1,0,0.4,1,1.1,0.9
33,1,0.0021701894913614276,0.0005439007558588114,0,0,1,1,0,0.4,1,1.1,0.9
