BUS_I,BUS_TYPE,Pd,Qd,Gs,Bs,area,Vm,Va,baseKV,zone,Vmax,Vmin
1,1,0.0845374461039773,0.021187081136164798,0,0,1,1,0,0.4,1,1.1,0.9
2,3,0.027411886227631545,0.006870066276733946,0,0,1,1,0,0.4,1,1.1,0.9
3,1,0.08248049300609844,0.020671560095649303,0,0,1,1,0,0.4,1,1.1,0.9
4,1,0.0,0.0,0,0,1,1,0,0.4,1,1.1,0.9
8,1,0.0,0.0,0,0,1,1,0,0.4,1,1.1,0.9
15,1,0.0019914907494645354,0.0004991146294972072,0,0,1,1,0,0.4,1,1.1,0.9
6,1,0.0030769901177316425,0.00077116641540571,0,0,1,1,0,0.4,1,1.1,0.9
14,1,0.0017899904796268198,0.00044861390156227703,0,0,1,1,0,0.4,1,1.1,0.9
5,1,0.003583038850779583,0.0008979941829816657,0,0,1,1,0,0.4,1,1.1,0.9
7,1,0.0042184396824144505,0.0010572406423232043,0,0,1,1,0,0.4,1,1.1,0.9
9,1,0.0018435141507419886,0.00046202819800586373,0,0,1,1,0,0.4,1,1.1,0.9
10,1,0.0044281549097537265,0.0011098002326810853,0,0,1,1,0,0.4,1,1.1,0.9
11,1,0.0015335416756033719,0.0003843417728368082,0,0,1,1,0,0.4,1,1.1,0.9
12,1,0.002004696080066813,0.0005024241973135357,0,0,1,1,0,0.4,1,1.1,0.9
13,1,0.00189390381368077,0.00047465703796153075,0,0,1,1,0,0.4,1,1.1,0.9
