BUS_I,BUS_TYPE,Pd,Qd,Gs,Bs,area,Vm,Va,baseKV,zone,Vmax,Vmin
12,3,0.006586153345823694,0.0016506456220780573,0,0,1,1,0,0.4,1,1.1,0.9
13,1,0.003061543384335562,0.0007672950990975626,0,0,1,1,0,0.4,1,1.1,0.9
14,1,0.0011094030554407734,0.0002780426146233786,0,0,1,1,0,0.4,1,1.1,0.9
15,1,0.005783468187876471,0.0014494737585785881,0,0,1,1,0,0.4,1,1.1,0.9
16,1,0.000627613192105984,0.0001572946928976514,0,0,1,1,0,0.4,1,1.1,0.9
17,1,0.0,0.0,0,0,1,1,0,0.4,1,1.1,0.9
18,1,0.0003630925629225489,9.099957409543902e-05,0,0,1,1,0,0.4,1,1.1,0.9
22,1,0.001002135647682458,0.0002511588681159882,0,0,1,1,0,0.4,1,1.1,0.9
19,1,0.0006829428049667863,0.00017116160100689998,0,0,1,1,0,0.4,1,1.1,0.9
20,1,0.0,0.0,0,0,1,1,0,0.4,1,1.1,0.9
21,1,0.00026460021462776546,6.631506479471624e-05,0,0,1,1,0,0.4,1,1.1,0.9
