BUS_I,BUS_TYPE,Pd,Qd,Gs,Bs,area,Vm,Va,baseKV,zone,Vmax,Vmin
1,1,0.07033157854264095,0.017626755120857315,0,0,1,1,0,0.4,1,1.1,0.9
2,1,0.010718628855275995,0.002686341611808939,0,0,1,1,0,0.4,1,1.1,0.9
4,1,0.024707884300979508,0.006192379513617651,0,0,1,1,0,0.4,1,1.1,0.9
19,1,0.008024167259037701,0.002011045880878466,0,0,1,1,0,0.4,1,1.1,0.9
5,1,0.028266910140320383,0.007084355468640906,0,0,1,1,0,0.4,1,1.1,0.9
7,1,0.0,0.0,0,0,1,1,0,0.4,1,1.1,0.9
6,1,0.0,0.0,0,0,1,1,0,0.4,1,1.1,0.9
9,1,0.0,0.0,0,0,1,1,0,0.4,1,1.1,0.9
24,1,0.035365475265935246,0.008863423588131638,0,0,1,1,0,0.4,1,1.1,0.9
23,1,0.019924107517143068,0.004993452037954583,0,0,1,1,0,0.4,1,1.1,0.9
8,1,0.0,0.0,0,0,1,1,0,0.4,1,1.1,0.9
12,1,0.01367913369191722,0.0034283140638839363,0,0,1,1,0,0.4,1,1.1,0.9
16,1,0.02373598293588748,0.005948798070984203,0,0,1,1,0,0.4,1,1.1,0.9
22,1,0.020544956251509882,0.005149051397936857,0,0,1,1,0,0.4,1,1.1,0.9
10,1,0.0,0.0,0,0,1,1,0,0.4,1,1.1,0.9
18,1,0.013838157755584729,0.003468169251079704,0,0,1,1,0,0.4,1,1.1,0.9
13,1,0.013549734656695948,0.0033958836086889392,0,0,1,1,0,0.4,1,1.1,0.9
11,1,0.05998135708239652,0.015032745105629804,0,0,1,1,0,0.4,1,1.1,0.9
14,1,0.027563378570943115,0.006908033836876491,0,0,1,1,0,0.4,1,1.1,0.9
21,1,0.02085798027973038,0.005227502614399201,0,0,1,1,0,0.4,1,1.1,0.9
15,1,0.025577129692603343,0.006410232944118966,0,0,1,1,0,0.4,1,1.1,0.9
17,3,0.019017127859524075,0.004766141508947243,0,0,1,1,0,0.4,1,1.1,0.9
20,1,0.020111591811955584,0.005040440031429849,0,0,1,1,0,0.4,1,1.1,0.9
