BUS_I,BUS_TYPE,Pd,Qd,Gs,Bs,area,Vm,Va,baseKV,zone,Vmax,Vmin
1,1,0.006792719495569852,0.0017024159791961806,0,0,1,1,0,0.4,1,1.1,0.9
2,1,0.00033536844490300393,8.405125515537736e-05,0,0,1,1,0,0.4,1,1.1,0.9
54,1,0.004835731318178095,0.0012119485093613702,0,0,1,1,0,0.4,1,1.1,0.9
48,1,0.01282389298667871,0.0032139705386424445,0,0,1,1,0,0.4,1,1.1,0.9
49,1,0.003861518245643968,0.0009677876982303386,0,0,1,1,0,0.4,1,1.1,0.9
50,1,0.014512600626574994,0.003637200567826643,0,0,1,1,0,0.4,1,1.1,0.9
51,3,0.0,0.0,0,0,1,1,0,0.4,1,1.1,0.9
52,1,0.0,0.0,0,0,1,1,0,0.4,1,1.1,0.9
58,1,0.006910728233063792,0.0017319917566922891,0,0,1,1,0,0.4,1,1.1,0.9
59,1,0.002480958568211554,0.0006217868282359716,0,0,1,1,0,0.4,1,1.1,0.9
66,1,0.011216173668056833,0.0028110380960663407,0,0,1,1,0,0.4,1,1.1,0.9
64,1,0.0,0.0,0,0,1,1,0,0.4,1,1.1,0.9
55,1,0.0,0.0,0,0,1,1,0,0.4,1,1.1,0.9
56,1,0.0027268170709059537,0.0006834047772593591,0,0,1,1,0,0.4,1,1.1,0.9
57,1,0.002915894160228619,0.00073079196266761,0,0,1,1,0,0.4,1,1.1,0.9
61,1,0.0,0.0,0,0,1,1,0,0.4,1,1.1,0.9
60,1,0.0065680555387323866,0.001646109884071984,0,0,1,1,0,0.4,1,1.1,0.9
63,1,0.006734968955486489,0.001687942329532118,0,0,1,1,0,0.4,1,1.1,0.9
