F_BUS,T_BUS,BR_R,BR_X,BR_B,RATE_A,RATE_B,RATE_C,TAP,SHIFT,BR_STATUS,ANGMIN,ANGMAX
1,2,0.8673923066064965,0.5551310762281577,4.369755653125244e-09,0,0,0,0,0,1,-90,90
1,3,0.21585426956854697,0.13814673252387008,1.0874323042921421e-09,0,0,0,0,0,1,-90,90
2,4,0.5821103635206649,0.3725506326532255,2.932560079635557e-09,0,0,0,0,0,1,-90,90
3,5,1.5055687088563852,0.9635639736680865,7.584765655153888e-09,0,0,0,0,0,1,-90,90
4,13,0.4542187499999999,0.29069999999999996,2.2882667225090144e-09,0,0,0,0,0,1,-90,90
5,12,0.552929044412487,0.3538745884239917,1.8570334700887378e-09,0,0,0,0,0,1,-90,90
13,14,0.509453125,0.3260499999999999,2.5665268829517175e-09,0,0,0,0,0,1,-90,90
12,11,3.9534359192104214,2.5301989882946696,6.638883323289382e-09,0,0,0,0,0,1,-90,90
7,9,1.0840545938888844,0.693794940088886,1.8204195317630244e-09,0,0,0,0,0,1,-90,90
7,10,1.5884780403683705,1.0166259458357572,2.6674823083307137e-09,0,0,0,0,0,1,-90,90
9,8,1.3255818532824086,0.8483723861007415,2.226008828586053e-09,0,0,0,0,0,1,-90,90
10,11,1.985464436548908,1.2706972393913012,3.3341293513165764e-09,0,0,0,0,0,1,-90,90
