BUS_I,BUS_TYPE,Pd,Qd,Gs,Bs,area,Vm,Va,baseKV,zone,Vmax,Vmin
1,1,0.012600314635910876,0.003157936522046039,0,0,1,1,0,0.4,1,1.1,0.9
2,1,0.0011605879883133056,0.0002908707680121816,0,0,1,1,0,0.4,1,1.1,0.9
3,1,0.011012829680308528,0.0027600752888663734,0,0,1,1,0,0.4,1,1.1,0.9
4,1,0.0,0.0,0,0,1,1,0,0.4,1,1.1,0.9
20,1,0.0,0.0,0,0,1,1,0,0.4,1,1.1,0.9
6,1,0.0,0.0,0,0,1,1,0,0.4,1,1.1,0.9
21,1,0.02549293095248479,0.0063891307507044585,0,0,1,1,0,0.4,1,1.1,0.9
8,1,0.0,0.0,0,0,1,1,0,0.4,1,1.1,0.9
5,1,0.0051727306035926806,0.0012964084916765024,0,0,1,1,0,0.4,1,1.1,0.9
7,1,0.005885330322762142,0.0014750028160080168,0,0,1,1,0,0.4,1,1.1,0.9
12,1,0.0,0.0,0,0,1,1,0,0.4,1,1.1,0.9
9,1,0.000734939475374214,0.00018419319499872225,0,0,1,1,0,0.4,1,1.1,0.9
13,1,0.008837153429436334,0.002214799421453018,0,0,1,1,0,0.4,1,1.1,0.9
10,3,0.0029936607103069543,0.0007502820973017078,0,0,1,1,0,0.4,1,1.1,0.9
11,1,0.005605444092737635,0.0014048567146326461,0,0,1,1,0,0.4,1,1.1,0.9
14,1,0.0018494106983652336,0.00046350601214237416,0,0,1,1,0,0.4,1,1.1,0.9
15,1,0.08756395263318097,0.021945595171643257,0,0,1,1,0,0.4,1,1.1,0.9
16,1,0.0,0.0,0,0,1,1,0,0.4,1,1.1,0.9
17,1,0.0,0.0,0,0,1,1,0,0.4,1,1.1,0.9
18,1,0.004134627425351011,0.0010362353106927204,0,0,1,1,0,0.4,1,1.1,0.9
19,1,0.0019603599791567974,0.0004913125230137666,0,0,1,1,0,0.4,1,1.1,0.9
