F_BUS,T_BUS,BR_R,BR_X,BR_B,RATE_A,RATE_B,RATE_C,TAP,SHIFT,BR_STATUS,ANGMIN,ANGMAX
23,24,5.888216896291733,2.2646988062660514,5.942248497746241e-09,0,0,0,0,0,1,-90,90
24,26,3.921461922393939,1.5082545855361305,3.957446138234095e-09,0,0,0,0,0,1,-90,90
24,27,4.982482056672862,1.9163392525664857,5.028202431700135e-09,0,0,0,0,0,1,-90,90
27,29,4.739973567035658,1.8230667565521763,4.783468629664934e-09,0,0,0,0,0,1,-90,90
29,31,4.855300032396472,1.8674230893832584,4.899853356588336e-09,0,0,0,0,0,1,-90,90
29,28,6.946177194523743,2.6716066132783625,7.009916877422186e-09,0,0,0,0,0,1,-90,90
28,18,10.640082371127304,4.0923393735105025,1.0737718158029437e-08,0,0,0,0,0,1,-90,90
28,22,8.061796700122713,3.100691038508736,8.135773558309207e-09,0,0,0,0,0,1,-90,90
18,16,3.5890918800414107,1.3804199538620812,3.622026193681952e-09,0,0,0,0,0,1,-90,90
22,21,3.752068194017006,1.4431031515450023,3.7864980149390124e-09,0,0,0,0,0,1,-90,90
31,32,6.129008241123284,2.3573108619704937,6.185249398069169e-09,0,0,0,0,0,1,-90,90
13,14,1.423319130607774,0.5474304348491439,1.436379826801898e-09,0,0,0,0,0,1,-90,90
13,15,0.8003309720794307,0.3078196046459349,8.076749889315148e-10,0,0,0,0,0,1,-90,90
14,16,0.7108067476431899,0.2733872106319961,7.173292700937502e-10,0,0,0,0,0,1,-90,90
15,17,1.7653797266165818,0.6789922025448392,1.781579247708355e-09,0,0,0,0,0,1,-90,90
17,30,1.5356129410968036,0.5906203619603091,1.5497040705309075e-09,0,0,0,0,0,1,-90,90
19,20,0.16082341130914468,0.061855158195824884,1.6229916307193766e-10,0,0,0,0,0,1,-90,90
20,21,4.264778055786147,1.6402992522254414,4.303912617617129e-09,0,0,0,0,0,1,-90,90
