BUS_I,BUS_TYPE,Pd,Qd,Gs,Bs,area,Vm,Va,baseKV,zone,Vmax,Vmin
64,1,0.0008665066366221262,0.0002171670337965712,0,0,1,1,0,0.4,1,1.1,0.9
65,1,0.0,0.0,0,0,1,1,0,0.4,1,1.1,0.9
68,1,0.0007205762805514486,0.0001805934390549458,0,0,1,1,0,0.4,1,1.1,0.9
66,1,0.0026576174523432867,0.0006660617180513059,0,0,1,1,0,0.4,1,1.1,0.9
67,1,0.006098536658324248,0.0015284373605617136,0,0,1,1,0,0.4,1,1.1,0.9
83,1,0.0,0.0,0,0,1,1,0,0.4,1,1.1,0.9
71,1,0.0005596331143052293,0.0001402572794153955,0,0,1,1,0,0.4,1,1.1,0.9
72,1,0.0,0.0,0,0,1,1,0,0.4,1,1.1,0.9
73,1,0.0,0.0,0,0,1,1,0,0.4,1,1.1,0.9
74,1,0.00023032875151486802,5.7725826497465675e-05,0,0,1,1,0,0.4,1,1.1,0.9
77,1,0.0,0.0,0,0,1,1,0,0.4,1,1.1,0.9
87,1,0.0,0.0,0,0,1,1,0,0.4,1,1.1,0.9
75,1,0.00045776931475022546,0.0001147278047805052,0,0,1,1,0,0.4,1,1.1,0.9
76,1,0.00031887540639913883,7.991771006893738e-05,0,0,1,1,0,0.4,1,1.1,0.9
78,1,0.0016025454888333897,0.00040163575860272503,0,0,1,1,0,0.4,1,1.1,0.9
80,1,0.008684046486867198,0.0021764272045926626,0,0,1,1,0,0.4,1,1.1,0.9
81,3,0.01631780297557955,0.00408962692322556,0,0,1,1,0,0.4,1,1.1,0.9
82,1,0.024781776344445908,0.006210898605362084,0,0,1,1,0,0.4,1,1.1,0.9
84,1,0.011926655519728746,0.002989101632769719,0,0,1,1,0,0.4,1,1.1,0.9
89,1,0.00810542520723085,0.0020314110423621592,0,0,1,1,0,0.4,1,1.1,0.9
85,1,0.0,0.0,0,0,1,1,0,0.4,1,1.1,0.9
86,1,0.003234000077982768,0.0008105168207034411,0,0,1,1,0,0.4,1,1.1,0.9
