F_BUS,T_BUS,BR_R,BR_X,BR_B,RATE_A,RATE_B,RATE_C,TAP,SHIFT,BR_STATUS,ANGMIN,ANGMAX
1,3,2.9604185999977246,1.1386225384606632,2.9875840663436266e-09,0,0,0,0,0,1,-90,90
3,5,0.893181529756194,0.34353135759853615,9.013775641911188e-10,0,0,0,0,0,1,-90,90
3,6,6.344454789214867,2.440174918928795,6.402672932101703e-09,0,0,0,0,0,1,-90,90
2,38,10.48298841503431,4.031918621167042,1.0579182672492804e-08,0,0,0,0,0,1,-90,90
38,36,1.7363730813648315,0.6678358005249352,1.7523064309613323e-09,0,0,0,0,0,1,-90,90
5,11,3.079497957703737,1.1844222914245142,3.1077561229957464e-09,0,0,0,0,0,1,-90,90
36,37,3.2783918993592875,1.2609199612920337,3.308475160155849e-09,0,0,0,0,0,1,-90,90
37,39,3.131427956227722,1.204395367779893,3.1601626428560207e-09,0,0,0,0,0,1,-90,90
39,41,2.783930201871561,1.0707423853352158,2.809476171015364e-09,0,0,0,0,0,1,-90,90
41,42,2.6272951431962417,1.0104981319985546,2.6514037938422365e-09,0,0,0,0,0,1,-90,90
41,9,13.300907567458939,5.1157336797919,1.3422959684309589e-08,0,0,0,0,0,1,-90,90
11,12,3.1449438560759786,1.2095937907984533,3.17380256763861e-09,0,0,0,0,0,1,-90,90
11,10,3.3248861649196617,1.278802371122947,3.3553960675453075e-09,0,0,0,0,0,1,-90,90
12,35,0.5393967783412178,0.20746029936200688,5.443464043938064e-10,0,0,0,0,0,1,-90,90
10,8,1.7996124355639127,0.6921586290630434,1.8161260836858427e-09,0,0,0,0,0,1,-90,90
7,8,2.8598442512339273,1.0999400966284336,2.8860868247542655e-09,0,0,0,0,0,1,-90,90
7,9,7.861426269305657,3.0236254881944835,7.933564483391251e-09,0,0,0,0,0,1,-90,90
35,34,1.57021466649307,0.6039287178819501,1.5846233091351925e-09,0,0,0,0,0,1,-90,90
