BUS_I,BUS_TYPE,Pd,Qd,Gs,Bs,area,Vm,Va,baseKV,zone,Vmax,Vmin
1,1,0.0005678660569764421,0.00014232064934674917,0,0,1,1,0,0.4,1,1.1,0.9
2,1,0.0005137377593047665,0.00012875481920419043,0,0,1,1,0,0.4,1,1.1,0.9
3,1,0.0,0.0,0,0,1,1,0,0.4,1,1.1,0.9
4,1,0.0,0.0,0,0,1,1,0,0.4,1,1.1,0.9
5,1,0.0007910844817904348,0.00019826445999610422,0,0,1,1,0,0.4,1,1.1,0.9
6,1,0.003877599617323878,0.0009718180698853329,0,0,1,1,0,0.4,1,1.1,0.9
7,1,0.0006315726531742747,0.00015828702738107287,0,0,1,1,0,0.4,1,1.1,0.9
8,1,0.0027742697502615146,0.0006952975397447327,0,0,1,1,0,0.4,1,1.1,0.9
17,1,0.0,0.0,0,0,1,1,0,0.4,1,1.1,0.9
19,1,0.0009585889413744962,0.0002402450347524308,0,0,1,1,0,0.4,1,1.1,0.9
29,1,0.00133897136671018,0.0003355778568304225,0,0,1,1,0,0.4,1,1.1,0.9
18,1,0.008618213901362321,0.002159928003412871,0,0,1,1,0,0.4,1,1.1,0.9
14,1,0.003296481964290482,0.0008261762575063218,0,0,1,1,0,0.4,1,1.1,0.9
9,1,0.0022016432061785452,0.0005517837998656578,0,0,1,1,0,0.4,1,1.1,0.9
10,1,0.0013187501170954317,0.0003305099339630181,0,0,1,1,0,0.4,1,1.1,0.9
11,1,0.0,0.0,0,0,1,1,0,0.4,1,1.1,0.9
12,3,0.008619867810543696,0.0021603425121262585,0,0,1,1,0,0.4,1,1.1,0.9
13,1,0.0,0.0,0,0,1,1,0,0.4,1,1.1,0.9
15,1,0.0,0.0,0,0,1,1,0,0.4,1,1.1,0.9
16,1,0.0021811727260684054,0.0005466534139481989,0,0,1,1,0,0.4,1,1.1,0.9
37,1,0.0019877827313144357,0.0004981853125492607,0,0,1,1,0,0.4,1,1.1,0.9
31,1,0.0005684975081323031,0.00014247890592403325,0,0,1,1,0,0.4,1,1.1,0.9
23,1,0.0,0.0,0,0,1,1,0,0.4,1,1.1,0.9
30,1,0.0005333965753493067,0.00013368178293177122,0,0,1,1,0,0.4,1,1.1,0.9
35,1,0.0010813230613442052,0.0002710051047310727,0,0,1,1,0,0.4,1,1.1,0.9
22,1,0.0,0.0,0,0,1,1,0,0.4,1,1.1,0.9
27,1,0.0004881810811380898,0.00012234971189562275,0,0,1,1,0,0.4,1,1.1,0.9
20,1,0.004892067057201291,0.0012260675764559947,0,0,1,1,0,0.4,1,1.1,0.9
21,1,0.0032051333238321275,0.0008032821301548871,0,0,1,1,0,0.4,1,1.1,0.9
24,1,0.0010853610902439728,0.0002720171301691765,0,0,1,1,0,0.4,1,1.1,0.9
36,1,0.001894625224107854,0.00047483784045741296,0,0,1,1,0,0.4,1,1.1,0.9
25,1,0.002700578472106279,0.0006768287645302281,0,0,1,1,0,0.4,1,1.1,0.9
26,1,0.0,0.0,0,0,1,1,0,0.4,1,1.1,0.9
34,1,0.0,0.0,0,0,1,1,0,0.4,1,1.1,0.9
38,1,0.0016453490241633251,0.0004123633357622552,0,0,1,1,0,0.4,1,1.1,0.9
32,1,0.0015253026064200776,0.00038227686745679197,0,0,1,1,0,0.4,1,1.1,0.9
28,1,0.0005576818539779785,0.00013976824748012276,0,0,1,1,0,0.4,1,1.1,0.9
