BUS_I,BUS_TYPE,Pd,Qd,Gs,Bs,area,Vm,Va,baseKV,zone,Vmax,Vmin
1,1,0.00672663877943304,0.0016858545906181,0,0,1,1,0,0.4,1,1.1,0.9
2,1,0.005089620102267916,0.0012755790366126563,0,0,1,1,0,0.4,1,1.1,0.9
3,1,0.0,0.0,0,0,1,1,0,0.4,1,1.1,0.9
4,1,0.0022138173204970238,0.0005548349205194484,0,0,1,1,0,0.4,1,1.1,0.9
5,1,0.00632303807888841,0.0015847027202560062,0,0,1,1,0,0.4,1,1.1,0.9
6,3,0.0021411413196250084,0.0005366205977773879,0,0,1,1,0,0.4,1,1.1,0.9
28,1,0.010362214827761469,0.002597015836462832,0,0,1,1,0,0.4,1,1.1,0.9
22,1,0.003136452741468194,0.0007860691536801313,0,0,1,1,0,0.4,1,1.1,0.9
14,1,0.004694142639017678,0.001176463041422766,0,0,1,1,0,0.4,1,1.1,0.9
27,1,0.004609567329817965,0.0011552664709003186,0,0,1,1,0,0.4,1,1.1,0.9
12,1,0.006438070181426391,0.0016135324827110747,0,0,1,1,0,0.4,1,1.1,0.9
13,1,0.0025314034583375283,0.0006344295094294558,0,0,1,1,0,0.4,1,1.1,0.9
7,1,0.0028913159486873524,0.0007246320822110114,0,0,1,1,0,0.4,1,1.1,0.9
8,1,0.002889780355074484,0.0007242472261742203,0,0,1,1,0,0.4,1,1.1,0.9
9,1,0.0,0.0,0,0,1,1,0,0.4,1,1.1,0.9
10,1,0.002891311102090188,0.0007246308675392644,0,0,1,1,0,0.4,1,1.1,0.9
11,1,0.0,0.0,0,0,1,1,0,0.4,1,1.1,0.9
21,1,0.008011296388170035,0.002007820136573026,0,0,1,1,0,0.4,1,1.1,0.9
26,1,0.0,0.0,0,0,1,1,0,0.4,1,1.1,0.9
19,1,0.0,0.0,0,0,1,1,0,0.4,1,1.1,0.9
17,1,0.003405485850420758,0.0008534952065169043,0,0,1,1,0,0.4,1,1.1,0.9
29,1,0.013085436300933208,0.003279519471986325,0,0,1,1,0,0.4,1,1.1,0.9
15,1,0.0024882815618529853,0.0006236221434435046,0,0,1,1,0,0.4,1,1.1,0.9
16,1,0.006060709739791252,0.0015189570411408505,0,0,1,1,0,0.4,1,1.1,0.9
18,1,0.008382881867631524,0.002100948236192786,0,0,1,1,0,0.4,1,1.1,0.9
23,1,0.008863588358272311,0.0022214246391274164,0,0,1,1,0,0.4,1,1.1,0.9
24,1,0.004273871160611951,0.0010711330802923322,0,0,1,1,0,0.4,1,1.1,0.9
25,1,0.0,0.0,0,0,1,1,0,0.4,1,1.1,0.9
30,1,0.002862383562220349,0.0007173809426534558,0,0,1,1,0,0.4,1,1.1,0.9
