F_BUS,T_BUS,BR_R,BR_X,BR_B,RATE_A,RATE_B,RATE_C,TAP,SHIFT,BR_STATUS,ANGMIN,ANGMAX
1,2,2.472156556706075,0.950829444886952,2.4948416208193235e-09,0,0,0,0,0,1,-90,90
1,3,2.1116888634090176,0.8121880243880837,2.131066194963413e-09,0,0,0,0,0,1,-90,90
2,4,1.6009630179226968,0.615755006893345,1.6156538143473802e-09,0,0,0,0,0,1,-90,90
3,5,0.7780338220437323,0.2992437777091278,7.851732352364202e-10,0,0,0,0,0,1,-90,90
3,6,3.5505380229763053,1.3655915472985791,3.5831185577605025e-09,0,0,0,0,0,1,-90,90
4,28,1.931403085303833,0.7428473405014743,1.949126074044085e-09,0,0,0,0,0,1,-90,90
5,22,2.605961963757913,1.0022930629838125,2.629874856355338e-09,0,0,0,0,0,1,-90,90
6,14,3.74588773635147,1.4407260524428733,3.780260844005051e-09,0,0,0,0,0,1,-90,90
28,27,1.6335672866627682,0.6282951102549108,1.6485572671843194e-09,0,0,0,0,0,1,-90,90
22,12,2.846765861319497,1.094909946661345,2.872888424594974e-09,0,0,0,0,0,1,-90,90
14,13,1.754959853888635,0.6749845591879365,1.7710637598866778e-09,0,0,0,0,0,1,-90,90
27,25,3.7737918196785554,1.4514583921840598,3.808420981471418e-09,0,0,0,0,0,1,-90,90
12,9,0.8998413256687642,0.3460928175649093,9.080984718875879e-10,0,0,0,0,0,1,-90,90
13,15,0.9143982681904407,0.35169164161170796,9.227889921851142e-10,0,0,0,0,0,1,-90,90
13,16,6.024684463937854,2.3171863322837902,6.079968322460399e-09,0,0,0,0,0,1,-90,90
7,8,0.028069027082887842,0.010795779647264556,2.8326594783139083e-11,0,0,0,0,0,1,-90,90
7,9,2.3088409463232984,0.8880157485858842,2.330027389695001e-09,0,0,0,0,0,1,-90,90
8,10,0.6820517479117415,0.2623275953506698,6.883104080228739e-10,0,0,0,0,0,1,-90,90
9,11,5.628349999999999,2.1647499999999993,5.679997004416225e-09,0,0,0,0,0,1,-90,90
10,21,4.692632695153114,1.8048587289050442,4.7356933473034425e-09,0,0,0,0,0,1,-90,90
11,26,0.7970299999999999,0.30654999999999993,8.04343726390481e-10,0,0,0,0,0,1,-90,90
21,19,2.6033799999999996,1.0012999999999999,2.627269199917757e-09,0,0,0,0,0,1,-90,90
26,29,12.400715760540367,4.769506061746295,1.2514507515077484e-08,0,0,0,0,0,1,-90,90
19,17,2.3068937808007455,0.8872668387695175,2.3280623565440416e-09,0,0,0,0,0,1,-90,90
29,30,5.111994164220103,1.966151601623117,5.1589029714504995e-09,0,0,0,0,0,1,-90,90
16,18,2.3083313271827155,0.8878197412241213,2.329513094174661e-09,0,0,0,0,0,1,-90,90
23,24,2.316271463052921,0.8908736396357388,2.337526090515938e-09,0,0,0,0,0,1,-90,90
24,25,6.836133048845392,2.629281941863612,6.898862941933708e-09,0,0,0,0,0,1,-90,90
