F_BUS,T_BUS,BR_R,BR_X,BR_B,RATE_A,RATE_B,RATE_C,TAP,SHIFT,BR_STATUS,ANGMIN,ANGMAX
1,2,5.076259672195078,1.9524075662288762,5.122840571696312e-09,0,0,0,0,0,1,-90,90
2,4,4.681381097193748,1.8005311912283648,4.7243385021527146e-09,0,0,0,0,0,1,-90,90
4,27,0.8700899999999999,0.33464999999999995,8.780741413686981e-10,0,0,0,0,0,1,-90,90
27,14,0.3498299999999999,0.13454999999999998,3.530401186946312e-10,0,0,0,0,0,1,-90,90
27,25,1.622733965699192,0.6241284483458431,1.637624537233092e-09,0,0,0,0,0,1,-90,90
5,15,0.18420999999999996,0.07084999999999998,5.577010570683306e-10,0,0,0,0,0,1,-90,90
5,12,1.251308579892129,0.4812725307277419,2.5255817372365308e-09,0,0,0,0,0,1,-90,90
15,16,1.0250126442607976,0.39423563240799914,3.103255171883457e-09,0,0,0,0,0,1,-90,90
15,9,1.0659670071301932,0.4099873104346897,1.0757485599342662e-09,0,0,0,0,0,1,-90,90
12,13,4.306322902086131,1.6562780392638965,4.345838688762819e-09,0,0,0,0,0,1,-90,90
14,20,1.9906899999999994,0.7656499999999998,2.0089570187926005e-09,0,0,0,0,0,1,-90,90
14,13,2.045693090967845,0.7868050349876325,2.0644648304835925e-09,0,0,0,0,0,1,-90,90
25,24,0.13279098730573907,0.05107345665605349,1.340095072463637e-10,0,0,0,0,0,1,-90,90
9,7,2.520400599471038,0.9693848459503994,2.543528361762214e-09,0,0,0,0,0,1,-90,90
6,7,0.20164826186375817,0.07755702379375315,2.03498631629498e-10,0,0,0,0,0,1,-90,90
10,22,2.012251602678017,0.7739429241069296,2.030716475582166e-09,0,0,0,0,0,1,-90,90
10,21,1.192316520393335,0.4585832770743596,1.203257484724674e-09,0,0,0,0,0,1,-90,90
21,19,2.093565901307931,0.8052176543492042,2.1127769324894513e-09,0,0,0,0,0,1,-90,90
19,18,0.9643399999999999,0.3708999999999999,9.731890005487828e-10,0,0,0,0,0,1,-90,90
18,17,5.25280890920561,2.0203111189252345,5.301009864180217e-09,0,0,0,0,0,1,-90,90
18,20,2.9582799999999994,1.1377999999999997,2.9854258420717315e-09,0,0,0,0,0,1,-90,90
20,23,1.675434446674745,0.6443978641056711,1.6908086096650542e-09,0,0,0,0,0,1,-90,90
