BUS_I,BUS_TYPE,Pd,Qd,Gs,Bs,area,Vm,Va,baseKV,zone,Vmax,Vmin
1,1,0.008172012422915039,0.002048099371692537,0,0,1,1,0,0.4,1,1.1,0.9
2,1,0.0038329549422472286,0.00096062905960954,0,0,1,1,0,0.4,1,1.1,0.9
3,1,0.011840217864518282,0.002967438314340257,0,0,1,1,0,0.4,1,1.1,0.9
4,1,0.0,0.0,0,0,1,1,0,0.4,1,1.1,0.9
36,1,0.0,0.0,0,0,1,1,0,0.4,1,1.1,0.9
34,1,0.014417622228390431,0.0036133967374383414,0,0,1,1,0,0.4,1,1.1,0.9
5,1,0.01128379995674656,0.002827986841639334,0,0,1,1,0,0.4,1,1.1,0.9
6,1,0.0,0.0,0,0,1,1,0,0.4,1,1.1,0.9
7,1,0.0,0.0,0,0,1,1,0,0.4,1,1.1,0.9
8,1,0.011447428597235802,0.0028689960445667786,0,0,1,1,0,0.4,1,1.1,0.9
9,1,0.003383719456984839,0.0008480400341048908,0,0,1,1,0,0.4,1,1.1,0.9
10,1,0.0,0.0,0,0,1,1,0,0.4,1,1.1,0.9
11,1,0.0,0.0,0,0,1,1,0,0.4,1,1.1,0.9
22,3,0.002679220652183927,0.0006714759902929994,0,0,1,1,0,0.4,1,1.1,0.9
35,1,0.005799962253123123,0.0014536075609910264,0,0,1,1,0,0.4,1,1.1,0.9
18,1,0.012840598266852434,0.0032181572765054233,0,0,1,1,0,0.4,1,1.1,0.9
39,1,0.009700960432239588,0.002431289863237476,0,0,1,1,0,0.4,1,1.1,0.9
21,1,0.005200353610241991,0.0013033314697184926,0,0,1,1,0,0.4,1,1.1,0.9
19,1,0.0,0.0,0,0,1,1,0,0.4,1,1.1,0.9
20,1,0.004451738012517832,0.0011157107153693256,0,0,1,1,0,0.4,1,1.1,0.9
38,1,0.01744852489050822,0.004373012547680877,0,0,1,1,0,0.4,1,1.1,0.9
12,1,0.009364077125225771,0.002346858947849491,0,0,1,1,0,0.4,1,1.1,0.9
13,1,0.005415840309020272,0.0013573375271662695,0,0,1,1,0,0.4,1,1.1,0.9
14,1,0.0,0.0,0,0,1,1,0,0.4,1,1.1,0.9
15,1,0.01262460661971047,0.003164024667068629,0,0,1,1,0,0.4,1,1.1,0.9
16,1,0.0,0.0,0,0,1,1,0,0.4,1,1.1,0.9
23,1,0.0,0.0,0,0,1,1,0,0.4,1,1.1,0.9
40,1,0.007074356245557954,0.0017730008022293305,0,0,1,1,0,0.4,1,1.1,0.9
25,1,0.0031534331507153076,0.000790324845388648,0,0,1,1,0,0.4,1,1.1,0.9
26,1,0.008119273854912453,0.002034881840636517,0,0,1,1,0,0.4,1,1.1,0.9
30,1,0.006710975013375108,0.0016819288807976365,0,0,1,1,0,0.4,1,1.1,0.9
28,1,0.0027024446629825357,0.0006772964760513708,0,0,1,1,0,0.4,1,1.1,0.9
29,1,0.004022304286056902,0.0010080844784240714,0,0,1,1,0,0.4,1,1.1,0.9
27,1,0.0,0.0,0,0,1,1,0,0.4,1,1.1,0.9
24,1,0.002327007560232614,0.00058320306864342,0,0,1,1,0,0.4,1,1.1,0.9
31,1,0.00589436532319797,0.001477267200563279,0,0,1,1,0,0.4,1,1.1,0.9
32,1,0.006776625686715102,0.0016983824904913513,0,0,1,1,0,0.4,1,1.1,0.9
33,1,0.004594407222201642,0.001151466989783927,0,0,1,1,0,0.4,1,1.1,0.9
