F_BUS,T_BUS,BR_R,BR_X,BR_B,RATE_A,RATE_B,RATE_C,TAP,SHIFT,BR_STATUS,ANGMIN,ANGMAX
1,2,0.4146171727648629,0.1594681433711011,4.184217931159125e-10,0,0,0,0,0,1,-90,90
1,3,0.8380531966690007,0.3223281525650003,8.457433611309472e-10,0,0,0,0,0,1,-90,90
2,4,1.6903041580551197,0.6501169838673537,1.7058147688586124e-09,0,0,0,0,0,1,-90,90
3,5,0.5669024615131637,0.21803940827429374,5.721044858956807e-10,0,0,0,0,0,1,-90,90
3,11,0.671906759377137,0.25842567668351424,1.3561446535873397e-09,0,0,0,0,0,1,-90,90
4,10,4.129021971841837,1.5880853737853222,4.166910805339116e-09,0,0,0,0,0,1,-90,90
5,15,0.6393929439858076,0.24592036307146448,6.452601573257276e-10,0,0,0,0,0,1,-90,90
11,18,0.8050771386788125,0.3096450533380048,1.624929414844365e-09,0,0,0,0,0,1,-90,90
10,9,3.7757199999999993,1.4521999999999997,3.810366855208795e-09,0,0,0,0,0,1,-90,90
15,13,1.7647273835900221,0.6787413013807777,1.7809209186355876e-09,0,0,0,0,0,1,-90,90
7,21,1.9584499999999996,0.7532499999999999,1.976421177307551e-09,0,0,0,0,0,1,-90,90
7,8,3.4410999999999996,1.3234999999999997,3.4726763068921926e-09,0,0,0,0,0,1,-90,90
8,18,5.572087069899753,2.1431104114999053,5.62321779302584e-09,0,0,0,0,0,1,-90,90
9,20,2.0111,0.7734999999999999,2.0295543055391844e-09,0,0,0,0,0,1,-90,90
13,12,0.00553593393368964,0.0021292053591114,5.586732907513443e-12,0,0,0,0,0,1,-90,90
17,16,2.1254715473289574,0.8174890566649837,2.1449753518882796e-09,0,0,0,0,0,1,-90,90
16,14,0.15463751062764436,0.05947596562601706,1.5605649917567355e-10,0,0,0,0,0,1,-90,90
12,14,1.8794435444262902,0.7228629017024194,1.8966897407429787e-09,0,0,0,0,0,1,-90,90
