BUS_I,BUS_TYPE,Pd,Qd,Gs,Bs,area,Vm,Va,baseKV,zone,Vmax,Vmin
1,1,0.05489970458663271,0.01375916293943663,0,0,1,1,0,0.4,1,1.1,0.9
2,3,0.013059852328955089,0.0032731075242038114,0,0,1,1,0,0.4,1,1.1,0.9
3,1,0.0,0.0,0,0,1,1,0,0.4,1,1.1,0.9
4,1,0.02289549574288035,0.005738152124450082,0,0,1,1,0,0.4,1,1.1,0.9
5,1,0.010547885928214134,0.002643549400595976,0,0,1,1,0,0.4,1,1.1,0.9
7,1,0.0,0.0,0,0,1,1,0,0.4,1,1.1,0.9
9,1,0.01615992395697503,0.0040500587113735265,0,0,1,1,0,0.4,1,1.1,0.9
8,1,0.022493375826468882,0.005637371373574326,0,0,1,1,0,0.4,1,1.1,0.9
