BUS_I,BUS_TYPE,Pd,Qd,Gs,Bs,area,Vm,Va,baseKV,zone,Vmax,Vmin
1,1,0.0021305507441664313,0.0005339663493719705,0,0,1,1,0,0.4,1,1.1,0.9
2,1,0.06653860481338583,0.016676146297753904,0,0,1,1,0,0.4,1,1.1,0.9
3,1,0.0,0.0,0,0,1,1,0,0.4,1,1.1,0.9
4,1,0.0,0.0,0,0,1,1,0,0.4,1,1.1,0.9
5,1,0.025350735034497935,0.006353493094370324,0,0,1,1,0,0.4,1,1.1,0.9
6,1,0.006148103109959505,0.0015408598843168826,0,0,1,1,0,0.4,1,1.1,0.9
12,1,0.0,0.0,0,0,1,1,0,0.4,1,1.1,0.9
10,3,0.0,0.0,0,0,1,1,0,0.4,1,1.1,0.9
7,1,0.024944565973608158,0.006251697532229884,0,0,1,1,0,0.4,1,1.1,0.9
8,1,0.09138873535231305,0.022904176079076657,0,0,1,1,0,0.4,1,1.1,0.9
13,1,0.0008849900720970353,0.0002217994193857964,0,0,1,1,0,0.4,1,1.1,0.9
11,1,0.007690014202000167,0.0019272992306349278,0,0,1,1,0,0.4,1,1.1,0.9
14,1,0.0010660422420897956,0.00026717537042644226,0,0,1,1,0,0.4,1,1.1,0.9
16,1,0.004629711407262612,0.0011603150525987531,0,0,1,1,0,0.4,1,1.1,0.9
15,1,0.014244028778710905,0.003569890117915637,0,0,1,1,0,0.4,1,1.1,0.9
