BUS_I,BUS_TYPE,Pd,Qd,Gs,Bs,area,Vm,Va,baseKV,zone,Vmax,Vmin
10,1,0.009456700002334362,0.002370072429008492,0,0,1,1,0,0.4,1,1.1,0.9
11,1,0.0,0.0,0,0,1,1,0,0.4,1,1.1,0.9
12,1,0.0,0.0,0,0,1,1,0,0.4,1,1.1,0.9
14,1,0.0,0.0,0,0,1,1,0,0.4,1,1.1,0.9
16,1,0.0007039350778861969,0.00017642276052937982,0,0,1,1,0,0.4,1,1.1,0.9
13,1,0.005732187842509375,0.001436621692564589,0,0,1,1,0,0.4,1,1.1,0.9
67,1,0.0,0.0,0,0,1,1,0,0.4,1,1.1,0.9
78,1,0.07336110440274209,0.01838602587198842,0,0,1,1,0,0.4,1,1.1,0.9
107,1,0.006019846067756953,0.0015087156395512233,0,0,1,1,0,0.4,1,1.1,0.9
31,1,0.013272571012166574,0.003326419851557971,0,0,1,1,0,0.4,1,1.1,0.9
32,3,0.0879076786381996,0.022031741028805563,0,0,1,1,0,0.4,1,1.1,0.9
33,1,0.012477139613674328,0.003127065951543296,0,0,1,1,0,0.4,1,1.1,0.9
34,1,0.0,0.0,0,0,1,1,0,0.4,1,1.1,0.9
35,1,0.024542687639522043,0.006150977327592087,0,0,1,1,0,0.4,1,1.1,0.9
69,1,0.007867809531897217,0.001971858940606847,0,0,1,1,0,0.4,1,1.1,0.9
112,1,0.004157108697270132,0.0010418696485411665,0,0,1,1,0,0.4,1,1.1,0.9
57,1,0.0030993380988107513,0.000776767347420739,0,0,1,1,0,0.4,1,1.1,0.9
58,1,0.0,0.0,0,0,1,1,0,0.4,1,1.1,0.9
61,1,0.0,0.0,0,0,1,1,0,0.4,1,1.1,0.9
70,1,0.0048092522430332124,0.0012053122275790318,0,0,1,1,0,0.4,1,1.1,0.9
63,1,0.008426562665016605,0.0021118956759480843,0,0,1,1,0,0.4,1,1.1,0.9
64,1,0.008076599473962907,0.0020241866326159014,0,0,1,1,0,0.4,1,1.1,0.9
65,1,0.0,0.0,0,0,1,1,0,0.4,1,1.1,0.9
66,1,0.012642462572593258,0.003168499790696398,0,0,1,1,0,0.4,1,1.1,0.9
68,1,0.004544036873831379,0.001138842990515425,0,0,1,1,0,0.4,1,1.1,0.9
