BUS_I,BUS_TYPE,Pd,Qd,Gs,Bs,area,Vm,Va,baseKV,zone,Vmax,Vmin
1,1,0.027560936846737206,0.006907421883106335,0,0,1,1,0,0.4,1,1.1,0.9
14,1,0.0,0.0,0,0,1,1,0,0.4,1,1.1,0.9
16,1,0.04509326897380279,0.011301438504160266,0,0,1,1,0,0.4,1,1.1,0.9
13,3,0.0,0.0,0,0,1,1,0,0.4,1,1.1,0.9
4,1,0.04915594553078479,0.012319641227446967,0,0,1,1,0,0.4,1,1.1,0.9
5,1,0.0,0.0,0,0,1,1,0,0.4,1,1.1,0.9
6,1,0.0,0.0,0,0,1,1,0,0.4,1,1.1,0.9
7,1,0.06221745039307392,0.015593162915544322,0,0,1,1,0,0.4,1,1.1,0.9
9,1,0.0,0.0,0,0,1,1,0,0.4,1,1.1,0.9
8,1,0.0,0.0,0,0,1,1,0,0.4,1,1.1,0.9
17,1,0.09547648417879735,0.023928662505416788,0,0,1,1,0,0.4,1,1.1,0.9
10,1,0.0,0.0,0,0,1,1,0,0.4,1,1.1,0.9
12,1,0.08153072129997256,0.02043352486835166,0,0,1,1,0,0.4,1,1.1,0.9
