BUS_I,BUS_TYPE,Pd,Qd,Gs,Bs,area,Vm,Va,baseKV,zone,Vmax,Vmin
1,1,0.009093214727496687,0.002278974432029557,0,0,1,1,0,0.4,1,1.1,0.9
2,1,0.0,0.0,0,0,1,1,0,0.4,1,1.1,0.9
3,1,0.0,0.0,0,0,1,1,0,0.4,1,1.1,0.9
4,1,0.010154240134158355,0.0025448924649782174,0,0,1,1,0,0.4,1,1.1,0.9
28,1,0.010070825449990498,0.0025239867745077693,0,0,1,1,0,0.4,1,1.1,0.9
25,1,0.009753050119215734,0.0024443447693788755,0,0,1,1,0,0.4,1,1.1,0.9
26,1,0.0,0.0,0,0,1,1,0,0.4,1,1.1,0.9
15,1,0.0,0.0,0,0,1,1,0,0.4,1,1.1,0.9
27,1,0.005831355605205111,0.0014614754766704187,0,0,1,1,0,0.4,1,1.1,0.9
13,1,0.017991392074766025,0.004509067888942131,0,0,1,1,0,0.4,1,1.1,0.9
5,1,0.04697199832327181,0.011772292462903428,0,0,1,1,0,0.4,1,1.1,0.9
6,1,0.0,0.0,0,0,1,1,0,0.4,1,1.1,0.9
7,1,0.0,0.0,0,0,1,1,0,0.4,1,1.1,0.9
8,1,0.015139063726827636,0.0037942070205356708,0,0,1,1,0,0.4,1,1.1,0.9
19,1,0.017358567031955163,0.004350466983131233,0,0,1,1,0,0.4,1,1.1,0.9
18,1,0.03664045629677322,0.009182963955062172,0,0,1,1,0,0.4,1,1.1,0.9
9,1,0.040648921208586763,0.01018757995935459,0,0,1,1,0,0.4,1,1.1,0.9
16,1,0.04240943148686945,0.01062880542600933,0,0,1,1,0,0.4,1,1.1,0.9
12,1,0.011114891862840702,0.002785654482962012,0,0,1,1,0,0.4,1,1.1,0.9
14,1,0.0,0.0,0,0,1,1,0,0.4,1,1.1,0.9
32,1,0.008325785228356562,0.002086638469519292,0,0,1,1,0,0.4,1,1.1,0.9
31,1,0.0,0.0,0,0,1,1,0,0.4,1,1.1,0.9
20,1,0.00975750976799555,0.0024454624627194164,0,0,1,1,0,0.4,1,1.1,0.9
22,1,0.0,0.0,0,0,1,1,0,0.4,1,1.1,0.9
23,3,0.03306508835835104,0.008286892283937617,0,0,1,1,0,0.4,1,1.1,0.9
24,1,0.0,0.0,0,0,1,1,0,0.4,1,1.1,0.9
29,1,0.005499011025600441,0.0013781820735956666,0,0,1,1,0,0.4,1,1.1,0.9
30,1,0.0,0.0,0,0,1,1,0,0.4,1,1.1,0.9
