BUS_I,BUS_TYPE,Pd,Qd,Gs,Bs,area,Vm,Va,baseKV,zone,Vmax,Vmin
1,1,0.025137653600111384,0.006300089853001931,0,0,1,1,0,0.4,1,1.1,0.9
3,1,0.0,0.0,0,0,1,1,0,0.4,1,1.1,0.9
7,1,0.03143858106110431,0.007879251130064276,0,0,1,1,0,0.4,1,1.1,0.9
4,1,0.0,0.0,0,0,1,1,0,0.4,1,1.1,0.9
38,1,0.04506724181341774,0.011294915482892937,0,0,1,1,0,0.4,1,1.1,0.9
8,1,0.020707594496117792,0.005189812384258978,0,0,1,1,0,0.4,1,1.1,0.9
28,1,0.054945827820294876,0.013770722511423944,0,0,1,1,0,0.4,1,1.1,0.9
27,1,0.019749014876187354,0.004949569685680641,0,0,1,1,0,0.4,1,1.1,0.9
9,1,0.0,0.0,0,0,1,1,0,0.4,1,1.1,0.9
10,1,0.018786807863890368,0.004708417876880448,0,0,1,1,0,0.4,1,1.1,0.9
11,1,0.01575860412675183,0.00394947848099807,0,0,1,1,0,0.4,1,1.1,0.9
12,1,0.01583346737655488,0.003968240979994589,0,0,1,1,0,0.4,1,1.1,0.9
31,1,0.0,0.0,0,0,1,1,0,0.4,1,1.1,0.9
13,1,0.009188308594546786,0.00230280720164344,0,0,1,1,0,0.4,1,1.1,0.9
32,1,0.021658909220964456,0.005428234328500871,0,0,1,1,0,0.4,1,1.1,0.9
29,1,0.011061066346634714,0.002772164537007771,0,0,1,1,0,0.4,1,1.1,0.9
14,1,0.006401074289032756,0.001604260438073191,0,0,1,1,0,0.4,1,1.1,0.9
17,3,0.010993224354242702,0.0027551617309911247,0,0,1,1,0,0.4,1,1.1,0.9
15,1,0.01825947585215458,0.004576256016861619,0,0,1,1,0,0.4,1,1.1,0.9
16,1,0.007732602181726539,0.0019379727844678432,0,0,1,1,0,0.4,1,1.1,0.9
18,1,0.029494915664185252,0.007392122663757999,0,0,1,1,0,0.4,1,1.1,0.9
19,1,0.0031359782881017644,0.0007859502444578499,0,0,1,1,0,0.4,1,1.1,0.9
20,1,0.0029705203712222785,0.0007444825816515382,0,0,1,1,0,0.4,1,1.1,0.9
23,1,0.0,0.0,0,0,1,1,0,0.4,1,1.1,0.9
25,1,0.0052996783435193245,0.0013282245943603995,0,0,1,1,0,0.4,1,1.1,0.9
21,1,0.03588828771362131,0.008994452738627827,0,0,1,1,0,0.4,1,1.1,0.9
22,1,0.035795152119445235,0.008971110758459105,0,0,1,1,0,0.4,1,1.1,0.9
24,1,0.04018520613878242,0.010071362007892902,0,0,1,1,0,0.4,1,1.1,0.9
26,1,0.0,0.0,0,0,1,1,0,0.4,1,1.1,0.9
37,1,0.004920637206014383,0.0012332279306998496,0,0,1,1,0,0.4,1,1.1,0.9
36,1,0.00320538786844415,0.0008033459250481118,0,0,1,1,0,0.4,1,1.1,0.9
34,1,0.0031982633587940104,0.0008015603546178525,0,0,1,1,0,0.4,1,1.1,0.9
35,1,0.0025242731614419883,0.0006326424885787793,0,0,1,1,0,0.4,1,1.1,0.9
