BUS_I,BUS_TYPE,Pd,Qd,Gs,Bs,area,Vm,Va,baseKV,zone,Vmax,Vmin
1,1,0.002975758923749213,0.0007457954866722045,0,0,1,1,0,0.4,1,1.1,0.9
2,1,0.005968126565071235,0.0014957535103383697,0,0,1,1,0,0.4,1,1.1,0.9
3,1,0.0,0.0,0,0,1,1,0,0.4,1,1.1,0.9
4,1,0.0,0.0,0,0,1,1,0,0.4,1,1.1,0.9
5,1,0.0035595387026822255,0.0008921044906926627,0,0,1,1,0,0.4,1,1.1,0.9
7,1,0.0018176358915302333,0.00045554249489025505,0,0,1,1,0,0.4,1,1.1,0.9
6,3,0.16258362402110738,0.04074729711269157,0,0,1,1,0,0.4,1,1.1,0.9
