F_BUS,T_BUS,BR_R,BR_X,BR_B,RATE_A,RATE_B,RATE_C,TAP,SHIFT,BR_STATUS,ANGMIN,ANGMAX
1,2,0.22732624459521628,0.1454887965409384,7.634839390494532e-10,0,0,0,0,0,1,-90,90
1,3,0.07624311446113273,0.048795593255124954,2.560654334383391e-10,0,0,0,0,0,1,-90,90
2,4,0.15005251314072068,0.09603360841006124,5.039571387850132e-10,0,0,0,0,0,1,-90,90
3,5,1.1813589869008496,0.7560697516165438,1.9838198056642514e-09,0,0,0,0,0,1,-90,90
4,6,0.2618866614518683,0.1676074633291957,8.795564288048355e-10,0,0,0,0,0,1,-90,90
5,7,0.074994876380764,0.04799672088368897,1.259365889091835e-10,0,0,0,0,0,1,-90,90
6,8,0.020657287291274546,0.013220663866415709,6.937829417497176e-11,0,0,0,0,0,1,-90,90
7,23,0.3327926309590295,0.21298728381377888,5.588484277819668e-10,0,0,0,0,0,1,-90,90
8,9,0.5782086442824015,0.37005353234073696,1.941935978906598e-09,0,0,0,0,0,1,-90,90
23,20,0.8056267831662958,0.5156011412264293,1.3528642742301446e-09,0,0,0,0,0,1,-90,90
9,10,1.0337109374999998,0.6615749999999999,3.4717579565276948e-09,0,0,0,0,0,1,-90,90
9,11,1.932136501021587,1.2365673606538157,3.244577389662802e-09,0,0,0,0,0,1,-90,90
20,19,1.9467968749999998,1.2459499999999997,3.269196104701418e-09,0,0,0,0,0,1,-90,90
10,14,0.2980346284770004,0.19074216222528026,1.000960766883442e-09,0,0,0,0,0,1,-90,90
14,15,0.7730702143040055,0.49476493715456343,2.5963860592937778e-09,0,0,0,0,0,1,-90,90
15,29,0.8480595001329134,0.5427580800850645,2.8482404610286347e-09,0,0,0,0,0,1,-90,90
29,27,0.6883222655474008,0.4405262499503365,1.1558784063215728e-09,0,0,0,0,0,1,-90,90
19,22,0.31943789822846697,0.20444025486621886,5.364222359266487e-10,0,0,0,0,0,1,-90,90
22,18,0.0895710366538048,0.05732546345843507,1.5041388646295552e-10,0,0,0,0,0,1,-90,90
16,17,1.8276356922043802,1.1696868430108034,3.069092396076422e-09,0,0,0,0,0,1,-90,90
17,18,0.39950049085069606,0.25568031414444553,6.708688848267236e-10,0,0,0,0,0,1,-90,90
27,25,0.58231415503597,0.37268105922302075,9.778622473677902e-10,0,0,0,0,0,1,-90,90
31,30,0.1406893271681511,0.09004116938761672,2.362552592196775e-10,0,0,0,0,0,1,-90,90
30,28,0.3357331485220806,0.2148692150541316,5.63786348469215e-10,0,0,0,0,0,1,-90,90
24,25,0.423529467336406,0.27105885909529986,7.11220005858313e-10,0,0,0,0,0,1,-90,90
24,26,0.11343424247026068,0.07259791518096684,1.9048663390911414e-10,0,0,0,0,0,1,-90,90
26,28,0.29713912991683433,0.19016904314677396,4.989766002570163e-10,0,0,0,0,0,1,-90,90
