BUS_I,BUS_TYPE,Pd,Qd,Gs,Bs,area,Vm,Va,baseKV,zone,Vmax,Vmin
134,1,0.0,0.0,0,0,1,1,0,0.4,1,1.1,0.9
97,1,0.0,0.0,0,0,1,1,0,0.4,1,1.1,0.9
135,1,0.005504896359841769,0.0013796570773937596,0,0,1,1,0,0.4,1,1.1,0.9
142,1,0.0010258954737228047,0.00025711364183222783,0,0,1,1,0,0.4,1,1.1,0.9
104,1,0.0,0.0,0,0,1,1,0,0.4,1,1.1,0.9
109,1,0.002845953779924392,0.0007132632510671046,0,0,1,1,0,0.4,1,1.1,0.9
143,1,0.0007622517094402536,0.00019103828608954337,0,0,1,1,0,0.4,1,1.1,0.9
144,1,0.0006516731656568016,0.0001633246906708059,0,0,1,1,0,0.4,1,1.1,0.9
82,1,0.0030447709428823425,0.0007630915290313004,0,0,1,1,0,0.4,1,1.1,0.9
83,1,0.0018716328576904619,0.00046907541025342314,0,0,1,1,0,0.4,1,1.1,0.9
85,1,0.0,0.0,0,0,1,1,0,0.4,1,1.1,0.9
108,1,0.0010110637782610433,0.0002533964685602943,0,0,1,1,0,0.4,1,1.1,0.9
86,1,0.015648238086697096,0.003921818144034012,0,0,1,1,0,0.4,1,1.1,0.9
87,1,0.006307972116704739,0.0015809268342091621,0,0,1,1,0,0.4,1,1.1,0.9
88,1,0.005763472435686664,0.0014444623506931049,0,0,1,1,0,0.4,1,1.1,0.9
89,1,0.006219429649067719,0.0015587360000607726,0,0,1,1,0,0.4,1,1.1,0.9
90,1,0.0,0.0,0,0,1,1,0,0.4,1,1.1,0.9
101,1,0.0,0.0,0,0,1,1,0,0.4,1,1.1,0.9
100,1,0.0,0.0,0,0,1,1,0,0.4,1,1.1,0.9
91,1,0.020571321501288885,0.005155659152393455,0,0,1,1,0,0.4,1,1.1,0.9
92,1,0.00973061540797468,0.002438722100736319,0,0,1,1,0,0.4,1,1.1,0.9
93,3,0.024864537510963174,0.006231640508870362,0,0,1,1,0,0.4,1,1.1,0.9
94,1,0.019221666757822574,0.004817403788960078,0,0,1,1,0,0.4,1,1.1,0.9
95,1,0.013275793335356638,0.003327227441874703,0,0,1,1,0,0.4,1,1.1,0.9
98,1,0.0037988270612131806,0.000952075806373283,0,0,1,1,0,0.4,1,1.1,0.9
99,1,0.0068313443625238664,0.0017120962833423665,0,0,1,1,0,0.4,1,1.1,0.9
106,1,0.0,0.0,0,0,1,1,0,0.4,1,1.1,0.9
102,1,0.003414504972461552,0.0008557556115712544,0,0,1,1,0,0.4,1,1.1,0.9
103,1,0.0,0.0,0,0,1,1,0,0.4,1,1.1,0.9
107,1,0.003193869088493597,0.0008004590466687741,0,0,1,1,0,0.4,1,1.1,0.9
110,1,0.00656819064520139,0.0016461437449449192,0,0,1,1,0,0.4,1,1.1,0.9
