F_BUS,T_BUS,BR_R,BR_X,BR_B,RATE_A,RATE_B,RATE_C,TAP,SHIFT,BR_STATUS,ANGMIN,ANGMAX
1,2,0.15346340138433473,0.05902438514782105,1.5487161604209867e-10,0,0,0,0,0,1,-90,90
2,4,2.75612453960446,1.0600478998478695,2.781415357742746e-09,0,0,0,0,0,1,-90,90
2,5,2.2359827217543824,0.8599933545209164,2.256500601684567e-09,0,0,0,0,0,1,-90,90
4,18,2.0255108273665603,0.7790426259102154,2.0440973698960963e-09,0,0,0,0,0,1,-90,90
5,16,2.3935577032211564,0.9205991166235217,2.415521526591905e-09,0,0,0,0,0,1,-90,90
18,9,5.240503227726327,2.0155781645101256,5.288591263002319e-09,0,0,0,0,0,1,-90,90
16,17,0.7267682125303084,0.2795262355885802,1.4668744019391426e-09,0,0,0,0,0,1,-90,90
16,14,1.3488959288412818,0.5188061264774161,1.3612737010114373e-09,0,0,0,0,0,1,-90,90
9,7,4.545805792130308,1.7483868431270415,4.587519127623207e-09,0,0,0,0,0,1,-90,90
17,20,0.718248044020676,0.27624924770026,1.4496776989580438e-09,0,0,0,0,0,1,-90,90
14,15,2.398670980646641,0.9225657617871695,2.4206817246001133e-09,0,0,0,0,0,1,-90,90
6,7,1.524952423017222,0.5865201626989316,1.538945729141771e-09,0,0,0,0,0,1,-90,90
6,8,2.9982436456387394,1.153170632937977,3.0257562031035785e-09,0,0,0,0,0,1,-90,90
11,12,1.4881638963493398,0.5723707293651307,1.5018196226859788e-09,0,0,0,0,0,1,-90,90
12,13,1.452685553408344,0.558725212849363,1.4660157224973784e-09,0,0,0,0,0,1,-90,90
13,15,0.6815050049936738,0.2621173096129515,6.877586480689245e-10,0,0,0,0,0,1,-90,90
20,21,0.8571491574351819,0.3296727528596854,8.650145507244087e-10,0,0,0,0,0,1,-90,90
21,22,3.675592778665266,1.4136895302558716,3.7093208439902674e-09,0,0,0,0,0,1,-90,90
