BUS_I,BUS_TYPE,Pd,Qd,Gs,Bs,area,Vm,Va,baseKV,zone,Vmax,Vmin
1,3,0.08436089387087871,0.02114283297561793,0,0,1,1,0,0.4,1,1.1,0.9
2,1,0.0022791957787961794,0.0005712203066930248,0,0,1,1,0,0.4,1,1.1,0.9
3,1,0.0035859307827562628,0.000898718969455045,0,0,1,1,0,0.4,1,1.1,0.9
4,1,0.0006523359332070332,0.00016349079587634881,0,0,1,1,0,0.4,1,1.1,0.9
32,1,0.00011832558709004149,2.9655187490258182e-05,0,0,1,1,0,0.4,1,1.1,0.9
33,1,0.00017991385472153953,4.509066234171563e-05,0,0,1,1,0,0.4,1,1.1,0.9
10,1,0.0,0.0,0,0,1,1,0,0.4,1,1.1,0.9
19,1,0.032405414416497774,0.008121562409738811,0,0,1,1,0,0.4,1,1.1,0.9
5,1,0.0036546843421198087,0.0009159502356899382,0,0,1,1,0,0.4,1,1.1,0.9
11,1,0.02168885559994595,0.005435739598537476,0,0,1,1,0,0.4,1,1.1,0.9
12,1,0.06407689255438581,0.016059183049287953,0,0,1,1,0,0.4,1,1.1,0.9
20,1,0.0014021593656732135,0.00035141426214618115,0,0,1,1,0,0.4,1,1.1,0.9
25,1,0.050157254159635546,0.012570592825105946,0,0,1,1,0,0.4,1,1.1,0.9
21,1,0.0,0.0,0,0,1,1,0,0.4,1,1.1,0.9
6,1,0.006023033636513847,0.001509514519585952,0,0,1,1,0,0.4,1,1.1,0.9
7,1,0.0,0.0,0,0,1,1,0,0.4,1,1.1,0.9
8,1,0.0,0.0,0,0,1,1,0,0.4,1,1.1,0.9
24,1,0.002274081557859572,0.000569938562106148,0,0,1,1,0,0.4,1,1.1,0.9
28,1,0.0002848266110623399,7.138427757675935e-05,0,0,1,1,0,0.4,1,1.1,0.9
9,1,0.0018775419546985762,0.000470556369562253,0,0,1,1,0,0.4,1,1.1,0.9
18,1,0.0004933191263412435,0.0001236374274065291,0,0,1,1,0,0.4,1,1.1,0.9
23,1,0.0,0.0,0,0,1,1,0,0.4,1,1.1,0.9
15,1,0.0,0.0,0,0,1,1,0,0.4,1,1.1,0.9
16,1,0.0,0.0,0,0,1,1,0,0.4,1,1.1,0.9
17,1,0.013282180609412705,0.0033288282436483734,0,0,1,1,0,0.4,1,1.1,0.9
22,1,0.002272501987268503,0.000569542684399692,0,0,1,1,0,0.4,1,1.1,0.9
30,1,0.0002723861902479543,6.826641422377571e-05,0,0,1,1,0,0.4,1,1.1,0.9
