BUS_I,BUS_TYPE,Pd,Qd,Gs,Bs,area,Vm,Va,baseKV,zone,Vmax,Vmin
1,1,0.02178583882391539,0.005460045885630181,0,0,1,1,0,0.4,1,1.1,0.9
3,1,0.0,0.0,0,0,1,1,0,0.4,1,1.1,0.9
10,1,0.04296772694771013,0.01076872745786531,0,0,1,1,0,0.4,1,1.1,0.9
9,1,0.0,0.0,0,0,1,1,0,0.4,1,1.1,0.9
4,1,0.0,0.0,0,0,1,1,0,0.4,1,1.1,0.9
156,1,0.011850513441602449,0.0029700186291839016,0,0,1,1,0,0.4,1,1.1,0.9
45,1,0.0,0.0,0,0,1,1,0,0.4,1,1.1,0.9
39,1,0.025983685621247934,0.006512125464458264,0,0,1,1,0,0.4,1,1.1,0.9
32,1,0.0017074561469054737,0.0004279288479620582,0,0,1,1,0,0.4,1,1.1,0.9
11,1,0.0,0.0,0,0,1,1,0,0.4,1,1.1,0.9
12,1,0.0,0.0,0,0,1,1,0,0.4,1,1.1,0.9
34,1,0.016144478037371148,0.00404618759902093,0,0,1,1,0,0.4,1,1.1,0.9
46,1,0.024541373665474223,0.006150648014653917,0,0,1,1,0,0.4,1,1.1,0.9
13,3,0.0,0.0,0,0,1,1,0,0.4,1,1.1,0.9
40,1,0.047652858838009,0.01194293219278603,0,0,1,1,0,0.4,1,1.1,0.9
37,1,0.01522071840922937,0.003814671612984625,0,0,1,1,0,0.4,1,1.1,0.9
15,1,0.0,0.0,0,0,1,1,0,0.4,1,1.1,0.9
16,1,0.0,0.0,0,0,1,1,0,0.4,1,1.1,0.9
35,1,0.0,0.0,0,0,1,1,0,0.4,1,1.1,0.9
42,1,0.01612701576702323,0.004041811141536894,0,0,1,1,0,0.4,1,1.1,0.9
17,1,0.0,0.0,0,0,1,1,0,0.4,1,1.1,0.9
44,1,0.010686499845268238,0.0026782893228739064,0,0,1,1,0,0.4,1,1.1,0.9
33,1,0.0,0.0,0,0,1,1,0,0.4,1,1.1,0.9
36,1,0.0014423423817065371,0.0003614850752619063,0,0,1,1,0,0.4,1,1.1,0.9
38,1,0.011729511953438616,0.0029396927976681184,0,0,1,1,0,0.4,1,1.1,0.9
41,1,0.026524757452376837,0.006647730847811357,0,0,1,1,0,0.4,1,1.1,0.9
