F_BUS,T_BUS,BR_R,BR_X,BR_B,RATE_A,RATE_B,RATE_C,TAP,SHIFT,BR_STATUS,ANGMIN,ANGMAX
14,38,8.829531249999999,5.650899999999998,1.4827160213537659e-08,0,0,0,0,0,1,-90,90
14,25,5.926320849778576,3.7928453438582888,1.990377659436804e-08,0,0,0,0,0,1,-90,90
14,12,4.045850725471309,2.5893444643016377,1.3588145329146591e-08,0,0,0,0,0,1,-90,90
25,23,1.4625828489564705,0.9360530233321412,4.912140772376776e-09,0,0,0,0,0,1,-90,90
12,13,1.7941796874999996,1.1482749999999997,6.025821513104091e-09,0,0,0,0,0,1,-90,90
12,11,2.303548401858791,1.474270977189626,3.868277969342814e-09,0,0,0,0,0,1,-90,90
23,24,0.4605901485798793,0.2947776950911227,1.5469097356150102e-09,0,0,0,0,0,1,-90,90
13,21,2.2782812499999996,1.4580999999999995,3.825847618496037e-09,0,0,0,0,0,1,-90,90
13,22,3.498377241869873,2.238961434796719,1.1749434569949247e-08,0,0,0,0,0,1,-90,90
21,20,15.355699528077679,9.827647697969713,2.578635384452061e-08,0,0,0,0,0,1,-90,90
22,18,0.9960232204068876,0.637454861060408,3.3451823086025445e-09,0,0,0,0,0,1,-90,90
18,16,0.7146801378371505,0.4573952882157763,2.4002807408704983e-09,0,0,0,0,0,1,-90,90
15,16,0.10934150770422543,0.06997856493070428,3.6722766063494317e-10,0,0,0,0,0,1,-90,90
15,17,1.1732351165958386,0.7508704746213368,1.9701776401680477e-09,0,0,0,0,0,1,-90,90
17,19,1.1779179647017823,0.7538674974091407,1.978041402938296e-09,0,0,0,0,0,1,-90,90
19,32,1.065827299225174,0.6821294715041114,1.7898109965434233e-09,0,0,0,0,0,1,-90,90
32,33,0.999914015093296,0.6399449696597095,1.6791248461292906e-09,0,0,0,0,0,1,-90,90
24,26,0.3069042461479944,0.1964187175347164,5.153748595488929e-10,0,0,0,0,0,1,-90,90
