F_BUS,T_BUS,BR_R,BR_X,BR_B,RATE_A,RATE_B,RATE_C,TAP,SHIFT,BR_STATUS,ANGMIN,ANGMAX
1,2,2.208391730737053,1.413370707671714,3.708484298743493e-09,0,0,0,0,0,1,-90,90
2,3,0.9807812499999997,0.6276999999999998,1.6469957822714237e-09,0,0,0,0,0,1,-90,90
2,4,5.316190749566853,3.4023620797227863,8.927315588758416e-09,0,0,0,0,0,1,-90,90
2,6,13.248058442326888,8.478757403089208,2.2247057004604966e-08,0,0,0,0,0,1,-90,90
3,15,2.3108602920316943,1.4789505869002841,3.880556601581352e-09,0,0,0,0,0,1,-90,90
3,11,0.9415354586509423,0.6025826935366031,1.581091532140416e-09,0,0,0,0,0,1,-90,90
6,17,3.796953124999999,2.4300499999999996,6.37610658070523e-09,0,0,0,0,0,1,-90,90
11,10,14.900121665214291,9.536077865737147,2.502131595392857e-08,0,0,0,0,0,1,-90,90
5,9,2.8160214258457477,1.8022537125412785,4.728858153797197e-09,0,0,0,0,0,1,-90,90
5,12,12.991127094701328,8.314321340608851,2.1815600096275396e-08,0,0,0,0,0,1,-90,90
9,8,1.570343153940527,1.0050196185219373,2.637028951418936e-09,0,0,0,0,0,1,-90,90
12,13,1.0606249999999997,0.6787999999999998,1.7810749354880393e-09,0,0,0,0,0,1,-90,90
12,10,19.868840162531352,12.716057704020066,3.3365132078446855e-08,0,0,0,0,0,1,-90,90
14,16,0.6734527988053468,0.43100979123542194,1.1309085682370986e-09,0,0,0,0,0,1,-90,90
14,13,3.203984374999999,2.0505499999999994,5.380352399771655e-09,0,0,0,0,0,1,-90,90
8,7,21.992366649923444,14.075114655951003,3.6931104784671035e-08,0,0,0,0,0,1,-90,90
