BUS_I,BUS_TYPE,Pd,Qd,Gs,Bs,area,Vm,Va,baseKV,zone,Vmax,Vmin
1,1,0.012906546640956036,0.0032346854970434864,0,0,1,1,0,0.4,1,1.1,0.9
2,1,0.011586174629217655,0.002903769077966733,0,0,1,1,0,0.4,1,1.1,0.9
3,1,0.0,0.0,0,0,1,1,0,0.4,1,1.1,0.9
4,1,0.01527147338515428,0.0038273920090048986,0,0,1,1,0,0.4,1,1.1,0.9
6,1,0.013908673086132407,0.003485842058794046,0,0,1,1,0,0.4,1,1.1,0.9
11,1,0.01080425673252111,0.002707801980749804,0,0,1,1,0,0.4,1,1.1,0.9
5,1,0.0088532725961993,0.0022188392654487105,0,0,1,1,0,0.4,1,1.1,0.9
7,1,0.016105662302226254,0.004036459458796972,0,0,1,1,0,0.4,1,1.1,0.9
21,1,0.0,0.0,0,0,1,1,0,0.4,1,1.1,0.9
8,1,0.006382751406091321,0.0015996682907418042,0,0,1,1,0,0.4,1,1.1,0.9
9,1,0.043367800607125535,0.010868995368396354,0,0,1,1,0,0.4,1,1.1,0.9
10,1,0.021874011250310008,0.00548214397870124,0,0,1,1,0,0.4,1,1.1,0.9
12,1,0.012854513774515734,0.0032216448314707183,0,0,1,1,0,0.4,1,1.1,0.9
13,1,0.016410664074210893,0.004112900108325992,0,0,1,1,0,0.4,1,1.1,0.9
23,1,0.013790801109789334,0.0034563005568732388,0,0,1,1,0,0.4,1,1.1,0.9
24,1,0.011980293152535614,0.003002544490705517,0,0,1,1,0,0.4,1,1.1,0.9
25,1,0.04792383690511246,0.012010845698083797,0,0,1,1,0,0.4,1,1.1,0.9
19,1,0.013077404296141626,0.0032775064618346342,0,0,1,1,0,0.4,1,1.1,0.9
26,1,0.0,0.0,0,0,1,1,0,0.4,1,1.1,0.9
30,1,0.0183458282523283,0.004597897968364777,0,0,1,1,0,0.4,1,1.1,0.9
18,1,0.0,0.0,0,0,1,1,0,0.4,1,1.1,0.9
14,1,0.03598604432151637,0.009018952854002988,0,0,1,1,0,0.4,1,1.1,0.9
15,1,0.0010919169901962187,0.0002736601935761071,0,0,1,1,0,0.4,1,1.1,0.9
16,1,0.024197591462483178,0.006064488072952081,0,0,1,1,0,0.4,1,1.1,0.9
17,1,0.001695864549206404,0.00042502371973467,0,0,1,1,0,0.4,1,1.1,0.9
27,3,0.004089966383676378,0.0010250421985608228,0,0,1,1,0,0.4,1,1.1,0.9
20,1,0.010258600598475855,0.00257104766278468,0,0,1,1,0,0.4,1,1.1,0.9
29,1,0.006790140098224538,0.0017017695212848505,0,0,1,1,0,0.4,1,1.1,0.9
