F_BUS,T_BUS,BR_R,BR_X,BR_B,RATE_A,RATE_B,RATE_C,TAP,SHIFT,BR_STATUS,ANGMIN,ANGMAX
1,2,2.5623073646886203,1.6398767134007168,4.302803935663701e-09,0,0,0,0,0,1,-90,90
1,3,2.2701349426212114,1.4528863632775753,3.8121677751120505e-09,0,0,0,0,0,1,-90,90
2,4,2.7879137196296613,1.7842647805629834,4.681657747399524e-09,0,0,0,0,0,1,-90,90
3,6,1.7209335677915651,1.1013974833866016,2.8899108009273433e-09,0,0,0,0,0,1,-90,90
4,18,2.3792315539426254,1.5227081945232805,3.995370358467385e-09,0,0,0,0,0,1,-90,90
6,7,0.8307812499999998,0.5317,1.3951053965807167e-09,0,0,0,0,0,1,-90,90
6,16,2.9692831393787484,1.900341209202399,4.986225834686839e-09,0,0,0,0,0,1,-90,90
18,19,11.307146945679083,7.2365740452346135,1.8987744034724015e-08,0,0,0,0,0,1,-90,90
18,17,3.069789791650119,1.964665466656076,5.155003564054287e-09,0,0,0,0,0,1,-90,90
7,14,10.955614730298565,7.011593427391081,1.83974267992913e-08,0,0,0,0,0,1,-90,90
17,13,4.378844805288906,2.8024606753848995,1.470651875845294e-08,0,0,0,0,0,1,-90,90
8,9,2.5984188400948858,1.662988057660727,4.363444825449999e-09,0,0,0,0,0,1,-90,90
8,10,1.8586724156057046,1.189550345987651,3.121211410930658e-09,0,0,0,0,0,1,-90,90
9,11,0.6039726157590838,0.3865424740858136,2.028465268402409e-09,0,0,0,0,0,1,-90,90
11,12,4.235234374999999,2.7105499999999996,7.112098801395263e-09,0,0,0,0,0,1,-90,90
11,13,3.8207166065519136,2.4452586281932245,1.2832023728523333e-08,0,0,0,0,0,1,-90,90
12,21,1.8022656249999995,1.1534499999999999,3.0264892226556847e-09,0,0,0,0,0,1,-90,90
