BUS_I,BUS_TYPE,Pd,Qd,Gs,Bs,area,Vm,Va,baseKV,zone,Vmax,Vmin
1,1,0.00851698040714838,0.002134556498187007,0,0,1,1,0,0.4,1,1.1,0.9
2,1,0.014858386598341586,0.0037238627013213726,0,0,1,1,0,0.4,1,1.1,0.9
3,1,0.0,0.0,0,0,1,1,0,0.4,1,1.1,0.9
4,1,0.0,0.0,0,0,1,1,0,0.4,1,1.1,0.9
14,1,0.0,0.0,0,0,1,1,0,0.4,1,1.1,0.9
13,1,0.017848220816220395,0.004473185789222177,0,0,1,1,0,0.4,1,1.1,0.9
19,1,0.016997770010633385,0.004260042725991634,0,0,1,1,0,0.4,1,1.1,0.9
18,1,0.014475195023400812,0.0036278258399880022,0,0,1,1,0,0.4,1,1.1,0.9
5,1,0.06537700793705244,0.01638502267856956,0,0,1,1,0,0.4,1,1.1,0.9
7,1,0.022787952861974922,0.005711199337864151,0,0,1,1,0,0.4,1,1.1,0.9
9,1,0.058512796438752505,0.014664689114536878,0,0,1,1,0,0.4,1,1.1,0.9
6,1,0.0,0.0,0,0,1,1,0,0.4,1,1.1,0.9
8,1,0.0,0.0,0,0,1,1,0,0.4,1,1.1,0.9
16,1,0.0,0.0,0,0,1,1,0,0.4,1,1.1,0.9
17,1,0.0,0.0,0,0,1,1,0,0.4,1,1.1,0.9
23,1,0.04556115399591652,0.011418701544183113,0,0,1,1,0,0.4,1,1.1,0.9
12,1,0.0,0.0,0,0,1,1,0,0.4,1,1.1,0.9
10,1,0.06250385759484606,0.01566494332649339,0,0,1,1,0,0.4,1,1.1,0.9
11,1,0.0,0.0,0,0,1,1,0,0.4,1,1.1,0.9
15,3,0.044583997817967194,0.01117380312130607,0,0,1,1,0,0.4,1,1.1,0.9
22,1,0.0,0.0,0,0,1,1,0,0.4,1,1.1,0.9
24,1,0.012506183574594223,0.0031343450542946206,0,0,1,1,0,0.4,1,1.1,0.9
21,1,0.019012455452044563,0.004764970493250271,0,0,1,1,0,0.4,1,1.1,0.9
20,1,0.031205652733864473,0.007820873788476838,0,0,1,1,0,0.4,1,1.1,0.9
