BUS_I,BUS_TYPE,Pd,Qd,Gs,Bs,area,Vm,Va,baseKV,zone,Vmax,Vmin
1,1,0.02844096432862735,0.007127977560148299,0,0,1,1,0,0.4,1,1.1,0.9
2,1,0.043773831023123,0.010970756182851387,0,0,1,1,0,0.4,1,1.1,0.9
3,1,0.0,0.0,0,0,1,1,0,0.4,1,1.1,0.9
4,1,0.04229492924442022,0.010600108459010105,0,0,1,1,0,0.4,1,1.1,0.9
7,1,0.0,0.0,0,0,1,1,0,0.4,1,1.1,0.9
13,1,0.04077178288339006,0.01021837199758793,0,0,1,1,0,0.4,1,1.1,0.9
5,1,0.0,0.0,0,0,1,1,0,0.4,1,1.1,0.9
11,1,0.0,0.0,0,0,1,1,0,0.4,1,1.1,0.9
23,1,0.024536348563126708,0.006149388605290835,0,0,1,1,0,0.4,1,1.1,0.9
16,1,0.07987616020599247,0.02001885277026413,0,0,1,1,0,0.4,1,1.1,0.9
14,1,0.038611933474237844,0.009677062710608503,0,0,1,1,0,0.4,1,1.1,0.9
8,1,0.0,0.0,0,0,1,1,0,0.4,1,1.1,0.9
12,1,0.0,0.0,0,0,1,1,0,0.4,1,1.1,0.9
10,1,0.0,0.0,0,0,1,1,0,0.4,1,1.1,0.9
22,1,0.027991894118033083,0.007015429956379988,0,0,1,1,0,0.4,1,1.1,0.9
9,1,0.0,0.0,0,0,1,1,0,0.4,1,1.1,0.9
21,1,0.03627312616066669,0.0090909023450169,0,0,1,1,0,0.4,1,1.1,0.9
19,1,0.01160532096519519,0.002908567602082512,0,0,1,1,0,0.4,1,1.1,0.9
18,1,0.01605345393520013,0.004023374808631308,0,0,1,1,0,0.4,1,1.1,0.9
15,3,0.031440138771298115,0.00787964152903874,0,0,1,1,0,0.4,1,1.1,0.9
20,1,0.015098519484302688,0.003784045675527402,0,0,1,1,0,0.4,1,1.1,0.9
25,1,0.02174289591130205,0.005449283377230731,0,0,1,1,0,0.4,1,1.1,0.9
24,1,0.06412726104952621,0.01607180658409327,0,0,1,1,0,0.4,1,1.1,0.9
17,1,0.03579202419742376,0.008970326827305386,0,0,1,1,0,0.4,1,1.1,0.9
