BUS_I,BUS_TYPE,Pd,Qd,Gs,Bs,area,Vm,Va,baseKV,zone,Vmax,Vmin
1,1,0.04613107208429102,0.011561536481076131,0,0,1,1,0,0.4,1,1.1,0.9
2,1,0.007601810006530221,0.0019051931754830683,0,0,1,1,0,0.4,1,1.1,0.9
3,1,0.009855245165647874,0.0024699572623066695,0,0,1,1,0,0.4,1,1.1,0.9
4,1,0.0,0.0,0,0,1,1,0,0.4,1,1.1,0.9
5,1,0.0,0.0,0,0,1,1,0,0.4,1,1.1,0.9
10,1,0.0,0.0,0,0,1,1,0,0.4,1,1.1,0.9
7,1,0.026616411188834413,0.006670701439427893,0,0,1,1,0,0.4,1,1.1,0.9
8,1,0.0,0.0,0,0,1,1,0,0.4,1,1.1,0.9
9,3,0.0,0.0,0,0,1,1,0,0.4,1,1.1,0.9
31,1,0.021779853302448523,0.00545854577254651,0,0,1,1,0,0.4,1,1.1,0.9
13,1,0.0,0.0,0,0,1,1,0,0.4,1,1.1,0.9
14,1,0.0,0.0,0,0,1,1,0,0.4,1,1.1,0.9
23,1,0.009398652842830903,0.0023555244395103113,0,0,1,1,0,0.4,1,1.1,0.9
22,1,0.0032430606980842804,0.000812787626152172,0,0,1,1,0,0.4,1,1.1,0.9
12,1,0.0,0.0,0,0,1,1,0,0.4,1,1.1,0.9
18,1,0.0,0.0,0,0,1,1,0,0.4,1,1.1,0.9
26,1,0.05514843633339883,0.013821500991302924,0,0,1,1,0,0.4,1,1.1,0.9
17,1,0.0,0.0,0,0,1,1,0,0.4,1,1.1,0.9
28,1,0.09992547620756459,0.025043685012386123,0,0,1,1,0,0.4,1,1.1,0.9
15,1,0.0,0.0,0,0,1,1,0,0.4,1,1.1,0.9
29,1,0.033969110905413935,0.008513461691179773,0,0,1,1,0,0.4,1,1.1,0.9
33,1,0.08301032354140152,0.0208043481447001,0,0,1,1,0,0.4,1,1.1,0.9
27,1,0.03143227955006074,0.007877671822527634,0,0,1,1,0,0.4,1,1.1,0.9
25,1,0.05040217048901536,0.012631974643238461,0,0,1,1,0,0.4,1,1.1,0.9
6,1,0.042060572537746706,0.010541373131792044,0,0,1,1,0,0.4,1,1.1,0.9
32,1,0.0288903633611509,0.007240607574460293,0,0,1,1,0,0.4,1,1.1,0.9
21,1,0.0035922907776422923,0.0009003129344242512,0,0,1,1,0,0.4,1,1.1,0.9
30,1,0.01084416639024394,0.002717804283815006,0,0,1,1,0,0.4,1,1.1,0.9
34,1,0.037426557568595725,0.0093799795049152,0,0,1,1,0,0.4,1,1.1,0.9
