BUS_I,BUS_TYPE,Pd,Qd,Gs,Bs,area,Vm,Va,baseKV,zone,Vmax,Vmin
1,1,0.03054166623805394,0.007654463086375043,0,0,1,1,0,0.4,1,1.1,0.9
2,1,0.0,0.0,0,0,1,1,0,0.4,1,1.1,0.9
5,3,0.0,0.0,0,0,1,1,0,0.4,1,1.1,0.9
4,1,0.0,0.0,0,0,1,1,0,0.4,1,1.1,0.9
11,1,0.09569713854476439,0.023983963702344863,0,0,1,1,0,0.4,1,1.1,0.9
9,1,0.0,0.0,0,0,1,1,0,0.4,1,1.1,0.9
8,1,0.024019464398849767,0.006019845222668834,0,0,1,1,0,0.4,1,1.1,0.9
6,1,0.0,0.0,0,0,1,1,0,0.4,1,1.1,0.9
7,1,0.05610092993896543,0.014060218390903528,0,0,1,1,0,0.4,1,1.1,0.9
10,1,0.006105289175300672,0.0015301297008398532,0,0,1,1,0,0.4,1,1.1,0.9
