F_BUS,T_BUS,BR_R,BR_X,BR_B,RATE_A,RATE_B,RATE_C,TAP,SHIFT,BR_STATUS,ANGMIN,ANGMAX
1,2,0.40005655266844653,0.15386790487247945,4.0372756149739414e-10,0,0,0,0,0,1,-90,90
2,4,1.7514359435029572,0.673629209039599,1.7675075133073997e-09,0,0,0,0,0,1,-90,90
4,5,0.3797578904481752,0.146060727095452,3.8324263419102585e-10,0,0,0,0,0,1,-90,90
5,6,0.9918249363878747,0.3814711293799518,1.0009261448894333e-09,0,0,0,0,0,1,-90,90
6,7,0.9013709802182477,0.34668114623778756,9.096421628909651e-10,0,0,0,0,0,1,-90,90
