BUS_I,BUS_TYPE,Pd,Qd,Gs,Bs,area,Vm,Va,baseKV,zone,Vmax,Vmin
1,1,0.0014007404527553047,0.0003510586490480529,0,0,1,1,0,0.4,1,1.1,0.9
2,1,0.003300030998385406,0.0008270657292941457,0,0,1,1,0,0.4,1,1.1,0.9
3,1,0.0,0.0,0,0,1,1,0,0.4,1,1.1,0.9
9,1,0.001967709050040052,0.0004931543737941585,0,0,1,1,0,0.4,1,1.1,0.9
4,1,0.003068043304014838,0.0007689241325255892,0,0,1,1,0,0.4,1,1.1,0.9
5,1,0.0,0.0,0,0,1,1,0,0.4,1,1.1,0.9
18,1,0.0025858572553940553,0.0006480769174075708,0,0,1,1,0,0.4,1,1.1,0.9
35,1,0.001680135431386897,0.00042108163121886246,0,0,1,1,0,0.4,1,1.1,0.9
6,1,0.0,0.0,0,0,1,1,0,0.4,1,1.1,0.9
7,1,0.0,0.0,0,0,1,1,0,0.4,1,1.1,0.9
31,1,0.08017206657977831,0.020093013898131628,0,0,1,1,0,0.4,1,1.1,0.9
20,1,0.0036775123428053067,0.0009216714719584812,0,0,1,1,0,0.4,1,1.1,0.9
8,1,0.0,0.0,0,0,1,1,0,0.4,1,1.1,0.9
19,1,0.0,0.0,0,0,1,1,0,0.4,1,1.1,0.9
23,1,0.03355531299697981,0.008409754159618128,0,0,1,1,0,0.4,1,1.1,0.9
25,3,0.0,0.0,0,0,1,1,0,0.4,1,1.1,0.9
17,1,0.0,0.0,0,0,1,1,0,0.4,1,1.1,0.9
13,1,0.0,0.0,0,0,1,1,0,0.4,1,1.1,0.9
11,1,0.0022321750659713272,0.0005594358052251767,0,0,1,1,0,0.4,1,1.1,0.9
34,1,0.006151084352030539,0.0015416070540098,0,0,1,1,0,0.4,1,1.1,0.9
14,1,0.0,0.0,0,0,1,1,0,0.4,1,1.1,0.9
27,1,0.002296701963984291,0.0005756077702734724,0,0,1,1,0,0.4,1,1.1,0.9
12,1,0.007264622169468676,0.001820685937670797,0,0,1,1,0,0.4,1,1.1,0.9
32,1,0.002476477994312041,0.0006206638905660921,0,0,1,1,0,0.4,1,1.1,0.9
30,1,0.005528279663905302,0.0013855174858075216,0,0,1,1,0,0.4,1,1.1,0.9
29,1,0.0044582026393214114,0.0011173309035689314,0,0,1,1,0,0.4,1,1.1,0.9
21,1,0.004954240442761426,0.0012416496956834011,0,0,1,1,0,0.4,1,1.1,0.9
26,1,0.07929088306328456,0.01987216849150743,0,0,1,1,0,0.4,1,1.1,0.9
24,1,0.06852654339524819,0.017174370670132343,0,0,1,1,0,0.4,1,1.1,0.9
10,1,0.004806780156174455,0.0012046926642107735,0,0,1,1,0,0.4,1,1.1,0.9
28,1,0.004353523747575833,0.00109109590032635,0,0,1,1,0,0.4,1,1.1,0.9
15,1,0.005233640973670548,0.0013116740693861287,0,0,1,1,0,0.4,1,1.1,0.9
16,1,0.002675366892183117,0.0006705101469942081,0,0,1,1,0,0.4,1,1.1,0.9
22,1,0.0026555153149098207,0.0006655348727488416,0,0,1,1,0,0.4,1,1.1,0.9
33,1,0.007024581834483817,0.001760526158925871,0,0,1,1,0,0.4,1,1.1,0.9
