F_BUS,T_BUS,BR_R,BR_X,BR_B,RATE_A,RATE_B,RATE_C,TAP,SHIFT,BR_STATUS,ANGMIN,ANGMAX
1,2,0.31971697266764015,0.20461886250728975,1.6106726311423413e-09,0,0,0,0,0,1,-90,90
1,3,0.2075181227160716,0.1328115985382858,1.0454363993752542e-09,0,0,0,0,0,1,-90,90
2,4,1.7070917214801473,1.0925387017472943,2.8666666142203135e-09,0,0,0,0,0,1,-90,90
2,5,2.1822518755939933,1.3966412003801556,7.329176888235191e-09,0,0,0,0,0,1,-90,90
2,6,2.2923584373050483,1.4671093998752311,3.849487006094098e-09,0,0,0,0,0,1,-90,90
4,13,0.9884185979032478,0.6325879026580787,1.6598209456647785e-09,0,0,0,0,0,1,-90,90
5,19,0.9738281249999998,0.6232499999999999,1.6353196133513855e-09,0,0,0,0,0,1,-90,90
5,17,4.198976345679223,2.6873448612347026,7.051211808128629e-09,0,0,0,0,0,1,-90,90
6,25,1.3621093749999997,0.8717499999999999,2.2873483721445178e-09,0,0,0,0,0,1,-90,90
13,15,0.5162134996826374,0.3303766397968879,8.668614502253939e-10,0,0,0,0,0,1,-90,90
17,16,0.06539837445253228,0.04185495964962066,1.0982147842929084e-10,0,0,0,0,0,1,-90,90
10,11,3.125972047997175,2.000622110718192,5.249348698855848e-09,0,0,0,0,0,1,-90,90
10,22,0.4787172492953042,0.3063790395489947,8.038951504119229e-10,0,0,0,0,0,1,-90,90
11,18,1.8773959111674674,1.2015333831471793,3.152653201054196e-09,0,0,0,0,0,1,-90,90
11,16,1.4060861698910458,0.8998951487302693,2.361197250988162e-09,0,0,0,0,0,1,-90,90
22,21,1.4402732438872115,0.9217748760878154,2.418606552685035e-09,0,0,0,0,0,1,-90,90
18,12,2.297540102076169,1.4704256653287482,3.858188416345548e-09,0,0,0,0,0,1,-90,90
12,20,3.8794866880459846,2.4828714803494303,6.514702654225773e-09,0,0,0,0,0,1,-90,90
20,14,1.4541123954546966,0.9306319330910059,2.4418462141914744e-09,0,0,0,0,0,1,-90,90
15,23,1.3596985547531653,0.8702070750420259,2.28329995586581e-09,0,0,0,0,0,1,-90,90
24,23,0.41353086780190174,0.2646597553932171,6.944296652375581e-10,0,0,0,0,0,1,-90,90
