F_BUS,T_BUS,BR_R,BR_X,BR_B,RATE_A,RATE_B,RATE_C,TAP,SHIFT,BR_STATUS,ANGMIN,ANGMAX
1,2,2.293085865026707,0.881956101933349,2.3141277362319127e-09,0,0,0,0,0,1,-90,90
1,3,2.948759518229037,1.1341382762419374,2.9758179982205736e-09,0,0,0,0,0,1,-90,90
3,4,0.8952822393558472,0.344339322829172,9.034975503741348e-10,0,0,0,0,0,1,-90,90
4,13,5.04522116200413,1.9404696776938966,5.091517245160804e-09,0,0,0,0,0,1,-90,90
4,7,4.892500541348781,1.8817309774418391,4.93739522577058e-09,0,0,0,0,0,1,-90,90
7,6,4.264833072301672,1.64032041242372,4.303968138976563e-09,0,0,0,0,0,1,-90,90
6,8,7.675142827775858,2.951978010683022,7.745571663139917e-09,0,0,0,0,0,1,-90,90
6,5,4.572946733647303,1.7588256667874242,4.614909120518739e-09,0,0,0,0,0,1,-90,90
8,18,1.8755518523227448,0.7213660970472096,1.89276233759814e-09,0,0,0,0,0,1,-90,90
18,16,1.2297961435772915,0.4729985167604967,1.241081029353477e-09,0,0,0,0,0,1,-90,90
16,15,2.58099502219784,0.9926903931530154,2.6046788125288797e-09,0,0,0,0,0,1,-90,90
9,10,7.955103770876211,3.0596552964908508,8.028101590767649e-09,0,0,0,0,0,1,-90,90
9,11,0.9746978786718568,0.37488379948917566,9.8364192544298e-10,0,0,0,0,0,1,-90,90
10,24,4.65088977186011,1.7888037584077348,4.693567381565732e-09,0,0,0,0,0,1,-90,90
11,12,1.7926999999999997,0.6894999999999998,1.8091502180598159e-09,0,0,0,0,0,1,-90,90
24,25,1.129464979609437,0.4344096075420912,1.1398292040783951e-09,0,0,0,0,0,1,-90,90
24,23,0.1858831221554903,0.07149350852134242,1.875888274564873e-10,0,0,0,0,0,1,-90,90
12,17,4.910879999999999,1.8887999999999996,4.955943338464657e-09,0,0,0,0,0,1,-90,90
12,14,1.8925977452826874,0.7279222097241106,3.8199292950049535e-09,0,0,0,0,0,1,-90,90
17,21,4.057647901321024,1.560633808200394,4.094881790307853e-09,0,0,0,0,0,1,-90,90
14,15,0.8518695196312014,0.3276421229350775,1.719372931554972e-09,0,0,0,0,0,1,-90,90
21,19,3.3381602845331413,1.2839078017435162,3.3687919934633526e-09,0,0,0,0,0,1,-90,90
19,20,3.4258783057086717,1.3176455021956428,3.457314934913392e-09,0,0,0,0,0,1,-90,90
20,22,0.392595298714576,0.1509981918132985,3.961978414005321e-10,0,0,0,0,0,1,-90,90
22,26,8.760627604836696,3.369472155706422,8.841017092447791e-09,0,0,0,0,0,1,-90,90
