F_BUS,T_BUS,BR_R,BR_X,BR_B,RATE_A,RATE_B,RATE_C,TAP,SHIFT,BR_STATUS,ANGMIN,ANGMAX
1,2,0.8576439690824905,0.5488921402127939,2.8804302687666294e-09,0,0,0,0,0,1,-90,90
1,3,2.0671279325614176,1.3229618768393072,3.4712643480328595e-09,0,0,0,0,0,1,-90,90
2,4,0.20899303320319337,0.13375554125004377,7.019111432029745e-10,0,0,0,0,0,1,-90,90
3,5,2.1120312499999994,1.3516999999999997,3.546669107688837e-09,0,0,0,0,0,1,-90,90
4,13,0.9685315041532793,0.6198601626580986,3.2528503217969326e-09,0,0,0,0,0,1,-90,90
5,16,3.8623382586742285,2.4718964855515067,6.48590582430283e-09,0,0,0,0,0,1,-90,90
13,14,0.16363568817215565,0.10472684043017963,5.495767547526469e-10,0,0,0,0,0,1,-90,90
16,15,0.8339251958552619,0.5337121253473677,1.400384928141201e-09,0,0,0,0,0,1,-90,90
8,18,1.6893737398754733,1.081199193520303,2.836913352753232e-09,0,0,0,0,0,1,-90,90
8,17,0.7947950909890975,0.5086688582330223,1.3346749467621614e-09,0,0,0,0,0,1,-90,90
18,19,0.426900327881909,0.2732162098444218,7.168805882777552e-10,0,0,0,0,0,1,-90,90
17,15,0.6474996478209158,0.4143997746053861,1.0873262401613823e-09,0,0,0,0,0,1,-90,90
9,10,7.945063739170338,5.084840793069016,1.334190113064577e-08,0,0,0,0,0,1,-90,90
9,28,0.9314610557756497,0.5961350756964159,1.5641738973013429e-09,0,0,0,0,0,1,-90,90
10,11,0.39085438352473983,0.2501468054558335,1.312699485532669e-09,0,0,0,0,0,1,-90,90
10,25,1.4977498635163309,0.9585599126504518,2.5151252719288806e-09,0,0,0,0,0,1,-90,90
28,27,1.81667462385427,1.1626717592667328,3.0506858111811458e-09,0,0,0,0,0,1,-90,90
11,14,0.9655149711958517,0.6179295815653452,3.242719179795664e-09,0,0,0,0,0,1,-90,90
25,26,2.9824031459773432,1.9087380134254996,5.008257858169403e-09,0,0,0,0,0,1,-90,90
12,30,1.1588113846952437,0.741639286204956,1.945956310891113e-09,0,0,0,0,0,1,-90,90
12,19,0.29523437499999994,0.18894999999999998,4.957780039193651e-10,0,0,0,0,0,1,-90,90
12,29,2.488817733419076,1.5928433493882088,4.179395058565346e-09,0,0,0,0,0,1,-90,90
30,31,1.6820429439432465,1.0765074841236777,2.8246029726546423e-09,0,0,0,0,0,1,-90,90
19,20,0.9599972014942063,0.614398208956292,1.6120937689758323e-09,0,0,0,0,0,1,-90,90
31,32,1.9279021745399234,1.2338573917055509,3.2374668154587585e-09,0,0,0,0,0,1,-90,90
20,21,1.6855235931381303,1.0787350996084035,2.8304479197756646e-09,0,0,0,0,0,1,-90,90
21,22,0.7148072470533783,0.45747663811416206,1.2003538210319187e-09,0,0,0,0,0,1,-90,90
