F_BUS,T_BUS,BR_R,BR_X,BR_B,RATE_A,RATE_B,RATE_C,TAP,SHIFT,BR_STATUS,ANGMIN,ANGMAX
1,2,1.1259048353179368,0.43304032127612957,1.1362363911028322e-09,0,0,0,0,0,1,-90,90
2,3,2.342846637662523,0.901094860639432,2.3643451248997942e-09,0,0,0,0,0,1,-90,90
3,10,6.603771752893653,2.539912212651405,6.664369446513532e-09,0,0,0,0,0,1,-90,90
3,6,1.5103715061287657,0.580912117741833,1.5242310144832879e-09,0,0,0,0,0,1,-90,90
10,14,15.806964171098558,6.079601604268677,1.5952012426511218e-08,0,0,0,0,0,1,-90,90
10,11,6.10229090989944,2.3470349653459386,6.158286902610034e-09,0,0,0,0,0,1,-90,90
6,4,5.8937470377592,2.2668257837535384,5.947829385034559e-09,0,0,0,0,0,1,-90,90
4,5,1.6333535520473694,0.6282129046336037,1.648341571292059e-09,0,0,0,0,0,1,-90,90
5,7,0.5398542544406313,0.20763625170793512,5.448080783967132e-10,0,0,0,0,0,1,-90,90
7,8,0.09941544968299301,0.03823671141653577,1.0032770819016094e-10,0,0,0,0,0,1,-90,90
8,9,1.4560412602429986,0.5600158693242302,2.9388044441041006e-09,0,0,0,0,0,1,-90,90
14,23,10.06172703550116,3.8698950136542924,1.0154055703874199e-08,0,0,0,0,0,1,-90,90
14,20,9.502662009678739,3.6548700037225923,9.589860571740405e-09,0,0,0,0,0,1,-90,90
11,12,6.491710772419859,2.4968118355460995,6.5512801693003e-09,0,0,0,0,0,1,-90,90
12,13,4.624231786763522,1.7785506872167394,4.6666647768072515e-09,0,0,0,0,0,1,-90,90
13,15,14.95925095720516,5.753558060463523,1.5096520405667003e-08,0,0,0,0,0,1,-90,90
15,16,0.13710017090450954,0.05273083496327291,1.3835823288220646e-10,0,0,0,0,0,1,-90,90
20,21,1.7816082861422566,0.6852339562085603,1.797956724143158e-09,0,0,0,0,0,1,-90,90
