BUS_I,BUS_TYPE,Pd,Qd,Gs,Bs,area,Vm,Va,baseKV,zone,Vmax,Vmin
1,1,0.008604792577949126,0.0021565643026954357,0,0,1,1,0,0.4,1,1.1,0.9
2,1,0.008586266136148064,0.00215192113870488,0,0,1,1,0,0.4,1,1.1,0.9
3,1,0.0,0.0,0,0,1,1,0,0.4,1,1.1,0.9
10,1,0.0,0.0,0,0,1,1,0,0.4,1,1.1,0.9
6,1,0.014717475453673655,0.0036885470395329,0,0,1,1,0,0.4,1,1.1,0.9
4,1,0.011128565208188473,0.002789081346330107,0,0,1,1,0,0.4,1,1.1,0.9
5,1,0.005139704847928805,0.0012881314570950097,0,0,1,1,0,0.4,1,1.1,0.9
7,1,0.0029151263641716343,0.0007305995348370442,0,0,1,1,0,0.4,1,1.1,0.9
8,1,0.004093761323676165,0.0010259933001777733,0,0,1,1,0,0.4,1,1.1,0.9
9,3,0.0145741000436926,0.003652613774640283,0,0,1,1,0,0.4,1,1.1,0.9
14,1,0.0,0.0,0,0,1,1,0,0.4,1,1.1,0.9
11,1,0.004295420036661493,0.001076533737708612,0,0,1,1,0,0.4,1,1.1,0.9
12,1,0.0036049820419741265,0.0009034936650887234,0,0,1,1,0,0.4,1,1.1,0.9
13,1,0.014143280873324823,0.003544640312721757,0,0,1,1,0,0.4,1,1.1,0.9
15,1,0.0070638055774007455,0.0017703565555364203,0,0,1,1,0,0.4,1,1.1,0.9
23,1,0.0033234442741399716,0.0008329336493217421,0,0,1,1,0,0.4,1,1.1,0.9
20,1,0.003775344418222557,0.0009461905012775743,0,0,1,1,0,0.4,1,1.1,0.9
16,1,0.01024754702010669,0.002568277374911725,0,0,1,1,0,0.4,1,1.1,0.9
21,1,0.00549705153286325,0.0013776909784239775,0,0,1,1,0,0.4,1,1.1,0.9
