F_BUS,T_BUS,BR_R,BR_X,BR_B,RATE_A,RATE_B,RATE_C,TAP,SHIFT,BR_STATUS,ANGMIN,ANGMAX
1,3,3.2487871785638496,2.079223794280864,5.455588369569809e-09,0,0,0,0,0,1,-90,90
1,20,13.323994179003307,8.527356274562116,2.237457355126584e-08,0,0,0,0,0,1,-90,90
3,18,36.6603382126409,23.462616456090178,6.156257821289249e-08,0,0,0,0,0,1,-90,90
20,21,4.305896243191395,2.755773595642493,7.230759102944308e-09,0,0,0,0,0,1,-90,90
20,22,5.8849507682505235,3.766368491680335,9.882416791902973e-09,0,0,0,0,0,1,-90,90
18,19,6.735360964385607,4.310631017206788,1.1310484473901476e-08,0,0,0,0,0,1,-90,90
18,17,3.096733455632479,1.9819094116047864,5.200249230137203e-09,0,0,0,0,0,1,-90,90
21,24,3.14337992462052,2.011763151757133,5.278581210567252e-09,0,0,0,0,0,1,-90,90
22,23,1.3898441664599,0.889500266534336,2.3339225542637543e-09,0,0,0,0,0,1,-90,90
17,16,1.6076746539407776,1.0289117785220978,2.6997185909754407e-09,0,0,0,0,0,1,-90,90
24,26,1.7953496028783795,1.1490237458421628,3.0148753594579492e-09,0,0,0,0,0,1,-90,90
4,6,3.4778245053969408,2.2258076834540423,5.840203706860181e-09,0,0,0,0,0,1,-90,90
6,9,2.443959746947818,1.5641342380466032,4.10406642180832e-09,0,0,0,0,0,1,-90,90
5,7,1.3440624999999997,0.8601999999999999,2.257042810116104e-09,0,0,0,0,0,1,-90,90
5,8,4.5435167483196945,2.9078507189246046,7.62978790750956e-09,0,0,0,0,0,1,-90,90
7,10,1.0009450213338489,0.6406048136536633,1.6808561831931732e-09,0,0,0,0,0,1,-90,90
8,15,2.978134514876834,1.906006089521174,5.001089677274213e-09,0,0,0,0,0,1,-90,90
9,12,1.4520023219891365,0.9292814860730474,2.4383028327309696e-09,0,0,0,0,0,1,-90,90
9,14,1.3148508608562073,0.8415045509479728,2.2079886031121863e-09,0,0,0,0,0,1,-90,90
10,11,2.366559916206533,1.5145983463721808,3.97409126702287e-09,0,0,0,0,0,1,-90,90
15,16,2.820851123734271,1.8053447191899334,4.736968516889928e-09,0,0,0,0,0,1,-90,90
12,11,1.3160182883946234,0.8422517045725589,2.2099490282649703e-09,0,0,0,0,0,1,-90,90
14,13,1.9289168655867595,1.234506793975526,3.239170754919721e-09,0,0,0,0,0,1,-90,90
