F_BUS,T_BUS,BR_R,BR_X,BR_B,RATE_A,RATE_B,RATE_C,TAP,SHIFT,BR_STATUS,ANGMIN,ANGMAX
1,3,8.581716342674147,5.492298459311454,1.4411012262962887e-08,0,0,0,0,0,1,-90,90
1,19,25.803628567048495,16.51432228291104,4.333123967982391e-08,0,0,0,0,0,1,-90,90
3,7,22.551471223613902,14.432941583112898,3.786999189605988e-08,0,0,0,0,0,1,-90,90
19,21,5.056327930815883,3.236049875722165,8.490935951146042e-09,0,0,0,0,0,1,-90,90
19,18,9.20389263264325,5.89049128489168,1.5455813767282422e-08,0,0,0,0,0,1,-90,90
7,5,1.5395272026974265,0.985297409726353,2.5852806724585986e-09,0,0,0,0,0,1,-90,90
21,23,11.450932068942494,7.3285965241231965,1.922919796909339e-08,0,0,0,0,0,1,-90,90
5,4,0.22591807605218867,0.14458756867340075,3.793772754085883e-10,0,0,0,0,0,1,-90,90
4,6,1.3667388342304727,0.8747128539075025,2.295122480618539e-09,0,0,0,0,0,1,-90,90
6,8,2.1999999999999997,1.408,3.6943923234637e-09,0,0,0,0,0,1,-90,90
6,9,2.167910376498287,1.387462640958904,3.6405052058602603e-09,0,0,0,0,0,1,-90,90
8,13,0.5428124999999999,0.3474,9.115283332182452e-10,0,0,0,0,0,1,-90,90
8,12,1.529138889342282,0.9786488891790605,2.5678358974072433e-09,0,0,0,0,0,1,-90,90
9,10,2.2704761337822235,1.4531047256206229,3.812740726932994e-09,0,0,0,0,0,1,-90,90
13,24,16.167588205940202,10.34725645180173,2.7149733525885338e-08,0,0,0,0,0,1,-90,90
10,11,16.156597743014558,10.340222555529316,2.7131277579583607e-08,0,0,0,0,0,1,-90,90
24,17,3.2779136268176794,2.097864721163315,5.504499518132859e-09,0,0,0,0,0,1,-90,90
11,14,26.089398807441764,16.69721523676273,4.381112485363449e-08,0,0,0,0,0,1,-90,90
14,15,1.139521215491315,0.7292935779144417,1.913562923152336e-09,0,0,0,0,0,1,-90,90
17,25,0.8592721383181685,0.5499341685236279,1.4429492688949458e-09,0,0,0,0,0,1,-90,90
25,26,3.185435495633049,2.0386787172051513,5.349203837252511e-09,0,0,0,0,0,1,-90,90
23,27,12.413807081656312,7.94483653226004,2.084612435792291e-08,0,0,0,0,0,1,-90,90
27,28,2.768134541786107,1.7716061067431084,4.648443182495136e-09,0,0,0,0,0,1,-90,90
28,29,5.770296030032205,3.6929894592206116,9.689880617029112e-09,0,0,0,0,0,1,-90,90
29,30,0.06932271089670435,0.04436653497389078,1.1641149589930816e-10,0,0,0,0,0,1,-90,90
