F_BUS,T_BUS,BR_R,BR_X,BR_B,RATE_A,RATE_B,RATE_C,TAP,SHIFT,BR_STATUS,ANGMIN,ANGMAX
1,2,0.8855172724236973,0.5667310543511662,1.4870219152439189e-09,0,0,0,0,0,1,-90,90
1,3,1.1204955053577856,0.7171171234289828,1.8816136333951743e-09,0,0,0,0,0,1,-90,90
3,5,3.1411759951915488,2.0103526369225913,5.274880219674595e-09,0,0,0,0,0,1,-90,90
3,6,1.018277855518135,0.6516978275316064,1.7099626784451258e-09,0,0,0,0,0,1,-90,90
5,11,0.04072888580875775,0.026066486917604957,6.83947650341383e-11,0,0,0,0,0,1,-90,90
6,16,1.766795732811616,1.130749268999434,2.966925723830753e-09,0,0,0,0,0,1,-90,90
11,9,1.3898858094641162,0.8895269180570344,2.3339924840797102e-09,0,0,0,0,0,1,-90,90
16,18,2.180768440220031,1.39569180174082,3.662097356727632e-09,0,0,0,0,0,1,-90,90
16,14,4.913638660676892,3.1447287428332107,8.251322249217801e-09,0,0,0,0,0,1,-90,90
10,8,1.5332851624465302,0.9813025039657793,2.5747986062832972e-09,0,0,0,0,0,1,-90,90
8,27,3.9556410783486955,2.531610290143165,6.642586379195043e-09,0,0,0,0,0,1,-90,90
8,7,0.5612348233232473,0.35919028692687827,9.424643740663232e-10,0,0,0,0,0,1,-90,90
9,7,1.3017800747959885,0.8331392478694326,2.1860392341655915e-09,0,0,0,0,0,1,-90,90
18,32,2.781488929838625,1.7801529150967201,4.670868795543218e-09,0,0,0,0,0,1,-90,90
14,17,3.842080546571237,2.4589315498055915,1.2903775343074542e-08,0,0,0,0,0,1,-90,90
14,12,3.3260331916690156,2.1286612426681697,5.585305223130674e-09,0,0,0,0,0,1,-90,90
12,13,0.15086317998101317,0.09655243518784844,2.533398972796262e-10,0,0,0,0,0,1,-90,90
13,15,1.5403063312176042,0.9857960519792666,2.5865890390149327e-09,0,0,0,0,0,1,-90,90
17,23,1.5369531249999997,0.9836499999999998,5.161916205930495e-09,0,0,0,0,0,1,-90,90
17,34,0.4019140624999999,0.2572249999999999,2.6996876858038356e-09,0,0,0,0,0,1,-90,90
23,25,1.2265476321645004,0.7849904845852802,2.059703707559595e-09,0,0,0,0,0,1,-90,90
23,21,3.4799999999999995,2.2272,5.843856948024397e-09,0,0,0,0,0,1,-90,90
34,33,0.05095703124999999,0.032612499999999996,3.422823001390906e-10,0,0,0,0,0,1,-90,90
32,31,1.6909970113513875,1.082238087264888,2.839639262607557e-09,0,0,0,0,0,1,-90,90
21,19,1.9958120196565863,1.2773196925802153,3.351505729316307e-09,0,0,0,0,0,1,-90,90
31,29,0.3792771527071165,0.24273737773255458,6.369084551937912e-10,0,0,0,0,0,1,-90,90
19,20,1.6696202001809788,1.0685569281158265,2.803741841203879e-09,0,0,0,0,0,1,-90,90
29,30,1.8998609345201793,1.2159109980929148,3.1903780236999646e-09,0,0,0,0,0,1,-90,90
