BUS_I,BUS_TYPE,Pd,Qd,Gs,Bs,area,Vm,Va,baseKV,zone,Vmax,Vmin
38,1,0.01402524705620892,0.0035150582496798945,0,0,1,1,0,0.4,1,1.1,0.9
39,1,0.005163385567304128,0.0012940664048121506,0,0,1,1,0,0.4,1,1.1,0.9
40,1,0.001624320821404743,0.00040709317137325974,0,0,1,1,0,0.4,1,1.1,0.9
41,1,0.0,0.0,0,0,1,1,0,0.4,1,1.1,0.9
42,1,0.0019208164087895203,0.0004814019700884432,0,0,1,1,0,0.4,1,1.1,0.9
43,1,0.005406076635413209,0.001354890519899863,0,0,1,1,0,0.4,1,1.1,0.9
44,1,0.005613043756644543,0.0014067613699448637,0,0,1,1,0,0.4,1,1.1,0.9
45,1,0.004273455850455529,0.0010710289937556987,0,0,1,1,0,0.4,1,1.1,0.9
46,3,0.0031757160899299843,0.0007959094763758782,0,0,1,1,0,0.4,1,1.1,0.9
47,1,0.0013252412595074758,0.00033213676760051914,0,0,1,1,0,0.4,1,1.1,0.9
49,1,0.003729473122690774,0.0009346940709376098,0,0,1,1,0,0.4,1,1.1,0.9
63,1,0.0,0.0,0,0,1,1,0,0.4,1,1.1,0.9
48,1,0.0012212273126364888,0.00030606841525240326,0,0,1,1,0,0.4,1,1.1,0.9
50,1,0.0015090100691858412,0.0003781935727252338,0,0,1,1,0,0.4,1,1.1,0.9
51,1,0.0,0.0,0,0,1,1,0,0.4,1,1.1,0.9
52,1,0.002866977688955332,0.0007185323393465165,0,0,1,1,0,0.4,1,1.1,0.9
54,1,0.003482358866253067,0.0008727614003597792,0,0,1,1,0,0.4,1,1.1,0.9
55,1,0.0014684715039224696,0.000368033650572838,0,0,1,1,0,0.4,1,1.1,0.9
56,1,0.0,0.0,0,0,1,1,0,0.4,1,1.1,0.9
57,1,0.0,0.0,0,0,1,1,0,0.4,1,1.1,0.9
58,1,0.0015209586726404772,0.00038118817502899707,0,0,1,1,0,0.4,1,1.1,0.9
59,1,0.0055030511908122125,0.0013791946344440275,0,0,1,1,0,0.4,1,1.1,0.9
60,1,0.0,0.0,0,0,1,1,0,0.4,1,1.1,0.9
61,1,0.0,0.0,0,0,1,1,0,0.4,1,1.1,0.9
62,1,0.0007648280179739934,0.000191683969871722,0,0,1,1,0,0.4,1,1.1,0.9
64,1,0.0,0.0,0,0,1,1,0,0.4,1,1.1,0.9
