BUS_I,BUS_TYPE,Pd,Qd,Gs,Bs,area,Vm,Va,baseKV,zone,Vmax,Vmin
1,1,0.09598767110803787,0.024056778026345167,0,0,1,1,0,0.4,1,1.1,0.9
2,1,0.07093929088761264,0.017779062191318463,0,0,1,1,0,0.4,1,1.1,0.9
3,1,0.0,0.0,0,0,1,1,0,0.4,1,1.1,0.9
5,1,0.0,0.0,0,0,1,1,0,0.4,1,1.1,0.9
4,1,0.0,0.0,0,0,1,1,0,0.4,1,1.1,0.9
25,1,0.03103229743811406,0.007777426855955002,0,0,1,1,0,0.4,1,1.1,0.9
32,1,0.0031348650430017794,0.0007856712389360978,0,0,1,1,0,0.4,1,1.1,0.9
6,1,0.0,0.0,0,0,1,1,0,0.4,1,1.1,0.9
22,1,0.0022005096065249056,0.0005514996930118968,0,0,1,1,0,0.4,1,1.1,0.9
7,1,0.0,0.0,0,0,1,1,0,0.4,1,1.1,0.9
13,3,0.0,0.0,0,0,1,1,0,0.4,1,1.1,0.9
23,1,0.005978961129366917,0.001498468908110444,0,0,1,1,0,0.4,1,1.1,0.9
8,1,0.0,0.0,0,0,1,1,0,0.4,1,1.1,0.9
17,1,0.017981297693288923,0.004506537998470733,0,0,1,1,0,0.4,1,1.1,0.9
15,1,0.0,0.0,0,0,1,1,0,0.4,1,1.1,0.9
9,1,0.0,0.0,0,0,1,1,0,0.4,1,1.1,0.9
12,1,0.0,0.0,0,0,1,1,0,0.4,1,1.1,0.9
10,1,0.0,0.0,0,0,1,1,0,0.4,1,1.1,0.9
11,1,0.0,0.0,0,0,1,1,0,0.4,1,1.1,0.9
26,1,0.010574730323859026,0.002650277240326077,0,0,1,1,0,0.4,1,1.1,0.9
14,1,0.0,0.0,0,0,1,1,0,0.4,1,1.1,0.9
16,1,0.011762231811145643,0.0029478931669949834,0,0,1,1,0,0.4,1,1.1,0.9
24,1,0.03957826610682403,0.00991924849731828,0,0,1,1,0,0.4,1,1.1,0.9
29,1,0.008222400193700035,0.0020607277374297644,0,0,1,1,0,0.4,1,1.1,0.9
27,1,0.004676756696689709,0.00117210571354373,0,0,1,1,0,0.4,1,1.1,0.9
20,1,0.0,0.0,0,0,1,1,0,0.4,1,1.1,0.9
31,1,0.0,0.0,0,0,1,1,0,0.4,1,1.1,0.9
21,1,0.0,0.0,0,0,1,1,0,0.4,1,1.1,0.9
28,1,0.009387784692247485,0.002352800624221076,0,0,1,1,0,0.4,1,1.1,0.9
30,1,0.004801542316042015,0.0012033799377329972,0,0,1,1,0,0.4,1,1.1,0.9
18,1,0.03521878446298841,0.00882665940743778,0,0,1,1,0,0.4,1,1.1,0.9
19,1,0.0,0.0,0,0,1,1,0,0.4,1,1.1,0.9
