BUS_I,BUS_TYPE,Pd,Qd,Gs,Bs,area,Vm,Va,baseKV,zone,Vmax,Vmin
1,1,0.0089025310163669,0.00223118458924104,0,0,1,1,0,0.4,1,1.1,0.9
2,1,0.0,0.0,0,0,1,1,0,0.4,1,1.1,0.9
4,1,0.0022111572527877196,0.0005541682447091169,0,0,1,1,0,0.4,1,1.1,0.9
21,1,0.00373551194483348,0.0009362075424298407,0,0,1,1,0,0.4,1,1.1,0.9
6,1,0.0,0.0,0,0,1,1,0,0.4,1,1.1,0.9
22,1,0.0,0.0,0,0,1,1,0,0.4,1,1.1,0.9
7,1,0.0060332228533495295,0.001512068178038634,0,0,1,1,0,0.4,1,1.1,0.9
8,1,0.031266532383141914,0.007836131666828118,0,0,1,1,0,0.4,1,1.1,0.9
9,1,0.03707554193760543,0.009292006695271691,0,0,1,1,0,0.4,1,1.1,0.9
10,1,0.0,0.0,0,0,1,1,0,0.4,1,1.1,0.9
11,1,0.03732331729119991,0.009354105052415003,0,0,1,1,0,0.4,1,1.1,0.9
12,1,0.012776778469175016,0.003202162527506004,0,0,1,1,0,0.4,1,1.1,0.9
13,1,0.0,0.0,0,0,1,1,0,0.4,1,1.1,0.9
14,3,0.027143007421292293,0.006802678895777368,0,0,1,1,0,0.4,1,1.1,0.9
15,1,0.0,0.0,0,0,1,1,0,0.4,1,1.1,0.9
18,1,0.00474702175087298,0.0011897157960885341,0,0,1,1,0,0.4,1,1.1,0.9
28,1,0.0,0.0,0,0,1,1,0,0.4,1,1.1,0.9
16,1,0.035314599233837084,0.008850672852574473,0,0,1,1,0,0.4,1,1.1,0.9
17,1,0.02220546717639617,0.0055652146642103896,0,0,1,1,0,0.4,1,1.1,0.9
19,1,0.0,0.0,0,0,1,1,0,0.4,1,1.1,0.9
20,1,0.01553836153459723,0.003894280484315281,0,0,1,1,0,0.4,1,1.1,0.9
29,1,0.009384195446198316,0.0023519010743675364,0,0,1,1,0,0.4,1,1.1,0.9
24,1,0.0,0.0,0,0,1,1,0,0.4,1,1.1,0.9
25,1,0.022274385570422123,0.005582487241905794,0,0,1,1,0,0.4,1,1.1,0.9
30,1,0.03726757913186286,0.009340135752907161,0,0,1,1,0,0.4,1,1.1,0.9
35,1,0.02455020134120528,0.006152860438740251,0,0,1,1,0,0.4,1,1.1,0.9
34,1,0.02455016918578806,0.006152852379833045,0,0,1,1,0,0.4,1,1.1,0.9
31,1,0.024541668889134106,0.006150722004677551,0,0,1,1,0,0.4,1,1.1,0.9
32,1,0.041030271513240894,0.010283155354855307,0,0,1,1,0,0.4,1,1.1,0.9
