F_BUS,T_BUS,BR_R,BR_X,BR_B,RATE_A,RATE_B,RATE_C,TAP,SHIFT,BR_STATUS,ANGMIN,ANGMAX
1,2,2.1299465763630083,1.3631658088723253,7.153507528275718e-09,0,0,0,0,0,1,-90,90
1,3,2.6471659994256846,1.694186239632438,4.445304430551074e-09,0,0,0,0,0,1,-90,90
2,4,1.5893097478724874,1.017158238638392,5.3377579383146785e-09,0,0,0,0,0,1,-90,90
3,5,1.5209374999999996,0.9733999999999998,2.5540635565763957e-09,0,0,0,0,0,1,-90,90
4,6,6.41220772891393,4.103812946504915,2.153564637286748e-08,0,0,0,0,0,1,-90,90
4,24,1.1072669175335124,0.7086508272214479,1.85939927280051e-09,0,0,0,0,0,1,-90,90
5,15,2.421422175243532,1.5497101921558605,4.066219770947491e-09,0,0,0,0,0,1,-90,90
5,14,1.3364633527402143,0.8553365457537372,2.244281795888185e-09,0,0,0,0,0,1,-90,90
6,22,3.5128934008376995,2.2482517765361276,5.899093824182314e-09,0,0,0,0,0,1,-90,90
24,23,0.9144732582737698,0.5852628852952128,1.535646811536115e-09,0,0,0,0,0,1,-90,90
15,26,0.5713728504847627,0.3656786243102481,9.594888512120365e-10,0,0,0,0,0,1,-90,90
22,9,1.574509860586931,1.0076863107756358,2.644025973713754e-09,0,0,0,0,0,1,-90,90
7,13,35.97529621683666,23.024189578775466,6.041220826264275e-08,0,0,0,0,0,1,-90,90
7,25,4.527705868894073,2.897731756092207,7.603237184065368e-09,0,0,0,0,0,1,-90,90
13,16,6.098056738079722,3.9027563123710225,1.02402790914581e-08,0,0,0,0,0,1,-90,90
8,9,2.8150072234318033,1.8016046229963543,4.727155034882418e-09,0,0,0,0,0,1,-90,90
8,18,2.0784509889767127,1.3302086329450962,3.4902788083505013e-09,0,0,0,0,0,1,-90,90
9,19,1.3343824635919517,0.854004776698849,2.2407874227539487e-09,0,0,0,0,0,1,-90,90
18,17,1.3112017366892066,0.8391691114810923,2.2018607411531262e-09,0,0,0,0,0,1,-90,90
19,20,1.5260294282103941,0.9766588340546523,2.5626142749819003e-09,0,0,0,0,0,1,-90,90
10,11,7.9416065157933495,5.082628170107744,1.3336095521780116e-08,0,0,0,0,0,1,-90,90
10,23,8.669169288935691,5.548268344918844,1.455786930538695e-08,0,0,0,0,0,1,-90,90
11,29,2.4282322025284455,1.5540686096182053,4.077655640276565e-09,0,0,0,0,0,1,-90,90
16,17,1.479679023444548,0.9469945750045109,2.484779466092638e-09,0,0,0,0,0,1,-90,90
20,21,0.419497661930817,0.26847850363572284,7.044495190673549e-10,0,0,0,0,0,1,-90,90
21,28,1.0064356214504986,0.6441187977283191,1.6900763790668822e-09,0,0,0,0,0,1,-90,90
28,27,1.0413165415409895,0.6664425865862332,1.7486508351658187e-09,0,0,0,0,0,1,-90,90
