F_BUS,T_BUS,BR_R,BR_X,BR_B,RATE_A,RATE_B,RATE_C,TAP,SHIFT,BR_STATUS,ANGMIN,ANGMAX
1,2,0.005459348716243859,0.0034939831783960696,9.167716358364873e-12,0,0,0,0,0,1,-90,90
1,3,0.7961220672630308,0.5095181230483397,1.3369032971984512e-09,0,0,0,0,0,1,-90,90
2,4,0.8199360837497851,0.5247590935998625,1.376893442516407e-09,0,0,0,0,0,1,-90,90
3,5,0.040012181710434254,0.025607796294677923,6.719122588911954e-11,0,0,0,0,0,1,-90,90
4,21,0.015007528474718158,0.00960481822381962,2.520168090507348e-11,0,0,0,0,0,1,-90,90
5,23,0.7529675259296951,0.48189921659500484,1.2644352034600545e-09,0,0,0,0,0,1,-90,90
23,22,0.7465375859680177,0.47778405501953136,1.2536376030806213e-09,0,0,0,0,0,1,-90,90
22,13,0.7696878858043341,0.4926002469147739,2.5850263788895792e-09,0,0,0,0,0,1,-90,90
6,7,0.8119318515201895,0.5196363849729213,1.3634521815599351e-09,0,0,0,0,0,1,-90,90
6,8,0.4086648856063615,0.26154552678807136,1.3725167420484666e-09,0,0,0,0,0,1,-90,90
7,9,0.13383442728340658,0.08565403346138022,2.2474403671408093e-10,0,0,0,0,0,1,-90,90
8,10,0.5811162602967976,0.3719144065899505,1.9517013191640205e-09,0,0,0,0,0,1,-90,90
9,29,0.6706042155660421,0.429186697962267,1.1261250300316284e-09,0,0,0,0,0,1,-90,90
10,13,0.530599363783201,0.3395835928212487,1.7820383785412556e-09,0,0,0,0,0,1,-90,90
10,17,4.006687708694049,2.5642801335641905,6.728307415234389e-09,0,0,0,0,0,1,-90,90
10,11,1.6326101398923216,1.0448704895310859,2.741591985466905e-09,0,0,0,0,0,1,-90,90
29,27,0.9531255550269722,0.6100003552172623,1.6005544244494205e-09,0,0,0,0,0,1,-90,90
17,30,0.7750790588497946,0.49605059766386855,1.301566420496432e-09,0,0,0,0,0,1,-90,90
27,15,2.800473311484634,1.7923029193501656,4.702748683642636e-09,0,0,0,0,0,1,-90,90
14,15,0.9383139602635882,0.6005209345686964,1.5756817689984653e-09,0,0,0,0,0,1,-90,90
14,31,1.9786100427241937,1.2663104273434842,3.322618978622021e-09,0,0,0,0,0,1,-90,90
15,24,1.6781372067717928,1.0740078123339474,2.8180441883711488e-09,0,0,0,0,0,1,-90,90
24,25,0.9528904619878841,0.6098498956722458,1.6001596399408264e-09,0,0,0,0,0,1,-90,90
25,26,0.786272851602992,0.5032146250259149,1.3203638123227304e-09,0,0,0,0,0,1,-90,90
28,26,1.435917447986999,0.9189871667116793,2.411291998623071e-09,0,0,0,0,0,1,-90,90
