F_BUS,T_BUS,BR_R,BR_X,BR_B,RATE_A,RATE_B,RATE_C,TAP,SHIFT,BR_STATUS,ANGMIN,ANGMAX
1,2,36.16633739766012,13.910129768330817,3.649820783700658e-08,0,0,0,0,0,1,-90,90
1,3,37.11853460702863,14.276359464241782,3.745914262194828e-08,0,0,0,0,0,1,-90,90
2,4,24.602981035786414,9.462685013764006,2.4828743518611325e-08,0,0,0,0,0,1,-90,90
3,40,9.306566132596203,3.5794485125370006,9.391965274822625e-09,0,0,0,0,0,1,-90,90
4,5,35.348553370799785,13.59559745030761,3.56729196401414e-08,0,0,0,0,0,1,-90,90
5,8,12.44806494872604,4.787717287971555,1.2562291190054371e-08,0,0,0,0,0,1,-90,90
8,6,4.385062774504529,1.6865626055786653,4.425301095945141e-09,0,0,0,0,0,1,-90,90
6,7,2.0054717039404406,0.7713352707463235,2.0238743629701793e-09,0,0,0,0,0,1,-90,90
7,9,3.7985655543409154,1.460986751669583,3.833422045490252e-09,0,0,0,0,0,1,-90,90
9,10,5.118083543898955,1.9684936707303675,5.165048228645703e-09,0,0,0,0,0,1,-90,90
9,11,8.848458205923242,3.4032531561243244,8.929653646867412e-09,0,0,0,0,0,1,-90,90
10,15,4.177735577142815,1.6068213758241596,4.216071417629373e-09,0,0,0,0,0,1,-90,90
11,17,1.6150052219932847,0.6211558546128019,1.6298248728381175e-09,0,0,0,0,0,1,-90,90
15,14,4.851887044512959,1.8661104017357537,4.89640905036103e-09,0,0,0,0,0,1,-90,90
17,18,2.3932999999999995,0.9204999999999999,2.4152614586280793e-09,0,0,0,0,0,1,-90,90
12,13,18.164213996582994,6.986236152531922,1.83308929061211e-08,0,0,0,0,0,1,-90,90
13,14,11.871583527869218,4.5659936645650845,1.198051984613149e-08,0,0,0,0,0,1,-90,90
16,18,0.6747149190254302,0.25950573808670396,6.809062547459521e-10,0,0,0,0,0,1,-90,90
