BUS_I,BUS_TYPE,Pd,Qd,Gs,Bs,area,Vm,Va,baseKV,zone,Vmax,Vmin
1,3,0.09727431432832091,0.02437924121346232,0,0,1,1,0,0.4,1,1.1,0.9
2,1,0.070542998708649,0.017679742009123662,0,0,1,1,0,0.4,1,1.1,0.9
3,1,0.0756771516478595,0.01896648202673361,0,0,1,1,0,0.4,1,1.1,0.9
4,1,0.0,0.0,0,0,1,1,0,0.4,1,1.1,0.9
5,1,0.0,0.0,0,0,1,1,0,0.4,1,1.1,0.9
11,1,0.058081450350076724,0.014556583594442262,0,0,1,1,0,0.4,1,1.1,0.9
12,1,0.06777843848110675,0.016986877905153575,0,0,1,1,0,0.4,1,1.1,0.9
9,1,0.07205297062203969,0.01805817664272958,0,0,1,1,0,0.4,1,1.1,0.9
7,1,0.0,0.0,0,0,1,1,0,0.4,1,1.1,0.9
6,1,0.05745362488409834,0.014399235700697354,0,0,1,1,0,0.4,1,1.1,0.9
