BUS_I,BUS_TYPE,Pd,Qd,Gs,Bs,area,Vm,Va,baseKV,zone,Vmax,Vmin
1,1,0.020006315334081936,0.005014055258985988,0,0,1,1,0,0.4,1,1.1,0.9
2,1,0.0,0.0,0,0,1,1,0,0.4,1,1.1,0.9
3,1,0.0,0.0,0,0,1,1,0,0.4,1,1.1,0.9
4,1,0.0,0.0,0,0,1,1,0,0.4,1,1.1,0.9
8,1,0.0,0.0,0,0,1,1,0,0.4,1,1.1,0.9
5,1,0.0,0.0,0,0,1,1,0,0.4,1,1.1,0.9
23,1,0.0007330146850289068,0.00018371079706626077,0,0,1,1,0,0.4,1,1.1,0.9
22,1,0.00377816176029961,0.0009468965937599688,0,0,1,1,0,0.4,1,1.1,0.9
19,1,0.01520001602067752,0.0038094831053329865,0,0,1,1,0,0.4,1,1.1,0.9
9,1,0.0,0.0,0,0,1,1,0,0.4,1,1.1,0.9
12,1,0.0,0.0,0,0,1,1,0,0.4,1,1.1,0.9
21,1,0.051976406954830724,0.013026515491890505,0,0,1,1,0,0.4,1,1.1,0.9
20,1,0.006548365355624413,0.0016411750590172801,0,0,1,1,0,0.4,1,1.1,0.9
11,1,0.0,0.0,0,0,1,1,0,0.4,1,1.1,0.9
16,1,0.0,0.0,0,0,1,1,0,0.4,1,1.1,0.9
14,3,0.027541123615189067,0.0069024562192055855,0,0,1,1,0,0.4,1,1.1,0.9
17,1,0.009275981247765684,0.002324780039749845,0,0,1,1,0,0.4,1,1.1,0.9
18,1,0.0,0.0,0,0,1,1,0,0.4,1,1.1,0.9
15,1,0.019047314625395294,0.004773707025617397,0,0,1,1,0,0.4,1,1.1,0.9
