BUS_I,BUS_TYPE,Pd,Qd,Gs,Bs,area,Vm,Va,baseKV,zone,Vmax,Vmin
1,1,0.008995032263516294,0.0022543675870588375,0,0,1,1,0,0.4,1,1.1,0.9
2,1,0.0018179963215100225,0.00045563282715811547,0,0,1,1,0,0.4,1,1.1,0.9
3,1,0.0,0.0,0,0,1,1,0,0.4,1,1.1,0.9
4,1,0.0,0.0,0,0,1,1,0,0.4,1,1.1,0.9
6,1,0.0014316497895762866,0.0003588052590684895,0,0,1,1,0,0.4,1,1.1,0.9
27,1,0.0008354689760946587,0.00020938826282372472,0,0,1,1,0,0.4,1,1.1,0.9
23,1,0.0010095311709624195,0.0002530123609644026,0,0,1,1,0,0.4,1,1.1,0.9
5,1,0.005191542608571773,0.0013011232245457181,0,0,1,1,0,0.4,1,1.1,0.9
7,1,0.0032333583438539076,0.0008103559869701948,0,0,1,1,0,0.4,1,1.1,0.9
18,1,0.0,0.0,0,0,1,1,0,0.4,1,1.1,0.9
32,1,0.001491845101618712,0.00037389162634165015,0,0,1,1,0,0.4,1,1.1,0.9
21,1,0.0010084938467212223,0.0002527523830034441,0,0,1,1,0,0.4,1,1.1,0.9
8,1,0.0010089717306915103,0.0002528721520160981,0,0,1,1,0,0.4,1,1.1,0.9
19,1,0.0,0.0,0,0,1,1,0,0.4,1,1.1,0.9
9,1,0.0,0.0,0,0,1,1,0,0.4,1,1.1,0.9
31,1,0.0014579725453742736,0.0003654023635295523,0,0,1,1,0,0.4,1,1.1,0.9
30,1,0.0,0.0,0,0,1,1,0,0.4,1,1.1,0.9
10,1,0.07244986021524989,0.018157646551048092,0,0,1,1,0,0.4,1,1.1,0.9
11,3,0.000712047835439289,0.00017845600923083673,0,0,1,1,0,0.4,1,1.1,0.9
12,1,0.0,0.0,0,0,1,1,0,0.4,1,1.1,0.9
13,1,0.0,0.0,0,0,1,1,0,0.4,1,1.1,0.9
14,1,0.009144691771632137,0.002291875795401787,0,0,1,1,0,0.4,1,1.1,0.9
15,1,0.004399330884337734,0.0011025762509628727,0,0,1,1,0,0.4,1,1.1,0.9
16,1,0.0,0.0,0,0,1,1,0,0.4,1,1.1,0.9
33,1,0.004614667343886519,0.0011565446549104334,0,0,1,1,0,0.4,1,1.1,0.9
20,1,0.0018571163147115591,0.0004654372216389676,0,0,1,1,0,0.4,1,1.1,0.9
22,1,0.0,0.0,0,0,1,1,0,0.4,1,1.1,0.9
24,1,0.0028422935045618056,0.0007123458995896016,0,0,1,1,0,0.4,1,1.1,0.9
25,1,0.0010089537835832512,0.0002528676540467795,0,0,1,1,0,0.4,1,1.1,0.9
28,1,0.0010089543396180015,0.0002528677934022239,0,0,1,1,0,0.4,1,1.1,0.9
29,1,0.0010089548238768197,0.00025286791476892407,0,0,1,1,0,0.4,1,1.1,0.9
