BUS_I,BUS_TYPE,Pd,Qd,Gs,Bs,area,Vm,Va,baseKV,zone,Vmax,Vmin
1,1,0.013423069849368637,0.0033641384155985348,0,0,1,1,0,0.4,1,1.1,0.9
3,1,0.0,0.0,0,0,1,1,0,0.4,1,1.1,0.9
2,1,0.020816882990718943,0.0052172026628760524,0,0,1,1,0,0.4,1,1.1,0.9
4,1,0.026980829222446115,0.006762033207791421,0,0,1,1,0,0.4,1,1.1,0.9
5,1,0.0,0.0,0,0,1,1,0,0.4,1,1.1,0.9
7,1,0.0,0.0,0,0,1,1,0,0.4,1,1.1,0.9
31,1,0.019283282485649245,0.004832846145985175,0,0,1,1,0,0.4,1,1.1,0.9
25,1,0.0,0.0,0,0,1,1,0,0.4,1,1.1,0.9
6,1,0.0,0.0,0,0,1,1,0,0.4,1,1.1,0.9
34,1,0.01662888293953753,0.004167590911256455,0,0,1,1,0,0.4,1,1.1,0.9
33,1,0.017972141577477965,0.00450424325954119,0,0,1,1,0,0.4,1,1.1,0.9
36,1,0.008161287377693241,0.002045411421987695,0,0,1,1,0,0.4,1,1.1,0.9
8,1,0.0,0.0,0,0,1,1,0,0.4,1,1.1,0.9
28,1,0.01881652348434609,0.004715865313378973,0,0,1,1,0,0.4,1,1.1,0.9
30,1,0.02061217194313294,0.005165897238184853,0,0,1,1,0,0.4,1,1.1,0.9
9,1,0.0,0.0,0,0,1,1,0,0.4,1,1.1,0.9
29,1,0.017683269499257824,0.004431845092323141,0,0,1,1,0,0.4,1,1.1,0.9
10,1,0.0,0.0,0,0,1,1,0,0.4,1,1.1,0.9
27,1,0.03914282884687266,0.009810117633050725,0,0,1,1,0,0.4,1,1.1,0.9
11,1,0.0,0.0,0,0,1,1,0,0.4,1,1.1,0.9
12,1,0.0,0.0,0,0,1,1,0,0.4,1,1.1,0.9
39,1,0.004466975026816616,0.0011195294711172127,0,0,1,1,0,0.4,1,1.1,0.9
15,1,0.0,0.0,0,0,1,1,0,0.4,1,1.1,0.9
37,1,0.004855345272211661,0.0012168642296091646,0,0,1,1,0,0.4,1,1.1,0.9
13,1,0.0,0.0,0,0,1,1,0,0.4,1,1.1,0.9
41,1,0.010777668783744105,0.0027011384126631867,0,0,1,1,0,0.4,1,1.1,0.9
16,1,0.0,0.0,0,0,1,1,0,0.4,1,1.1,0.9
21,1,0.010396264777003143,0.002605549558150832,0,0,1,1,0,0.4,1,1.1,0.9
32,1,0.048640532861283274,0.012190466636178801,0,0,1,1,0,0.4,1,1.1,0.9
26,3,0.018852259932246568,0.00472482171147331,0,0,1,1,0,0.4,1,1.1,0.9
20,1,0.0,0.0,0,0,1,1,0,0.4,1,1.1,0.9
23,1,0.013368329622464863,0.0033504192215339794,0,0,1,1,0,0.4,1,1.1,0.9
35,1,0.00854152949880006,0.0021407090805113365,0,0,1,1,0,0.4,1,1.1,0.9
40,1,0.004702424020584964,0.001178538551285813,0,0,1,1,0,0.4,1,1.1,0.9
38,1,0.012220037814863919,0.0030626301668976352,0,0,1,1,0,0.4,1,1.1,0.9
18,1,0.0,0.0,0,0,1,1,0,0.4,1,1.1,0.9
17,1,0.012243162627229794,0.003068425791185265,0,0,1,1,0,0.4,1,1.1,0.9
24,1,0.010020750671321896,0.0025114368519891465,0,0,1,1,0,0.4,1,1.1,0.9
