F_BUS,T_BUS,BR_R,BR_X,BR_B,RATE_A,RATE_B,RATE_C,TAP,SHIFT,BR_STATUS,ANGMIN,ANGMAX
1,2,2.9782378608999163,1.1454761003461216,3.0055668407882435e-09,0,0,0,0,0,1,-90,90
1,3,1.3379979500426973,0.5146145961702683,1.3502757199103772e-09,0,0,0,0,0,1,-90,90
3,4,1.8757344131887528,0.7214363127649049,1.8929465736836805e-09,0,0,0,0,0,1,-90,90
4,8,3.2854830886984985,1.263647341807115,3.3156314198419855e-09,0,0,0,0,0,1,-90,90
8,7,1.3118348750787423,0.5045518750302855,2.6477451333822486e-09,0,0,0,0,0,1,-90,90
7,5,5.117205992405471,1.9681561509251813,5.164162624542509e-09,0,0,0,0,0,1,-90,90
5,6,1.985963827986938,0.7638322415334378,2.0041874783630706e-09,0,0,0,0,0,1,-90,90
