F_BUS,T_BUS,BR_R,BR_X,BR_B,RATE_A,RATE_B,RATE_C,TAP,SHIFT,BR_STATUS,ANGMIN,ANGMAX
161,166,62.252821982305655,23.943393070117565,6.282406786641781e-08,0,0,0,0,0,1,-90,90
166,164,26.95129265282571,10.36588178954835,2.719860377076676e-08,0,0,0,0,0,1,-90,90
164,160,4.072119999999999,1.5661999999999998,4.1094866882165105e-09,0,0,0,0,0,1,-90,90
160,165,8.30505,3.19425,8.381259005130626e-09,0,0,0,0,0,1,-90,90
160,148,6.354139999999999,2.4438999999999993,6.4124470165574816e-09,0,0,0,0,0,1,-90,90
146,147,2.4109089090429783,0.9272726573242225,2.433031950977552e-09,0,0,0,0,0,1,-90,90
147,148,2.3321999999999994,0.8969999999999998,2.353600791297542e-09,0,0,0,0,0,1,-90,90
148,159,0.5308932460565333,0.2041897100217436,5.357648417859435e-10,0,0,0,0,0,1,-90,90
