BUS_I,BUS_TYPE,Pd,Qd,Gs,Bs,area,Vm,Va,baseKV,zone,Vmax,Vmin
1,1,0.0019929355501797754,0.0004994767306889292,0,0,1,1,0,0.4,1,1.1,0.9
2,1,0.0015046983304594567,0.0003771129491383621,0,0,1,1,0,0.4,1,1.1,0.9
3,1,0.0,0.0,0,0,1,1,0,0.4,1,1.1,0.9
4,1,0.001512301031697368,0.00037901836567748407,0,0,1,1,0,0.4,1,1.1,0.9
5,1,0.0,0.0,0,0,1,1,0,0.4,1,1.1,0.9
6,1,0.0029526601993678154,0.0007400064006497968,0,0,1,1,0,0.4,1,1.1,0.9
19,3,0.13416483237830568,0.033624876551426555,0,0,1,1,0,0.4,1,1.1,0.9
7,1,0.004210727073746221,0.0010553076803855527,0,0,1,1,0,0.4,1,1.1,0.9
8,1,0.002529064234272954,0.0006338432446162173,0,0,1,1,0,0.4,1,1.1,0.9
9,1,0.0027550852343884193,0.0006904894468451509,0,0,1,1,0,0.4,1,1.1,0.9
12,1,0.0034046860709874656,0.0008532947628966493,0,0,1,1,0,0.4,1,1.1,0.9
10,1,0.0027515748972962357,0.0006896096734404055,0,0,1,1,0,0.4,1,1.1,0.9
11,1,0.004106105663440088,0.0010290870833496583,0,0,1,1,0,0.4,1,1.1,0.9
13,1,0.0041397053023471695,0.001037507946629519,0,0,1,1,0,0.4,1,1.1,0.9
14,1,0.0036741285643296425,0.0009208234171329009,0,0,1,1,0,0.4,1,1.1,0.9
17,1,0.0,0.0,0,0,1,1,0,0.4,1,1.1,0.9
18,1,0.0019913212776705284,0.0004990721558619675,0,0,1,1,0,0.4,1,1.1,0.9
16,1,0.0,0.0,0,0,1,1,0,0.4,1,1.1,0.9
15,1,0.005908460170665006,0.0014807997023201771,0,0,1,1,0,0.4,1,1.1,0.9
