F_BUS,T_BUS,BR_R,BR_X,BR_B,RATE_A,RATE_B,RATE_C,TAP,SHIFT,BR_STATUS,ANGMIN,ANGMAX
1,2,0.8273010228929765,0.3181927011126833,8.348925229921001e-10,0,0,0,0,0,1,-90,90
2,3,5.327711795198279,2.0491199212301074,5.37660007588711e-09,0,0,0,0,0,1,-90,90
2,4,5.062740017377971,1.9472076989915275,5.109196857488434e-09,0,0,0,0,0,1,-90,90
3,11,1.6136274246567066,0.6206259325602718,1.6284344325235568e-09,0,0,0,0,0,1,-90,90
11,12,0.5682712104982112,0.2185658501916197,5.734857948290036e-10,0,0,0,0,0,1,-90,90
12,10,2.80499607617302,1.0788446446819309,2.8307353505133866e-09,0,0,0,0,0,1,-90,90
5,6,0.1347723764162944,0.05183552939088246,1.3600907802865992e-10,0,0,0,0,0,1,-90,90
5,7,5.020611932730678,1.9310045895117995,5.0666821960692936e-09,0,0,0,0,0,1,-90,90
6,8,2.403485829525771,0.9244176267406813,2.425540755614564e-09,0,0,0,0,0,1,-90,90
7,9,3.395018657388297,1.3057764066878066,3.4261721115251755e-09,0,0,0,0,0,1,-90,90
9,10,0.3232111919359421,0.12431199689843928,3.2617705046593563e-10,0,0,0,0,0,1,-90,90
10,13,11.322497463568956,4.354806716757291,1.1426395244713277e-08,0,0,0,0,0,1,-90,90
13,27,2.9538599999999997,1.1360999999999999,2.9809652831584584e-09,0,0,0,0,0,1,-90,90
13,28,4.959239999999999,1.9073999999999998,5.00474710069223e-09,0,0,0,0,0,1,-90,90
27,25,5.463082443547579,2.1011855552106073,5.513212915726478e-09,0,0,0,0,0,1,-90,90
25,21,3.7521899999999992,1.4431499999999997,3.786620938641078e-09,0,0,0,0,0,1,-90,90
15,17,2.321239139811812,0.8927842845430047,2.342539351793117e-09,0,0,0,0,0,1,-90,90
15,14,2.7556289908432237,1.0598573041704709,2.780915261714715e-09,0,0,0,0,0,1,-90,90
17,23,3.0711300199651257,1.1812038538327407,3.099311399179983e-09,0,0,0,0,0,1,-90,90
14,16,1.2420455142747004,0.47770981318257716,1.253442803029113e-09,0,0,0,0,0,1,-90,90
23,22,5.902233126822063,2.270089664162332,5.956393344357676e-09,0,0,0,0,0,1,-90,90
21,24,5.932161449297106,2.281600557421964,5.9865962958453154e-09,0,0,0,0,0,1,-90,90
21,19,3.1085481071317504,1.195595425819904,3.13707284312313e-09,0,0,0,0,0,1,-90,90
19,18,1.7113933262012442,0.658228202385094,1.7270974559508537e-09,0,0,0,0,0,1,-90,90
22,20,5.108820223113793,1.9649308550437665,5.155699905547341e-09,0,0,0,0,0,1,-90,90
18,20,2.7820739015994373,1.0700284236920912,2.807602836914791e-09,0,0,0,0,0,1,-90,90
