F_BUS,T_BUS,BR_R,BR_X,BR_B,RATE_A,RATE_B,RATE_C,TAP,SHIFT,BR_STATUS,ANGMIN,ANGMAX
1,2,2.6996349495219367,1.0383211344315142,2.72440740648715e-09,0,0,0,0,0,1,-90,90
2,3,2.0421699999999996,0.7854499999999999,2.060909410841309e-09,0,0,0,0,0,1,-90,90
3,30,0.8666465852122233,0.33332560969700903,8.745991290330168e-10,0,0,0,0,0,1,-90,90
3,26,1.413752039309706,0.543750784349887,1.4267249457241396e-09,0,0,0,0,0,1,-90,90
26,8,2.7284575347009383,1.0494067441157457,2.753494474184834e-09,0,0,0,0,0,1,-90,90
8,23,1.7749457034592504,0.682671424407404,1.7912330041042212e-09,0,0,0,0,0,1,-90,90
8,18,1.7582866655263087,0.6762641021255034,1.774421099095548e-09,0,0,0,0,0,1,-90,90
8,6,1.833210082450108,0.7050808009423494,1.850032030130009e-09,0,0,0,0,0,1,-90,90
5,6,2.4323291418942667,0.9355112084208719,2.45464874069909e-09,0,0,0,0,0,1,-90,90
5,7,2.3231827449894777,0.8935318249959531,2.344500791928664e-09,0,0,0,0,0,1,-90,90
7,9,2.129471096394713,0.8190273447671975,2.1490116017150505e-09,0,0,0,0,0,1,-90,90
9,11,0.6147904528253255,0.23645786647127903,6.204319081776264e-10,0,0,0,0,0,1,-90,90
9,15,3.8266934725153585,1.4718051817366764,3.861808071762837e-09,0,0,0,0,0,1,-90,90
23,21,2.695194947381626,1.0366134413006254,2.7199266618894312e-09,0,0,0,0,0,1,-90,90
18,17,1.6019091000978247,0.6161188846530096,1.6166085779851532e-09,0,0,0,0,0,1,-90,90
11,10,2.8186415703988184,1.0840929116918532,2.8445060588606492e-09,0,0,0,0,0,1,-90,90
15,14,0.012203509534400652,0.004693657513231021,1.231549168029006e-11,0,0,0,0,0,1,-90,90
21,24,1.7954832630791955,0.6905704857996907,1.8119590209864881e-09,0,0,0,0,0,1,-90,90
21,25,1.39230898526298,0.535503455870377,1.4050851253947466e-09,0,0,0,0,0,1,-90,90
21,19,1.9492205967733307,0.7497002295282041,1.9671070830028204e-09,0,0,0,0,0,1,-90,90
10,12,0.8025060963713087,0.30865619091204183,8.098700726526944e-10,0,0,0,0,0,1,-90,90
12,13,0.5981638787382648,0.230063030283948,6.036527649103795e-10,0,0,0,0,0,1,-90,90
13,31,2.6106599999999998,1.0040999999999998,2.6346160028337364e-09,0,0,0,0,0,1,-90,90
24,27,0.7556469394013556,0.2906334382312907,7.625809255280836e-10,0,0,0,0,0,1,-90,90
25,29,0.4749072274455115,0.18265662594058135,4.792650828868355e-10,0,0,0,0,0,1,-90,90
