F_BUS,T_BUS,BR_R,BR_X,BR_B,RATE_A,RATE_B,RATE_C,TAP,SHIFT,BR_STATUS,ANGMIN,ANGMAX
1,2,3.2789866509907744,1.2611487119195286,3.30907536936196e-09,0,0,0,0,0,1,-90,90
1,3,0.8015455105766452,0.30828673483717123,8.089006723069139e-10,0,0,0,0,0,1,-90,90
2,4,3.6143049616019307,1.3901172929238197,3.647470636144815e-09,0,0,0,0,0,1,-90,90
2,5,10.737892585394237,4.129958686690092,1.0836425900802627e-08,0,0,0,0,0,1,-90,90
4,13,0.19816465245252063,0.07621717402020026,1.9998305583545793e-10,0,0,0,0,0,1,-90,90
5,19,11.459529586995151,4.407511379613521,1.156468480569822e-08,0,0,0,0,0,1,-90,90
13,14,3.0185003396359558,1.1609616690907525,3.0461987770770457e-09,0,0,0,0,0,1,-90,90
14,16,3.994297949839778,1.5362684422460686,4.030950525435662e-09,0,0,0,0,0,1,-90,90
6,7,1.7050906854876529,0.6558041098029435,1.72073698078973e-09,0,0,0,0,0,1,-90,90
6,8,2.245866759371654,0.8637949074506363,2.266475337452179e-09,0,0,0,0,0,1,-90,90
7,9,3.197374479182913,1.2297594150703512,3.2267143059255084e-09,0,0,0,0,0,1,-90,90
8,10,1.7526599999999999,0.6740999999999998,1.7687428020219316e-09,0,0,0,0,0,1,-90,90
8,11,0.06551162830589874,0.025196780117653365,6.611277772916291e-11,0,0,0,0,0,1,-90,90
9,18,6.87638739532352,2.6447643828167386,6.939486671341171e-09,0,0,0,0,0,1,-90,90
10,29,0.8721699999999999,0.3354499999999999,8.801732279161207e-10,0,0,0,0,0,1,-90,90
11,12,6.567988909714878,2.526149580659569,6.628258251924543e-09,0,0,0,0,0,1,-90,90
18,28,1.3944628655120674,0.5363318713507952,1.4072587701330246e-09,0,0,0,0,0,1,-90,90
18,27,1.3051801338684461,0.5019923591801715,1.3171567600800128e-09,0,0,0,0,0,1,-90,90
18,17,0.9649899999999998,0.3711499999999999,9.738449650948523e-10,0,0,0,0,0,1,-90,90
27,25,7.327660818990595,2.818331084227152,7.3949010813550555e-09,0,0,0,0,0,1,-90,90
17,15,3.0039120048931856,1.1553507711127637,3.03147657649635e-09,0,0,0,0,0,1,-90,90
23,25,49.59618136777842,19.075454372222474,5.0051287073381235e-08,0,0,0,0,0,1,-90,90
23,24,5.65814412296464,2.176209278063323,5.7100645249485955e-09,0,0,0,0,0,1,-90,90
23,21,87.5930627852533,33.68963953278973,8.83968364134926e-08,0,0,0,0,0,1,-90,90
21,20,6.889131504150764,2.6496659631349093,6.952347722974901e-09,0,0,0,0,0,1,-90,90
16,15,4.655956832411113,1.7907526278504282,4.698680938603033e-09,0,0,0,0,0,1,-90,90
