BUS_I,BUS_TYPE,Pd,Qd,Gs,Bs,area,Vm,Va,baseKV,zone,Vmax,Vmin
1,1,0.0015373568894723377,0.000385297955564332,0,0,1,1,0,0.4,1,1.1,0.9
2,1,0.0022742368625480024,0.0005699774851300414,0,0,1,1,0,0.4,1,1.1,0.9
3,1,0.0,0.0,0,0,1,1,0,0.4,1,1.1,0.9
4,1,0.0007261219161460438,0.00018198330634700685,0,0,1,1,0,0.4,1,1.1,0.9
5,1,0.03494343281092307,0.00875764977842545,0,0,1,1,0,0.4,1,1.1,0.9
32,1,0.0008857212283089,0.0002219826644055825,0,0,1,1,0,0.4,1,1.1,0.9
35,1,0.04840920954769968,0.012132491548931026,0,0,1,1,0,0.4,1,1.1,0.9
34,1,0.0,0.0,0,0,1,1,0,0.4,1,1.1,0.9
6,1,0.0019786854502158143,0.000495905318988562,0,0,1,1,0,0.4,1,1.1,0.9
7,1,0.005133482982714215,0.0012865721106846905,0,0,1,1,0,0.4,1,1.1,0.9
8,1,0.007278980146785447,0.001824284385984311,0,0,1,1,0,0.4,1,1.1,0.9
15,1,0.01382189380466591,0.003464093120754123,0,0,1,1,0,0.4,1,1.1,0.9
9,1,0.011855320657461185,0.0029712234310454674,0,0,1,1,0,0.4,1,1.1,0.9
17,1,0.0030996416932569555,0.0007768434353611803,0,0,1,1,0,0.4,1,1.1,0.9
27,1,0.044630001807174524,0.01118533280781593,0,0,1,1,0,0.4,1,1.1,0.9
13,1,0.007444446409561994,0.0018657541404695926,0,0,1,1,0,0.4,1,1.1,0.9
11,1,0.001536713577651781,0.0003851367264242747,0,0,1,1,0,0.4,1,1.1,0.9
10,1,0.004195567131114523,0.0010515082406182057,0,0,1,1,0,0.4,1,1.1,0.9
12,1,0.0023765527051872975,0.0005956202524410807,0,0,1,1,0,0.4,1,1.1,0.9
14,1,0.003114567608975551,0.0007805842224553691,0,0,1,1,0,0.4,1,1.1,0.9
16,1,0.05944376211359089,0.014898011106113548,0,0,1,1,0,0.4,1,1.1,0.9
22,1,0.01616458512929337,0.004051226911273685,0,0,1,1,0,0.4,1,1.1,0.9
31,1,0.0,0.0,0,0,1,1,0,0.4,1,1.1,0.9
20,1,0.044456241427525384,0.011141784351699227,0,0,1,1,0,0.4,1,1.1,0.9
28,1,0.07426148665227983,0.018611682934671095,0,0,1,1,0,0.4,1,1.1,0.9
18,1,0.0008475804889008651,0.00021242369405961961,0,0,1,1,0,0.4,1,1.1,0.9
19,3,0.015778775753773615,0.0039545339672713755,0,0,1,1,0,0.4,1,1.1,0.9
21,1,0.012599902258328154,0.003157833170481655,0,0,1,1,0,0.4,1,1.1,0.9
23,1,0.021925858784567712,0.005495138195650696,0,0,1,1,0,0.4,1,1.1,0.9
30,1,0.0,0.0,0,0,1,1,0,0.4,1,1.1,0.9
29,1,0.051696679518868395,0.012956409188058522,0,0,1,1,0,0.4,1,1.1,0.9
24,1,0.0,0.0,0,0,1,1,0,0.4,1,1.1,0.9
33,1,0.004400802404639201,0.0011029450487141362,0,0,1,1,0,0.4,1,1.1,0.9
25,1,0.0,0.0,0,0,1,1,0,0.4,1,1.1,0.9
