F_BUS,T_BUS,BR_R,BR_X,BR_B,RATE_A,RATE_B,RATE_C,TAP,SHIFT,BR_STATUS,ANGMIN,ANGMAX
1,2,0.7133044557304604,0.27434786758863866,7.198498977117205e-10,0,0,0,0,0,1,-90,90
2,3,4.643346393805049,1.7859024591557884,4.685954783778473e-09,0,0,0,0,0,1,-90,90
3,14,2.3175099999999995,0.8913499999999999,2.33877599255637e-09,0,0,0,0,0,1,-90,90
3,8,2.4020099999999998,0.9238499999999998,2.424051383545411e-09,0,0,0,0,0,1,-90,90
14,13,4.712638041697032,1.8125530929603968,4.755882267402895e-09,0,0,0,0,0,1,-90,90
8,9,4.268868942435763,1.6418726701676012,4.308041043161955e-09,0,0,0,0,0,1,-90,90
8,6,3.341125235702162,1.2850481675777548,3.3717841516905903e-09,0,0,0,0,0,1,-90,90
13,12,1.1394982405902307,0.4382685540731658,1.149954532516647e-09,0,0,0,0,0,1,-90,90
9,11,3.612138734746433,1.389284128748628,3.645284531504891e-09,0,0,0,0,0,1,-90,90
6,7,0.5162675190257124,0.1985644303945048,5.210049057971596e-10,0,0,0,0,0,1,-90,90
4,5,2.140778477486054,0.8233763374946361,2.160422741876307e-09,0,0,0,0,0,1,-90,90
4,11,4.703325463821258,1.8089713322389458,4.746484235219789e-09,0,0,0,0,0,1,-90,90
11,10,2.2101933263568734,0.8500743562911051,2.2304745569994355e-09,0,0,0,0,0,1,-90,90
