BUS_I,BUS_TYPE,Pd,Qd,Gs,Bs,area,Vm,Va,baseKV,zone,Vmax,Vmin
1,1,0.0007557852006786452,0.0001894176262267956,0,0,1,1,0,0.4,1,1.1,0.9
2,1,0.0,0.0,0,0,1,1,0,0.4,1,1.1,0.9
3,1,0.0,0.0,0,0,1,1,0,0.4,1,1.1,0.9
4,1,0.0,0.0,0,0,1,1,0,0.4,1,1.1,0.9
5,1,0.002476963295751683,0.0006207855185717992,0,0,1,1,0,0.4,1,1.1,0.9
6,1,0.004096254962392586,0.0010266182649507109,0,0,1,1,0,0.4,1,1.1,0.9
7,1,0.007489759066286658,0.0018771105627270125,0,0,1,1,0,0.4,1,1.1,0.9
25,1,0.0,0.0,0,0,1,1,0,0.4,1,1.1,0.9
26,1,0.001301822401129256,0.00032626744843554904,0,0,1,1,0,0.4,1,1.1,0.9
19,1,0.0,0.0,0,0,1,1,0,0.4,1,1.1,0.9
39,1,0.008195009231346988,0.002053862915170314,0,0,1,1,0,0.4,1,1.1,0.9
8,1,0.012674052275608165,0.0031764169165582434,0,0,1,1,0,0.4,1,1.1,0.9
9,3,0.03293821691394441,0.008255095302713468,0,0,1,1,0,0.4,1,1.1,0.9
10,1,0.0055200611356739674,0.0013834577284753333,0,0,1,1,0,0.4,1,1.1,0.9
11,1,0.0,0.0,0,0,1,1,0,0.4,1,1.1,0.9
12,1,0.008894687982670136,0.002229218939710031,0,0,1,1,0,0.4,1,1.1,0.9
14,1,0.0,0.0,0,0,1,1,0,0.4,1,1.1,0.9
13,1,0.008165755454013206,0.0020465312274688926,0,0,1,1,0,0.4,1,1.1,0.9
16,1,0.0,0.0,0,0,1,1,0,0.4,1,1.1,0.9
17,1,0.0,0.0,0,0,1,1,0,0.4,1,1.1,0.9
38,1,0.001673863165284264,0.0004195096531553112,0,0,1,1,0,0.4,1,1.1,0.9
18,1,0.0017188165340986058,0.0004307760293744597,0,0,1,1,0,0.4,1,1.1,0.9
31,1,0.007389750033313927,0.001852045936415301,0,0,1,1,0,0.4,1,1.1,0.9
24,1,0.0017210232998884274,0.000431329097014804,0,0,1,1,0,0.4,1,1.1,0.9
27,1,0.0009255122422646279,0.00023195523253986646,0,0,1,1,0,0.4,1,1.1,0.9
28,1,0.0,0.0,0,0,1,1,0,0.4,1,1.1,0.9
29,1,0.0027107699690405215,0.0006793829944294751,0,0,1,1,0,0.4,1,1.1,0.9
30,1,0.003430424197629304,0.0008597453454796954,0,0,1,1,0,0.4,1,1.1,0.9
97,1,0.004661643244564022,0.0011683179253954975,0,0,1,1,0,0.4,1,1.1,0.9
32,1,0.005478951809467929,0.0013731547601468469,0,0,1,1,0,0.4,1,1.1,0.9
33,1,0.00309510088721814,0.0007757054020942463,0,0,1,1,0,0.4,1,1.1,0.9
34,1,0.0024965540123114433,0.0006256954149596878,0,0,1,1,0,0.4,1,1.1,0.9
35,1,0.0,0.0,0,0,1,1,0,0.4,1,1.1,0.9
36,1,0.005915014344325892,0.0014824423330777102,0,0,1,1,0,0.4,1,1.1,0.9
37,1,0.002353362306998456,0.0005898081907967931,0,0,1,1,0,0.4,1,1.1,0.9
40,1,0.0,0.0,0,0,1,1,0,0.4,1,1.1,0.9
41,1,0.002974622548668694,0.0007455106842308999,0,0,1,1,0,0.4,1,1.1,0.9
