F_BUS,T_BUS,BR_R,BR_X,BR_B,RATE_A,RATE_B,RATE_C,TAP,SHIFT,BR_STATUS,ANGMIN,ANGMAX
1,2,5.448517730704146,2.0955837425785178,5.498514553804977e-09,0,0,0,0,0,1,-90,90
2,3,3.082604044301234,1.1856169401158594,3.1108907117418698e-09,0,0,0,0,0,1,-90,90
3,4,1.9067099999999997,0.7333499999999998,1.924206399440415e-09,0,0,0,0,0,1,-90,90
3,7,14.762085201278694,5.677725077414883,1.4897545412456595e-08,0,0,0,0,0,1,-90,90
4,84,6.350744773063667,2.4425941434860263,6.4090206342558e-09,0,0,0,0,0,1,-90,90
7,82,2.7112934957546964,1.0428051906748832,2.7361729341600775e-09,0,0,0,0,0,1,-90,90
84,5,3.0580935559722606,1.1761898292201005,3.0861553096639343e-09,0,0,0,0,0,1,-90,90
5,21,24.82778323376761,9.54914739760293,2.5055608552079284e-08,0,0,0,0,0,1,-90,90
21,22,6.410203424180911,2.465462855454197,6.469024891317387e-09,0,0,0,0,0,1,-90,90
82,83,0.7114950842714196,0.27365195548900756,7.180239230535651e-10,0,0,0,0,0,1,-90,90
22,23,29.091691818214336,11.189112237774747,2.935864371989259e-08,0,0,0,0,0,1,-90,90
23,24,9.664315858019743,3.7170445607768245,9.752997792121024e-09,0,0,0,0,0,1,-90,90
24,25,2.0009634954693363,0.7696013444112833,2.0193247861650485e-09,0,0,0,0,0,1,-90,90
24,26,0.5978924588428616,0.22995863801648522,6.033788544050219e-10,0,0,0,0,0,1,-90,90
25,27,1.3520095463602497,0.5200036716770192,1.3644158897844589e-09,0,0,0,0,0,1,-90,90
