F_BUS,T_BUS,BR_R,BR_X,BR_B,RATE_A,RATE_B,RATE_C,TAP,SHIFT,BR_STATUS,ANGMIN,ANGMAX
1,2,3.4923660302001194,1.343217703923123,3.524412765706053e-09,0,0,0,0,0,1,-90,90
2,16,9.037258589118222,3.475868688122393,9.120186504806258e-09,0,0,0,0,0,1,-90,90
16,15,3.0584006513531277,1.176307942828126,3.086465223021027e-09,0,0,0,0,0,1,-90,90
15,10,4.2065688888345925,1.617911111090228,4.245169310268725e-09,0,0,0,0,0,1,-90,90
10,7,2.0353908696420038,0.7828426421700015,4.108136147319452e-09,0,0,0,0,0,1,-90,90
4,8,1.5915574725832686,0.6121374894551035,1.6061619616102812e-09,0,0,0,0,0,1,-90,90
8,6,1.2678862033474863,0.48764853974903327,1.279520612071812e-09,0,0,0,0,0,1,-90,90
6,5,4.631904702954008,1.781501808828465,4.674408101400978e-09,0,0,0,0,0,1,-90,90
5,7,2.0075502237902954,0.7721347014578059,4.051943911570531e-09,0,0,0,0,0,1,-90,90
7,9,1.3517398977363249,0.5198999606678173,1.3641437668041646e-09,0,0,0,0,0,1,-90,90
9,13,4.813571373445082,1.8513736051711853,4.8577417860850445e-09,0,0,0,0,0,1,-90,90
9,11,8.706816395065735,3.3487755365637444,8.78671209892339e-09,0,0,0,0,0,1,-90,90
