BUS_I,BUS_TYPE,Pd,Qd,Gs,Bs,area,Vm,Va,baseKV,zone,Vmax,Vmin
1,1,0.018872180571832767,0.004729814294365842,0,0,1,1,0,0.4,1,1.1,0.9
2,1,0.0,0.0,0,0,1,1,0,0.4,1,1.1,0.9
4,1,0.0,0.0,0,0,1,1,0,0.4,1,1.1,0.9
11,1,0.03429705755908008,0.008595652870116174,0,0,1,1,0,0.4,1,1.1,0.9
9,3,0.0626976088072555,0.015713501957570323,0,0,1,1,0,0.4,1,1.1,0.9
7,1,0.0,0.0,0,0,1,1,0,0.4,1,1.1,0.9
5,1,0.055167344051409384,0.013826239712118982,0,0,1,1,0,0.4,1,1.1,0.9
6,1,0.0,0.0,0,0,1,1,0,0.4,1,1.1,0.9
8,1,0.012391263729582356,0.0031055434262276076,0,0,1,1,0,0.4,1,1.1,0.9
13,1,0.0014210763196021222,0.00035615529770157187,0,0,1,1,0,0.4,1,1.1,0.9
12,1,0.001851381932997647,0.00046400005011040075,0,0,1,1,0,0.4,1,1.1,0.9
