BUS_I,BUS_TYPE,Pd,Qd,Gs,Bs,area,Vm,Va,baseKV,zone,Vmax,Vmin
1,1,0.0013606015567088885,0.00034099889344335296,0,0,1,1,0,0.4,1,1.1,0.9
2,1,0.0,0.0,0,0,1,1,0,0.4,1,1.1,0.9
3,1,0.0017285024827694772,0.00043320355693565515,0,0,1,1,0,0.4,1,1.1,0.9
4,1,0.0019119085285317628,0.00047916944485293725,0,0,1,1,0,0.4,1,1.1,0.9
5,1,0.001799422026572137,0.00045097767004097233,0,0,1,1,0,0.4,1,1.1,0.9
18,1,0.0014263685124473898,0.0003574816462532303,0,0,1,1,0,0.4,1,1.1,0.9
20,1,0.0018193357743531832,0.00045596852568431895,0,0,1,1,0,0.4,1,1.1,0.9
6,1,0.001620918396922751,0.00040624044341799393,0,0,1,1,0,0.4,1,1.1,0.9
16,1,0.00223129874223338,0.0005592161777938654,0,0,1,1,0,0.4,1,1.1,0.9
7,1,0.024004525029345112,0.006016101063738022,0,0,1,1,0,0.4,1,1.1,0.9
29,1,0.003132604949743515,0.0007851048061723348,0,0,1,1,0,0.4,1,1.1,0.9
27,3,0.005702874608837601,0.0014292751037002487,0,0,1,1,0,0.4,1,1.1,0.9
8,1,0.004588529932244601,0.0011499940020735172,0,0,1,1,0,0.4,1,1.1,0.9
9,1,0.004282777725513425,0.001073365275868479,0,0,1,1,0,0.4,1,1.1,0.9
11,1,0.0,0.0,0,0,1,1,0,0.4,1,1.1,0.9
12,1,0.008321892953010956,0.0020856629733651947,0,0,1,1,0,0.4,1,1.1,0.9
13,1,0.0015033530514967628,0.0003767757904489653,0,0,1,1,0,0.4,1,1.1,0.9
21,1,0.0014639975236633597,0.00036691236542501403,0,0,1,1,0,0.4,1,1.1,0.9
22,1,0.0036998988606430244,0.0009272820621956235,0,0,1,1,0,0.4,1,1.1,0.9
23,1,0.0031673267641203194,0.0007938069131355779,0,0,1,1,0,0.4,1,1.1,0.9
25,1,0.0042780921041531954,0.0010721909484608303,0,0,1,1,0,0.4,1,1.1,0.9
14,1,0.0011753697224627282,0.00029457541979893936,0,0,1,1,0,0.4,1,1.1,0.9
15,1,0.004235423921763046,0.0010614972939456363,0,0,1,1,0,0.4,1,1.1,0.9
17,1,0.0030962158524739944,0.0007759848387276967,0,0,1,1,0,0.4,1,1.1,0.9
19,1,0.0036656070445669296,0.0009186877229649701,0,0,1,1,0,0.4,1,1.1,0.9
24,1,0.006957075890121976,0.0017436075744845028,0,0,1,1,0,0.4,1,1.1,0.9
26,1,0.0024043261621760972,0.0006025809368924389,0,0,1,1,0,0.4,1,1.1,0.9
28,1,0.0038456869373087394,0.0009638199983571064,0,0,1,1,0,0.4,1,1.1,0.9
30,1,0.006975382174378595,0.0017481955617933416,0,0,1,1,0,0.4,1,1.1,0.9
