BUS_I,BUS_TYPE,Pd,Qd,Gs,Bs,area,Vm,Va,baseKV,zone,Vmax,Vmin
1,1,0.005677112761906872,0.00142281857625243,0,0,1,1,0,0.4,1,1.1,0.9
2,1,0.004566535733358488,0.0011444817362339286,0,0,1,1,0,0.4,1,1.1,0.9
3,1,0.004662959710099093,0.0011686478627592335,0,0,1,1,0,0.4,1,1.1,0.9
4,1,0.012882486142286676,0.0032286553676632197,0,0,1,1,0,0.4,1,1.1,0.9
5,1,0.0,0.0,0,0,1,1,0,0.4,1,1.1,0.9
13,1,0.0,0.0,0,0,1,1,0,0.4,1,1.1,0.9
14,1,0.0,0.0,0,0,1,1,0,0.4,1,1.1,0.9
12,1,0.004780574405941107,0.00119812488410839,0,0,1,1,0,0.4,1,1.1,0.9
23,1,0.0056752340849304935,0.0014223477354196206,0,0,1,1,0,0.4,1,1.1,0.9
6,1,0.010286238220641604,0.002577974303820372,0,0,1,1,0,0.4,1,1.1,0.9
7,1,0.009312039131694172,0.0023338169973065193,0,0,1,1,0,0.4,1,1.1,0.9
8,1,0.0,0.0,0,0,1,1,0,0.4,1,1.1,0.9
9,1,0.025224005964278925,0.00632173179548109,0,0,1,1,0,0.4,1,1.1,0.9
10,1,0.00968888588152084,0.002428263695573904,0,0,1,1,0,0.4,1,1.1,0.9
11,3,0.008776671467530214,0.002199641212952098,0,0,1,1,0,0.4,1,1.1,0.9
15,1,0.0,0.0,0,0,1,1,0,0.4,1,1.1,0.9
28,1,0.028912667342496277,0.007246197479102584,0,0,1,1,0,0.4,1,1.1,0.9
16,1,0.006677466334015377,0.0016735308141292023,0,0,1,1,0,0.4,1,1.1,0.9
17,1,0.0,0.0,0,0,1,1,0,0.4,1,1.1,0.9
24,1,0.004355293992233641,0.0010915395654584824,0,0,1,1,0,0.4,1,1.1,0.9
22,1,0.006716985622865113,0.0016834352815325948,0,0,1,1,0,0.4,1,1.1,0.9
27,1,0.013255645542706983,0.003322177929058124,0,0,1,1,0,0.4,1,1.1,0.9
21,1,0.008419604286925965,0.002110151742011386,0,0,1,1,0,0.4,1,1.1,0.9
18,1,0.007728069822448864,0.0019368368681588002,0,0,1,1,0,0.4,1,1.1,0.9
19,1,0.008896644590406642,0.0022297093118323922,0,0,1,1,0,0.4,1,1.1,0.9
20,1,0.007652701787897454,0.0019179478581791286,0,0,1,1,0,0.4,1,1.1,0.9
25,1,0.004084250164039369,0.001023609578877795,0,0,1,1,0,0.4,1,1.1,0.9
26,1,0.016642248514876466,0.004170940640189469,0,0,1,1,0,0.4,1,1.1,0.9
