BUS_I,BUS_TYPE,Pd,Qd,Gs,Bs,area,Vm,Va,baseKV,zone,Vmax,Vmin
1,1,0.06463257269364424,0.01619844961977014,0,0,1,1,0,0.4,1,1.1,0.9
2,1,0.0,0.0,0,0,1,1,0,0.4,1,1.1,0.9
3,1,0.0,0.0,0,0,1,1,0,0.4,1,1.1,0.9
4,3,0.024267375961965466,0.006081977717136025,0,0,1,1,0,0.4,1,1.1,0.9
5,1,0.0,0.0,0,0,1,1,0,0.4,1,1.1,0.9
11,1,0.03512212478212137,0.008802434207890035,0,0,1,1,0,0.4,1,1.1,0.9
15,1,0.007071529854957028,0.0017722924419730879,0,0,1,1,0,0.4,1,1.1,0.9
10,1,0.0,0.0,0,0,1,1,0,0.4,1,1.1,0.9
20,1,0.03565220142548459,0.008935283937434845,0,0,1,1,0,0.4,1,1.1,0.9
18,1,0.039648257393675335,0.009936789967302118,0,0,1,1,0,0.4,1,1.1,0.9
19,1,0.00904223410958097,0.002266197484795741,0,0,1,1,0,0.4,1,1.1,0.9
16,1,0.010842628706988489,0.002717418904064417,0,0,1,1,0,0.4,1,1.1,0.9
17,1,0.025640946973976883,0.006426227062473188,0,0,1,1,0,0.4,1,1.1,0.9
12,1,0.046727484770694896,0.011711011590153059,0,0,1,1,0,0.4,1,1.1,0.9
13,1,0.03721741898527223,0.009327564435170514,0,0,1,1,0,0.4,1,1.1,0.9
14,1,0.021164628829974295,0.005304355985464068,0,0,1,1,0,0.4,1,1.1,0.9
