BUS_I,BUS_TYPE,Pd,Qd,Gs,Bs,area,Vm,Va,baseKV,zone,Vmax,Vmin
1,1,0.008787847956816267,0.002202442305204516,0,0,1,1,0,0.4,1,1.1,0.9
2,3,0.011660521170614216,0.002922402077629684,0,0,1,1,0,0.4,1,1.1,0.9
3,1,0.013533718957275584,0.0033918696960536514,0,0,1,1,0,0.4,1,1.1,0.9
4,1,0.025782688988589715,0.006461750959898618,0,0,1,1,0,0.4,1,1.1,0.9
5,1,0.007624049577547049,0.001910766937375372,0,0,1,1,0,0.4,1,1.1,0.9
6,1,0.010683398525063954,0.0026775120587640283,0,0,1,1,0,0.4,1,1.1,0.9
13,1,0.0,0.0,0,0,1,1,0,0.4,1,1.1,0.9
7,1,0.00936395809414389,0.002346829115848339,0,0,1,1,0,0.4,1,1.1,0.9
18,1,0.05333424515849061,0.013366821823777348,0,0,1,1,0,0.4,1,1.1,0.9
19,1,0.010630064933219179,0.002664145400676102,0,0,1,1,0,0.4,1,1.1,0.9
17,1,0.0,0.0,0,0,1,1,0,0.4,1,1.1,0.9
11,1,0.0035278775632154947,0.00088416946116835,0,0,1,1,0,0.4,1,1.1,0.9
8,1,0.0174039256277619,0.0043618349188079015,0,0,1,1,0,0.4,1,1.1,0.9
9,1,0.006342084127019003,0.001589476109868106,0,0,1,1,0,0.4,1,1.1,0.9
10,1,0.00514945421134501,0.0012905748778895183,0,0,1,1,0,0.4,1,1.1,0.9
12,1,0.012252844095020794,0.0030708521957321065,0,0,1,1,0,0.4,1,1.1,0.9
14,1,0.007832723636363234,0.0019630655863044333,0,0,1,1,0,0.4,1,1.1,0.9
15,1,0.009095868709899957,0.002279639582718435,0,0,1,1,0,0.4,1,1.1,0.9
16,1,0.007149252603615962,0.0017917715989367036,0,0,1,1,0,0.4,1,1.1,0.9
