BUS_I,BUS_TYPE,Pd,Qd,Gs,Bs,area,Vm,Va,baseKV,zone,Vmax,Vmin
1,1,0.0009105765763660759,0.00022821200182023885,0,0,1,1,0,0.4,1,1.1,0.9
3,1,0.0,0.0,0,0,1,1,0,0.4,1,1.1,0.9
4,1,0.002845391785063651,0.0007131224018782377,0,0,1,1,0,0.4,1,1.1,0.9
19,1,0.005640710008866079,0.0014136951863489022,0,0,1,1,0,0.4,1,1.1,0.9
17,1,0.0,0.0,0,0,1,1,0,0.4,1,1.1,0.9
5,1,0.02975480583136204,0.007457257279389675,0,0,1,1,0,0.4,1,1.1,0.9
6,1,0.06781750810555995,0.016996669676036164,0,0,1,1,0,0.4,1,1.1,0.9
7,3,0.0,0.0,0,0,1,1,0,0.4,1,1.1,0.9
11,1,0.024113810726757754,0.0060434906413135755,0,0,1,1,0,0.4,1,1.1,0.9
12,1,0.0,0.0,0,0,1,1,0,0.4,1,1.1,0.9
27,1,0.013937564865875518,0.003493083021347287,0,0,1,1,0,0.4,1,1.1,0.9
28,1,0.0010907886655652514,0.0002733774087676468,0,0,1,1,0,0.4,1,1.1,0.9
22,1,0.0031741671654985414,0.0007955212793210204,0,0,1,1,0,0.4,1,1.1,0.9
8,1,0.0036310683997196782,0.0009100315226130947,0,0,1,1,0,0.4,1,1.1,0.9
9,1,0.001866272499335288,0.00046773197781461604,0,0,1,1,0,0.4,1,1.1,0.9
10,1,0.001022697974784125,0.00025631227305934957,0,0,1,1,0,0.4,1,1.1,0.9
14,1,0.0,0.0,0,0,1,1,0,0.4,1,1.1,0.9
15,1,0.003791217796166018,0.0009501687447884969,0,0,1,1,0,0.4,1,1.1,0.9
13,1,0.0011690400442221248,0.000292989052897288,0,0,1,1,0,0.4,1,1.1,0.9
30,1,0.0,0.0,0,0,1,1,0,0.4,1,1.1,0.9
18,1,0.0,0.0,0,0,1,1,0,0.4,1,1.1,0.9
25,1,0.0019894041327318144,0.0004985916740490161,0,0,1,1,0,0.4,1,1.1,0.9
23,1,0.0024442709873124875,0.0006125920537422865,0,0,1,1,0,0.4,1,1.1,0.9
16,1,0.008137489559231804,0.0020394471264731837,0,0,1,1,0,0.4,1,1.1,0.9
21,1,0.0015449113729607525,0.00038719128759631693,0,0,1,1,0,0.4,1,1.1,0.9
20,1,0.006140120848517113,0.0015388593410236534,0,0,1,1,0,0.4,1,1.1,0.9
31,1,0.0,0.0,0,0,1,1,0,0.4,1,1.1,0.9
26,1,0.001884322566666487,0.0004722557511089853,0,0,1,1,0,0.4,1,1.1,0.9
24,1,0.0058017854002134755,0.00145406448472254,0,0,1,1,0,0.4,1,1.1,0.9
29,1,0.015679116592323197,0.003929557027028644,0,0,1,1,0,0.4,1,1.1,0.9
