BUS_I,BUS_TYPE,Pd,Qd,Gs,Bs,area,Vm,Va,baseKV,zone,Vmax,Vmin
1,1,0.016489179023955015,0.004132577809596794,0,0,1,1,0,0.4,1,1.1,0.9
2,1,0.02216457879595977,0.005554967070111475,0,0,1,1,0,0.4,1,1.1,0.9
3,1,0.0,0.0,0,0,1,1,0,0.4,1,1.1,0.9
4,3,0.01877029471420774,0.004704279291457497,0,0,1,1,0,0.4,1,1.1,0.9
5,1,0.0,0.0,0,0,1,1,0,0.4,1,1.1,0.9
6,1,0.0,0.0,0,0,1,1,0,0.4,1,1.1,0.9
8,1,0.03339608316277225,0.008369847401463827,0,0,1,1,0,0.4,1,1.1,0.9
7,1,0.023899879207414168,0.0059898743485722414,0,0,1,1,0,0.4,1,1.1,0.9
10,1,0.024651555742698714,0.006178262246186712,0,0,1,1,0,0.4,1,1.1,0.9
