F_BUS,T_BUS,BR_R,BR_X,BR_B,RATE_A,RATE_B,RATE_C,TAP,SHIFT,BR_STATUS,ANGMIN,ANGMAX
1,2,1.5858966316027916,0.6099602429241505,1.6004491754808491e-09,0,0,0,0,0,1,-90,90
1,3,4.041063340913217,1.5542551311204684,4.078145046246822e-09,0,0,0,0,0,1,-90,90
2,4,0.2694995881888655,0.10365368776494827,5.439451539453525e-10,0,0,0,0,0,1,-90,90
3,5,3.9431599999999993,1.5165999999999997,3.979343322276312e-09,0,0,0,0,0,1,-90,90
3,6,9.772150330534375,3.758519357897836,9.861821777988268e-09,0,0,0,0,0,1,-90,90
5,8,2.9410084651640296,1.1311571019861653,2.967995819750806e-09,0,0,0,0,0,1,-90,90
5,7,6.31069880966282,2.4271918498703156,6.368607200095562e-09,0,0,0,0,0,1,-90,90
6,10,9.894689999999999,3.8056499999999995,9.985485898998316e-09,0,0,0,0,0,1,-90,90
