BUS_I,BUS_TYPE,Pd,Qd,Gs,Bs,area,Vm,Va,baseKV,zone,Vmax,Vmin
1,1,0.01216513590296651,0.0030488704507539714,0,0,1,1,0,0.4,1,1.1,0.9
2,1,0.0,0.0,0,0,1,1,0,0.4,1,1.1,0.9
3,1,0.0,0.0,0,0,1,1,0,0.4,1,1.1,0.9
4,1,0.023391630152075137,0.005862495128248947,0,0,1,1,0,0.4,1,1.1,0.9
5,1,0.0025862049943330447,0.0006481640690007891,0,0,1,1,0,0.4,1,1.1,0.9
6,1,0.009201878508856513,0.0023062081427499097,0,0,1,1,0,0.4,1,1.1,0.9
14,1,0.0,0.0,0,0,1,1,0,0.4,1,1.1,0.9
12,1,0.0,0.0,0,0,1,1,0,0.4,1,1.1,0.9
9,1,0.0,0.0,0,0,1,1,0,0.4,1,1.1,0.9
27,1,0.0,0.0,0,0,1,1,0,0.4,1,1.1,0.9
40,1,0.010683618171889137,0.0026775671074474334,0,0,1,1,0,0.4,1,1.1,0.9
11,1,0.0,0.0,0,0,1,1,0,0.4,1,1.1,0.9
29,1,0.00601788193425221,0.0015082233812935505,0,0,1,1,0,0.4,1,1.1,0.9
16,1,0.0,0.0,0,0,1,1,0,0.4,1,1.1,0.9
17,1,0.007453439770374924,0.0018680080891516474,0,0,1,1,0,0.4,1,1.1,0.9
30,1,0.007843568649983795,0.0019657836029241807,0,0,1,1,0,0.4,1,1.1,0.9
31,1,0.0020159720366405218,0.000505250218418091,0,0,1,1,0,0.4,1,1.1,0.9
32,1,0.0027656828406842104,0.0006931454573444733,0,0,1,1,0,0.4,1,1.1,0.9
33,1,0.0029633836541295483,0.0007426939517477728,0,0,1,1,0,0.4,1,1.1,0.9
25,1,0.0,0.0,0,0,1,1,0,0.4,1,1.1,0.9
41,1,0.004857423967176382,0.0012173851996751485,0,0,1,1,0,0.4,1,1.1,0.9
22,1,0.0,0.0,0,0,1,1,0,0.4,1,1.1,0.9
15,1,0.0,0.0,0,0,1,1,0,0.4,1,1.1,0.9
39,1,0.03189377052984045,0.007993332364486457,0,0,1,1,0,0.4,1,1.1,0.9
38,3,0.007973034694961764,0.0019982308523472684,0,0,1,1,0,0.4,1,1.1,0.9
26,1,0.0014097233833141162,0.0003533099836620178,0,0,1,1,0,0.4,1,1.1,0.9
37,1,0.015291755535661278,0.003832475195074645,0,0,1,1,0,0.4,1,1.1,0.9
24,1,0.030097011871963685,0.007543022197560909,0,0,1,1,0,0.4,1,1.1,0.9
18,1,0.0009368693598179853,0.0002348015945032973,0,0,1,1,0,0.4,1,1.1,0.9
19,1,0.003359800353244982,0.0008420453416343212,0,0,1,1,0,0.4,1,1.1,0.9
20,1,0.0,0.0,0,0,1,1,0,0.4,1,1.1,0.9
21,1,0.003117126033033628,0.0007812254239654375,0,0,1,1,0,0.4,1,1.1,0.9
23,1,0.006492207508232419,0.0016271005757680097,0,0,1,1,0,0.4,1,1.1,0.9
28,1,0.029636364025788144,0.007427572964801776,0,0,1,1,0,0.4,1,1.1,0.9
34,1,0.0,0.0,0,0,1,1,0,0.4,1,1.1,0.9
35,1,0.011838340001346492,0.0029669676774661032,0,0,1,1,0,0.4,1,1.1,0.9
36,1,0.004779086057512975,0.0011977518688310307,0,0,1,1,0,0.4,1,1.1,0.9
