BUS_I,BUS_TYPE,Pd,Qd,Gs,Bs,area,Vm,Va,baseKV,zone,Vmax,Vmin
1,1,0.0076700165800573485,0.0019222873541451682,0,0,1,1,0,0.4,1,1.1,0.9
2,1,0.007786214797581533,0.001951409372564492,0,0,1,1,0,0.4,1,1.1,0.9
3,1,0.0,0.0,0,0,1,1,0,0.4,1,1.1,0.9
4,1,0.0,0.0,0,0,1,1,0,0.4,1,1.1,0.9
5,1,0.0,0.0,0,0,1,1,0,0.4,1,1.1,0.9
6,1,0.0,0.0,0,0,1,1,0,0.4,1,1.1,0.9
23,1,0.011549991386749645,0.00289470070259854,0,0,1,1,0,0.4,1,1.1,0.9
7,1,0.009383597940880959,0.00235175132541933,0,0,1,1,0,0.4,1,1.1,0.9
8,1,0.001925910492413646,0.0004826786677890812,0,0,1,1,0,0.4,1,1.1,0.9
16,1,0.0,0.0,0,0,1,1,0,0.4,1,1.1,0.9
22,3,0.005325630825240918,0.0013347288993904322,0,0,1,1,0,0.4,1,1.1,0.9
12,1,0.0,0.0,0,0,1,1,0,0.4,1,1.1,0.9
9,1,0.0009596331422223935,0.00024050673615348377,0,0,1,1,0,0.4,1,1.1,0.9
10,1,0.002432539576293203,0.0006096518849938532,0,0,1,1,0,0.4,1,1.1,0.9
11,1,0.0,0.0,0,0,1,1,0,0.4,1,1.1,0.9
13,1,0.0033081397351396053,0.0008290979702884112,0,0,1,1,0,0.4,1,1.1,0.9
14,1,0.0020623843839103714,0.0005168822491056125,0,0,1,1,0,0.4,1,1.1,0.9
15,1,0.0,0.0,0,0,1,1,0,0.4,1,1.1,0.9
17,1,0.0,0.0,0,0,1,1,0,0.4,1,1.1,0.9
19,1,0.00718324819512648,0.0018002916972931096,0,0,1,1,0,0.4,1,1.1,0.9
18,1,0.004825237239696431,0.0012093184453780457,0,0,1,1,0,0.4,1,1.1,0.9
20,1,0.0034739464241609094,0.0008706530436329789,0,0,1,1,0,0.4,1,1.1,0.9
24,1,0.0021709996439493737,0.0005441037992366817,0,0,1,1,0,0.4,1,1.1,0.9
25,1,0.000899214488598158,0.00022536439420362106,0,0,1,1,0,0.4,1,1.1,0.9
21,1,0.06375462648331924,0.015978415558551097,0,0,1,1,0,0.4,1,1.1,0.9
