BUS_I,BUS_TYPE,Pd,Qd,Gs,Bs,area,Vm,Va,baseKV,zone,Vmax,Vmin
1,1,0.011880973354206395,0.002977652602878192,0,0,1,1,0,0.4,1,1.1,0.9
2,1,0.0068747203178612035,0.001722967322478804,0,0,1,1,0,0.4,1,1.1,0.9
3,1,0.013733685503907035,0.0034419860367198725,0,0,1,1,0,0.4,1,1.1,0.9
12,1,0.018798934743337044,0.004711457159359471,0,0,1,1,0,0.4,1,1.1,0.9
16,1,0.010112626547209467,0.002534463116994739,0,0,1,1,0,0.4,1,1.1,0.9
9,1,0.0,0.0,0,0,1,1,0,0.4,1,1.1,0.9
4,1,0.03247475241087359,0.008138940149194678,0,0,1,1,0,0.4,1,1.1,0.9
5,1,0.011161690943687191,0.0027973834382201703,0,0,1,1,0,0.4,1,1.1,0.9
6,1,0.034814015587064574,0.00872521476472827,0,0,1,1,0,0.4,1,1.1,0.9
7,1,0.020287033990864674,0.005084409986172516,0,0,1,1,0,0.4,1,1.1,0.9
28,1,0.025635271297875354,0.006424804603957966,0,0,1,1,0,0.4,1,1.1,0.9
29,1,0.0,0.0,0,0,1,1,0,0.4,1,1.1,0.9
8,1,0.017742489587839815,0.004446687045558092,0,0,1,1,0,0.4,1,1.1,0.9
10,1,0.0,0.0,0,0,1,1,0,0.4,1,1.1,0.9
11,1,0.006291552823283569,0.0015768117713826255,0,0,1,1,0,0.4,1,1.1,0.9
13,1,0.011991110202593106,0.0030052554989957385,0,0,1,1,0,0.4,1,1.1,0.9
15,3,0.009183207456085222,0.002301528735833874,0,0,1,1,0,0.4,1,1.1,0.9
17,1,0.021736601494849503,0.005447705847766204,0,0,1,1,0,0.4,1,1.1,0.9
20,1,0.02618142471926914,0.006561683553880724,0,0,1,1,0,0.4,1,1.1,0.9
22,1,0.006019103475672824,0.0015085295284316825,0,0,1,1,0,0.4,1,1.1,0.9
21,1,0.023461597980680916,0.00588003071904227,0,0,1,1,0,0.4,1,1.1,0.9
23,1,0.012185948910625511,0.003054086682167167,0,0,1,1,0,0.4,1,1.1,0.9
24,1,0.013086952764263145,0.003279899533522273,0,0,1,1,0,0.4,1,1.1,0.9
18,1,0.019089885531373828,0.004784376300365748,0,0,1,1,0,0.4,1,1.1,0.9
19,1,0.00964454441882317,0.0024171506774834798,0,0,1,1,0,0.4,1,1.1,0.9
25,1,0.013989916973126819,0.003506203696209149,0,0,1,1,0,0.4,1,1.1,0.9
26,1,0.027515935880400216,0.00689614357782355,0,0,1,1,0,0.4,1,1.1,0.9
27,1,0.00895737343672097,0.0022449293953984936,0,0,1,1,0,0.4,1,1.1,0.9
30,1,0.014315126450479634,0.003587708874097409,0,0,1,1,0,0.4,1,1.1,0.9
31,1,0.0179370985488509,0.0044954606486983534,0,0,1,1,0,0.4,1,1.1,0.9
