BUS_I,BUS_TYPE,Pd,Qd,Gs,Bs,area,Vm,Va,baseKV,zone,Vmax,Vmin
1,1,0.005040747666342732,0.0012633304495901039,0,0,1,1,0,0.4,1,1.1,0.9
2,1,0.0070879762213979835,0.0017764142899379654,0,0,1,1,0,0.4,1,1.1,0.9
3,1,0.007563986181353037,0.0018957136313302503,0,0,1,1,0,0.4,1,1.1,0.9
4,3,0.01387421645235524,0.0034772064123537922,0,0,1,1,0,0.4,1,1.1,0.9
5,1,0.0,0.0,0,0,1,1,0,0.4,1,1.1,0.9
6,1,0.0,0.0,0,0,1,1,0,0.4,1,1.1,0.9
13,1,0.0,0.0,0,0,1,1,0,0.4,1,1.1,0.9
10,1,0.0,0.0,0,0,1,1,0,0.4,1,1.1,0.9
7,1,0.0,0.0,0,0,1,1,0,0.4,1,1.1,0.9
8,1,0.0,0.0,0,0,1,1,0,0.4,1,1.1,0.9
26,1,0.02124534563486468,0.005324585523651928,0,0,1,1,0,0.4,1,1.1,0.9
9,1,0.028195023276508906,0.007066338922289069,0,0,1,1,0,0.4,1,1.1,0.9
18,1,0.0,0.0,0,0,1,1,0,0.4,1,1.1,0.9
16,1,0.06114624719554868,0.015324694087761522,0,0,1,1,0,0.4,1,1.1,0.9
31,1,0.03692219518356335,0.009253574375990826,0,0,1,1,0,0.4,1,1.1,0.9
21,1,0.0,0.0,0,0,1,1,0,0.4,1,1.1,0.9
35,1,0.01082835564489512,0.002713841737511955,0,0,1,1,0,0.4,1,1.1,0.9
34,1,0.022134121696276685,0.0055473338014016054,0,0,1,1,0,0.4,1,1.1,0.9
32,1,0.04014352086051532,0.01006091469237142,0,0,1,1,0,0.4,1,1.1,0.9
17,1,0.0,0.0,0,0,1,1,0,0.4,1,1.1,0.9
15,1,0.0,0.0,0,0,1,1,0,0.4,1,1.1,0.9
11,1,0.0,0.0,0,0,1,1,0,0.4,1,1.1,0.9
27,1,0.0,0.0,0,0,1,1,0,0.4,1,1.1,0.9
12,1,0.0,0.0,0,0,1,1,0,0.4,1,1.1,0.9
36,1,0.03184308521154377,0.007980629426313434,0,0,1,1,0,0.4,1,1.1,0.9
23,1,0.03468550413093246,0.008693006757821498,0,0,1,1,0,0.4,1,1.1,0.9
28,1,0.007241382469616353,0.001814861519864921,0,0,1,1,0,0.4,1,1.1,0.9
24,1,0.010922282625469697,0.0027373820578081333,0,0,1,1,0,0.4,1,1.1,0.9
33,1,0.02509559841524036,0.0062895498301467,0,0,1,1,0,0.4,1,1.1,0.9
25,1,0.007303779422974633,0.0018304996704641874,0,0,1,1,0,0.4,1,1.1,0.9
29,1,0.0075789085502914535,0.0018994535295175359,0,0,1,1,0,0.4,1,1.1,0.9
30,1,0.006988136806132639,0.0017513921738308337,0,0,1,1,0,0.4,1,1.1,0.9
