F_BUS,T_BUS,BR_R,BR_X,BR_B,RATE_A,RATE_B,RATE_C,TAP,SHIFT,BR_STATUS,ANGMIN,ANGMAX
6,7,3.632784544049678,2.324982108191794,6.100423332879414e-09,0,0,0,0,0,1,-90,90
6,8,4.271291451207864,2.7336265287730326,7.172648340281117e-09,0,0,0,0,0,1,-90,90
7,9,8.583749999999998,5.4936,1.4414427321150695e-08,0,0,0,0,0,1,-90,90
7,10,2.0295832152584765,1.2989332577654251,3.40821665921895e-09,0,0,0,0,0,1,-90,90
8,22,23.55751955563794,15.076812515608282,3.955941791190673e-08,0,0,0,0,0,1,-90,90
9,28,2.4579161566699206,1.573066340268749,4.127502991326707e-09,0,0,0,0,0,1,-90,90
10,24,1.4397533564780356,0.9214421481459428,2.417733521751614e-09,0,0,0,0,0,1,-90,90
22,30,2.704755169945901,1.7310433087653765,4.542012153044043e-09,0,0,0,0,0,1,-90,90
22,20,20.950774141553367,13.408495450594154,3.5181990526898433e-08,0,0,0,0,0,1,-90,90
24,25,0.48670802989054757,0.3114931391299504,8.173138224526272e-10,0,0,0,0,0,1,-90,90
11,19,1.0226767657445641,0.654513130076521,1.7173496330688195e-09,0,0,0,0,0,1,-90,90
19,20,5.179789433344729,3.315065237340627,8.698261054412344e-09,0,0,0,0,0,1,-90,90
