F_BUS,T_BUS,BR_R,BR_X,BR_B,RATE_A,RATE_B,RATE_C,TAP,SHIFT,BR_STATUS,ANGMIN,ANGMAX
70,71,3.596505468884426,1.3832713341863176,3.62950781128219e-09,0,0,0,0,0,1,-90,90
71,75,89.76250539702745,34.52404053731826,9.058618631819472e-08,0,0,0,0,0,1,-90,90
75,72,12.906959583446664,4.9642152244025635,1.3025396745067088e-08,0,0,0,0,0,1,-90,90
72,73,7.284786446985407,2.8018409411482335,7.351633284477517e-09,0,0,0,0,0,1,-90,90
72,94,28.145630005687224,10.825242309879702,2.840390063157246e-08,0,0,0,0,0,1,-90,90
73,74,11.339899999999998,4.3614999999999995,1.1443957470729348e-08,0,0,0,0,0,1,-90,90
74,79,11.68920071456085,4.4958464286772495,1.1796463447142703e-08,0,0,0,0,0,1,-90,90
79,82,12.722405636614262,4.893232937159332,1.2839149289745147e-08,0,0,0,0,0,1,-90,90
79,77,15.245009722074059,5.863465277720793,1.538490135717873e-08,0,0,0,0,0,1,-90,90
76,77,0.8466331481981211,0.3256281339223543,8.544020442234058e-10,0,0,0,0,0,1,-90,90
76,78,3.110253586294094,1.1962513793438823,3.1387939721455268e-09,0,0,0,0,0,1,-90,90
78,80,10.388734156537403,3.9956669832836162,1.0484063515738886e-08,0,0,0,0,0,1,-90,90
78,81,3.2130799999999997,1.2357999999999998,3.2425639441309948e-09,0,0,0,0,0,1,-90,90
81,93,32.88715193842805,12.648904591703095,3.3188931835094224e-08,0,0,0,0,0,1,-90,90
93,84,57.18258171362642,21.993300659087083,5.7707301933636695e-08,0,0,0,0,0,1,-90,90
83,84,1.842915948371943,0.7088138262969013,1.8598269592586682e-09,0,0,0,0,0,1,-90,90
