F_BUS,T_BUS,BR_R,BR_X,BR_B,RATE_A,RATE_B,RATE_C,TAP,SHIFT,BR_STATUS,ANGMIN,ANGMAX
20,53,2.2595799176555302,1.4461311472995395,3.794443046381514e-09,0,0,0,0,0,1,-90,90
20,30,13.60184574357898,8.705181275890547,2.2841161136370724e-08,0,0,0,0,0,1,-90,90
20,52,3.478388984833241,2.226168950293274,5.841151619813008e-09,0,0,0,0,0,1,-90,90
53,55,2.955632610142576,1.891604870491249,4.963302920858961e-09,0,0,0,0,0,1,-90,90
30,64,2.307311240599825,1.476679193983888,3.874596788687955e-09,0,0,0,0,0,1,-90,90
22,24,36.44533591953383,23.325014988501653,6.120153147599166e-08,0,0,0,0,0,1,-90,90
22,56,0.8290624999999998,0.5305999999999998,1.3922191525780107e-09,0,0,0,0,0,1,-90,90
22,80,0.6765762392181994,0.4330087930996476,1.1361536656389345e-09,0,0,0,0,0,1,-90,90
24,73,8.85882316620472,5.669646826371021,1.4876349227340505e-08,0,0,0,0,0,1,-90,90
56,57,3.707421874999999,2.3727499999999995,6.225759506746089e-09,0,0,0,0,0,1,-90,90
56,55,1.7799238856769892,1.1391512868332732,2.988971427088523e-09,0,0,0,0,0,1,-90,90
80,79,1.2532815563810615,0.8021001960838794,2.1045971641058327e-09,0,0,0,0,0,1,-90,90
64,63,1.8714563090234322,1.1977320377749967,3.1426790098881264e-09,0,0,0,0,0,1,-90,90
31,57,5.661171874999999,3.6231499999999994,9.506631780367545e-09,0,0,0,0,0,1,-90,90
31,70,1.5019003322290192,0.9612162126265722,2.5220950263611223e-09,0,0,0,0,0,1,-90,90
57,74,1.5266510412766616,0.9770566664170636,2.5636581306819835e-09,0,0,0,0,0,1,-90,90
70,67,1.4174600788528167,0.9071744504658027,2.3802971064227717e-09,0,0,0,0,0,1,-90,90
65,66,1.3889933809743717,0.8889557638235979,2.3324938563698227e-09,0,0,0,0,0,1,-90,90
65,67,1.4604586594627929,0.9346935420561874,2.452503300116104e-09,0,0,0,0,0,1,-90,90
75,77,4.131003296511034,2.643842109767062,6.937066757651638e-09,0,0,0,0,0,1,-90,90
77,78,1.5539062499999998,0.9944999999999998,2.609426964264666e-09,0,0,0,0,0,1,-90,90
77,79,2.3043174683671306,1.4747631797549636,3.869569439072198e-09,0,0,0,0,0,1,-90,90
