F_BUS,T_BUS,BR_R,BR_X,BR_B,RATE_A,RATE_B,RATE_C,TAP,SHIFT,BR_STATUS,ANGMIN,ANGMAX
1,2,0.8058501594121413,0.5157441020237704,2.7064787661765583e-09,0,0,0,0,0,1,-90,90
1,3,2.295498881606748,1.4691192842283187,7.709521315206798e-09,0,0,0,0,0,1,-90,90
2,4,0.8814627780081644,0.5641361779252252,1.480213327496523e-09,0,0,0,0,0,1,-90,90
3,5,0.5089062499999999,0.32569999999999993,1.7091812212388166e-09,0,0,0,0,0,1,-90,90
4,10,0.853007639390741,0.5459248892100742,1.4324294885550207e-09,0,0,0,0,0,1,-90,90
5,15,3.0280603945853595,1.9379586525346302,1.016985734249147e-08,0,0,0,0,0,1,-90,90
10,18,1.404625904235363,0.8989605787106324,2.3587450717933562e-09,0,0,0,0,0,1,-90,90
15,6,2.689063027219593,1.7210003374205394,9.03132164097284e-09,0,0,0,0,0,1,-90,90
6,14,0.7815661375222427,0.5002023280142354,2.624919944310317e-09,0,0,0,0,0,1,-90,90
14,7,2.663624378381964,1.7047196021644568,4.4729424800386806e-09,0,0,0,0,0,1,-90,90
7,13,2.154453125,1.3788499999999997,3.6179068573919906e-09,0,0,0,0,0,1,-90,90
7,8,3.3753910555714093,2.160250275565702,5.668190365632295e-09,0,0,0,0,0,1,-90,90
13,16,1.4424200541577694,0.9231488346609725,2.422211625132072e-09,0,0,0,0,0,1,-90,90
8,17,1.0959584350397211,0.7014133984254215,1.8404092860209254e-09,0,0,0,0,0,1,-90,90
