BUS_I,BUS_TYPE,Pd,Qd,Gs,Bs,area,Vm,Va,baseKV,zone,Vmax,Vmin
1,1,0.007413908212274701,0.00185810054678423,0,0,1,1,0,0.4,1,1.1,0.9
2,1,0.0,0.0,0,0,1,1,0,0.4,1,1.1,0.9
3,1,0.0,0.0,0,0,1,1,0,0.4,1,1.1,0.9
4,1,0.0,0.0,0,0,1,1,0,0.4,1,1.1,0.9
5,1,0.004994173907539216,0.0012516579653590024,0,0,1,1,0,0.4,1,1.1,0.9
11,1,0.019201199322736732,0.004812274166197645,0,0,1,1,0,0.4,1,1.1,0.9
9,1,0.011293058103901247,0.0028303071520340397,0,0,1,1,0,0.4,1,1.1,0.9
12,3,0.004556377999027351,0.0011419359680406394,0,0,1,1,0,0.4,1,1.1,0.9
7,1,0.012229656206578511,0.003065040763089598,0,0,1,1,0,0.4,1,1.1,0.9
6,1,0.018506998065963457,0.004638290931194394,0,0,1,1,0,0.4,1,1.1,0.9
14,1,0.0,0.0,0,0,1,1,0,0.4,1,1.1,0.9
15,1,0.0,0.0,0,0,1,1,0,0.4,1,1.1,0.9
13,1,0.03319262791142227,0.00831885670897675,0,0,1,1,0,0.4,1,1.1,0.9
17,1,0.005770727806157787,0.0014462807179366048,0,0,1,1,0,0.4,1,1.1,0.9
16,1,0.006559739551458761,0.0016440257012013905,0,0,1,1,0,0.4,1,1.1,0.9
