F_BUS,T_BUS,BR_R,BR_X,BR_B,RATE_A,RATE_B,RATE_C,TAP,SHIFT,BR_STATUS,ANGMIN,ANGMAX
1,2,2.381883562513816,0.916109062505314,2.403740261345994e-09,0,0,0,0,0,1,-90,90
1,3,0.9964924922043051,0.38326634315550195,1.0056365312469395e-09,0,0,0,0,0,1,-90,90
2,4,6.647939999999999,2.5568999999999993,6.7089429913809186e-09,0,0,0,0,0,1,-90,90
3,5,1.0700608945069336,0.41156188250266684,1.0798800137415638e-09,0,0,0,0,0,1,-90,90
4,11,2.09057501937194,0.8040673151430539,2.1097586055486977e-09,0,0,0,0,0,1,-90,90
4,9,8.284555256569725,3.186367406372971,8.36057619732901e-09,0,0,0,0,0,1,-90,90
11,12,4.716287869329031,1.8139568728188584,4.759565586673444e-09,0,0,0,0,0,1,-90,90
9,7,3.891031656673984,1.4965506371823019,3.926736637557532e-09,0,0,0,0,0,1,-90,90
12,13,0.27455076433493425,0.10559644782112858,2.770701038461737e-10,0,0,0,0,0,1,-90,90
7,6,4.146913931723882,1.5949668968168778,4.184966945865762e-09,0,0,0,0,0,1,-90,90
14,15,1.09018,0.41929999999999995,1.1001837366678474e-09,0,0,0,0,0,1,-90,90
14,13,2.9040511013922417,1.1169427313047084,2.9306993269039014e-09,0,0,0,0,0,1,-90,90
15,17,3.4102899999999994,1.3116499999999998,3.441583587408495e-09,0,0,0,0,0,1,-90,90
15,16,4.856978093144901,1.8680684973634234,4.9015468155992906e-09,0,0,0,0,0,1,-90,90
