BUS_I,BUS_TYPE,Pd,Qd,Gs,Bs,area,Vm,Va,baseKV,zone,Vmax,Vmin
145,1,0.0021321010069323804,0.0005343548818450729,0,0,1,1,0,0.4,1,1.1,0.9
146,1,0.0,0.0,0,0,1,1,0,0.4,1,1.1,0.9
99,1,0.0010852947875644356,0.00027200051315132655,0,0,1,1,0,0.4,1,1.1,0.9
36,1,0.000461180106301368,0.00011558262972096673,0,0,1,1,0,0.4,1,1.1,0.9
37,1,0.0005077155436989039,0.00012724550970241112,0,0,1,1,0,0.4,1,1.1,0.9
48,1,0.0002651642267848852,6.645641956571301e-05,0,0,1,1,0,0.4,1,1.1,0.9
38,1,0.0,0.0,0,0,1,1,0,0.4,1,1.1,0.9
40,1,0.0005336853266065744,0.00013375415081840424,0,0,1,1,0,0.4,1,1.1,0.9
41,1,0.0,0.0,0,0,1,1,0,0.4,1,1.1,0.9
50,1,0.002373964106988078,0.0005949714885783974,0,0,1,1,0,0.4,1,1.1,0.9
68,1,0.0020320414142442587,0.000509277584074244,0,0,1,1,0,0.4,1,1.1,0.9
47,1,0.0002096857150254693,5.255219387483166e-05,0,0,1,1,0,0.4,1,1.1,0.9
49,1,0.0005875747124861641,0.00014726010402172968,0,0,1,1,0,0.4,1,1.1,0.9
108,1,0.0,0.0,0,0,1,1,0,0.4,1,1.1,0.9
51,1,0.0013283722271951817,0.00033292146207014557,0,0,1,1,0,0.4,1,1.1,0.9
73,1,0.0004262935580157359,0.00010683923654843934,0,0,1,1,0,0.4,1,1.1,0.9
74,1,0.0016345751690359195,0.0004096631531419656,0,0,1,1,0,0.4,1,1.1,0.9
75,1,0.0,0.0,0,0,1,1,0,0.4,1,1.1,0.9
76,1,0.0016303184768853632,0.0004085963255274362,0,0,1,1,0,0.4,1,1.1,0.9
77,1,0.00046952197996847587,0.00011767330033331606,0,0,1,1,0,0.4,1,1.1,0.9
107,1,0.0026803649780484514,0.000671762785388608,0,0,1,1,0,0.4,1,1.1,0.9
98,1,0.0,0.0,0,0,1,1,0,0.4,1,1.1,0.9
125,1,0.0004379280405188129,0.0001097551127208375,0,0,1,1,0,0.4,1,1.1,0.9
96,1,0.0017178074120002345,0.0004305231195367507,0,0,1,1,0,0.4,1,1.1,0.9
97,1,0.0016740920027420074,0.0004195670052283587,0,0,1,1,0,0.4,1,1.1,0.9
100,1,0.003433641616693811,0.000860551706706706,0,0,1,1,0,0.4,1,1.1,0.9
106,1,0.0005047454354922661,0.00012650113041894157,0,0,1,1,0,0.4,1,1.1,0.9
109,1,0.0009745619991947832,0.0002442482603953586,0,0,1,1,0,0.4,1,1.1,0.9
110,3,0.00037053848054398975,9.28656969563619e-05,0,0,1,1,0,0.4,1,1.1,0.9
126,1,0.005951888707405207,0.001491683919598374,0,0,1,1,0,0.4,1,1.1,0.9
