F_BUS,T_BUS,BR_R,BR_X,BR_B,RATE_A,RATE_B,RATE_C,TAP,SHIFT,BR_STATUS,ANGMIN,ANGMAX
7,8,2.8589835566895125,1.0996090602651973,2.885218232283294e-09,0,0,0,0,0,1,-90,90
7,9,5.2518146021116845,2.0199286931198785,5.300006433100955e-09,0,0,0,0,0,1,-90,90
8,10,1.1578124420725737,0.44531247772022065,1.1684367892274029e-09,0,0,0,0,0,1,-90,90
9,11,4.2803779034019405,1.6462991936161309,4.31965561294028e-09,0,0,0,0,0,1,-90,90
10,71,2.4833789055227746,0.9551457328933748,2.506166948430677e-09,0,0,0,0,0,1,-90,90
11,27,3.4340728630007424,1.3207972550002856,3.4655846873046753e-09,0,0,0,0,0,1,-90,90
71,66,7.50173165951761,2.885281407506773,7.57056923503236e-09,0,0,0,0,0,1,-90,90
27,30,1.0202606198714468,0.3924079307197873,1.0296227605947854e-09,0,0,0,0,0,1,-90,90
22,23,4.583501955262814,1.762885367408775,4.625561199219789e-09,0,0,0,0,0,1,-90,90
22,24,2.3370378111351946,0.8988606965904595,2.358482995274878e-09,0,0,0,0,0,1,-90,90
22,70,22.25328065383636,8.55895409762937,2.2457481757926224e-08,0,0,0,0,0,1,-90,90
23,25,0.782654621325511,0.3010210082021196,7.898364360108055e-10,0,0,0,0,0,1,-90,90
24,26,6.095260016837201,2.3443307757066156,6.151191492493056e-09,0,0,0,0,0,1,-90,90
70,66,13.648977856462196,5.249606867870076,1.3774223944503925e-08,0,0,0,0,0,1,-90,90
70,69,1.3537501854119025,0.5206731482353472,1.3661725013312101e-09,0,0,0,0,0,1,-90,90
26,67,1.8747388838326704,0.7210534168587194,1.891941909126509e-09,0,0,0,0,0,1,-90,90
67,68,1.7888502635117347,0.6880193321198982,1.805265155524413e-09,0,0,0,0,0,1,-90,90
30,32,3.212632402755519,1.2356278472136613,3.2421122396336133e-09,0,0,0,0,0,1,-90,90
30,28,6.362470874979702,2.447104182684501,6.420854337518133e-09,0,0,0,0,0,1,-90,90
28,29,3.9566842483809324,1.5218016339926665,3.99299167219959e-09,0,0,0,0,0,1,-90,90
29,31,1.824482583270044,0.7017240704884785,1.841224445456204e-09,0,0,0,0,0,1,-90,90
32,51,2.714926192618049,1.0442023817761727,2.7398389654661967e-09,0,0,0,0,0,1,-90,90
51,52,5.334686646662935,2.051802556408821,5.383638930156211e-09,0,0,0,0,0,1,-90,90
42,53,7.263481992479803,2.79364692018454,7.330133335509782e-09,0,0,0,0,0,1,-90,90
53,52,11.010567167485949,4.234833525956135,1.1111602606135694e-08,0,0,0,0,0,1,-90,90
66,101,18.789729625821998,7.226819086854615,1.8962148407341363e-08,0,0,0,0,0,1,-90,90
68,99,5.747040480562832,2.2104001848318586,5.7997766155011105e-09,0,0,0,0,0,1,-90,90
