BUS_I,BUS_TYPE,Pd,Qd,Gs,Bs,area,Vm,Va,baseKV,zone,Vmax,Vmin
1,1,0.012233098030302498,0.003065903365425689,0,0,1,1,0,0.4,1,1.1,0.9
2,1,0.012407369618826278,0.003109579942563355,0,0,1,1,0,0.4,1,1.1,0.9
3,1,0.045629877178411465,0.0114359251972571,0,0,1,1,0,0.4,1,1.1,0.9
4,1,0.0,0.0,0,0,1,1,0,0.4,1,1.1,0.9
5,1,0.0,0.0,0,0,1,1,0,0.4,1,1.1,0.9
7,1,0.0,0.0,0,0,1,1,0,0.4,1,1.1,0.9
6,1,0.0,0.0,0,0,1,1,0,0.4,1,1.1,0.9
20,1,0.00740747066476122,0.0018564871452944537,0,0,1,1,0,0.4,1,1.1,0.9
15,1,0.02810862738976306,0.007044686072023593,0,0,1,1,0,0.4,1,1.1,0.9
19,1,0.0016582900972652963,0.0004156066744060944,0,0,1,1,0,0.4,1,1.1,0.9
14,1,0.0,0.0,0,0,1,1,0,0.4,1,1.1,0.9
13,1,0.004145719819952567,0.0010390153268305213,0,0,1,1,0,0.4,1,1.1,0.9
21,1,0.013588016237160501,0.0034054778771309443,0,0,1,1,0,0.4,1,1.1,0.9
16,1,0.0,0.0,0,0,1,1,0,0.4,1,1.1,0.9
8,1,0.007752078076041847,0.0019428539036886708,0,0,1,1,0,0.4,1,1.1,0.9
9,1,0.0,0.0,0,0,1,1,0,0.4,1,1.1,0.9
12,1,0.06489076469606453,0.016263158635195795,0,0,1,1,0,0.4,1,1.1,0.9
10,1,0.0,0.0,0,0,1,1,0,0.4,1,1.1,0.9
11,1,0.005926032744081535,0.0014852038043590447,0,0,1,1,0,0.4,1,1.1,0.9
17,1,0.009429408309234425,0.002363232485969043,0,0,1,1,0,0.4,1,1.1,0.9
18,1,0.01479869346236711,0.003708902191234425,0,0,1,1,0,0.4,1,1.1,0.9
22,3,0.014169658759895771,0.0035512512342569524,0,0,1,1,0,0.4,1,1.1,0.9
