F_BUS,T_BUS,BR_R,BR_X,BR_B,RATE_A,RATE_B,RATE_C,TAP,SHIFT,BR_STATUS,ANGMIN,ANGMAX
21,20,2.2645332223597276,0.8709743162922029,2.285313088099403e-09,0,0,0,0,0,1,-90,90
20,19,1.1705316770326017,0.4502044911663853,1.181272738745721e-09,0,0,0,0,0,1,-90,90
8,9,2.5460389994357557,0.9792457690137523,2.56940202544653e-09,0,0,0,0,0,1,-90,90
8,10,0.3460084372814248,0.13308016818516336,3.491834884577597e-10,0,0,0,0,0,1,-90,90
9,11,0.4369403308890018,0.16805397341884684,4.409497935555118e-10,0,0,0,0,0,1,-90,90
10,12,1.7064388351446818,0.6563226289018007,1.7220975013709713e-09,0,0,0,0,0,1,-90,90
12,14,1.4258913221574363,0.5484197392913217,1.438975621359249e-09,0,0,0,0,0,1,-90,90
14,15,4.826763795220487,1.8564476135463415,4.871055264487294e-09,0,0,0,0,0,1,-90,90
15,17,93.72541717916667,36.04823737660257,9.458546266940182e-08,0,0,0,0,0,1,-90,90
15,16,96.4002756083691,37.07702908014196,9.728486620065118e-08,0,0,0,0,0,1,-90,90
17,28,1.1151961561304966,0.4289215985117295,1.125429446668688e-09,0,0,0,0,0,1,-90,90
16,22,2.4858941723748575,0.9561131432210991,2.5087052959366323e-09,0,0,0,0,0,1,-90,90
16,19,2.0228185534328627,0.7780071359357164,2.0413803910517685e-09,0,0,0,0,0,1,-90,90
22,24,0.023551524949535003,0.009058278826744233,2.3767639035026756e-11,0,0,0,0,0,1,-90,90
24,23,1.3786211119695857,0.5302388892190715,1.3912716491000405e-09,0,0,0,0,0,1,-90,90
23,25,3.378859801734244,1.2995614622054785,3.4098649785803847e-09,0,0,0,0,0,1,-90,90
