F_BUS,T_BUS,BR_R,BR_X,BR_B,RATE_A,RATE_B,RATE_C,TAP,SHIFT,BR_STATUS,ANGMIN,ANGMAX
1,2,5.039308590640206,1.938195611784695,5.085550418713357e-09,0,0,0,0,0,1,-90,90
2,4,9.362081051314302,3.600800404351655,9.447989610910328e-09,0,0,0,0,0,1,-90,90
4,42,1.1821762805202187,0.45468318481546877,1.1930241957317435e-09,0,0,0,0,0,1,-90,90
3,5,5.373181129813045,2.066608126851171,5.422486647334279e-09,0,0,0,0,0,1,-90,90
3,6,3.0165894437565615,1.160226709137139,3.0442703463876406e-09,0,0,0,0,0,1,-90,90
5,7,2.2357415564823198,0.8599005986470462,2.2562572234257725e-09,0,0,0,0,0,1,-90,90
6,18,8.40573659447508,3.2329756132596468,8.482869522423145e-09,0,0,0,0,0,1,-90,90
42,40,4.158148557508244,1.59928790673394,4.196304663100993e-09,0,0,0,0,0,1,-90,90
18,13,9.644727701623477,3.709510654470568,9.733229890399767e-09,0,0,0,0,0,1,-90,90
20,21,3.376928656123913,1.2988187138938128,3.407916112343962e-09,0,0,0,0,0,1,-90,90
20,22,6.297732423685684,2.4222047783406477,6.355521831646863e-09,0,0,0,0,0,1,-90,90
20,19,2.800109994564836,1.076965382524937,2.825804433122354e-09,0,0,0,0,0,1,-90,90
21,39,3.397065981947468,1.3065638392105645,3.428238222794581e-09,0,0,0,0,0,1,-90,90
22,23,1.7580611922432008,0.6761773816320004,1.7741935568189256e-09,0,0,0,0,0,1,-90,90
19,11,2.8728612143656997,1.1049466209098846,2.8992232344649385e-09,0,0,0,0,0,1,-90,90
40,39,2.1861162016352496,0.8408139237058653,2.2061764951706975e-09,0,0,0,0,0,1,-90,90
13,15,1.8051517485388455,0.6942891340534022,1.821716226641441e-09,0,0,0,0,0,1,-90,90
13,10,3.3331745138146287,1.2819901976210113,3.3637604721923126e-09,0,0,0,0,0,1,-90,90
8,9,0.018210425761557365,0.007004009908291294,1.837752872063569e-11,0,0,0,0,0,1,-90,90
8,10,1.8747658870659476,0.7210638027176722,1.8919691601475227e-09,0,0,0,0,0,1,-90,90
9,11,3.84236250327214,1.4778317320277463,3.877620885067024e-09,0,0,0,0,0,1,-90,90
10,12,1.7902442869487178,0.6885554949802761,1.8066719708337222e-09,0,0,0,0,0,1,-90,90
12,14,2.251748434771946,0.8660570902969024,2.2724109844276884e-09,0,0,0,0,0,1,-90,90
15,16,2.869059346379519,1.1034843639921228,2.8953864796837514e-09,0,0,0,0,0,1,-90,90
16,17,1.106379391750359,0.42553053528859963,1.1165317776772739e-09,0,0,0,0,0,1,-90,90
39,41,2.5469599999999994,0.9795999999999999,5.140662954637841e-09,0,0,0,0,0,1,-90,90
23,24,3.221140950039117,1.2389003653996602,3.2506988632591465e-09,0,0,0,0,0,1,-90,90
