F_BUS,T_BUS,BR_R,BR_X,BR_B,RATE_A,RATE_B,RATE_C,TAP,SHIFT,BR_STATUS,ANGMIN,ANGMAX
1,2,0.31099357273841627,0.19903588655258642,2.0889677595842814e-09,0,0,0,0,0,1,-90,90
1,3,0.2984343213958889,0.1909979656933689,2.0046063018601284e-09,0,0,0,0,0,1,-90,90
2,4,0.22304304948390455,0.1427475516696989,1.4981973269368567e-09,0,0,0,0,0,1,-90,90
3,5,0.2820129872367874,0.18048831183154393,1.8943029366630072e-09,0,0,0,0,0,1,-90,90
4,24,0.5134545396187724,0.32861090535601434,3.448913653845784e-09,0,0,0,0,0,1,-90,90
4,23,0.19481685520691014,0.12468278733242248,1.3085998079231782e-09,0,0,0,0,0,1,-90,90
5,30,0.23283139591660543,0.1490120933866275,1.5639464031557177e-09,0,0,0,0,0,1,-90,90
24,15,0.17075730921368593,0.109284677896759,5.73494993031235e-10,0,0,0,0,0,1,-90,90
23,20,0.283116729116616,0.18119470663463424,1.901716855804687e-09,0,0,0,0,0,1,-90,90
30,27,0.15499862639856252,0.09919912089508,1.0411377009350316e-09,0,0,0,0,0,1,-90,90
6,15,1.6074324181016955,1.0287567475850852,2.699311811782544e-09,0,0,0,0,0,1,-90,90
6,9,6.2020879379250395,3.969336280272026,1.0414975485144125e-08,0,0,0,0,0,1,-90,90
6,14,2.3850804825058325,1.526451508803733,4.0051922842784765e-09,0,0,0,0,0,1,-90,90
9,22,1.0719124086248781,0.6860239415199221,1.800029533567834e-09,0,0,0,0,0,1,-90,90
14,10,1.4625334961593832,0.9360214375420053,2.455987509554433e-09,0,0,0,0,0,1,-90,90
10,16,2.5251069355046236,1.6160684387229591,4.240334399296923e-09,0,0,0,0,0,1,-90,90
11,26,0.7761016848995587,0.4967050783357176,1.3032836849637152e-09,0,0,0,0,0,1,-90,90
11,25,0.9192386884302873,0.588312760595384,1.543649251803497e-09,0,0,0,0,0,1,-90,90
26,28,0.02043980603975333,0.013081475865442132,3.432393751197804e-11,0,0,0,0,0,1,-90,90
25,13,0.07896821158632579,0.050539655415248505,2.652177769837993e-10,0,0,0,0,0,1,-90,90
13,27,0.10374697766576126,0.06639806570608721,6.968764324926334e-10,0,0,0,0,0,1,-90,90
18,17,0.6928191958126254,0.44340428532008025,1.1634299629811172e-09,0,0,0,0,0,1,-90,90
17,19,0.18011087676821175,0.11527096113165552,3.0245465477490816e-10,0,0,0,0,0,1,-90,90
28,29,0.0181877832769529,0.011640181297249856,3.054218496327102e-11,0,0,0,0,0,1,-90,90
19,21,0.5680471286725843,0.363550162350454,9.539040688789057e-10,0,0,0,0,0,1,-90,90
21,29,0.9885738986904257,0.6326872951618724,1.660081737499314e-09,0,0,0,0,0,1,-90,90
