BUS_I,BUS_TYPE,Pd,Qd,Gs,Bs,area,Vm,Va,baseKV,zone,Vmax,Vmin
1,1,0.09064639647482982,0.022718128419103322,0,0,1,1,0,0.4,1,1.1,0.9
2,1,0.0,0.0,0,0,1,1,0,0.4,1,1.1,0.9
4,1,0.0,0.0,0,0,1,1,0,0.4,1,1.1,0.9
8,1,0.07899648464723545,0.019798385293473282,0,0,1,1,0,0.4,1,1.1,0.9
5,1,0.0,0.0,0,0,1,1,0,0.4,1,1.1,0.9
9,3,0.0,0.0,0,0,1,1,0,0.4,1,1.1,0.9
10,1,0.08039260642761677,0.020148286394111262,0,0,1,1,0,0.4,1,1.1,0.9
6,1,0.0,0.0,0,0,1,1,0,0.4,1,1.1,0.9
19,1,0.004238775576229734,0.001062337297735658,0,0,1,1,0,0.4,1,1.1,0.9
20,1,0.004537975890705313,0.001137323964957225,0,0,1,1,0,0.4,1,1.1,0.9
17,1,0.018739908864575154,0.004696663879693518,0,0,1,1,0,0.4,1,1.1,0.9
12,1,0.018780773632239296,0.004706905555873868,0,0,1,1,0,0.4,1,1.1,0.9
15,1,0.020981981319354963,0.005258580204373512,0,0,1,1,0,0.4,1,1.1,0.9
18,1,0.03105664280194891,0.007783528379275495,0,0,1,1,0,0.4,1,1.1,0.9
22,1,0.0,0.0,0,0,1,1,0,0.4,1,1.1,0.9
21,1,0.0,0.0,0,0,1,1,0,0.4,1,1.1,0.9
24,1,0.004471981260903835,0.0011207841516485133,0,0,1,1,0,0.4,1,1.1,0.9
23,1,0.00318619122590542,0.0007985347929196373,0,0,1,1,0,0.4,1,1.1,0.9
11,1,0.07328582107293909,0.018367158091019794,0,0,1,1,0,0.4,1,1.1,0.9
14,1,0.0,0.0,0,0,1,1,0,0.4,1,1.1,0.9
13,1,0.0022998480516640846,0.000576396254170316,0,0,1,1,0,0.4,1,1.1,0.9
16,1,0.004932262269815312,0.0012361414463229789,0,0,1,1,0,0.4,1,1.1,0.9
