BUS_I,BUS_TYPE,Pd,Qd,Gs,Bs,area,Vm,Va,baseKV,zone,Vmax,Vmin
1,1,0.03769856082042338,0.009448149945724175,0,0,1,1,0,0.4,1,1.1,0.9
2,1,0.0,0.0,0,0,1,1,0,0.4,1,1.1,0.9
5,1,0.0,0.0,0,0,1,1,0,0.4,1,1.1,0.9
4,1,0.0,0.0,0,0,1,1,0,0.4,1,1.1,0.9
8,1,0.0,0.0,0,0,1,1,0,0.4,1,1.1,0.9
10,1,0.07650879201098286,0.01917491074869822,0,0,1,1,0,0.4,1,1.1,0.9
12,1,0.05446554287213594,0.013650351756993933,0,0,1,1,0,0.4,1,1.1,0.9
6,3,0.0,0.0,0,0,1,1,0,0.4,1,1.1,0.9
13,1,0.026266235678611048,0.0065829391838958876,0,0,1,1,0,0.4,1,1.1,0.9
16,1,0.09419453269493697,0.023607375178286392,0,0,1,1,0,0.4,1,1.1,0.9
9,1,0.043468752427936914,0.010894296279613185,0,0,1,1,0,0.4,1,1.1,0.9
11,1,0.06920632147524772,0.017344739116297865,0,0,1,1,0,0.4,1,1.1,0.9
14,1,0.04928820943648865,0.012352789686865614,0,0,1,1,0,0.4,1,1.1,0.9
15,1,0.009120008727537906,0.0022856896414308143,0,0,1,1,0,0.4,1,1.1,0.9
