BUS_I,BUS_TYPE,Pd,Qd,Gs,Bs,area,Vm,Va,baseKV,zone,Vmax,Vmin
1,1,0.005073276406386932,0.0012714829203156332,0,0,1,1,0,0.4,1,1.1,0.9
2,1,0.0061687034954363415,0.001546022827588166,0,0,1,1,0,0.4,1,1.1,0.9
3,1,0.0,0.0,0,0,1,1,0,0.4,1,1.1,0.9
4,1,0.014091285517520428,0.003531609048200511,0,0,1,1,0,0.4,1,1.1,0.9
5,1,0.0058295312606033095,0.0014610182528142456,0,0,1,1,0,0.4,1,1.1,0.9
6,1,0.016554492659436332,0.004148946949640823,0,0,1,1,0,0.4,1,1.1,0.9
7,3,0.01876458274508069,0.00470284773705268,0,0,1,1,0,0.4,1,1.1,0.9
16,1,0.0053441495046195504,0.001339370117934545,0,0,1,1,0,0.4,1,1.1,0.9
21,1,0.03266508278757579,0.008186641438028344,0,0,1,1,0,0.4,1,1.1,0.9
17,1,0.009351756508709006,0.0023437711102837905,0,0,1,1,0,0.4,1,1.1,0.9
11,1,0.0,0.0,0,0,1,1,0,0.4,1,1.1,0.9
8,1,0.002970714937486519,0.0007445313445538591,0,0,1,1,0,0.4,1,1.1,0.9
9,1,0.022661222211344915,0.005679437642886585,0,0,1,1,0,0.4,1,1.1,0.9
10,1,0.00582891198489452,0.0014608630476916349,0,0,1,1,0,0.4,1,1.1,0.9
12,1,0.0,0.0,0,0,1,1,0,0.4,1,1.1,0.9
13,1,0.004876633193099325,0.001222199485496981,0,0,1,1,0,0.4,1,1.1,0.9
14,1,0.004347942064250406,0.0010896969986213382,0,0,1,1,0,0.4,1,1.1,0.9
