F_BUS,T_BUS,BR_R,BR_X,BR_B,RATE_A,RATE_B,RATE_C,TAP,SHIFT,BR_STATUS,ANGMIN,ANGMAX
1,2,1.535575237738776,0.59060586066876,1.5496660211983942e-09,0,0,0,0,0,1,-90,90
1,3,0.9057638023134167,0.348370693197468,9.14075294508845e-10,0,0,0,0,0,1,-90,90
2,4,0.4192757212151098,0.16125989277504224,4.231230894536189e-10,0,0,0,0,0,1,-90,90
3,5,3.9491254534384193,1.5188944051686228,3.985363516056054e-09,0,0,0,0,0,1,-90,90
4,9,4.58770914703521,1.7645035180904656,4.629806997129339e-09,0,0,0,0,0,1,-90,90
5,12,1.6172840571092937,0.6220323296574206,1.632124619057256e-09,0,0,0,0,0,1,-90,90
9,15,4.044877804656535,1.5557222325602058,4.0819945123666435e-09,0,0,0,0,0,1,-90,90
9,14,10.787056736224203,4.148867975470848,1.0886041192928893e-08,0,0,0,0,0,1,-90,90
9,7,0.7572495885682243,0.29124984175700935,7.641982809638586e-10,0,0,0,0,0,1,-90,90
12,11,2.682858742012822,1.0318687469280083,2.7074772567279415e-09,0,0,0,0,0,1,-90,90
15,24,0.955317466514075,0.36742979481310584,9.640836742680262e-10,0,0,0,0,0,1,-90,90
7,6,3.3665572159451456,1.2948296984404408,3.3974495014994186e-09,0,0,0,0,0,1,-90,90
11,13,0.8224955181095677,0.3163444300421414,8.300429218168942e-10,0,0,0,0,0,1,-90,90
6,8,5.779465218803782,2.2228712380014546,5.832498890426723e-09,0,0,0,0,0,1,-90,90
8,10,13.46338399277107,5.178224612604257,1.3586927029812472e-08,0,0,0,0,0,1,-90,90
10,16,1.280190142534905,0.4923808240518866,2.5838749099403705e-09,0,0,0,0,0,1,-90,90
16,23,1.1280960517082843,0.4338830968108786,2.2768954291743856e-09,0,0,0,0,0,1,-90,90
23,22,0.12828857244426756,0.04934175863241059,2.5893155442865974e-10,0,0,0,0,0,1,-90,90
22,21,1.3368044834454995,0.5141555705559614,2.69814260359097e-09,0,0,0,0,0,1,-90,90
17,18,0.6154998195343214,0.23673069982089287,6.211477841949548e-10,0,0,0,0,0,1,-90,90
17,19,1.0540970512075056,0.4054219427721176,1.0637696826285872e-09,0,0,0,0,0,1,-90,90
19,20,2.6746495073159644,1.0287113489676787,2.6991926922487073e-09,0,0,0,0,0,1,-90,90
20,21,3.9822589904565096,1.5316380732525037,4.018801093855669e-09,0,0,0,0,0,1,-90,90
