F_BUS,T_BUS,BR_R,BR_X,BR_B,RATE_A,RATE_B,RATE_C,TAP,SHIFT,BR_STATUS,ANGMIN,ANGMAX
1,2,0.20939726491716584,0.13401424954698615,3.5163438548376014e-10,0,0,0,0,0,1,-90,90
1,3,4.172669535910499,2.67050850298272,7.007035591735723e-09,0,0,0,0,0,1,-90,90
2,4,0.27127238081648747,0.17361432372255198,4.5553936420734226e-10,0,0,0,0,0,1,-90,90
3,27,40.252942175101104,25.76188299206471,6.759552753114625e-08,0,0,0,0,0,1,-90,90
4,8,2.472644465959013,1.5824924582137683,4.1522357880427176e-09,0,0,0,0,0,1,-90,90
4,5,1.6702427540541822,1.0689553625946766,2.804787276772109e-09,0,0,0,0,0,1,-90,90
5,6,0.19769625767049517,0.1265256049091169,3.319852439615359e-10,0,0,0,0,0,1,-90,90
6,7,0.5938946776891384,0.3800925937210486,9.973090628185006e-10,0,0,0,0,0,1,-90,90
7,9,0.695939319293107,0.4454011643475886,1.1686694903604583e-09,0,0,0,0,0,1,-90,90
7,10,1.2038281249999998,0.7704499999999999,2.021551538077136e-09,0,0,0,0,0,1,-90,90
9,15,0.8406028408395634,0.5379858181373206,1.4115984919452098e-09,0,0,0,0,0,1,-90,90
10,21,1.1380484259402948,0.7283509926017887,1.911089712965351e-09,0,0,0,0,0,1,-90,90
10,14,0.4536388326179393,0.29032885287548116,7.617817367494316e-10,0,0,0,0,0,1,-90,90
15,16,1.7948110796538643,1.1486790909784732,3.0139710339731056e-09,0,0,0,0,0,1,-90,90
21,19,0.9716814887155079,0.6218761527779251,1.6317148330737965e-09,0,0,0,0,0,1,-90,90
14,12,0.7298579735348625,0.467109103062312,1.2256280430208948e-09,0,0,0,0,0,1,-90,90
16,24,0.013827183890628618,0.008849397690002314,2.3219564554845137e-11,0,0,0,0,0,1,-90,90
19,17,0.008560776059858043,0.005478896678309147,1.4375847890196081e-11,0,0,0,0,0,1,-90,90
12,11,0.5270157737430445,0.33729009519554853,8.850013767548118e-10,0,0,0,0,0,1,-90,90
11,13,0.97818303752867,0.6260371440183489,1.6426326839946923e-09,0,0,0,0,0,1,-90,90
24,22,1.850102386840387,1.1840655275778478,3.1068200252568154e-09,0,0,0,0,0,1,-90,90
22,23,4.309042009176641,2.7577868858730503,7.236041690993082e-09,0,0,0,0,0,1,-90,90
17,18,0.0039006179877786565,0.0024963955121783403,6.550187795824498e-12,0,0,0,0,0,1,-90,90
18,20,0.723499313109777,0.4630395603902573,1.2149501401745546e-09,0,0,0,0,0,1,-90,90
