F_BUS,T_BUS,BR_R,BR_X,BR_B,RATE_A,RATE_B,RATE_C,TAP,SHIFT,BR_STATUS,ANGMIN,ANGMAX
1,2,1.2986985134549107,0.49949942825188876,1.310615662860998e-09,0,0,0,0,0,1,-90,90
1,3,2.521730828675612,0.9698964725675431,2.544870797448901e-09,0,0,0,0,0,1,-90,90
2,4,2.1684383363733377,0.834014744758976,2.1883364138445298e-09,0,0,0,0,0,1,-90,90
3,5,1.1898071478340488,0.45761813378232646,1.2007250855988717e-09,0,0,0,0,0,1,-90,90
4,9,3.238125915275893,1.2454330443368822,3.2678396863538377e-09,0,0,0,0,0,1,-90,90
4,8,7.052110765270225,2.7123502943347018,7.116822518419482e-09,0,0,0,0,0,1,-90,90
8,7,0.3275459331018543,0.12597920503917473,3.305515681908997e-10,0,0,0,0,0,1,-90,90
7,6,2.229696738241248,0.8575756685543261,2.2501569365741145e-09,0,0,0,0,0,1,-90,90
