BUS_I,BUS_TYPE,Pd,Qd,Gs,Bs,area,Vm,Va,baseKV,zone,Vmax,Vmin
1,1,0.04601904919861478,0.011533460899457417,0,0,1,1,0,0.4,1,1.1,0.9
2,1,0.004640910940409989,0.0011631219201872155,0,0,1,1,0,0.4,1,1.1,0.9
3,1,0.0,0.0,0,0,1,1,0,0.4,1,1.1,0.9
5,1,0.0,0.0,0,0,1,1,0,0.4,1,1.1,0.9
6,1,0.0,0.0,0,0,1,1,0,0.4,1,1.1,0.9
18,1,0.007527629791330114,0.0018866018610942971,0,0,1,1,0,0.4,1,1.1,0.9
27,1,0.003307495858733163,0.000828936599649793,0,0,1,1,0,0.4,1,1.1,0.9
7,1,0.0,0.0,0,0,1,1,0,0.4,1,1.1,0.9
12,1,0.0,0.0,0,0,1,1,0,0.4,1,1.1,0.9
26,1,0.06667100491779566,0.016709328891785873,0,0,1,1,0,0.4,1,1.1,0.9
8,1,0.0,0.0,0,0,1,1,0,0.4,1,1.1,0.9
14,1,0.008456294620601483,0.002119347206415883,0,0,1,1,0,0.4,1,1.1,0.9
13,1,0.033506449882448074,0.008397507908756985,0,0,1,1,0,0.4,1,1.1,0.9
11,1,0.0,0.0,0,0,1,1,0,0.4,1,1.1,0.9
15,1,0.0,0.0,0,0,1,1,0,0.4,1,1.1,0.9
17,1,0.02275454875136499,0.005702827478594786,0,0,1,1,0,0.4,1,1.1,0.9
21,1,0.0,0.0,0,0,1,1,0,0.4,1,1.1,0.9
25,1,0.049874850809126244,0.012499815873871742,0,0,1,1,0,0.4,1,1.1,0.9
19,1,0.0,0.0,0,0,1,1,0,0.4,1,1.1,0.9
28,1,0.007983105332121406,0.0020007547919317667,0,0,1,1,0,0.4,1,1.1,0.9
16,1,0.046940799669128494,0.01176447334312708,0,0,1,1,0,0.4,1,1.1,0.9
23,1,0.031115555270605808,0.007798293235689898,0,0,1,1,0,0.4,1,1.1,0.9
22,1,0.007022817754853563,0.0017600840388952885,0,0,1,1,0,0.4,1,1.1,0.9
24,3,0.09995005290414764,0.025049844513158403,0,0,1,1,0,0.4,1,1.1,0.9
