BUS_I,BUS_TYPE,Pd,Qd,Gs,Bs,area,Vm,Va,baseKV,zone,Vmax,Vmin
1,1,0.06785008019337578,0.017004833010737328,0,0,1,1,0,0.4,1,1.1,0.9
2,1,0.0,0.0,0,0,1,1,0,0.4,1,1.1,0.9
3,1,0.0,0.0,0,0,1,1,0,0.4,1,1.1,0.9
4,1,0.0,0.0,0,0,1,1,0,0.4,1,1.1,0.9
23,1,0.037874332911554634,0.009492202584263679,0,0,1,1,0,0.4,1,1.1,0.9
12,1,0.0,0.0,0,0,1,1,0,0.4,1,1.1,0.9
21,1,0.0,0.0,0,0,1,1,0,0.4,1,1.1,0.9
16,1,0.03540822130215218,0.00887413675465507,0,0,1,1,0,0.4,1,1.1,0.9
11,1,0.004819458173747699,0.0012078700749245967,0,0,1,1,0,0.4,1,1.1,0.9
20,1,0.03221707069573041,0.008074359023815878,0,0,1,1,0,0.4,1,1.1,0.9
5,1,0.07773834479533867,0.019483065723847375,0,0,1,1,0,0.4,1,1.1,0.9
7,1,0.0,0.0,0,0,1,1,0,0.4,1,1.1,0.9
8,1,0.007014458229682721,0.001757988944399098,0,0,1,1,0,0.4,1,1.1,0.9
15,1,0.05377548678188726,0.013477407398648625,0,0,1,1,0,0.4,1,1.1,0.9
17,1,0.090361309634762,0.022646678921990047,0,0,1,1,0,0.4,1,1.1,0.9
13,1,0.043008994406876194,0.010779070058049367,0,0,1,1,0,0.4,1,1.1,0.9
14,3,0.06379214291771362,0.015987818063311836,0,0,1,1,0,0.4,1,1.1,0.9
10,1,0.05072088078727976,0.01271185097330826,0,0,1,1,0,0.4,1,1.1,0.9
18,1,0.01465841057059511,0.0036737439844637407,0,0,1,1,0,0.4,1,1.1,0.9
19,1,0.0,0.0,0,0,1,1,0,0.4,1,1.1,0.9
22,1,0.016087127486412063,0.004031814196080895,0,0,1,1,0,0.4,1,1.1,0.9
