BUS_I,BUS_TYPE,Pd,Qd,Gs,Bs,area,Vm,Va,baseKV,zone,Vmax,Vmin
1,1,0.007033620597315393,0.001762791486426392,0,0,1,1,0,0.4,1,1.1,0.9
2,1,0.0,0.0,0,0,1,1,0,0.4,1,1.1,0.9
3,1,0.0029743287629900392,0.0007454370545993323,0,0,1,1,0,0.4,1,1.1,0.9
5,1,0.0019411493928954162,0.00048649789625898425,0,0,1,1,0,0.4,1,1.1,0.9
4,1,0.0,0.0,0,0,1,1,0,0.4,1,1.1,0.9
17,1,0.007294942356351172,0.0018282848927983627,0,0,1,1,0,0.4,1,1.1,0.9
14,1,0.012826664254266906,0.0032146650837694517,0,0,1,1,0,0.4,1,1.1,0.9
21,1,0.0076524585766022885,0.0019178869036828503,0,0,1,1,0,0.4,1,1.1,0.9
20,1,0.059351781571990316,0.014874958609407617,0,0,1,1,0,0.4,1,1.1,0.9
15,1,0.053720284462112425,0.013463572393193936,0,0,1,1,0,0.4,1,1.1,0.9
22,1,0.0,0.0,0,0,1,1,0,0.4,1,1.1,0.9
6,1,0.07474341833836082,0.018732466400527493,0,0,1,1,0,0.4,1,1.1,0.9
7,1,0.009980295465968228,0.002501297821799446,0,0,1,1,0,0.4,1,1.1,0.9
8,1,0.0064950370763250396,0.0016278097323787371,0,0,1,1,0,0.4,1,1.1,0.9
9,1,0.027438722674534875,0.006876792124321627,0,0,1,1,0,0.4,1,1.1,0.9
10,1,0.02663522756322256,0.006675417267374241,0,0,1,1,0,0.4,1,1.1,0.9
11,1,0.0,0.0,0,0,1,1,0,0.4,1,1.1,0.9
12,3,0.046185547383638774,0.011575189278036404,0,0,1,1,0,0.4,1,1.1,0.9
13,1,0.009422950707217787,0.0023616140583470014,0,0,1,1,0,0.4,1,1.1,0.9
18,1,0.0,0.0,0,0,1,1,0,0.4,1,1.1,0.9
23,1,0.0,0.0,0,0,1,1,0,0.4,1,1.1,0.9
16,1,0.0,0.0,0,0,1,1,0,0.4,1,1.1,0.9
19,1,0.00270103317051647,0.0006769427226937779,0,0,1,1,0,0.4,1,1.1,0.9
28,1,0.006511894156133015,0.0016320345148162277,0,0,1,1,0,0.4,1,1.1,0.9
26,1,0.0035398481781275296,0.0008871695800633439,0,0,1,1,0,0.4,1,1.1,0.9
25,1,0.0028343360975342643,0.0007103515853999034,0,0,1,1,0,0.4,1,1.1,0.9
