F_BUS,T_BUS,BR_R,BR_X,BR_B,RATE_A,RATE_B,RATE_C,TAP,SHIFT,BR_STATUS,ANGMIN,ANGMAX
1,2,2.991595627217825,1.914621201419408,5.023694509136866e-09,0,0,0,0,0,1,-90,90
1,3,0.22205775667453667,0.14211696427170348,3.728947598290811e-10,0,0,0,0,0,1,-90,90
3,5,2.4566115449726476,1.5722313887824946,4.1253121970360224e-09,0,0,0,0,0,1,-90,90
5,19,0.06154045712490617,0.03938589255993995,2.066859930770003e-10,0,0,0,0,0,1,-90,90
19,20,0.44206214919086617,0.28291977548215436,2.969365473572002e-09,0,0,0,0,0,1,-90,90
20,21,1.9398776833005957,1.2415217173123814,1.3030307675716851e-08,0,0,0,0,0,1,-90,90
6,16,4.685816107930586,2.9989223090755757,7.868746844682415e-09,0,0,0,0,0,1,-90,90
16,14,2.1749218749999994,1.3919499999999998,3.6522793996060345e-09,0,0,0,0,0,1,-90,90
14,15,0.4210546874999999,0.26947499999999996,2.8282567368334673e-09,0,0,0,0,0,1,-90,90
14,17,0.34839843749999994,0.22297499999999998,2.340219114557723e-09,0,0,0,0,0,1,-90,90
14,13,1.1379965055486645,0.7283177635511452,1.9110025246488644e-09,0,0,0,0,0,1,-90,90
8,9,0.5756737258881393,0.3684311845684091,9.667111789731311e-10,0,0,0,0,0,1,-90,90
8,10,0.9373458239993979,0.5999013273596147,1.5740560075518784e-09,0,0,0,0,0,1,-90,90
9,11,1.0009270921749422,0.640593338991963,1.6808260753081592e-09,0,0,0,0,0,1,-90,90
10,12,0.5135482403001073,0.32867087379206866,8.623857621331855e-10,0,0,0,0,0,1,-90,90
11,18,0.6139531294854399,0.3929300028706815,1.0309926038806928e-09,0,0,0,0,0,1,-90,90
12,13,1.011002210440027,0.6470414146816172,1.6977449114793037e-09,0,0,0,0,0,1,-90,90
15,22,0.14738614337044986,0.09432713175708791,9.900040666412915e-10,0,0,0,0,0,1,-90,90
17,23,0.0953774559508795,0.06104157180856288,6.406577110844117e-10,0,0,0,0,0,1,-90,90
22,21,0.5469125168179966,0.3500240107635178,3.6736534613429423e-09,0,0,0,0,0,1,-90,90
