F_BUS,T_BUS,BR_R,BR_X,BR_B,RATE_A,RATE_B,RATE_C,TAP,SHIFT,BR_STATUS,ANGMIN,ANGMAX
1,2,2.5257843949830763,1.616502012789169,4.241472036159039e-09,0,0,0,0,0,1,-90,90
1,3,3.5017205962896423,2.241101181625371,5.8803316772032665e-09,0,0,0,0,0,1,-90,90
3,6,7.648100933928047,4.89478459771395,1.2843220626990606e-08,0,0,0,0,0,1,-90,90
6,25,1.104609375,0.7069499999999999,1.8549365433754702e-09,0,0,0,0,0,1,-90,90
6,5,1.06328125,0.6804999999999999,1.785535494401312e-09,0,0,0,0,0,1,-90,90
5,19,1.6806441767882063,1.0756122731444522,2.8222540660001454e-09,0,0,0,0,0,1,-90,90
19,9,2.08113848832329,1.3319286325269055,3.4947918433301874e-09,0,0,0,0,0,1,-90,90
7,23,0.9233593749999998,0.5909499999999999,1.5505689939991997e-09,0,0,0,0,0,1,-90,90
7,8,6.448202629466682,4.126849682858676,1.0828268315654617e-08,0,0,0,0,0,1,-90,90
7,12,0.9172656249999999,0.5870499999999998,1.5403359470805147e-09,0,0,0,0,0,1,-90,90
8,13,8.956070442536356,5.731885083223269,1.5039653586957482e-08,0,0,0,0,0,1,-90,90
12,11,1.4750134300921103,0.9440085952589506,2.476944678699161e-09,0,0,0,0,0,1,-90,90
13,14,2.428976779727731,1.5545451390257476,4.0789059858625944e-09,0,0,0,0,0,1,-90,90
9,10,3.0373019479072902,1.9438732466606656,5.1004477274500165e-09,0,0,0,0,0,1,-90,90
10,21,3.8314843749999996,2.4521499999999996,6.434093846577777e-09,0,0,0,0,0,1,-90,90
10,20,1.8824074402046689,1.2047407617309882,3.1610689076014017e-09,0,0,0,0,0,1,-90,90
20,18,5.2810793424538875,3.379890779170488,8.868354082892895e-09,0,0,0,0,0,1,-90,90
14,15,0.10991364465326892,0.07034473257809211,1.8457460229588803e-10,0,0,0,0,0,1,-90,90
18,22,5.7758821781782315,3.696564594034068,9.699261263769298e-09,0,0,0,0,0,1,-90,90
15,16,1.6510037530440205,1.056642401948173,2.7724798142070858e-09,0,0,0,0,0,1,-90,90
16,17,1.3327279562780592,0.8529458920179579,2.2380090595177853e-09,0,0,0,0,0,1,-90,90
17,22,3.345312499999999,2.1409999999999996,5.617680372539617e-09,0,0,0,0,0,1,-90,90
22,24,2.3905468749999996,1.5299499999999997,4.014371829036426e-09,0,0,0,0,0,1,-90,90
