BUS_I,BUS_TYPE,Pd,Qd,Gs,Bs,area,Vm,Va,baseKV,zone,Vmax,Vmin
1,1,0.040694760483453,0.0101990683645593,0,0,1,1,0,0.4,1,1.1,0.9
2,1,0.006960233432725742,0.001744398929255909,0,0,1,1,0,0.4,1,1.1,0.9
3,1,0.0,0.0,0,0,1,1,0,0.4,1,1.1,0.9
4,1,0.0,0.0,0,0,1,1,0,0.4,1,1.1,0.9
5,1,0.01477313606711568,0.0037024969042074776,0,0,1,1,0,0.4,1,1.1,0.9
7,1,0.0,0.0,0,0,1,1,0,0.4,1,1.1,0.9
12,1,0.03686415889633097,0.009239029111340627,0,0,1,1,0,0.4,1,1.1,0.9
18,1,0.021822266140731326,0.005469175431796063,0,0,1,1,0,0.4,1,1.1,0.9
17,1,0.02499536236016572,0.006264428306733,0,0,1,1,0,0.4,1,1.1,0.9
8,1,0.0,0.0,0,0,1,1,0,0.4,1,1.1,0.9
10,1,0.0,0.0,0,0,1,1,0,0.4,1,1.1,0.9
15,1,0.037700675531183364,0.009448679942199301,0,0,1,1,0,0.4,1,1.1,0.9
9,1,0.0,0.0,0,0,1,1,0,0.4,1,1.1,0.9
11,1,0.0,0.0,0,0,1,1,0,0.4,1,1.1,0.9
22,1,0.039639507510836836,0.009934597039952465,0,0,1,1,0,0.4,1,1.1,0.9
23,1,0.016463872399623512,0.004126235371686681,0,0,1,1,0,0.4,1,1.1,0.9
16,3,0.08399459169175809,0.021051028995878147,0,0,1,1,0,0.4,1,1.1,0.9
20,1,0.019085392552397436,0.004783250253690541,0,0,1,1,0,0.4,1,1.1,0.9
19,1,0.0187138427644203,0.004690131099199948,0,0,1,1,0,0.4,1,1.1,0.9
21,1,0.020813455010518792,0.005216343530054079,0,0,1,1,0,0.4,1,1.1,0.9
