BUS_I,BUS_TYPE,Pd,Qd,Gs,Bs,area,Vm,Va,baseKV,zone,Vmax,Vmin
1,1,0.006956801085637289,0.0017435387019885619,0,0,1,1,0,0.4,1,1.1,0.9
2,1,0.016905924454808353,0.004237024059910006,0,0,1,1,0,0.4,1,1.1,0.9
4,1,0.007596157516654535,0.0019037765279838025,0,0,1,1,0,0.4,1,1.1,0.9
5,1,0.0029466777222237075,0.0007385070505453287,0,0,1,1,0,0.4,1,1.1,0.9
6,1,0.0,0.0,0,0,1,1,0,0.4,1,1.1,0.9
7,1,0.010027686435803616,0.002513175118421217,0,0,1,1,0,0.4,1,1.1,0.9
8,1,0.012291297544472581,0.003080489538602606,0,0,1,1,0,0.4,1,1.1,0.9
9,1,0.009872474001957683,0.0024742752157060266,0,0,1,1,0,0.4,1,1.1,0.9
29,3,0.008955526761389386,0.002244466574933888,0,0,1,1,0,0.4,1,1.1,0.9
10,1,0.00443611116623452,0.0011117942585165874,0,0,1,1,0,0.4,1,1.1,0.9
17,1,0.0,0.0,0,0,1,1,0,0.4,1,1.1,0.9
11,1,0.0,0.0,0,0,1,1,0,0.4,1,1.1,0.9
12,1,0.0006372730188467431,0.00015971567368604702,0,0,1,1,0,0.4,1,1.1,0.9
26,1,0.000249439694052323,6.251548018101352e-05,0,0,1,1,0,0.4,1,1.1,0.9
27,1,0.0011988553399966246,0.00030046147038546384,0,0,1,1,0,0.4,1,1.1,0.9
13,1,0.012083357969141022,0.00302837496858649,0,0,1,1,0,0.4,1,1.1,0.9
14,1,0.0,0.0,0,0,1,1,0,0.4,1,1.1,0.9
15,1,0.0,0.0,0,0,1,1,0,0.4,1,1.1,0.9
16,1,0.004641645250300772,0.0011633059555934422,0,0,1,1,0,0.4,1,1.1,0.9
28,1,0.009992520394844377,0.0025043616777818503,0,0,1,1,0,0.4,1,1.1,0.9
20,1,0.0,0.0,0,0,1,1,0,0.4,1,1.1,0.9
18,1,0.0006739569725718391,0.00016890953912424548,0,0,1,1,0,0.4,1,1.1,0.9
19,1,0.019826418555827643,0.004968968876410385,0,0,1,1,0,0.4,1,1.1,0.9
24,1,0.0,0.0,0,0,1,1,0,0.4,1,1.1,0.9
25,1,0.006565775418853696,0.0016455384321640261,0,0,1,1,0,0.4,1,1.1,0.9
21,1,0.012791723714904417,0.0032059081591575595,0,0,1,1,0,0.4,1,1.1,0.9
22,1,0.017569385867815673,0.004403303163856574,0,0,1,1,0,0.4,1,1.1,0.9
