BUS_I,BUS_TYPE,Pd,Qd,Gs,Bs,area,Vm,Va,baseKV,zone,Vmax,Vmin
1,1,0.03716917830582246,0.00931547418124554,0,0,1,1,0,0.4,1,1.1,0.9
2,1,0.0195697613295573,0.004904644512146003,0,0,1,1,0,0.4,1,1.1,0.9
3,1,0.0,0.0,0,0,1,1,0,0.4,1,1.1,0.9
4,1,0.0,0.0,0,0,1,1,0,0.4,1,1.1,0.9
5,1,0.057324410529196436,0.014366851530753344,0,0,1,1,0,0.4,1,1.1,0.9
6,1,0.023655443835986684,0.0059286130698649,0,0,1,1,0,0.4,1,1.1,0.9
7,1,0.01998113106453039,0.005007743486074285,0,0,1,1,0,0.4,1,1.1,0.9
17,1,0.0,0.0,0,0,1,1,0,0.4,1,1.1,0.9
22,3,0.010340956991646255,0.002591688120529725,0,0,1,1,0,0.4,1,1.1,0.9
10,1,0.0,0.0,0,0,1,1,0,0.4,1,1.1,0.9
13,1,0.0,0.0,0,0,1,1,0,0.4,1,1.1,0.9
21,1,0.020252529525861526,0.005075762352097049,0,0,1,1,0,0.4,1,1.1,0.9
12,1,0.0,0.0,0,0,1,1,0,0.4,1,1.1,0.9
23,1,0.03553831883394688,0.008906742269592899,0,0,1,1,0,0.4,1,1.1,0.9
19,1,0.0,0.0,0,0,1,1,0,0.4,1,1.1,0.9
18,1,0.03273112863179631,0.008203194086880377,0,0,1,1,0,0.4,1,1.1,0.9
15,1,0.0,0.0,0,0,1,1,0,0.4,1,1.1,0.9
24,1,0.015978515312134463,0.004004593419314533,0,0,1,1,0,0.4,1,1.1,0.9
20,1,0.082586018844395,0.020698007363706125,0,0,1,1,0,0.4,1,1.1,0.9
