F_BUS,T_BUS,BR_R,BR_X,BR_B,RATE_A,RATE_B,RATE_C,TAP,SHIFT,BR_STATUS,ANGMIN,ANGMAX
60,30,8.825953701270326,3.394597577411664,8.90694263582253e-09,0,0,0,0,0,1,-90,90
60,61,4.899590158270476,1.8844577531809525,4.9445498986103434e-09,0,0,0,0,0,1,-90,90
30,28,11.954511266959177,4.597888948830453,1.2064208548791055e-08,0,0,0,0,0,1,-90,90
61,62,3.8700999999999994,1.4885,3.905612907298094e-09,0,0,0,0,0,1,-90,90
62,87,53.43398437071588,20.55153245027534,5.392430661911388e-08,0,0,0,0,0,1,-90,90
87,88,5.268379999999999,2.0262999999999995,5.316723838802909e-09,0,0,0,0,0,1,-90,90
27,28,10.723339944247728,4.124361517018357,1.0821739721350654e-08,0,0,0,0,0,1,-90,90
28,29,6.834386160722601,2.628610061816385,6.8971000239729375e-09,0,0,0,0,0,1,-90,90
29,31,0.2842569499627794,0.10932959613953054,2.868653556145371e-10,0,0,0,0,0,1,-90,90
