F_BUS,T_BUS,BR_R,BR_X,BR_B,RATE_A,RATE_B,RATE_C,TAP,SHIFT,BR_STATUS,ANGMIN,ANGMAX
1,2,0.7868966950362125,0.503613884823176,1.3214114134094273e-09,0,0,0,0,0,1,-90,90
1,3,1.8202824987482409,1.1649807991988743,3.0567444045049204e-09,0,0,0,0,0,1,-90,90
2,4,0.8158757397785056,0.5221604734582436,1.3700750317899904e-09,0,0,0,0,0,1,-90,90
3,5,1.2128145150873004,0.7762012896558724,2.0366421065108515e-09,0,0,0,0,0,1,-90,90
3,6,2.5421826144187567,1.6269968732280042,4.269009061614334e-09,0,0,0,0,0,1,-90,90
5,9,0.22418962138411755,0.14348135768583525,3.764747346553261e-10,0,0,0,0,0,1,-90,90
6,13,1.5153906249999998,0.9698499999999998,2.544748860022208e-09,0,0,0,0,0,1,-90,90
6,15,0.7695568693114904,0.4925163963593538,1.2922931774786945e-09,0,0,0,0,0,1,-90,90
9,10,0.5058930770312983,0.3237715693000309,8.495306819444813e-10,0,0,0,0,0,1,-90,90
13,11,3.02785420677042,1.9378266923330687,5.084582426390869e-09,0,0,0,0,0,1,-90,90
11,12,1.2898318794812547,0.825492402868003,2.1659749973246837e-09,0,0,0,0,0,1,-90,90
