BUS_I,BUS_TYPE,Pd,Qd,Gs,Bs,area,Vm,Va,baseKV,zone,Vmax,Vmin
1,3,0.04634759610586941,0.011615802516123696,0,0,1,1,0,0.4,1,1.1,0.9
2,1,0.028224758164559115,0.0070737911877019576,0,0,1,1,0,0.4,1,1.1,0.9
3,1,0.0,0.0,0,0,1,1,0,0.4,1,1.1,0.9
4,1,0.05719086443599976,0.014333381724858145,0,0,1,1,0,0.4,1,1.1,0.9
5,1,0.04580348582000666,0.011479435624232771,0,0,1,1,0,0.4,1,1.1,0.9
6,1,0.0,0.0,0,0,1,1,0,0.4,1,1.1,0.9
9,1,0.03304162666034988,0.00828101222815108,0,0,1,1,0,0.4,1,1.1,0.9
13,1,0.0,0.0,0,0,1,1,0,0.4,1,1.1,0.9
15,1,0.013751891201178233,0.0034465488145538625,0,0,1,1,0,0.4,1,1.1,0.9
10,1,0.010977883953189339,0.002751317064080095,0,0,1,1,0,0.4,1,1.1,0.9
11,1,0.02121672897145144,0.005317413511750398,0,0,1,1,0,0.4,1,1.1,0.9
12,1,0.010704436038121571,0.0026827845565339115,0,0,1,1,0,0.4,1,1.1,0.9
