F_BUS,T_BUS,BR_R,BR_X,BR_B,RATE_A,RATE_B,RATE_C,TAP,SHIFT,BR_STATUS,ANGMIN,ANGMAX
1,2,2.332967762612315,1.4930993680718816,3.91768099685601e-09,0,0,0,0,0,1,-90,90
2,3,3.0823437499999997,1.9726999999999995,5.176085040125598e-09,0,0,0,0,0,1,-90,90
2,4,1.1042968749999997,0.7067499999999999,1.854411771738615e-09,0,0,0,0,0,1,-90,90
3,5,1.1382403269631067,0.7284738092563883,1.9114119664496883e-09,0,0,0,0,0,1,-90,90
5,8,8.552453889856647,5.473570489508253,1.4361872726119845e-08,0,0,0,0,0,1,-90,90
8,9,0.09482939229201895,0.06069081106689213,1.5924408132834664e-10,0,0,0,0,0,1,-90,90
9,14,2.9490357595015615,1.8873828860809996,4.952225032510233e-09,0,0,0,0,0,1,-90,90
14,16,0.38294141588024316,0.2450825061633556,1.2861234792402643e-09,0,0,0,0,0,1,-90,90
14,12,1.0274632682852303,0.6575764917025473,3.4507749190853447e-09,0,0,0,0,0,1,-90,90
16,15,0.7968188709371751,0.5099640773997921,2.6761468363466477e-09,0,0,0,0,0,1,-90,90
12,10,1.115285376775625,0.7137826411364001,3.7457288494829e-09,0,0,0,0,0,1,-90,90
10,11,0.3057981692340294,0.19571082830977882,5.135174586124781e-10,0,0,0,0,0,1,-90,90
11,13,1.0930349627307572,0.6995423761476846,1.8354999889045185e-09,0,0,0,0,0,1,-90,90
13,25,0.8609613323665247,0.5510152527145759,1.4457858804972585e-09,0,0,0,0,0,1,-90,90
15,17,0.7179407722294627,0.45948209422685615,2.4112317069328438e-09,0,0,0,0,0,1,-90,90
17,18,3.5488007231898107,2.271232462841479,5.959391886024938e-09,0,0,0,0,0,1,-90,90
17,19,5.914883076925518,3.785525169232332,9.932681197081357e-09,0,0,0,0,0,1,-90,90
18,22,8.49944097915577,5.439642226659693,1.4272849775966305e-08,0,0,0,0,0,1,-90,90
19,26,1.3242991432246232,0.8475514516637589,2.22385481304482e-09,0,0,0,0,0,1,-90,90
22,24,1.619473913828256,1.036463304850084,2.7195327251349194e-09,0,0,0,0,0,1,-90,90
22,20,2.4943245232969975,1.5963676949100787,4.1886424414071275e-09,0,0,0,0,0,1,-90,90
26,27,2.3315644826818187,1.492201268916364,3.915324512036512e-09,0,0,0,0,0,1,-90,90
24,31,2.8350782377023096,1.814450072129478,4.760859671721095e-09,0,0,0,0,0,1,-90,90
20,21,1.0335806866269788,0.6614916394412664,1.7356602519795688e-09,0,0,0,0,0,1,-90,90
27,28,1.904658751450419,1.2189816009282681,3.198434850080175e-09,0,0,0,0,0,1,-90,90
21,23,1.671362895468773,1.0696722531000147,2.8066682957917716e-09,0,0,0,0,0,1,-90,90
28,29,2.917470644033496,1.8671812121814375,4.899218705112748e-09,0,0,0,0,0,1,-90,90
