BUS_I,BUS_TYPE,Pd,Qd,Gs,Bs,area,Vm,Va,baseKV,zone,Vmax,Vmin
35,3,0.05773953120921226,0.014470890580122986,0,0,1,1,0,0.4,1,1.1,0.9
30,1,0.006055732833169916,0.0015177097107653427,0,0,1,1,0,0.4,1,1.1,0.9
45,1,0.015227527576796341,0.003816378151239089,0,0,1,1,0,0.4,1,1.1,0.9
46,1,0.00451607088122588,0.0011318340520899924,0,0,1,1,0,0.4,1,1.1,0.9
48,1,0.0005872718250515552,0.00014718419327509685,0,0,1,1,0,0.4,1,1.1,0.9
62,1,0.00024113809924449195,6.043490440236096e-05,0,0,1,1,0,0.4,1,1.1,0.9
57,1,0.00034754061558876824,8.710188868889266e-05,0,0,1,1,0,0.4,1,1.1,0.9
