F_BUS,T_BUS,BR_R,BR_X,BR_B,RATE_A,RATE_B,RATE_C,TAP,SHIFT,BR_STATUS,ANGMIN,ANGMAX
1,2,2.586796782341248,0.9949218393620184,2.610533810927149e-09,0,0,0,0,0,1,-90,90
2,3,0.2691022827672839,0.10350087798741689,2.715716257872628e-10,0,0,0,0,0,1,-90,90
2,4,1.0572899999999998,0.4066499999999999,1.0669919306367282e-09,0,0,0,0,0,1,-90,90
3,5,1.1708995884933584,0.45034599557436866,2.363288052489439e-09,0,0,0,0,0,1,-90,90
4,7,2.5407715194649425,0.9772198151788241,2.564086209895784e-09,0,0,0,0,0,1,-90,90
5,6,1.7609030028139456,0.6772703856976714,1.7770614444820857e-09,0,0,0,0,0,1,-90,90
6,12,5.609784261298111,2.157609331268504,5.66126090232387e-09,0,0,0,0,0,1,-90,90
12,10,2.164579778949285,0.8325306842112634,2.18444244943045e-09,0,0,0,0,0,1,-90,90
10,9,1.8745700213685992,0.7209884697571535,1.8917714971425203e-09,0,0,0,0,0,1,-90,90
9,11,1.2272501915089091,0.4720193044265035,1.2385117150567828e-09,0,0,0,0,0,1,-90,90
