BUS_I,BUS_TYPE,Pd,Qd,Gs,Bs,area,Vm,Va,baseKV,zone,Vmax,Vmin
1,1,0.020562396347567687,0.005153422298019937,0,0,1,1,0,0.4,1,1.1,0.9
2,1,0.0,0.0,0,0,1,1,0,0.4,1,1.1,0.9
3,1,0.0,0.0,0,0,1,1,0,0.4,1,1.1,0.9
4,1,0.0,0.0,0,0,1,1,0,0.4,1,1.1,0.9
17,1,0.0,0.0,0,0,1,1,0,0.4,1,1.1,0.9
18,1,0.0014570588031081824,0.00036517335813109953,0,0,1,1,0,0.4,1,1.1,0.9
20,1,0.006257567100413073,0.0015682941463405493,0,0,1,1,0,0.4,1,1.1,0.9
26,1,0.04685836802956553,0.01174381402685841,0,0,1,1,0,0.4,1,1.1,0.9
16,1,0.0,0.0,0,0,1,1,0,0.4,1,1.1,0.9
21,1,0.011797369340355229,0.0029566994619163157,0,0,1,1,0,0.4,1,1.1,0.9
5,1,0.047906021931245144,0.012006380844765407,0,0,1,1,0,0.4,1,1.1,0.9
6,1,0.018062887396425,0.00452698630558062,0,0,1,1,0,0.4,1,1.1,0.9
7,1,0.008680832006667015,0.0021756215799144806,0,0,1,1,0,0.4,1,1.1,0.9
11,3,0.006281473827611921,0.0015742857369575541,0,0,1,1,0,0.4,1,1.1,0.9
13,1,0.03806598901621438,0.009540236131842971,0,0,1,1,0,0.4,1,1.1,0.9
8,1,0.004545998713861027,0.001139334673974057,0,0,1,1,0,0.4,1,1.1,0.9
10,1,0.04394476857139187,0.011013597170736626,0,0,1,1,0,0.4,1,1.1,0.9
12,1,0.0,0.0,0,0,1,1,0,0.4,1,1.1,0.9
14,1,0.006026203316497032,0.0015103089162713781,0,0,1,1,0,0.4,1,1.1,0.9
15,1,0.0,0.0,0,0,1,1,0,0.4,1,1.1,0.9
25,1,0.00341675317604352,0.0008563190645012516,0,0,1,1,0,0.4,1,1.1,0.9
23,1,0.005582823108025869,0.001399187361457739,0,0,1,1,0,0.4,1,1.1,0.9
22,1,0.0028125498181257942,0.0007048914290933752,0,0,1,1,0,0.4,1,1.1,0.9
24,1,0.005190316361170794,0.0013008158979777307,0,0,1,1,0,0.4,1,1.1,0.9
