BUS_I,BUS_TYPE,Pd,Qd,Gs,Bs,area,Vm,Va,baseKV,zone,Vmax,Vmin
1,1,0.016036882251760483,0.004019221553266026,0,0,1,1,0,0.4,1,1.1,0.9
2,1,0.0,0.0,0,0,1,1,0,0.4,1,1.1,0.9
39,3,0.039462964174207645,0.009890351109071003,0,0,1,1,0,0.4,1,1.1,0.9
41,1,0.000585456920800361,0.00014672933539380806,0,0,1,1,0,0.4,1,1.1,0.9
3,1,0.00505402753339034,0.0012666586980005076,0,0,1,1,0,0.4,1,1.1,0.9
4,1,0.0,0.0,0,0,1,1,0,0.4,1,1.1,0.9
7,1,0.0,0.0,0,0,1,1,0,0.4,1,1.1,0.9
6,1,0.0,0.0,0,0,1,1,0,0.4,1,1.1,0.9
40,1,0.03659080065442052,0.009170519078006138,0,0,1,1,0,0.4,1,1.1,0.9
