BUS_I,BUS_TYPE,Pd,Qd,Gs,Bs,area,Vm,Va,baseKV,zone,Vmax,Vmin
1,1,0.01038732271512837,0.0026033084661945833,0,0,1,1,0,0.4,1,1.1,0.9
2,1,0.004375408006042576,0.0010965806124995734,0,0,1,1,0,0.4,1,1.1,0.9
3,1,0.0,0.0,0,0,1,1,0,0.4,1,1.1,0.9
4,1,0.0,0.0,0,0,1,1,0,0.4,1,1.1,0.9
5,1,0.007782321096845107,0.0019504335191737811,0,0,1,1,0,0.4,1,1.1,0.9
6,1,0.03281679637964874,0.008224664448337351,0,0,1,1,0,0.4,1,1.1,0.9
7,1,0.0,0.0,0,0,1,1,0,0.4,1,1.1,0.9
9,1,0.024256823780782547,0.006079333091243127,0,0,1,1,0,0.4,1,1.1,0.9
24,1,0.0,0.0,0,0,1,1,0,0.4,1,1.1,0.9
8,1,0.008908733345936228,0.0022327390395571398,0,0,1,1,0,0.4,1,1.1,0.9
19,1,0.0,0.0,0,0,1,1,0,0.4,1,1.1,0.9
18,1,0.0,0.0,0,0,1,1,0,0.4,1,1.1,0.9
25,1,0.011843679764785214,0.002968305948332306,0,0,1,1,0,0.4,1,1.1,0.9
22,1,0.0035028039006013193,0.0008778854089681693,0,0,1,1,0,0.4,1,1.1,0.9
10,1,0.017576758936698154,0.004405151029102509,0,0,1,1,0,0.4,1,1.1,0.9
11,1,0.0,0.0,0,0,1,1,0,0.4,1,1.1,0.9
12,1,0.01763794960664046,0.004420486856580067,0,0,1,1,0,0.4,1,1.1,0.9
13,1,0.014417191853781996,0.0036132888753941453,0,0,1,1,0,0.4,1,1.1,0.9
14,1,0.0,0.0,0,0,1,1,0,0.4,1,1.1,0.9
15,3,0.030044358338986554,0.0075298259782911655,0,0,1,1,0,0.4,1,1.1,0.9
16,1,0.004251854422435416,0.0010656151655740874,0,0,1,1,0,0.4,1,1.1,0.9
17,1,0.011773725288710388,0.0029507737039986847,0,0,1,1,0,0.4,1,1.1,0.9
20,1,0.0,0.0,0,0,1,1,0,0.4,1,1.1,0.9
26,1,0.012361440819334152,0.0030980691003724345,0,0,1,1,0,0.4,1,1.1,0.9
21,1,0.01275164029401725,0.0031958623069383322,0,0,1,1,0,0.4,1,1.1,0.9
