F_BUS,T_BUS,BR_R,BR_X,BR_B,RATE_A,RATE_B,RATE_C,TAP,SHIFT,BR_STATUS,ANGMIN,ANGMAX
1,2,1.4954147853169926,0.9570654626028753,5.022408093881105e-09,0,0,0,0,0,1,-90,90
1,3,0.6020552594418754,0.38531536604280026,2.0220257534391008e-09,0,0,0,0,0,1,-90,90
2,4,2.045921105996548,1.3093895078377906,3.435652376548186e-09,0,0,0,0,0,1,-90,90
3,5,0.8853720424265933,0.5666381071530198,1.4867780349773563e-09,0,0,0,0,0,1,-90,90
3,6,0.8546272240059316,0.5469614233637963,1.4351492071775482e-09,0,0,0,0,0,1,-90,90
4,13,1.901046888206541,1.2166700084521862,3.1923695592430908e-09,0,0,0,0,0,1,-90,90
5,11,0.4659902727090154,0.29823377453376987,7.825231301386103e-10,0,0,0,0,0,1,-90,90
6,17,3.512956275096738,2.248292016061912,5.899199406991374e-09,0,0,0,0,0,1,-90,90
13,14,1.9121082700147263,1.2237492928094247,3.210944597442664e-09,0,0,0,0,0,1,-90,90
17,18,0.17366840008529572,0.11114777605458927,2.9163600186515415e-10,0,0,0,0,0,1,-90,90
9,12,1.0098825142699988,0.6463248091327992,1.6958646401451383e-09,0,0,0,0,0,1,-90,90
9,7,1.2984174894102403,0.8309871932225539,2.1803925479673647e-09,0,0,0,0,0,1,-90,90
12,28,3.143341814456384,2.0117387612520856,5.278517213340965e-09,0,0,0,0,0,1,-90,90
7,8,1.3079456315210258,0.8370852041734566,2.196392863908709e-09,0,0,0,0,0,1,-90,90
14,15,1.5615312663024452,0.9993800104335651,2.622231419580139e-09,0,0,0,0,0,1,-90,90
18,19,1.9019265415216347,1.2172329865738463,3.1938467339951783e-09,0,0,0,0,0,1,-90,90
8,10,0.9101164748330763,0.5824745438931689,1.5283305991278005e-09,0,0,0,0,0,1,-90,90
28,27,1.314660939341839,0.841383001178777,2.2076696737554852e-09,0,0,0,0,0,1,-90,90
27,22,0.4085724070632999,0.2614863405205119,6.861030746517005e-10,0,0,0,0,0,1,-90,90
15,22,1.3157633913220723,0.8420885704461264,2.2095209874521953e-09,0,0,0,0,0,1,-90,90
15,21,4.591640624999999,2.938649999999999,7.710600853229121e-09,0,0,0,0,0,1,-90,90
21,20,2.4646208852031313,1.5773573665300042,4.1387620357012535e-09,0,0,0,0,0,1,-90,90
19,24,0.7450699164100295,0.47684474650241887,1.2511729907404336e-09,0,0,0,0,0,1,-90,90
24,23,1.104008889535679,0.7065656893028347,1.8539281666074078e-09,0,0,0,0,0,1,-90,90
23,25,2.443629596304182,1.5639229416346763,4.103512009988578e-09,0,0,0,0,0,1,-90,90
25,26,1.7888531759138284,1.14486603258485,3.0039661094998673e-09,0,0,0,0,0,1,-90,90
26,29,2.468285150705922,1.5797024964517898,4.144915324039728e-09,0,0,0,0,0,1,-90,90
