BUS_I,BUS_TYPE,Pd,Qd,Gs,Bs,area,Vm,Va,baseKV,zone,Vmax,Vmin
1,1,0.01923126653308746,0.004819809719429942,0,0,1,1,0,0.4,1,1.1,0.9
3,1,0.0,0.0,0,0,1,1,0,0.4,1,1.1,0.9
2,1,0.0,0.0,0,0,1,1,0,0.4,1,1.1,0.9
4,1,0.0,0.0,0,0,1,1,0,0.4,1,1.1,0.9
5,1,0.014063888898152226,0.00352474280815942,0,0,1,1,0,0.4,1,1.1,0.9
6,1,0.027384165319526924,0.006863118762274396,0,0,1,1,0,0.4,1,1.1,0.9
7,3,0.008006704311287517,0.0020066692536214194,0,0,1,1,0,0.4,1,1.1,0.9
8,1,0.0048903711336694715,0.0012256425379538235,0,0,1,1,0,0.4,1,1.1,0.9
9,1,0.0,0.0,0,0,1,1,0,0.4,1,1.1,0.9
10,1,0.00295355428693952,0.0007402304801175069,0,0,1,1,0,0.4,1,1.1,0.9
11,1,0.0,0.0,0,0,1,1,0,0.4,1,1.1,0.9
62,1,0.0033988895090305625,0.0008518420075302207,0,0,1,1,0,0.4,1,1.1,0.9
16,1,0.006291238319619793,0.0015767329493345374,0,0,1,1,0,0.4,1,1.1,0.9
12,1,0.005110969418456059,0.0012809296796131968,0,0,1,1,0,0.4,1,1.1,0.9
13,1,0.0018182006708431756,0.0004556840419286245,0,0,1,1,0,0.4,1,1.1,0.9
14,1,0.0018158456925576364,0.00045509382873542897,0,0,1,1,0,0.4,1,1.1,0.9
15,1,0.0,0.0,0,0,1,1,0,0.4,1,1.1,0.9
17,1,0.0018159055144884712,0.0004551088215245506,0,0,1,1,0,0.4,1,1.1,0.9
