F_BUS,T_BUS,BR_R,BR_X,BR_B,RATE_A,RATE_B,RATE_C,TAP,SHIFT,BR_STATUS,ANGMIN,ANGMAX
1,2,1.3564143475872472,0.8681051824558383,6.833354663403205e-09,0,0,0,0,0,1,-90,90
1,3,2.99208648811624,1.9149353523943935,5.024518796743681e-09,0,0,0,0,0,1,-90,90
2,6,1.1114209737881535,0.7113094232244185,5.59912515504478e-09,0,0,0,0,0,1,-90,90
3,4,1.1938839410351074,0.7640857222624687,2.0048525758484956e-09,0,0,0,0,0,1,-90,90
6,8,1.6656813827001629,1.0660360849281043,8.391382518523479e-09,0,0,0,0,0,1,-90,90
6,5,2.876400747683214,1.840896478517257,4.8302512915664155e-09,0,0,0,0,0,1,-90,90
4,15,4.259593345023685,2.726139740815159,7.153004070423894e-09,0,0,0,0,0,1,-90,90
8,18,2.3256249999999996,1.4883999999999997,3.905350521479667e-09,0,0,0,0,0,1,-90,90
8,9,2.2076950944423896,1.4129248604431295,1.11219433765315e-08,0,0,0,0,0,1,-90,90
9,10,1.1839498648966544,0.7577279135338589,1.988170587381857e-09,0,0,0,0,0,1,-90,90
15,16,1.9876694155300474,1.2721084259392301,3.3378321046899032e-09,0,0,0,0,0,1,-90,90
16,17,2.9479687499999994,1.8866999999999996,4.950433236277673e-09,0,0,0,0,0,1,-90,90
10,11,4.545095302114468,2.9088609933532603,7.632438724337554e-09,0,0,0,0,0,1,-90,90
11,14,0.041672843397320435,0.02667061977428508,6.99799239745298e-11,0,0,0,0,0,1,-90,90
14,12,1.1099391727086279,0.7103610705335219,1.8638867087120023e-09,0,0,0,0,0,1,-90,90
12,13,0.8746238443600908,0.5597592603904581,1.4687289166010134e-09,0,0,0,0,0,1,-90,90
