BUS_I,BUS_TYPE,Pd,Qd,Gs,Bs,area,Vm,Va,baseKV,zone,Vmax,Vmin
1,1,0.006730662689740286,0.0016868630776033754,0,0,1,1,0,0.4,1,1.1,0.9
2,1,0.0,0.0,0,0,1,1,0,0.4,1,1.1,0.9
3,1,0.004729511039932478,0.0011853271982476196,0,0,1,1,0,0.4,1,1.1,0.9
22,1,0.0,0.0,0,0,1,1,0,0.4,1,1.1,0.9
23,1,0.026204811392925388,0.006567544806794025,0,0,1,1,0,0.4,1,1.1,0.9
21,1,0.0033874915436467247,0.0008489854081354679,0,0,1,1,0,0.4,1,1.1,0.9
24,1,0.010384886031534693,0.0026026977757209334,0,0,1,1,0,0.4,1,1.1,0.9
25,1,0.017955443607567213,0.004500058353802813,0,0,1,1,0,0.4,1,1.1,0.9
12,1,0.0,0.0,0,0,1,1,0,0.4,1,1.1,0.9
4,1,0.005824322182170329,0.0014597127346978305,0,0,1,1,0,0.4,1,1.1,0.9
5,1,0.0,0.0,0,0,1,1,0,0.4,1,1.1,0.9
6,1,0.020647804941125062,0.005174827709288219,0,0,1,1,0,0.4,1,1.1,0.9
7,1,0.0,0.0,0,0,1,1,0,0.4,1,1.1,0.9
13,1,0.0,0.0,0,0,1,1,0,0.4,1,1.1,0.9
18,1,0.008809503869619205,0.002207869788559871,0,0,1,1,0,0.4,1,1.1,0.9
19,1,0.02253913291142785,0.005648839180046592,0,0,1,1,0,0.4,1,1.1,0.9
17,1,0.01157242249330257,0.002900322467821093,0,0,1,1,0,0.4,1,1.1,0.9
8,1,0.009429757242943643,0.0023633199369999065,0,0,1,1,0,0.4,1,1.1,0.9
9,1,0.0,0.0,0,0,1,1,0,0.4,1,1.1,0.9
11,1,0.013585152309158128,0.003404760109115102,0,0,1,1,0,0.4,1,1.1,0.9
14,1,0.0,0.0,0,0,1,1,0,0.4,1,1.1,0.9
15,1,0.0,0.0,0,0,1,1,0,0.4,1,1.1,0.9
16,3,0.011307095443305026,0.0028338252409116946,0,0,1,1,0,0.4,1,1.1,0.9
20,1,0.009172433803835705,0.002298828604059576,0,0,1,1,0,0.4,1,1.1,0.9
