BUS_I,BUS_TYPE,Pd,Qd,Gs,Bs,area,Vm,Va,baseKV,zone,Vmax,Vmin
1,1,0.0014450099199678275,0.00036215362336905244,0,0,1,1,0,0.4,1,1.1,0.9
2,1,0.0,0.0,0,0,1,1,0,0.4,1,1.1,0.9
5,1,0.0,0.0,0,0,1,1,0,0.4,1,1.1,0.9
3,1,0.0,0.0,0,0,1,1,0,0.4,1,1.1,0.9
23,1,0.005343040876609592,0.0013390922695646294,0,0,1,1,0,0.4,1,1.1,0.9
4,1,0.0,0.0,0,0,1,1,0,0.4,1,1.1,0.9
14,1,0.0,0.0,0,0,1,1,0,0.4,1,1.1,0.9
34,1,0.014014062806807974,0.003512255212559356,0,0,1,1,0,0.4,1,1.1,0.9
35,1,0.047923476420511604,0.012010755352126607,0,0,1,1,0,0.4,1,1.1,0.9
7,1,0.0,0.0,0,0,1,1,0,0.4,1,1.1,0.9
20,1,0.0050263536373713604,0.00125972296588025,0,0,1,1,0,0.4,1,1.1,0.9
9,1,0.0,0.0,0,0,1,1,0,0.4,1,1.1,0.9
18,3,0.0,0.0,0,0,1,1,0,0.4,1,1.1,0.9
27,1,0.03843988397611931,0.00963394304182184,0,0,1,1,0,0.4,1,1.1,0.9
10,1,0.0,0.0,0,0,1,1,0,0.4,1,1.1,0.9
11,1,0.0,0.0,0,0,1,1,0,0.4,1,1.1,0.9
31,1,0.05543829587735828,0.013894146640763485,0,0,1,1,0,0.4,1,1.1,0.9
21,1,0.0,0.0,0,0,1,1,0,0.4,1,1.1,0.9
12,1,0.0076728099236819565,0.001922987432048432,0,0,1,1,0,0.4,1,1.1,0.9
19,1,0.0,0.0,0,0,1,1,0,0.4,1,1.1,0.9
33,1,0.0037393712689784055,0.0009371747802345968,0,0,1,1,0,0.4,1,1.1,0.9
17,1,0.0,0.0,0,0,1,1,0,0.4,1,1.1,0.9
30,1,0.0,0.0,0,0,1,1,0,0.4,1,1.1,0.9
29,1,0.036086952224067735,0.009044242758266317,0,0,1,1,0,0.4,1,1.1,0.9
24,1,0.008508019833091528,0.002132310766640591,0,0,1,1,0,0.4,1,1.1,0.9
28,1,0.06042577797327877,0.015144127480041111,0,0,1,1,0,0.4,1,1.1,0.9
13,1,0.002847221838900722,0.0007135810566036464,0,0,1,1,0,0.4,1,1.1,0.9
15,1,0.0028455134427072598,0.0007131528921578092,0,0,1,1,0,0.4,1,1.1,0.9
32,1,0.015889997474056946,0.003982408757915612,0,0,1,1,0,0.4,1,1.1,0.9
16,1,0.005684858710452165,0.0014247598939509068,0,0,1,1,0,0.4,1,1.1,0.9
22,1,0.007977773625150685,0.001999418540206774,0,0,1,1,0,0.4,1,1.1,0.9
25,1,0.013136277587702668,0.003292261499543281,0,0,1,1,0,0.4,1,1.1,0.9
26,1,0.05496739632666352,0.013776128088661943,0,0,1,1,0,0.4,1,1.1,0.9
