BUS_I,BUS_TYPE,Pd,Qd,Gs,Bs,area,Vm,Va,baseKV,zone,Vmax,Vmin
1,1,0.03321355498098657,0.008324101526998052,0,0,1,1,0,0.4,1,1.1,0.9
2,1,0.0,0.0,0,0,1,1,0,0.4,1,1.1,0.9
3,1,0.07927862195132487,0.01986909556718949,0,0,1,1,0,0.4,1,1.1,0.9
4,1,0.0,0.0,0,0,1,1,0,0.4,1,1.1,0.9
16,1,0.0,0.0,0,0,1,1,0,0.4,1,1.1,0.9
23,1,0.08825189300820722,0.022118009281771423,0,0,1,1,0,0.4,1,1.1,0.9
21,1,0.0,0.0,0,0,1,1,0,0.4,1,1.1,0.9
15,1,0.0,0.0,0,0,1,1,0,0.4,1,1.1,0.9
24,1,0.0,0.0,0,0,1,1,0,0.4,1,1.1,0.9
5,1,0.016251940934280746,0.004073120339727936,0,0,1,1,0,0.4,1,1.1,0.9
6,1,0.0,0.0,0,0,1,1,0,0.4,1,1.1,0.9
7,1,0.0,0.0,0,0,1,1,0,0.4,1,1.1,0.9
18,1,0.00044319175898661656,0.00011107432492081474,0,0,1,1,0,0.4,1,1.1,0.9
19,1,0.0,0.0,0,0,1,1,0,0.4,1,1.1,0.9
17,1,0.0005546586838712228,0.00013901056963093057,0,0,1,1,0,0.4,1,1.1,0.9
8,1,0.0,0.0,0,0,1,1,0,0.4,1,1.1,0.9
30,1,0.036938071898258644,0.009257553455770586,0,0,1,1,0,0.4,1,1.1,0.9
28,1,0.07615240960719544,0.019085592899005216,0,0,1,1,0,0.4,1,1.1,0.9
9,1,0.0,0.0,0,0,1,1,0,0.4,1,1.1,0.9
35,3,0.004226511708470205,0.0010592636827491731,0,0,1,1,0,0.4,1,1.1,0.9
10,1,0.006017219924576006,0.0015080574660291432,0,0,1,1,0,0.4,1,1.1,0.9
11,1,0.0,0.0,0,0,1,1,0,0.4,1,1.1,0.9
12,1,0.0,0.0,0,0,1,1,0,0.4,1,1.1,0.9
13,1,0.002039718177906355,0.0005112015624065435,0,0,1,1,0,0.4,1,1.1,0.9
14,1,0.0,0.0,0,0,1,1,0,0.4,1,1.1,0.9
27,1,0.0,0.0,0,0,1,1,0,0.4,1,1.1,0.9
26,1,0.002800407416543054,0.0007018482564003536,0,0,1,1,0,0.4,1,1.1,0.9
22,1,0.02847212329161224,0.007135786732382667,0,0,1,1,0,0.4,1,1.1,0.9
20,1,0.03771827843227828,0.009453091645070844,0,0,1,1,0,0.4,1,1.1,0.9
33,1,0.0036883410415707667,0.0009243853996901126,0,0,1,1,0,0.4,1,1.1,0.9
31,1,0.0043541421340848084,0.0010912508825944808,0,0,1,1,0,0.4,1,1.1,0.9
25,1,0.017182397993287087,0.004306314860161374,0,0,1,1,0,0.4,1,1.1,0.9
32,1,0.004675654153813701,0.0011718293902521397,0,0,1,1,0,0.4,1,1.1,0.9
