BUS_I,BUS_TYPE,Pd,Qd,Gs,Bs,area,Vm,Va,baseKV,zone,Vmax,Vmin
1,1,0.00323561698991836,0.0008109220570329997,0,0,1,1,0,0.4,1,1.1,0.9
2,1,0.0004540276173725031,0.00011379004702246655,0,0,1,1,0,0.4,1,1.1,0.9
3,1,0.0,0.0,0,0,1,1,0,0.4,1,1.1,0.9
4,1,0.0015844433178310222,0.00039709892689744543,0,0,1,1,0,0.4,1,1.1,0.9
5,1,0.0032959199916911537,0.0008260354138966908,0,0,1,1,0,0.4,1,1.1,0.9
20,1,0.0016825681616454632,0.0004216913308933387,0,0,1,1,0,0.4,1,1.1,0.9
12,1,0.06394936888189232,0.01602722260429677,0,0,1,1,0,0.4,1,1.1,0.9
17,1,0.001408200963681997,0.00035292842933602915,0,0,1,1,0,0.4,1,1.1,0.9
13,1,0.007109062915884855,0.0017816991137358995,0,0,1,1,0,0.4,1,1.1,0.9
23,1,0.00035392331268202683,8.870154336755548e-05,0,0,1,1,0,0.4,1,1.1,0.9
22,1,0.0,0.0,0,0,1,1,0,0.4,1,1.1,0.9
7,3,0.05920356068183169,0.014837810952711165,0,0,1,1,0,0.4,1,1.1,0.9
8,1,0.021665467721792092,0.005429878043748618,0,0,1,1,0,0.4,1,1.1,0.9
9,1,0.0,0.0,0,0,1,1,0,0.4,1,1.1,0.9
11,1,0.0,0.0,0,0,1,1,0,0.4,1,1.1,0.9
14,1,0.0018588961660296818,0.00046588329442712585,0,0,1,1,0,0.4,1,1.1,0.9
15,1,0.002688894249938165,0.0006739004224227042,0,0,1,1,0,0.4,1,1.1,0.9
16,1,0.0,0.0,0,0,1,1,0,0.4,1,1.1,0.9
18,1,0.004052101631839796,0.0010155523972202938,0,0,1,1,0,0.4,1,1.1,0.9
19,1,0.0,0.0,0,0,1,1,0,0.4,1,1.1,0.9
21,1,0.007133531297395361,0.0017878314681921258,0,0,1,1,0,0.4,1,1.1,0.9
24,1,0.03555790297640906,0.008911650518356625,0,0,1,1,0,0.4,1,1.1,0.9
