BUS_I,BUS_TYPE,Pd,Qd,Gs,Bs,area,Vm,Va,baseKV,zone,Vmax,Vmin
1,1,0.0028511256009520194,0.0007145594315975561,0,0,1,1,0,0.4,1,1.1,0.9
2,1,0.005640670084332522,0.0014136851803176016,0,0,1,1,0,0.4,1,1.1,0.9
3,1,0.0,0.0,0,0,1,1,0,0.4,1,1.1,0.9
24,1,0.0,0.0,0,0,1,1,0,0.4,1,1.1,0.9
4,1,0.0,0.0,0,0,1,1,0,0.4,1,1.1,0.9
25,1,0.027292634953390252,0.006840179090174823,0,0,1,1,0,0.4,1,1.1,0.9
28,1,0.0028343668994914918,0.0007103593050980609,0,0,1,1,0,0.4,1,1.1,0.9
26,1,0.005492858983733941,0.00137664022656591,0,0,1,1,0,0.4,1,1.1,0.9
30,1,0.002845055276160726,0.0007130380647973595,0,0,1,1,0,0.4,1,1.1,0.9
27,1,0.003462120554197199,0.0008676892012415411,0,0,1,1,0,0.4,1,1.1,0.9
5,1,0.002482333234801603,0.0006221313521590473,0,0,1,1,0,0.4,1,1.1,0.9
7,1,0.0,0.0,0,0,1,1,0,0.4,1,1.1,0.9
9,1,0.0021648922242066054,0.0005425731355653013,0,0,1,1,0,0.4,1,1.1,0.9
38,1,0.024439735605004557,0.0061251751155667515,0,0,1,1,0,0.4,1,1.1,0.9
8,1,0.002991324042345923,0.0007496964731084036,0,0,1,1,0,0.4,1,1.1,0.9
19,1,0.003792653037260699,0.0009505284501134669,0,0,1,1,0,0.4,1,1.1,0.9
36,1,0.0025808696093906278,0.0006468268954891997,0,0,1,1,0,0.4,1,1.1,0.9
20,1,0.0027859723095819346,0.0006982304775758278,0,0,1,1,0,0.4,1,1.1,0.9
21,1,0.012277330441960041,0.003076989052749197,0,0,1,1,0,0.4,1,1.1,0.9
23,1,0.008593081595344085,0.00215362925379022,0,0,1,1,0,0.4,1,1.1,0.9
35,1,0.004104565431599012,0.0010287010648633032,0,0,1,1,0,0.4,1,1.1,0.9
10,1,0.00423702656418346,0.001061898953997583,0,0,1,1,0,0.4,1,1.1,0.9
11,1,0.0026277371316245006,0.0006585730037759197,0,0,1,1,0,0.4,1,1.1,0.9
12,1,0.0,0.0,0,0,1,1,0,0.4,1,1.1,0.9
13,1,0.003519771419062073,0.0008821378699410878,0,0,1,1,0,0.4,1,1.1,0.9
14,1,0.0017304435896597081,0.0004336900441797423,0,0,1,1,0,0.4,1,1.1,0.9
15,1,0.001391745677725838,0.00034880434592992384,0,0,1,1,0,0.4,1,1.1,0.9
37,1,0.0032250367405031303,0.0008082703965779911,0,0,1,1,0,0.4,1,1.1,0.9
16,1,0.002783458096458267,0.0006976003563703773,0,0,1,1,0,0.4,1,1.1,0.9
17,1,0.0017161538747621156,0.00043010870404112993,0,0,1,1,0,0.4,1,1.1,0.9
18,1,0.0019479664494442598,0.000488206411678678,0,0,1,1,0,0.4,1,1.1,0.9
34,1,0.0,0.0,0,0,1,1,0,0.4,1,1.1,0.9
33,1,0.006096253552171381,0.0015278651602228983,0,0,1,1,0,0.4,1,1.1,0.9
29,1,0.0028440627790392524,0.0007127893215716154,0,0,1,1,0,0.4,1,1.1,0.9
31,3,0.004884561748211377,0.0012241865687150498,0,0,1,1,0,0.4,1,1.1,0.9
32,1,0.0045837238877493025,0.0011487894937833015,0,0,1,1,0,0.4,1,1.1,0.9
