BUS_I,BUS_TYPE,Pd,Qd,Gs,Bs,area,Vm,Va,baseKV,zone,Vmax,Vmin
1,1,0.04174939802767279,0.010463385448270905,0,0,1,1,0,0.4,1,1.1,0.9
2,1,0.007514219918083071,0.0018832410300590027,0,0,1,1,0,0.4,1,1.1,0.9
4,1,0.0,0.0,0,0,1,1,0,0.4,1,1.1,0.9
3,3,0.0,0.0,0,0,1,1,0,0.4,1,1.1,0.9
5,1,0.03951784248468576,0.009904104910141423,0,0,1,1,0,0.4,1,1.1,0.9
10,1,0.0,0.0,0,0,1,1,0,0.4,1,1.1,0.9
9,1,0.0,0.0,0,0,1,1,0,0.4,1,1.1,0.9
13,1,0.0,0.0,0,0,1,1,0,0.4,1,1.1,0.9
6,1,0.0,0.0,0,0,1,1,0,0.4,1,1.1,0.9
8,1,0.0,0.0,0,0,1,1,0,0.4,1,1.1,0.9
27,1,0.0665843215535153,0.016687603992858777,0,0,1,1,0,0.4,1,1.1,0.9
7,1,0.0,0.0,0,0,1,1,0,0.4,1,1.1,0.9
12,1,0.0,0.0,0,0,1,1,0,0.4,1,1.1,0.9
36,1,0.04677062978886929,0.011721824750980723,0,0,1,1,0,0.4,1,1.1,0.9
11,1,0.0,0.0,0,0,1,1,0,0.4,1,1.1,0.9
35,1,0.05582432998620813,0.013990895908247494,0,0,1,1,0,0.4,1,1.1,0.9
19,1,0.0,0.0,0,0,1,1,0,0.4,1,1.1,0.9
41,1,0.006523224864312539,0.0016348742579666716,0,0,1,1,0,0.4,1,1.1,0.9
21,1,0.0,0.0,0,0,1,1,0,0.4,1,1.1,0.9
28,1,0.02874655756254299,0.007204566444010134,0,0,1,1,0,0.4,1,1.1,0.9
29,1,0.011333333437658036,0.002840401102152212,0,0,1,1,0,0.4,1,1.1,0.9
26,1,0.032746039026420856,0.008206930984021721,0,0,1,1,0,0.4,1,1.1,0.9
14,1,0.0,0.0,0,0,1,1,0,0.4,1,1.1,0.9
32,1,0.006002077341350668,0.0015042623769391348,0,0,1,1,0,0.4,1,1.1,0.9
30,1,0.0492171831123752,0.012334988812091796,0,0,1,1,0,0.4,1,1.1,0.9
16,1,0.0,0.0,0,0,1,1,0,0.4,1,1.1,0.9
18,1,0.0,0.0,0,0,1,1,0,0.4,1,1.1,0.9
43,1,0.007782518641155618,0.0019504830284448518,0,0,1,1,0,0.4,1,1.1,0.9
34,1,0.0038186245060227524,0.0009570375137443955,0,0,1,1,0,0.4,1,1.1,0.9
33,1,0.005784524991996997,0.0014497386186575058,0,0,1,1,0,0.4,1,1.1,0.9
20,1,0.0,0.0,0,0,1,1,0,0.4,1,1.1,0.9
39,1,0.0,0.0,0,0,1,1,0,0.4,1,1.1,0.9
37,1,0.011124174002236475,0.0027879808063791347,0,0,1,1,0,0.4,1,1.1,0.9
22,1,0.0,0.0,0,0,1,1,0,0.4,1,1.1,0.9
38,1,0.020383088974316545,0.005108483634262436,0,0,1,1,0,0.4,1,1.1,0.9
40,1,0.03034140111136004,0.007604271914491411,0,0,1,1,0,0.4,1,1.1,0.9
23,1,0.0,0.0,0,0,1,1,0,0.4,1,1.1,0.9
24,1,0.0,0.0,0,0,1,1,0,0.4,1,1.1,0.9
25,1,0.0,0.0,0,0,1,1,0,0.4,1,1.1,0.9
42,1,0.01079283464898675,0.0027049393367767544,0,0,1,1,0,0.4,1,1.1,0.9
31,1,0.008986104457283168,0.002252130067903166,0,0,1,1,0,0.4,1,1.1,0.9
44,1,0.009687812259317584,0.002427994620486137,0,0,1,1,0,0.4,1,1.1,0.9
