BUS_I,BUS_TYPE,Pd,Qd,Gs,Bs,area,Vm,Va,baseKV,zone,Vmax,Vmin
1,1,0.016415764864194316,0.004114178486798703,0,0,1,1,0,0.4,1,1.1,0.9
2,1,0.026798746033712545,0.006716398859097177,0,0,1,1,0,0.4,1,1.1,0.9
3,1,0.03466284852061231,0.008687328726651122,0,0,1,1,0,0.4,1,1.1,0.9
4,1,0.02248252638589898,0.00563465224745649,0,0,1,1,0,0.4,1,1.1,0.9
5,1,0.02850637197103497,0.007144370260548912,0,0,1,1,0,0.4,1,1.1,0.9
13,1,0.0,0.0,0,0,1,1,0,0.4,1,1.1,0.9
15,1,0.0,0.0,0,0,1,1,0,0.4,1,1.1,0.9
12,1,0.0,0.0,0,0,1,1,0,0.4,1,1.1,0.9
6,1,0.018261660654633236,0.004576803579977316,0,0,1,1,0,0.4,1,1.1,0.9
7,1,0.04234564214774933,0.010612818310643932,0,0,1,1,0,0.4,1,1.1,0.9
8,1,0.05919979918794731,0.014836868233480877,0,0,1,1,0,0.4,1,1.1,0.9
9,1,0.0,0.0,0,0,1,1,0,0.4,1,1.1,0.9
10,1,0.02067415274045295,0.005181431090249512,0,0,1,1,0,0.4,1,1.1,0.9
11,1,0.0,0.0,0,0,1,1,0,0.4,1,1.1,0.9
21,1,0.0,0.0,0,0,1,1,0,0.4,1,1.1,0.9
22,1,0.005749872441642124,0.0014410538708944766,0,0,1,1,0,0.4,1,1.1,0.9
16,1,0.047330754930628105,0.011862205344099817,0,0,1,1,0,0.4,1,1.1,0.9
23,3,0.018523009143301506,0.004642303685426659,0,0,1,1,0,0.4,1,1.1,0.9
24,1,0.02665836893015725,0.006681217040627908,0,0,1,1,0,0.4,1,1.1,0.9
18,1,0.0,0.0,0,0,1,1,0,0.4,1,1.1,0.9
19,1,0.06678339462848193,0.016737496408418102,0,0,1,1,0,0.4,1,1.1,0.9
20,1,0.03652922667334523,0.009155087183703179,0,0,1,1,0,0.4,1,1.1,0.9
