F_BUS,T_BUS,BR_R,BR_X,BR_B,RATE_A,RATE_B,RATE_C,TAP,SHIFT,BR_STATUS,ANGMIN,ANGMAX
1,2,3.254408226665393,2.0828212650658515,5.465027622731701e-09,0,0,0,0,0,1,-90,90
2,4,3.1335853635753668,2.005494632688235,5.26213350550502e-09,0,0,0,0,0,1,-90,90
4,11,4.08820123234345,2.616448788699808,6.865190567974763e-09,0,0,0,0,0,1,-90,90
4,12,0.6003336155549446,0.38421351395516457,2.0162435462030867e-09,0,0,0,0,0,1,-90,90
11,28,0.3008427000713044,0.19253932804563484,5.051958916879633e-10,0,0,0,0,0,1,-90,90
12,16,1.562366558483087,0.9999145974291759,7.870902300131341e-09,0,0,0,0,0,1,-90,90
6,27,2.4277343749999996,1.5537499999999997,4.076819653822246e-09,0,0,0,0,0,1,-90,90
6,9,9.444996064951562,6.044797481569001,1.5860691344319048e-08,0,0,0,0,0,1,-90,90
6,25,2.970029763804528,1.900819048834898,4.9874796181173425e-09,0,0,0,0,0,1,-90,90
9,22,4.45489400796902,2.8511321651001724,7.480966465856901e-09,0,0,0,0,0,1,-90,90
25,26,0.9216622982326858,0.5898638708689189,1.5477191451894299e-09,0,0,0,0,0,1,-90,90
7,20,1.9972604971256358,1.278246718160407,3.353938112971928e-09,0,0,0,0,0,1,-90,90
7,18,1.9799442291034348,1.2671643066261982,3.324859436766356e-09,0,0,0,0,0,1,-90,90
20,24,2.0190580124759716,1.2921971279846218,3.39054200996323e-09,0,0,0,0,0,1,-90,90
18,19,3.23452548174183,2.0700963083147714,5.431639140815793e-09,0,0,0,0,0,1,-90,90
8,21,1.3474999999999997,0.8623999999999998,2.2628152981215163e-09,0,0,0,0,0,1,-90,90
8,14,1.042607034427514,0.6672685020336091,1.7508179201719373e-09,0,0,0,0,0,1,-90,90
21,30,0.5202343749999999,0.3329499999999999,8.736135824554253e-10,0,0,0,0,0,1,-90,90
14,13,0.8038725722670734,0.514478446250927,1.3499184818302249e-09,0,0,0,0,0,1,-90,90
22,23,1.557147130573267,0.9965741635668908,2.6148692753151842e-09,0,0,0,0,0,1,-90,90
16,19,0.9889915649389618,0.6329546015609355,1.6607831115822058e-09,0,0,0,0,0,1,-90,90
16,15,1.0389843749999998,0.6649499999999999,5.234203498907359e-09,0,0,0,0,0,1,-90,90
24,23,0.06922565934737578,0.0443044219823205,1.1624852021802645e-10,0,0,0,0,0,1,-90,90
13,15,0.9272918460687021,0.5934667814839694,3.1143453433879056e-09,0,0,0,0,0,1,-90,90
15,17,1.1008637394427314,0.7045527932433481,1.8486466128076227e-09,0,0,0,0,0,1,-90,90
