BUS_I,BUS_TYPE,Pd,Qd,Gs,Bs,area,Vm,Va,baseKV,zone,Vmax,Vmin
1,1,0.0030293135439955344,0.0007592175396992113,0,0,1,1,0,0.4,1,1.1,0.9
3,1,0.0,0.0,0,0,1,1,0,0.4,1,1.1,0.9
5,1,0.0,0.0,0,0,1,1,0,0.4,1,1.1,0.9
6,1,0.008461591811882198,0.002120674807693549,0,0,1,1,0,0.4,1,1.1,0.9
4,1,0.0,0.0,0,0,1,1,0,0.4,1,1.1,0.9
28,1,0.0026931912894193116,0.0006749773620314591,0,0,1,1,0,0.4,1,1.1,0.9
19,1,0.0,0.0,0,0,1,1,0,0.4,1,1.1,0.9
26,1,0.010295052982906573,0.0025801834914870323,0,0,1,1,0,0.4,1,1.1,0.9
17,1,0.005633350070918505,0.0014118506120254647,0,0,1,1,0,0.4,1,1.1,0.9
16,1,0.004738664595351545,0.0011876212954824664,0,0,1,1,0,0.4,1,1.1,0.9
7,1,0.002459312250521682,0.0006163617496426293,0,0,1,1,0,0.4,1,1.1,0.9
29,1,0.0,0.0,0,0,1,1,0,0.4,1,1.1,0.9
31,1,0.007972975209188686,0.0019982159438072223,0,0,1,1,0,0.4,1,1.1,0.9
18,1,0.005666732466789646,0.0014202170290682921,0,0,1,1,0,0.4,1,1.1,0.9
27,1,0.0,0.0,0,0,1,1,0,0.4,1,1.1,0.9
23,3,0.0,0.0,0,0,1,1,0,0.4,1,1.1,0.9
8,1,0.013095248072562763,0.0032819785337534525,0,0,1,1,0,0.4,1,1.1,0.9
10,1,0.0020783225974199417,0.0005208767419411004,0,0,1,1,0,0.4,1,1.1,0.9
11,1,0.0017677571496132638,0.0004430417038128329,0,0,1,1,0,0.4,1,1.1,0.9
12,1,0.006300344262983925,0.0015790151138636137,0,0,1,1,0,0.4,1,1.1,0.9
13,1,0.005514362630368965,0.001382029548422396,0,0,1,1,0,0.4,1,1.1,0.9
14,1,0.006887583980270098,0.0017261912601741806,0,0,1,1,0,0.4,1,1.1,0.9
15,1,0.005017229828381514,0.001257436323803306,0,0,1,1,0,0.4,1,1.1,0.9
24,1,0.006601906511108866,0.0016545937374568662,0,0,1,1,0,0.4,1,1.1,0.9
25,1,0.008984219775165255,0.0022516577220400204,0,0,1,1,0,0.4,1,1.1,0.9
21,1,0.0027656499417737985,0.0006931372121003086,0,0,1,1,0,0.4,1,1.1,0.9
20,1,0.007506096101143155,0.0018812050096139368,0,0,1,1,0,0.4,1,1.1,0.9
22,1,0.011935398018077152,0.0029912927093917008,0,0,1,1,0,0.4,1,1.1,0.9
30,1,0.008525497889637372,0.0021366911805187653,0,0,1,1,0,0.4,1,1.1,0.9
