BUS_I,BUS_TYPE,Pd,Qd,Gs,Bs,area,Vm,Va,baseKV,zone,Vmax,Vmin
1,1,0.003316683788753212,0.0008312393119717237,0,0,1,1,0,0.4,1,1.1,0.9
2,1,0.00012678140199544216,3.1774414468711784e-05,0,0,1,1,0,0.4,1,1.1,0.9
3,1,0.0,0.0,0,0,1,1,0,0.4,1,1.1,0.9
6,1,0.0,0.0,0,0,1,1,0,0.4,1,1.1,0.9
4,1,0.0001342904716032528,3.3656364709343764e-05,0,0,1,1,0,0.4,1,1.1,0.9
12,1,0.0,0.0,0,0,1,1,0,0.4,1,1.1,0.9
31,1,0.013865377303966139,0.0034749911129483176,0,0,1,1,0,0.4,1,1.1,0.9
38,1,0.02752835062806235,0.0068992550068780675,0,0,1,1,0,0.4,1,1.1,0.9
7,1,0.0,0.0,0,0,1,1,0,0.4,1,1.1,0.9
35,1,0.0012898673571552373,0.0003232712319854754,0,0,1,1,0,0.4,1,1.1,0.9
33,1,0.003053466828562453,0.000765270923417413,0,0,1,1,0,0.4,1,1.1,0.9
9,1,0.0,0.0,0,0,1,1,0,0.4,1,1.1,0.9
52,1,0.02059024030794241,0.005160400652285404,0,0,1,1,0,0.4,1,1.1,0.9
15,3,0.0,0.0,0,0,1,1,0,0.4,1,1.1,0.9
49,1,0.010053385914806113,0.0025196160149928187,0,0,1,1,0,0.4,1,1.1,0.9
55,1,0.042225297483731036,0.010582657094776066,0,0,1,1,0,0.4,1,1.1,0.9
13,1,0.0,0.0,0,0,1,1,0,0.4,1,1.1,0.9
53,1,0.00020161739514379333,5.053008230364289e-05,0,0,1,1,0,0.4,1,1.1,0.9
56,1,0.010657236001925096,0.0026709551123927358,0,0,1,1,0,0.4,1,1.1,0.9
57,1,0.08680949360942057,0.021756509916682248,0,0,1,1,0,0.4,1,1.1,0.9
5,1,0.0005998709216193675,0.00015034182452050132,0,0,1,1,0,0.4,1,1.1,0.9
23,1,0.004726070390144043,0.001184464890127511,0,0,1,1,0,0.4,1,1.1,0.9
34,1,0.0013026123238058028,0.0003264654217197042,0,0,1,1,0,0.4,1,1.1,0.9
50,1,0.03000217544629227,0.007519253948838411,0,0,1,1,0,0.4,1,1.1,0.9
26,1,0.0,0.0,0,0,1,1,0,0.4,1,1.1,0.9
29,1,0.0,0.0,0,0,1,1,0,0.4,1,1.1,0.9
24,1,0.002772578213798322,0.0006948736007456013,0,0,1,1,0,0.4,1,1.1,0.9
39,1,0.07883113824043744,0.019756945577727742,0,0,1,1,0,0.4,1,1.1,0.9
19,1,0.0019032736719266344,0.0004770053457947875,0,0,1,1,0,0.4,1,1.1,0.9
20,1,0.0014490052536648517,0.0003631549483807022,0,0,1,1,0,0.4,1,1.1,0.9
21,1,0.002120082157673288,0.0005313426742832012,0,0,1,1,0,0.4,1,1.1,0.9
25,1,0.001811166619533938,0.0004539211424956151,0,0,1,1,0,0.4,1,1.1,0.9
37,1,0.0874831613701675,0.02192534697249073,0,0,1,1,0,0.4,1,1.1,0.9
36,1,0.002018326423060213,0.0005058402832757227,0,0,1,1,0,0.4,1,1.1,0.9
51,1,0.08159576296402929,0.020449825845931534,0,0,1,1,0,0.4,1,1.1,0.9
