BUS_I,BUS_TYPE,Pd,Qd,Gs,Bs,area,Vm,Va,baseKV,zone,Vmax,Vmin
1,1,0.060079938820066785,0.01505745201801979,0,0,1,1,0,0.4,1,1.1,0.9
2,1,0.021030299961149846,0.0052706899975039825,0,0,1,1,0,0.4,1,1.1,0.9
3,1,0.020910732454174963,0.005240723555551029,0,0,1,1,0,0.4,1,1.1,0.9
4,1,0.02118079655969669,0.0053084080004846615,0,0,1,1,0,0.4,1,1.1,0.9
5,1,0.009150659043933255,0.0022933713348133973,0,0,1,1,0,0.4,1,1.1,0.9
9,1,0.0,0.0,0,0,1,1,0,0.4,1,1.1,0.9
24,1,0.0,0.0,0,0,1,1,0,0.4,1,1.1,0.9
28,1,0.03915589375823788,0.009813392008488932,0,0,1,1,0,0.4,1,1.1,0.9
25,1,0.023665076567709418,0.005931027260001675,0,0,1,1,0,0.4,1,1.1,0.9
12,1,0.0,0.0,0,0,1,1,0,0.4,1,1.1,0.9
23,1,0.019194743896726634,0.0048106562839342485,0,0,1,1,0,0.4,1,1.1,0.9
6,1,0.014912129588579699,0.0037373319643184415,0,0,1,1,0,0.4,1,1.1,0.9
8,1,0.0,0.0,0,0,1,1,0,0.4,1,1.1,0.9
17,1,0.06334667837028278,0.01587617412391374,0,0,1,1,0,0.4,1,1.1,0.9
18,1,0.0,0.0,0,0,1,1,0,0.4,1,1.1,0.9
11,1,0.0,0.0,0,0,1,1,0,0.4,1,1.1,0.9
15,1,0.0,0.0,0,0,1,1,0,0.4,1,1.1,0.9
27,1,0.019695909808353194,0.0049362603011085075,0,0,1,1,0,0.4,1,1.1,0.9
29,1,0.05778084417287956,0.014481244584810067,0,0,1,1,0,0.4,1,1.1,0.9
21,3,0.057359745838361356,0.014375707394003906,0,0,1,1,0,0.4,1,1.1,0.9
19,1,0.014679515194247168,0.0036790333017340357,0,0,1,1,0,0.4,1,1.1,0.9
20,1,0.019359902371818016,0.004852048899554343,0,0,1,1,0,0.4,1,1.1,0.9
26,1,0.019492316621795167,0.004885235038799662,0,0,1,1,0,0.4,1,1.1,0.9
