BUS_I,BUS_TYPE,Pd,Qd,Gs,Bs,area,Vm,Va,baseKV,zone,Vmax,Vmin
1,1,0.008207692582603432,0.0020570416626311525,0,0,1,1,0,0.4,1,1.1,0.9
2,1,0.0,0.0,0,0,1,1,0,0.4,1,1.1,0.9
3,1,0.0,0.0,0,0,1,1,0,0.4,1,1.1,0.9
4,1,0.0,0.0,0,0,1,1,0,0.4,1,1.1,0.9
22,1,0.0,0.0,0,0,1,1,0,0.4,1,1.1,0.9
5,1,0.0,0.0,0,0,1,1,0,0.4,1,1.1,0.9
41,1,0.024350891967254318,0.00610290880107304,0,0,1,1,0,0.4,1,1.1,0.9
10,1,0.0,0.0,0,0,1,1,0,0.4,1,1.1,0.9
35,1,0.014503891280274872,0.003635017799891157,0,0,1,1,0,0.4,1,1.1,0.9
6,1,0.0,0.0,0,0,1,1,0,0.4,1,1.1,0.9
42,1,0.00972602937019457,0.002437572731326446,0,0,1,1,0,0.4,1,1.1,0.9
38,1,0.0,0.0,0,0,1,1,0,0.4,1,1.1,0.9
7,1,0.0,0.0,0,0,1,1,0,0.4,1,1.1,0.9
8,1,0.0,0.0,0,0,1,1,0,0.4,1,1.1,0.9
30,1,0.016459903460261688,0.004125240661718982,0,0,1,1,0,0.4,1,1.1,0.9
39,1,0.0,0.0,0,0,1,1,0,0.4,1,1.1,0.9
40,1,0.014300349634695479,0.0035840054549691803,0,0,1,1,0,0.4,1,1.1,0.9
32,1,0.0029926986109760196,0.000750040972480401,0,0,1,1,0,0.4,1,1.1,0.9
13,1,0.0,0.0,0,0,1,1,0,0.4,1,1.1,0.9
21,1,0.0,0.0,0,0,1,1,0,0.4,1,1.1,0.9
16,1,0.0,0.0,0,0,1,1,0,0.4,1,1.1,0.9
25,1,0.012102907863099463,0.00303327463386608,0,0,1,1,0,0.4,1,1.1,0.9
14,1,0.0,0.0,0,0,1,1,0,0.4,1,1.1,0.9
29,1,0.012870032883255882,0.0032255342867499094,0,0,1,1,0,0.4,1,1.1,0.9
27,1,0.01077309276990119,0.0026999915554887836,0,0,1,1,0,0.4,1,1.1,0.9
18,1,0.0,0.0,0,0,1,1,0,0.4,1,1.1,0.9
19,1,0.0,0.0,0,0,1,1,0,0.4,1,1.1,0.9
28,1,0.04236455801993728,0.010617559075089482,0,0,1,1,0,0.4,1,1.1,0.9
23,1,0.038388711786795204,0.009621118082267332,0,0,1,1,0,0.4,1,1.1,0.9
43,1,0.019213320762190057,0.004815312085285818,0,0,1,1,0,0.4,1,1.1,0.9
36,3,0.015878443666052643,0.0039795131006784895,0,0,1,1,0,0.4,1,1.1,0.9
31,1,0.01705286046687575,0.0042738496958023816,0,0,1,1,0,0.4,1,1.1,0.9
37,1,0.016629174898132898,0.004167664082977788,0,0,1,1,0,0.4,1,1.1,0.9
33,1,0.015354259993937226,0.0038481402889460133,0,0,1,1,0,0.4,1,1.1,0.9
24,1,0.01711204928765232,0.004288683812586613,0,0,1,1,0,0.4,1,1.1,0.9
26,1,0.07764544198883501,0.019459782085768818,0,0,1,1,0,0.4,1,1.1,0.9
34,1,0.03414290603837048,0.008557018857296336,0,0,1,1,0,0.4,1,1.1,0.9
