BUS_I,BUS_TYPE,Pd,Qd,Gs,Bs,area,Vm,Va,baseKV,zone,Vmax,Vmin
1,1,0.005473521771340134,0.0013717938643108814,0,0,1,1,0,0.4,1,1.1,0.9
2,3,0.08971151806054363,0.022483825802585095,0,0,1,1,0,0.4,1,1.1,0.9
4,1,0.0,0.0,0,0,1,1,0,0.4,1,1.1,0.9
10,1,0.002784040604704323,0.0006977463466982196,0,0,1,1,0,0.4,1,1.1,0.9
7,1,0.0,0.0,0,0,1,1,0,0.4,1,1.1,0.9
12,1,0.0,0.0,0,0,1,1,0,0.4,1,1.1,0.9
11,1,0.006342036481251411,0.0015894641687131468,0,0,1,1,0,0.4,1,1.1,0.9
8,1,0.0,0.0,0,0,1,1,0,0.4,1,1.1,0.9
9,1,0.0,0.0,0,0,1,1,0,0.4,1,1.1,0.9
17,1,0.004633350234894127,0.001161227028768161,0,0,1,1,0,0.4,1,1.1,0.9
15,1,0.014791007244718431,0.0037069758435097438,0,0,1,1,0,0.4,1,1.1,0.9
16,1,0.06997055353660615,0.01753627372536264,0,0,1,1,0,0.4,1,1.1,0.9
13,1,0.01240050176470383,0.003107858696071656,0,0,1,1,0,0.4,1,1.1,0.9
14,1,0.0,0.0,0,0,1,1,0,0.4,1,1.1,0.9
19,1,0.0005259542268196051,0.00013181655456955568,0,0,1,1,0,0.4,1,1.1,0.9
