BUS_I,BUS_TYPE,Pd,Qd,Gs,Bs,area,Vm,Va,baseKV,zone,Vmax,Vmin
3,1,0.007168508621533094,0.0017965976119377106,0,0,1,1,0,0.4,1,1.1,0.9
5,1,0.005714520544743,0.0014321938503658478,0,0,1,1,0,0.4,1,1.1,0.9
46,1,0.003331932939407027,0.0008350611093768949,0,0,1,1,0,0.4,1,1.1,0.9
7,1,0.05120081360669996,0.012832133475957531,0,0,1,1,0,0.4,1,1.1,0.9
18,1,0.033083116032970546,0.008291410445089421,0,0,1,1,0,0.4,1,1.1,0.9
17,1,0.05661947310134297,0.014190177557642297,0,0,1,1,0,0.4,1,1.1,0.9
20,3,0.016038826803940726,0.004019708903981183,0,0,1,1,0,0.4,1,1.1,0.9
72,1,0.060119370322779545,0.015067334484143364,0,0,1,1,0,0.4,1,1.1,0.9
45,1,0.010496130962046152,0.002630578383396665,0,0,1,1,0,0.4,1,1.1,0.9
66,1,0.0038604209314361954,0.0009675126853665321,0,0,1,1,0,0.4,1,1.1,0.9
67,1,0.0010686650420048893,0.000267832706047117,0,0,1,1,0,0.4,1,1.1,0.9
68,1,0.0,0.0,0,0,1,1,0,0.4,1,1.1,0.9
83,1,0.004359337163120791,0.0010925528796001001,0,0,1,1,0,0.4,1,1.1,0.9
69,1,0.0018793209655233551,0.0004710022317029231,0,0,1,1,0,0.4,1,1.1,0.9
70,1,0.0,0.0,0,0,1,1,0,0.4,1,1.1,0.9
84,1,0.0181571913868431,0.004550621113450199,0,0,1,1,0,0.4,1,1.1,0.9
85,1,0.0012795853238116435,0.00032069431152318074,0,0,1,1,0,0.4,1,1.1,0.9
86,1,0.01716431463904892,0.004301782744381737,0,0,1,1,0,0.4,1,1.1,0.9
