BUS_I,BUS_TYPE,Pd,Qd,Gs,Bs,area,Vm,Va,baseKV,zone,Vmax,Vmin
1,1,0.02226765073379634,0.005580799332741211,0,0,1,1,0,0.4,1,1.1,0.9
3,1,0.0,0.0,0,0,1,1,0,0.4,1,1.1,0.9
4,1,0.0,0.0,0,0,1,1,0,0.4,1,1.1,0.9
5,1,0.003269134585043632,0.0008193223582029074,0,0,1,1,0,0.4,1,1.1,0.9
9,1,0.0054873417697597765,0.0013752574824033713,0,0,1,1,0,0.4,1,1.1,0.9
11,1,0.015077877789396678,0.0037788723791372593,0,0,1,1,0,0.4,1,1.1,0.9
10,1,0.0032833694480449696,0.0008228899511604778,0,0,1,1,0,0.4,1,1.1,0.9
12,3,0.0,0.0,0,0,1,1,0,0.4,1,1.1,0.9
6,1,0.010885697828315328,0.002728213043349069,0,0,1,1,0,0.4,1,1.1,0.9
7,1,0.00719463006521397,0.0018031442628263568,0,0,1,1,0,0.4,1,1.1,0.9
8,1,0.013388123097048083,0.0033553799338725742,0,0,1,1,0,0.4,1,1.1,0.9
18,1,0.0,0.0,0,0,1,1,0,0.4,1,1.1,0.9
16,1,0.0,0.0,0,0,1,1,0,0.4,1,1.1,0.9
24,1,0.002969229213351495,0.0007441589869863499,0,0,1,1,0,0.4,1,1.1,0.9
15,1,0.0,0.0,0,0,1,1,0,0.4,1,1.1,0.9
17,1,0.0237075928147265,0.005941682835923004,0,0,1,1,0,0.4,1,1.1,0.9
13,1,0.01761829212923829,0.004415560228347888,0,0,1,1,0,0.4,1,1.1,0.9
14,1,0.0,0.0,0,0,1,1,0,0.4,1,1.1,0.9
21,1,0.0015074138264970572,0.000377793516597223,0,0,1,1,0,0.4,1,1.1,0.9
19,1,0.008911251307310986,0.002233370100162864,0,0,1,1,0,0.4,1,1.1,0.9
20,1,0.0,0.0,0,0,1,1,0,0.4,1,1.1,0.9
22,1,0.009240332631401693,0.0023158456543135152,0,0,1,1,0,0.4,1,1.1,0.9
23,1,0.0010564569844625268,0.0002647730784195344,0,0,1,1,0,0.4,1,1.1,0.9
