F_BUS,T_BUS,BR_R,BR_X,BR_B,RATE_A,RATE_B,RATE_C,TAP,SHIFT,BR_STATUS,ANGMIN,ANGMAX
198,115,0.1464932774025783,0.09175871223060975,1.1778712749858769e-05,0,0,0,0,0,1,-90,90
115,113,0.02548398318660412,0.0159623535029748,2.0490258870538274e-06,0,0,0,0,0,1,-90,90
201,116,0.029122563763063703,0.018241444215961772,2.341583990655779e-06,0,0,0,0,0,1,-90,90
116,114,0.00580691625,0.001722501,1.246261009219641e-05,0,0,0,0,0,1,-90,90
110,111,0.00121585125,0.000360657,2.6094194244422966e-06,0,0,0,0,0,1,-90,90
110,112,0.0051275125,0.00152097,1.1004496410700474e-05,0,0,0,0,0,1,-90,90
111,113,0.044666912566373715,0.013249511143283889,9.586263885533801e-05,0,0,0,0,0,1,-90,90
112,114,0.03141187112326107,0.00931767862532688,6.741511074411077e-05,0,0,0,0,0,1,-90,90
