BUS_I,BUS_TYPE,Pd,Qd,Gs,Bs,area,Vm,Va,baseKV,zone,Vmax,Vmin
1,1,0.0028799366607882093,0.0007217801638351667,0,0,1,1,0,0.4,1,1.1,0.9
7,1,0.007434292777592779,0.0018632094004251167,0,0,1,1,0,0.4,1,1.1,0.9
5,1,0.003757296873163621,0.0009416673601242212,0,0,1,1,0,0.4,1,1.1,0.9
3,1,0.0,0.0,0,0,1,1,0,0.4,1,1.1,0.9
14,1,0.0,0.0,0,0,1,1,0,0.4,1,1.1,0.9
6,1,0.003828924298048738,0.0009596188849520351,0,0,1,1,0,0.4,1,1.1,0.9
18,1,0.0,0.0,0,0,1,1,0,0.4,1,1.1,0.9
31,1,0.0034507780371007646,0.0008648464984975415,0,0,1,1,0,0.4,1,1.1,0.9
4,1,0.005357278814752846,0.0013426606332254123,0,0,1,1,0,0.4,1,1.1,0.9
8,1,0.020040055394263744,0.005022511315154657,0,0,1,1,0,0.4,1,1.1,0.9
9,1,0.0073190525955208795,0.0018343274883231037,0,0,1,1,0,0.4,1,1.1,0.9
10,3,0.0,0.0,0,0,1,1,0,0.4,1,1.1,0.9
11,1,0.0,0.0,0,0,1,1,0,0.4,1,1.1,0.9
12,1,0.007120619133115568,0.0017845953747820768,0,0,1,1,0,0.4,1,1.1,0.9
13,1,0.004399895659305525,0.0011027177969122445,0,0,1,1,0,0.4,1,1.1,0.9
20,1,0.004233867687671316,0.0010611072649172244,0,0,1,1,0,0.4,1,1.1,0.9
23,1,0.0056440752786578565,0.0014145386024610447,0,0,1,1,0,0.4,1,1.1,0.9
15,1,0.014362750466015987,0.0035996445774773957,0,0,1,1,0,0.4,1,1.1,0.9
26,1,0.00496268067974218,0.00124376501846592,0,0,1,1,0,0.4,1,1.1,0.9
19,1,0.005964754629221777,0.0014949084235546912,0,0,1,1,0,0.4,1,1.1,0.9
22,1,0.006477212079177685,0.0016233423669895768,0,0,1,1,0,0.4,1,1.1,0.9
16,1,0.0,0.0,0,0,1,1,0,0.4,1,1.1,0.9
34,1,0.002861937955493685,0.0007172692630805831,0,0,1,1,0,0.4,1,1.1,0.9
32,1,0.004966698069916295,0.0012447718713517986,0,0,1,1,0,0.4,1,1.1,0.9
17,1,0.004554471793939354,0.0011414582280127247,0,0,1,1,0,0.4,1,1.1,0.9
27,1,0.005675507724752355,0.001422416316023543,0,0,1,1,0,0.4,1,1.1,0.9
28,1,0.004548510126612844,0.0011399640933401648,0,0,1,1,0,0.4,1,1.1,0.9
33,1,0.00420664515234103,0.0010542846544486575,0,0,1,1,0,0.4,1,1.1,0.9
21,1,0.004100458882894625,0.0010276718667434257,0,0,1,1,0,0.4,1,1.1,0.9
24,1,0.0027797589762489938,0.00069667326945661,0,0,1,1,0,0.4,1,1.1,0.9
25,1,0.004767603415985734,0.001194874047594322,0,0,1,1,0,0.4,1,1.1,0.9
29,1,0.0,0.0,0,0,1,1,0,0.4,1,1.1,0.9
30,1,0.004589449139880853,0.0011502243772228483,0,0,1,1,0,0.4,1,1.1,0.9
