F_BUS,T_BUS,BR_R,BR_X,BR_B,RATE_A,RATE_B,RATE_C,TAP,SHIFT,BR_STATUS,ANGMIN,ANGMAX
1,2,0.8863043768244352,0.5672348011676386,1.4883436754511236e-09,0,0,0,0,0,1,-90,90
2,4,1.7254196900728533,1.1042686016466263,2.8974442080719394e-09,0,0,0,0,0,1,-90,90
4,16,2.8467552451745246,1.8219233569116957,4.780468511160358e-09,0,0,0,0,0,1,-90,90
16,17,0.19367901703375295,0.12395457090160189,6.504784306777202e-10,0,0,0,0,0,1,-90,90
16,18,4.934441463730155,3.158042536787299,8.286255756448032e-09,0,0,0,0,0,1,-90,90
5,23,1.7516903694773718,1.1210818364655182,2.9415597518556795e-09,0,0,0,0,0,1,-90,90
5,22,1.5937503465253475,1.0200002217762225,2.6763359298731164e-09,0,0,0,0,0,1,-90,90
22,18,1.3026662846066408,0.8337064221482502,2.187527419038979e-09,0,0,0,0,0,1,-90,90
6,15,0.7939549872016092,0.5081311918090299,1.3332641863151571e-09,0,0,0,0,0,1,-90,90
6,12,1.5641988260786917,1.0010872486903628,2.62671097065275e-09,0,0,0,0,0,1,-90,90
12,13,1.1527529323369654,0.7377618766956578,1.9357825382163433e-09,0,0,0,0,0,1,-90,90
9,19,2.1749787656190303,1.3919864099961794,3.6523749342725e-09,0,0,0,0,0,1,-90,90
9,11,2.0980782600964587,1.3427700864617336,3.523238280966561e-09,0,0,0,0,0,1,-90,90
9,10,0.9596535477257039,0.6141782705444504,1.6115166817738846e-09,0,0,0,0,0,1,-90,90
9,17,0.48793955240462455,0.31228131353895977,1.63876376065269e-09,0,0,0,0,0,1,-90,90
19,24,1.210272208545442,0.774574213469083,2.0323728893417e-09,0,0,0,0,0,1,-90,90
11,14,0.1932943650271436,0.1237083936173719,3.2459328105684984e-10,0,0,0,0,0,1,-90,90
10,20,1.3976216824498393,0.8944778767678971,2.346983097613231e-09,0,0,0,0,0,1,-90,90
20,21,1.7867475801829038,1.1435184513170584,3.000430247361392e-09,0,0,0,0,0,1,-90,90
14,13,1.222478344904886,0.7823861407391269,2.052870278644191e-09,0,0,0,0,0,1,-90,90
