F_BUS,T_BUS,BR_R,BR_X,BR_B,RATE_A,RATE_B,RATE_C,TAP,SHIFT,BR_STATUS,ANGMIN,ANGMAX
1,2,0.4160209934585032,0.16000807440711662,8.396769911674151e-10,0,0,0,0,0,1,-90,90
1,3,1.0576345232968154,0.40678250896031365,1.0673396153567376e-09,0,0,0,0,0,1,-90,90
2,4,0.2694787219015984,0.10364566226984555,2.7195151921166805e-10,0,0,0,0,0,1,-90,90
3,5,0.6321899999999999,0.24314999999999995,6.379911175072432e-10,0,0,0,0,0,1,-90,90
3,6,0.9449971301759496,0.3634604346830575,9.536686362044512e-10,0,0,0,0,0,1,-90,90
4,7,0.7566175477043093,0.2910067491170421,7.635604403509425e-10,0,0,0,0,0,1,-90,90
5,15,1.6013399999999998,0.6158999999999999,1.6160342556969407e-09,0,0,0,0,0,1,-90,90
5,13,0.9259903059923018,0.3561501176893468,9.344874011308355e-10,0,0,0,0,0,1,-90,90
7,8,1.2898509631897344,0.49609652430374407,1.301686925486346e-09,0,0,0,0,0,1,-90,90
15,16,1.091922874353258,0.41997033628971464,1.101942604027834e-09,0,0,0,0,0,1,-90,90
8,9,1.129770364768061,0.43452706337233116,1.1401373915198616e-09,0,0,0,0,0,1,-90,90
