BUS_I,BUS_TYPE,Pd,Qd,Gs,Bs,area,Vm,Va,baseKV,zone,Vmax,Vmin
1,1,0.022957748328459197,0.005753754093073228,0,0,1,1,0,0.4,1,1.1,0.9
2,1,0.03198752861873505,0.008016830356537677,0,0,1,1,0,0.4,1,1.1,0.9
3,1,0.0,0.0,0,0,1,1,0,0.4,1,1.1,0.9
4,1,0.00538838247460903,0.0013504559451892266,0,0,1,1,0,0.4,1,1.1,0.9
5,1,0.0,0.0,0,0,1,1,0,0.4,1,1.1,0.9
6,1,0.0,0.0,0,0,1,1,0,0.4,1,1.1,0.9
7,1,0.01747190631875173,0.004378872485969827,0,0,1,1,0,0.4,1,1.1,0.9
19,1,0.005584904343588497,0.0013997089682575782,0,0,1,1,0,0.4,1,1.1,0.9
10,3,0.0,0.0,0,0,1,1,0,0.4,1,1.1,0.9
14,1,0.046990485874931466,0.011776925880105793,0,0,1,1,0,0.4,1,1.1,0.9
11,1,0.01302735181669442,0.003264962128027698,0,0,1,1,0,0.4,1,1.1,0.9
8,1,0.017386670655234266,0.004357510415054907,0,0,1,1,0,0.4,1,1.1,0.9
20,1,0.0,0.0,0,0,1,1,0,0.4,1,1.1,0.9
9,1,0.0,0.0,0,0,1,1,0,0.4,1,1.1,0.9
28,1,0.0,0.0,0,0,1,1,0,0.4,1,1.1,0.9
16,1,0.0,0.0,0,0,1,1,0,0.4,1,1.1,0.9
30,1,0.01207451540266794,0.0030261588125284193,0,0,1,1,0,0.4,1,1.1,0.9
17,1,0.013695234512384217,0.0034323493098644396,0,0,1,1,0,0.4,1,1.1,0.9
15,1,0.012323920933753544,0.003088665730662895,0,0,1,1,0,0.4,1,1.1,0.9
12,1,0.014127230851968821,0.0035406177981985648,0,0,1,1,0,0.4,1,1.1,0.9
13,1,0.04119019513543049,0.010323235992668198,0,0,1,1,0,0.4,1,1.1,0.9
21,1,0.006953558662920718,0.0017427260742556487,0,0,1,1,0,0.4,1,1.1,0.9
22,1,0.001986238182770923,0.0004977982121952958,0,0,1,1,0,0.4,1,1.1,0.9
23,1,0.09217869162484778,0.023102157783180064,0,0,1,1,0,0.4,1,1.1,0.9
25,1,0.0022538104071549644,0.0005648581328467437,0,0,1,1,0,0.4,1,1.1,0.9
24,1,0.0,0.0,0,0,1,1,0,0.4,1,1.1,0.9
26,1,0.0011479101480712625,0.00028769340174174653,0,0,1,1,0,0.4,1,1.1,0.9
27,1,0.0026188253432937575,0.000656339499084998,0,0,1,1,0,0.4,1,1.1,0.9
29,1,0.013397677909465366,0.0033577745955906116,0,0,1,1,0,0.4,1,1.1,0.9
