BUS_I,BUS_TYPE,Pd,Qd,Gs,Bs,area,Vm,Va,baseKV,zone,Vmax,Vmin
1,1,0.01614841533029338,0.00404717437764324,0,0,1,1,0,0.4,1,1.1,0.9
2,1,0.0,0.0,0,0,1,1,0,0.4,1,1.1,0.9
4,1,0.0,0.0,0,0,1,1,0,0.4,1,1.1,0.9
7,1,0.0,0.0,0,0,1,1,0,0.4,1,1.1,0.9
11,1,0.043179595323507534,0.010821826678093538,0,0,1,1,0,0.4,1,1.1,0.9
5,1,0.0,0.0,0,0,1,1,0,0.4,1,1.1,0.9
18,1,0.003114042650199621,0.0007804526553843094,0,0,1,1,0,0.4,1,1.1,0.9
6,1,0.0,0.0,0,0,1,1,0,0.4,1,1.1,0.9
8,1,0.0,0.0,0,0,1,1,0,0.4,1,1.1,0.9
12,1,0.03237025525496335,0.008112750693245825,0,0,1,1,0,0.4,1,1.1,0.9
21,1,0.0025100394922432613,0.000629075194816346,0,0,1,1,0,0.4,1,1.1,0.9
17,1,0.00862330964403907,0.00216120511691129,0,0,1,1,0,0.4,1,1.1,0.9
10,3,0.03563719336677573,0.008931522563366722,0,0,1,1,0,0.4,1,1.1,0.9
19,1,0.0013273055146848286,0.00033265411871465767,0,0,1,1,0,0.4,1,1.1,0.9
16,1,0.0051155065875520015,0.0012820668013763265,0,0,1,1,0,0.4,1,1.1,0.9
13,1,0.04953686911887796,0.012415109677696604,0,0,1,1,0,0.4,1,1.1,0.9
14,1,0.013800841852670845,0.0034588170042454043,0,0,1,1,0,0.4,1,1.1,0.9
20,1,0.0017934104294504895,0.00044947102178219216,0,0,1,1,0,0.4,1,1.1,0.9
