F_BUS,T_BUS,BR_R,BR_X,BR_B,RATE_A,RATE_B,RATE_C,TAP,SHIFT,BR_STATUS,ANGMIN,ANGMAX
33,5,10.854530058166745,6.9468992372267175,1.822767841895328e-08,0,0,0,0,0,1,-90,90
5,3,27.545892841085802,17.629371418294912,4.6256970479573226e-08,0,0,0,0,0,1,-90,90
3,4,8.89375416965507,5.692002668579245,1.493500778688499e-08,0,0,0,0,0,1,-90,90
3,31,6.935090319246016,4.4384578043174505,1.1645883835431775e-08,0,0,0,0,0,1,-90,90
4,23,2.796117959145856,1.7895154938533477,4.695434874439745e-09,0,0,0,0,0,1,-90,90
31,30,1.500440529747802,0.9602819390385934,2.519643624960949e-09,0,0,0,0,0,1,-90,90
18,20,4.622974865219165,2.9587039137402655,7.763219478923326e-09,0,0,0,0,0,1,-90,90
20,21,3.152496118651329,2.017597515936851,5.293889754770264e-09,0,0,0,0,0,1,-90,90
21,25,2.6177770716535744,1.6753773258582876,4.395952508207387e-09,0,0,0,0,0,1,-90,90
25,28,8.607936344949907,5.50907926076794,1.4455042706203234e-08,0,0,0,0,0,1,-90,90
25,30,5.465511229758953,3.4979271870457302,9.178064877739149e-09,0,0,0,0,0,1,-90,90
28,29,2.609995999699248,1.6703974398075188,4.382885993436304e-09,0,0,0,0,0,1,-90,90
28,27,1.497763062256025,0.958568359843856,2.5151474361664287e-09,0,0,0,0,0,1,-90,90
