BUS_I,BUS_TYPE,Pd,Qd,Gs,Bs,area,Vm,Va,baseKV,zone,Vmax,Vmin
1,1,0.24477481247881386,0.11854985239102978,0,0,1,1,0,20,1,1.05,0.95
3,1,0.0,0.0,0,0,1,1,0,20,1,1.05,0.95
2,1,0.12470926169657606,0.0603994521176603,0,0,1,1,0,20,1,1.05,0.95
4,1,0.15703689443989358,0.07605643925232893,0,0,1,1,0,20,1,1.05,0.95
161,1,0.07868595348103655,0.03810934661110897,0,0,1,1,0,20,1,1.05,0.95
115,1,0.12014598722113091,0.05818935741875986,0,0,1,1,0,20,1,1.05,0.95
5,3,0.16275137090048644,0.07882408651976962,0,0,1,1,0,20,1,1.05,0.95
6,1,0.10473896437363851,0.05072739568397745,0,0,1,1,0,20,1,1.05,0.95
7,1,0.0,0.0,0,0,1,1,0,20,1,1.05,0.95
157,1,0.08241143236335083,0.039913678384920395,0,0,1,1,0,20,1,1.05,0.95
63,1,0.0,0.0,0,0,1,1,0,20,1,1.05,0.95
8,1,0.18458692451269101,0.08939952780553231,0,0,1,1,0,20,1,1.05,0.95
9,1,0.17197291771010478,0.08329028548046476,0,0,1,1,0,20,1,1.05,0.95
114,1,0.32825574986736233,0.15898151570088856,0,0,1,1,0,20,1,1.05,0.95
29,1,0.0,0.0,0,0,1,1,0,20,1,1.05,0.95
31,1,0.0,0.0,0,0,1,1,0,20,1,1.05,0.95
67,1,0.1314393242683526,0.06365897018811356,0,0,1,1,0,20,1,1.05,0.95
158,1,0.15572771015855813,0.07542237236557191,0,0,1,1,0,20,1,1.05,0.95
176,1,0.2724233722212329,0.1319406610412133,0,0,1,1,0,20,1,1.05,0.95
159,1,2.589967091441166,1.2543783131875563,0,0,1,1,0,20,1,1.05,0.95
33,1,0.2079458181146778,0.10071275632153,0,0,1,1,0,20,1,1.05,0.95
34,1,0.15927636968272388,0.07714106661566875,0,0,1,1,0,20,1,1.05,0.95
62,1,0.30145334035068183,0.14600051630904376,0,0,1,1,0,20,1,1.05,0.95
160,1,0.0,0.0,0,0,1,1,0,20,1,1.05,0.95
65,1,0.0,0.0,0,0,1,1,0,20,1,1.05,0.95
64,1,0.0,0.0,0,0,1,1,0,20,1,1.05,0.95
66,1,0.1603871236744411,0.07767902932689429,0,0,1,1,0,20,1,1.05,0.95
