F_BUS,T_BUS,BR_R,BR_X,BR_B,RATE_A,RATE_B,RATE_C,TAP,SHIFT,BR_STATUS,ANGMIN,ANGMAX
1,2,11.928510810042063,4.587888773093101,1.2037969505838387e-08,0,0,0,0,0,1,-90,90
2,4,7.1803650711093026,2.761678873503578,7.246253714590553e-09,0,0,0,0,0,1,-90,90
4,15,19.316921473317805,7.42958518204531,1.9494177885701595e-08,0,0,0,0,0,1,-90,90
4,7,14.448945410467136,5.557286696333514,1.4581532180555031e-08,0,0,0,0,0,1,-90,90
15,16,16.016779999999997,6.160299999999999,1.6163753572608965e-08,0,0,0,0,0,1,-90,90
7,6,1.8840132594411443,0.7246204844004402,1.901301388489726e-09,0,0,0,0,0,1,-90,90
6,8,1.6512763366784642,0.635106283337871,1.6664288194225797e-09,0,0,0,0,0,1,-90,90
8,9,3.7721403976550354,1.4508232298673214,3.8067544056282974e-09,0,0,0,0,0,1,-90,90
8,10,1.5325302251890975,0.5894347019958067,3.0931861338585544e-09,0,0,0,0,0,1,-90,90
9,11,4.490088393278545,1.726957074337902,4.531290453398634e-09,0,0,0,0,0,1,-90,90
10,13,0.6058319049879407,0.23301227114920797,6.113911546920996e-10,0,0,0,0,0,1,-90,90
11,12,3.9210522532110286,1.5080970204657802,3.9570327098347e-09,0,0,0,0,0,1,-90,90
13,14,1.6831846694115526,0.6473787190044434,1.6986299501873435e-09,0,0,0,0,0,1,-90,90
