BUS_I,BUS_TYPE,Pd,Qd,Gs,Bs,area,Vm,Va,baseKV,zone,Vmax,Vmin
1,1,0.005027742146083693,0.001260070958966181,0,0,1,1,0,0.4,1,1.1,0.9
3,1,0.0,0.0,0,0,1,1,0,0.4,1,1.1,0.9
5,1,0.0,0.0,0,0,1,1,0,0.4,1,1.1,0.9
66,1,0.0,0.0,0,0,1,1,0,0.4,1,1.1,0.9
68,1,0.04106871686616759,0.010292790668545342,0,0,1,1,0,0.4,1,1.1,0.9
8,1,0.0005900823612007587,0.00014788858003118667,0,0,1,1,0,0.4,1,1.1,0.9
9,1,0.0010723037786315298,0.0002687446594085534,0,0,1,1,0,0.4,1,1.1,0.9
64,1,0.0,0.0,0,0,1,1,0,0.4,1,1.1,0.9
11,1,0.008096517340907976,0.0020291785206190643,0,0,1,1,0,0.4,1,1.1,0.9
150,1,0.0035522268450360397,0.0008902719664286191,0,0,1,1,0,0.4,1,1.1,0.9
151,1,0.0035230947067186307,0.0008829707643383434,0,0,1,1,0,0.4,1,1.1,0.9
75,1,0.004111627809268063,0.0010304710635512737,0,0,1,1,0,0.4,1,1.1,0.9
65,1,0.0026586946462166293,0.0006663316882839743,0,0,1,1,0,0.4,1,1.1,0.9
67,1,0.0011169036394768057,0.0002799224381792568,0,0,1,1,0,0.4,1,1.1,0.9
69,1,0.03735753242195682,0.009362680172493029,0,0,1,1,0,0.4,1,1.1,0.9
70,3,0.036431802395900395,0.009130670358189935,0,0,1,1,0,0.4,1,1.1,0.9
71,1,0.035143116560410054,0.008807695243446368,0,0,1,1,0,0.4,1,1.1,0.9
72,1,0.0,0.0,0,0,1,1,0,0.4,1,1.1,0.9
73,1,0.008687836339203153,0.002177377031120864,0,0,1,1,0,0.4,1,1.1,0.9
74,1,0.008994825492633135,0.0022543157653906894,0,0,1,1,0,0.4,1,1.1,0.9
