F_BUS,T_BUS,BR_R,BR_X,BR_B,RATE_A,RATE_B,RATE_C,TAP,SHIFT,BR_STATUS,ANGMIN,ANGMAX
1,3,6.336059121372774,4.055077837678575,1.0639949172278061e-08,0,0,0,0,0,1,-90,90
3,5,4.799457376930489,3.0716527212355134,8.059581131874193e-09,0,0,0,0,0,1,-90,90
5,66,4.081484374999999,2.6121499999999997,6.853911156062288e-09,0,0,0,0,0,1,-90,90
5,68,2.5056803194218213,1.6036354044299657,4.207711880511841e-09,0,0,0,0,0,1,-90,90
66,67,3.9399691534136587,2.5215802581847413,6.616268997752361e-09,0,0,0,0,0,1,-90,90
66,64,6.516562499999999,4.170599999999999,1.0943062943350644e-08,0,0,0,0,0,1,-90,90
68,69,2.6091777256546314,1.6698737444189644,4.3815118910049765e-09,0,0,0,0,0,1,-90,90
8,9,1.5568819232676518,0.9964044308912972,2.6144239208451886e-09,0,0,0,0,0,1,-90,90
8,64,24.3612936332413,15.591227925274431,4.0909170994678076e-08,0,0,0,0,0,1,-90,90
9,11,3.098063052375031,1.98276035352002,5.202481981045834e-09,0,0,0,0,0,1,-90,90
64,65,3.6256378801783185,2.320408243314124,6.088422160086356e-09,0,0,0,0,0,1,-90,90
150,151,0.8788105472179742,0.5624387502195035,1.4757595179186444e-09,0,0,0,0,0,1,-90,90
151,75,1.206765700911104,0.7723300485831065,2.026484518938761e-09,0,0,0,0,0,1,-90,90
75,74,8.398302607574113,5.374913668847433,1.4103011219794082e-08,0,0,0,0,0,1,-90,90
69,70,2.163921208283403,1.384909573301378,3.6338063183920453e-09,0,0,0,0,0,1,-90,90
70,71,6.637350691562714,4.247904442600137,1.114589883774808e-08,0,0,0,0,0,1,-90,90
71,72,7.914327925675747,5.065169872432478,1.3290287424541305e-08,0,0,0,0,0,1,-90,90
72,73,1.9657984025958537,1.2581109776613464,3.301104785466967e-09,0,0,0,0,0,1,-90,90
73,74,8.778877849970621,5.618481823981198,1.4742099517071354e-08,0,0,0,0,0,1,-90,90
