BUS_I,BUS_TYPE,Pd,Qd,Gs,Bs,area,Vm,Va,baseKV,zone,Vmax,Vmin
1,1,0.02452082306252762,0.006145497548060789,0,0,1,1,0,0.4,1,1.1,0.9
2,1,0.0331577250540157,0.008310109228353223,0,0,1,1,0,0.4,1,1.1,0.9
3,1,0.024065174121170076,0.006031301158944941,0,0,1,1,0,0.4,1,1.1,0.9
4,1,0.0,0.0,0,0,1,1,0,0.4,1,1.1,0.9
12,1,0.0,0.0,0,0,1,1,0,0.4,1,1.1,0.9
24,1,0.09546414804809485,0.02392557077962963,0,0,1,1,0,0.4,1,1.1,0.9
9,1,0.0,0.0,0,0,1,1,0,0.4,1,1.1,0.9
23,1,0.04971880140972422,0.012460706207815425,0,0,1,1,0,0.4,1,1.1,0.9
7,1,0.0,0.0,0,0,1,1,0,0.4,1,1.1,0.9
6,1,0.03588560274943039,0.008993779823171039,0,0,1,1,0,0.4,1,1.1,0.9
8,3,0.0,0.0,0,0,1,1,0,0.4,1,1.1,0.9
10,1,0.0,0.0,0,0,1,1,0,0.4,1,1.1,0.9
11,1,0.0,0.0,0,0,1,1,0,0.4,1,1.1,0.9
16,1,0.016917721164705593,0.004239980594099899,0,0,1,1,0,0.4,1,1.1,0.9
13,1,0.02457045723546027,0.006157937044372957,0,0,1,1,0,0.4,1,1.1,0.9
19,1,0.0,0.0,0,0,1,1,0,0.4,1,1.1,0.9
21,1,0.046233184296750114,0.01158712821385338,0,0,1,1,0,0.4,1,1.1,0.9
20,1,0.046301762490329565,0.011604315529279876,0,0,1,1,0,0.4,1,1.1,0.9
17,1,0.021789618840361263,0.005460993247051961,0,0,1,1,0,0.4,1,1.1,0.9
14,1,0.027239413275658736,0.006826840480407578,0,0,1,1,0,0.4,1,1.1,0.9
15,1,0.09425751549928449,0.023623160156983913,0,0,1,1,0,0.4,1,1.1,0.9
18,1,0.015992367338857123,0.004008065064456407,0,0,1,1,0,0.4,1,1.1,0.9
22,1,0.010416855701029995,0.0026107101301592285,0,0,1,1,0,0.4,1,1.1,0.9
