BUS_I,BUS_TYPE,Pd,Qd,Gs,Bs,area,Vm,Va,baseKV,zone,Vmax,Vmin
1,1,0.0066605287134790135,0.0016692858462824553,0,0,1,1,0,0.4,1,1.1,0.9
2,1,0.0,0.0,0,0,1,1,0,0.4,1,1.1,0.9
3,1,0.06349969574681191,0.01591452389340853,0,0,1,1,0,0.4,1,1.1,0.9
4,3,0.09165195444560849,0.02297014500223739,0,0,1,1,0,0.4,1,1.1,0.9
5,1,0.018278149376644435,0.00458093604324872,0,0,1,1,0,0.4,1,1.1,0.9
6,1,0.0,0.0,0,0,1,1,0,0.4,1,1.1,0.9
10,1,0.02289812205299272,0.005738810339809121,0,0,1,1,0,0.4,1,1.1,0.9
7,1,0.03172078363163932,0.007949977761093626,0,0,1,1,0,0.4,1,1.1,0.9
9,1,0.0,0.0,0,0,1,1,0,0.4,1,1.1,0.9
