BUS_I,BUS_TYPE,Pd,Qd,Gs,Bs,area,Vm,Va,baseKV,zone,Vmax,Vmin
1,1,0.03602990283657637,0.009029944834006086,0,0,1,1,0,0.4,1,1.1,0.9
2,1,0.0,0.0,0,0,1,1,0,0.4,1,1.1,0.9
4,1,0.0,0.0,0,0,1,1,0,0.4,1,1.1,0.9
5,1,0.0457439078243028,0.011464503971017755,0,0,1,1,0,0.4,1,1.1,0.9
10,1,0.0,0.0,0,0,1,1,0,0.4,1,1.1,0.9
7,1,0.035859637749657766,0.008987272380821688,0,0,1,1,0,0.4,1,1.1,0.9
18,1,0.012007984764444587,0.003009484662846333,0,0,1,1,0,0.4,1,1.1,0.9
8,3,0.06607840292126645,0.01656080883161662,0,0,1,1,0,0.4,1,1.1,0.9
9,1,0.011363399600216664,0.0028479363927830558,0,0,1,1,0,0.4,1,1.1,0.9
17,1,0.0,0.0,0,0,1,1,0,0.4,1,1.1,0.9
16,1,0.05414213465872366,0.013569298018402867,0,0,1,1,0,0.4,1,1.1,0.9
11,1,0.07859671435491593,0.019698193413903317,0,0,1,1,0,0.4,1,1.1,0.9
12,1,0.08206503985611856,0.02056743772145228,0,0,1,1,0,0.4,1,1.1,0.9
13,1,0.09021915833394667,0.022611052447773148,0,0,1,1,0,0.4,1,1.1,0.9
14,1,0.046858959062949165,0.01174396215378713,0,0,1,1,0,0.4,1,1.1,0.9
