F_BUS,T_BUS,BR_R,BR_X,BR_B,RATE_A,RATE_B,RATE_C,TAP,SHIFT,BR_STATUS,ANGMIN,ANGMAX
1,2,1.2372134291280314,0.4758513188953967,2.497132755166521e-09,0,0,0,0,0,1,-90,90
1,3,1.3268235399347075,0.5103167461287337,2.6779975418081927e-09,0,0,0,0,0,1,-90,90
2,4,6.718275935294681,2.583952282805647,1.355984869004785e-08,0,0,0,0,0,1,-90,90
2,5,4.286183892511562,1.6485322663506008,4.325514879110707e-09,0,0,0,0,0,1,-90,90
2,6,22.750423796489354,8.750162998649753,2.2959186797775394e-08,0,0,0,0,0,1,-90,90
4,23,2.7479869335962284,1.0569180513831649,2.7732030792330803e-09,0,0,0,0,0,1,-90,90
5,24,2.561885752059914,0.985340673869198,2.585394191433888e-09,0,0,0,0,0,1,-90,90
6,22,4.162142747491461,1.6008241336505622,4.200335504669081e-09,0,0,0,0,0,1,-90,90
23,18,2.589420529765966,0.9959309729869101,2.6131816344478514e-09,0,0,0,0,0,1,-90,90
22,21,2.479588447774568,0.9536878645286802,2.5023417085903732e-09,0,0,0,0,0,1,-90,90
18,17,3.466073977332427,1.3331053758970874,3.497879451052834e-09,0,0,0,0,0,1,-90,90
14,15,8.791052729017332,3.381174126545128,8.871721404405116e-09,0,0,0,0,0,1,-90,90
14,13,4.87046796885387,1.8732569110976423,4.915160477439242e-09,0,0,0,0,0,1,-90,90
15,19,2.7238293359381864,1.0476266676685333,2.748823806030175e-09,0,0,0,0,0,1,-90,90
13,12,2.306702347779589,0.8871932106844574,2.327869166890464e-09,0,0,0,0,0,1,-90,90
8,9,2.585231543669444,0.9943198244882478,2.6089542092735486e-09,0,0,0,0,0,1,-90,90
8,10,0.08066536884649159,0.031025141864035228,8.140557239834093e-11,0,0,0,0,0,1,-90,90
9,11,0.25346551604640827,0.09748673694092626,2.557913725810249e-10,0,0,0,0,0,1,-90,90
11,12,4.1719168850495745,1.6045834173267595,4.210199331909894e-09,0,0,0,0,0,1,-90,90
12,16,3.9257435050335423,1.509901348089824,3.9617670096381666e-09,0,0,0,0,0,1,-90,90
16,17,0.00024122576194487378,9.277913920956685e-05,2.4343930374530803e-13,0,0,0,0,0,1,-90,90
19,20,0.881302031041753,0.33896231963144346,8.893890565268849e-10,0,0,0,0,0,1,-90,90
