F_BUS,T_BUS,BR_R,BR_X,BR_B,RATE_A,RATE_B,RATE_C,TAP,SHIFT,BR_STATUS,ANGMIN,ANGMAX
66,5,29.15335610334346,11.212829270516714,2.94208738503594e-08,0,0,0,0,0,1,-90,90
66,68,9.518538902816202,3.6609765010831548,9.60588315481719e-09,0,0,0,0,0,1,-90,90
66,70,46.85230842538176,18.020118625146832,4.728223573625547e-08,0,0,0,0,0,1,-90,90
5,64,14.746432964168529,5.671704986218665,1.48817495469013e-08,0,0,0,0,0,1,-90,90
