BUS_I,BUS_TYPE,Pd,Qd,Gs,Bs,area,Vm,Va,baseKV,zone,Vmax,Vmin
1,1,0.014877521866392115,0.0037286584515531713,0,0,1,1,0,0.4,1,1.1,0.9
3,1,0.0,0.0,0,0,1,1,0,0.4,1,1.1,0.9
4,1,0.0,0.0,0,0,1,1,0,0.4,1,1.1,0.9
10,1,0.03691458807524474,0.009251667854933166,0,0,1,1,0,0.4,1,1.1,0.9
6,1,0.0,0.0,0,0,1,1,0,0.4,1,1.1,0.9
11,1,0.0,0.0,0,0,1,1,0,0.4,1,1.1,0.9
9,1,0.012346391942992484,0.0030942974964412386,0,0,1,1,0,0.4,1,1.1,0.9
8,1,0.028609240932135092,0.007170151652413301,0,0,1,1,0,0.4,1,1.1,0.9
12,1,0.022941754863414113,0.005749745752897658,0,0,1,1,0,0.4,1,1.1,0.9
7,3,0.04410477778635564,0.011053699260120798,0,0,1,1,0,0.4,1,1.1,0.9
