BUS_I,BUS_TYPE,Pd,Qd,Gs,Bs,area,Vm,Va,baseKV,zone,Vmax,Vmin
1,1,0.015049891899395727,0.0037718584539544638,0,0,1,1,0,0.4,1,1.1,0.9
2,1,0.017596195081636987,0.004410022186190539,0,0,1,1,0,0.4,1,1.1,0.9
3,1,0.0,0.0,0,0,1,1,0,0.4,1,1.1,0.9
4,1,0.009442288954437283,0.0023664606799537946,0,0,1,1,0,0.4,1,1.1,0.9
5,1,0.011797747738226698,0.0029567942973623106,0,0,1,1,0,0.4,1,1.1,0.9
6,1,0.0,0.0,0,0,1,1,0,0.4,1,1.1,0.9
7,1,0.009443882597499193,0.002366860084553896,0,0,1,1,0,0.4,1,1.1,0.9
8,1,0.009268256634129626,0.002322844069083646,0,0,1,1,0,0.4,1,1.1,0.9
9,1,0.009170888483189041,0.002298441310198321,0,0,1,1,0,0.4,1,1.1,0.9
10,1,0.02614727209459871,0.006553124099304637,0,0,1,1,0,0.4,1,1.1,0.9
22,1,0.004593688093949551,0.001151286759255013,0,0,1,1,0,0.4,1,1.1,0.9
20,1,0.014971067999105322,0.003752103322378006,0,0,1,1,0,0.4,1,1.1,0.9
11,1,0.007354532591451694,0.0018432196134953306,0,0,1,1,0,0.4,1,1.1,0.9
12,1,0.02074392071262781,0.005198916592299767,0,0,1,1,0,0.4,1,1.1,0.9
13,1,0.008885811011895317,0.002226994161121166,0,0,1,1,0,0.4,1,1.1,0.9
14,1,0.0,0.0,0,0,1,1,0,0.4,1,1.1,0.9
15,1,0.0,0.0,0,0,1,1,0,0.4,1,1.1,0.9
16,1,0.0,0.0,0,0,1,1,0,0.4,1,1.1,0.9
17,1,0.0,0.0,0,0,1,1,0,0.4,1,1.1,0.9
18,1,0.0,0.0,0,0,1,1,0,0.4,1,1.1,0.9
25,1,0.015119925042862166,0.003789410414194889,0,0,1,1,0,0.4,1,1.1,0.9
29,1,0.01939084692125527,0.004859804334688292,0,0,1,1,0,0.4,1,1.1,0.9
27,1,0.013226797671075164,0.0033149479709148745,0,0,1,1,0,0.4,1,1.1,0.9
23,1,0.015677304741685223,0.0039291029344549686,0,0,1,1,0,0.4,1,1.1,0.9
26,1,0.005830326553744677,0.0014612175720637587,0,0,1,1,0,0.4,1,1.1,0.9
19,3,0.014507526606132179,0.003635928898433221,0,0,1,1,0,0.4,1,1.1,0.9
21,1,0.0,0.0,0,0,1,1,0,0.4,1,1.1,0.9
24,1,0.0,0.0,0,0,1,1,0,0.4,1,1.1,0.9
32,1,0.010322115151064477,0.002586965910153629,0,0,1,1,0,0.4,1,1.1,0.9
