F_BUS,T_BUS,BR_R,BR_X,BR_B,RATE_A,RATE_B,RATE_C,TAP,SHIFT,BR_STATUS,ANGMIN,ANGMAX
1,2,4.371003219292969,1.6811550843434495,4.4111125270954616e-09,0,0,0,0,0,1,-90,90
1,3,0.4570314687101756,0.1757813341192983,9.22450584344522e-10,0,0,0,0,0,1,-90,90
2,4,2.3270954956406533,0.895036729092559,2.3484494468590975e-09,0,0,0,0,0,1,-90,90
3,5,1.1037661782332004,0.4245254531666156,2.227789169451269e-09,0,0,0,0,0,1,-90,90
4,6,4.053353003363688,1.5589819243706495,4.090547481401701e-09,0,0,0,0,0,1,-90,90
5,8,3.7762537810409844,1.4524053004003785,3.810905534344566e-09,0,0,0,0,0,1,-90,90
6,7,3.641411111976546,1.4005427353755946,3.674825518646626e-09,0,0,0,0,0,1,-90,90
8,9,6.778357627412702,2.607060625927962,6.840557360250521e-09,0,0,0,0,0,1,-90,90
7,11,2.75548,1.0597999999999999,2.7807649036980322e-09,0,0,0,0,0,1,-90,90
7,10,7.785448012799007,2.9944030818457725,7.856889033328883e-09,0,0,0,0,0,1,-90,90
9,13,6.944894564615676,2.6711132940829523,7.008622477813846e-09,0,0,0,0,0,1,-90,90
11,12,3.0651881235319953,1.1789185090507677,3.093314978569906e-09,0,0,0,0,0,1,-90,90
13,14,10.09042101189456,3.8809311584209847,1.0183012982643162e-08,0,0,0,0,0,1,-90,90
14,16,3.483564443600768,1.3398324783079878,3.5155304137701525e-09,0,0,0,0,0,1,-90,90
16,15,4.852122604882241,1.866201001877785,4.896646772285196e-09,0,0,0,0,0,1,-90,90
