BUS_I,BUS_TYPE,Pd,Qd,Gs,Bs,area,Vm,Va,baseKV,zone,Vmax,Vmin
1,1,0.04161371107550514,0.010429379092541173,0,0,1,1,0,0.4,1,1.1,0.9
2,3,0.03366763426884196,0.00843790452386421,0,0,1,1,0,0.4,1,1.1,0.9
3,1,0.0,0.0,0,0,1,1,0,0.4,1,1.1,0.9
4,1,0.02158630084423957,0.005410036953967658,0,0,1,1,0,0.4,1,1.1,0.9
5,1,0.007770072682985854,0.0019473637772997939,0,0,1,1,0,0.4,1,1.1,0.9
6,1,0.0,0.0,0,0,1,1,0,0.4,1,1.1,0.9
10,1,0.0,0.0,0,0,1,1,0,0.4,1,1.1,0.9
14,1,0.040269245255105446,0.010092424195813242,0,0,1,1,0,0.4,1,1.1,0.9
11,1,0.006424014844533489,0.0016100098832374666,0,0,1,1,0,0.4,1,1.1,0.9
12,1,0.018976595509099824,0.004755983144380352,0,0,1,1,0,0.4,1,1.1,0.9
13,1,0.027013923660180503,0.0067703274557223535,0,0,1,1,0,0.4,1,1.1,0.9
15,1,0.02886150781064238,0.007233375691809134,0,0,1,1,0,0.4,1,1.1,0.9
