F_BUS,T_BUS,BR_R,BR_X,BR_B,RATE_A,RATE_B,RATE_C,TAP,SHIFT,BR_STATUS,ANGMIN,ANGMAX
1,2,1.4429821110522467,0.5549931196354795,2.9124464783472822e-09,0,0,0,0,0,1,-90,90
1,3,1.6717270331263379,0.6429719358178224,1.6870671760567883e-09,0,0,0,0,0,1,-90,90
2,4,1.165995472868764,0.4484597972572169,1.1766949093530893e-09,0,0,0,0,0,1,-90,90
3,5,4.885856554787174,1.8791755979950668,4.93069027249523e-09,0,0,0,0,0,1,-90,90
3,6,4.533165238910358,1.7435250918885992,4.574762581846295e-09,0,0,0,0,0,1,-90,90
4,10,1.609342274384297,0.6189777978401142,1.6241099607492785e-09,0,0,0,0,0,1,-90,90
6,14,5.213805980954636,2.00530999267486,5.261649036294782e-09,0,0,0,0,0,1,-90,90
10,11,0.8723831920422125,0.33553199693931246,8.803883762564219e-10,0,0,0,0,0,1,-90,90
10,12,4.1499980560561545,1.5961530984831365,4.188079370815979e-09,0,0,0,0,0,1,-90,90
14,13,1.3693247324430975,0.5266633586319607,1.3818899639059126e-09,0,0,0,0,0,1,-90,90
12,15,0.20250133214955182,0.07788512774982763,2.0435952987993807e-10,0,0,0,0,0,1,-90,90
