F_BUS,T_BUS,BR_R,BR_X,BR_B,RATE_A,RATE_B,RATE_C,TAP,SHIFT,BR_STATUS,ANGMIN,ANGMAX
1,2,1.0753077825782795,0.41357991637626135,1.0851750484369453e-09,0,0,0,0,0,1,-90,90
1,3,5.171674376809297,1.9891055295420377,5.219130823081891e-09,0,0,0,0,0,1,-90,90
2,4,0.629687130819894,0.2421873580076515,1.27093056287418e-09,0,0,0,0,0,1,-90,90
2,10,32.99618178008304,12.690839146185784,3.3298962159077685e-08,0,0,0,0,0,1,-90,90
3,5,7.059598086303604,2.715230033193694,7.124378544793233e-09,0,0,0,0,0,1,-90,90
4,6,0.4902818229267572,0.18856993189490662,9.895615182224656e-10,0,0,0,0,0,1,-90,90
10,9,3.7886049321691537,1.4571557431419824,3.823370022411068e-09,0,0,0,0,0,1,-90,90
5,7,3.7342421010922564,1.4362469619585603,3.768508345779664e-09,0,0,0,0,0,1,-90,90
9,11,0.22543044336222542,0.08670401667777901,2.2749904376978367e-10,0,0,0,0,0,1,-90,90
9,14,21.607911542797105,8.310735208768119,2.180619059489519e-08,0,0,0,0,0,1,-90,90
11,15,28.16208970347471,10.831572962874889,2.8420511367245706e-08,0,0,0,0,0,1,-90,90
7,8,4.153499999999999,1.5974999999999997,4.191613449384418e-09,0,0,0,0,0,1,-90,90
8,12,5.74639,2.2101499999999996,5.799120165982455e-09,0,0,0,0,0,1,-90,90
