F_BUS,T_BUS,BR_R,BR_X,BR_B,RATE_A,RATE_B,RATE_C,TAP,SHIFT,BR_STATUS,ANGMIN,ANGMAX
1,2,0.0952892340349074,0.036649705398041306,9.616362946003549e-11,0,0,0,0,0,1,-90,90
1,3,3.0554930378972545,1.1751896299604825,3.083530928650677e-09,0,0,0,0,0,1,-90,90
2,4,8.746698476309591,3.364114798580612,8.826960147107134e-09,0,0,0,0,0,1,-90,90
3,5,1.584788203049491,0.6095339242498043,1.5993305757380553e-09,0,0,0,0,0,1,-90,90
4,11,2.728917096524675,1.0495834986633366,2.7539582530511385e-09,0,0,0,0,0,1,-90,90
5,8,6.967560737435874,2.6798310528599516,7.031496640529439e-09,0,0,0,0,0,1,-90,90
11,12,2.0813522998314467,0.8005201153197871,2.100451256261149e-09,0,0,0,0,0,1,-90,90
8,9,12.19332463357689,4.68974024368342,1.2305213320527562e-08,0,0,0,0,0,1,-90,90
6,19,1.3804579820357252,0.5309453777060482,4.179376124096079e-09,0,0,0,0,0,1,-90,90
6,18,0.8545967451167171,0.32869105581412206,2.5873161506907766e-09,0,0,0,0,0,1,-90,90
19,20,0.45130941823550447,0.17358054547519403,1.3663522046296846e-09,0,0,0,0,0,1,-90,90
18,16,0.36038047073644947,0.13860787336017288,1.091062208764456e-09,0,0,0,0,0,1,-90,90
12,13,3.1260233333333325,1.2023166666666665,9.464125277782238e-09,0,0,0,0,0,1,-90,90
12,14,1.9355764586659607,0.7444524841022926,1.953337743218034e-09,0,0,0,0,0,1,-90,90
9,22,5.6124490588849465,2.1586342534172873,5.663950152692203e-09,0,0,0,0,0,1,-90,90
20,21,0.2316816367830676,0.0891083218396414,7.014227986387158e-10,0,0,0,0,0,1,-90,90
17,13,3.7147066666666655,1.428733333333333,1.1246380949453202e-08,0,0,0,0,0,1,-90,90
17,15,3.1060501372871436,1.1946346681873632,9.403655854037639e-09,0,0,0,0,0,1,-90,90
13,23,2.5049699999999997,0.9634499999999998,2.5279561676428278e-09,0,0,0,0,0,1,-90,90
15,16,1.122183414343741,0.4316090055168235,3.3974424646004717e-09,0,0,0,0,0,1,-90,90
