BUS_I,BUS_TYPE,Pd,Qd,Gs,Bs,area,Vm,Va,baseKV,zone,Vmax,Vmin
1,1,0.022953296552314685,0.00575263837280108,0,0,1,1,0,0.4,1,1.1,0.9
2,1,0.032139218731050384,0.00805484748226473,0,0,1,1,0,0.4,1,1.1,0.9
3,1,0.0,0.0,0,0,1,1,0,0.4,1,1.1,0.9
4,1,0.020309000508444693,0.005089915314422844,0,0,1,1,0,0.4,1,1.1,0.9
5,1,0.001276008178963511,0.00031979779451650443,0,0,1,1,0,0.4,1,1.1,0.9
11,1,0.014387826790497292,0.003605929296804364,0,0,1,1,0,0.4,1,1.1,0.9
8,1,0.0,0.0,0,0,1,1,0,0.4,1,1.1,0.9
6,1,0.0,0.0,0,0,1,1,0,0.4,1,1.1,0.9
19,1,0.011905436442398193,0.002983783630703699,0,0,1,1,0,0.4,1,1.1,0.9
18,1,0.010868103310878154,0.002723803441620214,0,0,1,1,0,0.4,1,1.1,0.9
12,1,0.0,0.0,0,0,1,1,0,0.4,1,1.1,0.9
9,1,0.0,0.0,0,0,1,1,0,0.4,1,1.1,0.9
20,1,0.011370632478615474,0.0028497491229818733,0,0,1,1,0,0.4,1,1.1,0.9
17,1,0.0,0.0,0,0,1,1,0,0.4,1,1.1,0.9
13,1,0.0,0.0,0,0,1,1,0,0.4,1,1.1,0.9
15,1,0.0013179096555033538,0.0003302992944326816,0,0,1,1,0,0.4,1,1.1,0.9
16,1,0.0,0.0,0,0,1,1,0,0.4,1,1.1,0.9
22,1,0.0016572830035524956,0.00041535427292972867,0,0,1,1,0,0.4,1,1.1,0.9
14,1,0.0006684512142742623,0.0001675296660248926,0,0,1,1,0,0.4,1,1.1,0.9
23,1,0.01687193076683182,0.004228504438624187,0,0,1,1,0,0.4,1,1.1,0.9
21,3,0.03352844535927949,0.008403020494879858,0,0,1,1,0,0.4,1,1.1,0.9
