F_BUS,T_BUS,BR_R,BR_X,BR_B,RATE_A,RATE_B,RATE_C,TAP,SHIFT,BR_STATUS,ANGMIN,ANGMAX
34,25,4.876342640949148,1.875516400365057,4.921089056845838e-09,0,0,0,0,0,1,-90,90
34,35,0.5938937909244075,0.22842068881707983,5.993434938111579e-10,0,0,0,0,0,1,-90,90
25,23,1.6767417619349105,0.6449006776672734,1.6921279211438302e-09,0,0,0,0,0,1,-90,90
35,37,4.6932599999999995,1.8050999999999995,4.736326408440572e-09,0,0,0,0,0,1,-90,90
37,12,10.972909999999999,4.22035,1.1073599888018483e-08,0,0,0,0,0,1,-90,90
37,43,1.8479007996221848,0.7107310767777634,1.8648575526241897e-09,0,0,0,0,0,1,-90,90
5,6,4.008534799807954,1.5417441537722905,4.045318015938485e-09,0,0,0,0,0,1,-90,90
5,7,0.3812390399247669,0.1466303999710642,3.8473737502806215e-10,0,0,0,0,0,1,-90,90
7,8,3.2832430525759873,1.262785789452303,3.3133708286446272e-09,0,0,0,0,0,1,-90,90
8,14,12.312134559422644,4.735436369008709,1.2425113472952126e-08,0,0,0,0,0,1,-90,90
14,23,14.47885855458208,5.5687917517623395,1.4611719814402527e-08,0,0,0,0,0,1,-90,90
12,40,10.669611087051935,4.103696571943052,1.0767517836087156e-08,0,0,0,0,0,1,-90,90
43,44,2.5835324903358976,0.9936663424368839,2.6072395650447987e-09,0,0,0,0,0,1,-90,90
39,40,3.532021834628519,1.3584699363955843,3.5644324607074347e-09,0,0,0,0,0,1,-90,90
23,21,0.6351606494524346,0.24429255748170564,6.40989026306625e-10,0,0,0,0,0,1,-90,90
44,45,0.4540899999999999,0.17464999999999997,4.582568318841869e-10,0,0,0,0,0,1,-90,90
