F_BUS,T_BUS,BR_R,BR_X,BR_B,RATE_A,RATE_B,RATE_C,TAP,SHIFT,BR_STATUS,ANGMIN,ANGMAX
1,2,3.0809030477331967,1.184962710666614,3.1091741064470717e-09,0,0,0,0,0,1,-90,90
1,3,2.657851883388577,1.022250724380222,2.6822409295493597e-09,0,0,0,0,0,1,-90,90
2,4,4.311564618207196,1.6582940839258449,8.702257008097885e-09,0,0,0,0,0,1,-90,90
3,5,5.605725795780807,2.1560483829926183,5.657165195414952e-09,0,0,0,0,0,1,-90,90
4,7,2.7808299999999995,1.0695499999999998,2.806347520994744e-09,0,0,0,0,0,1,-90,90
4,22,0.39289963240671916,0.15111524323335354,7.930099354540499e-10,0,0,0,0,0,1,-90,90
5,12,1.5566163570328564,0.598698598858791,1.5709002185315273e-09,0,0,0,0,0,1,-90,90
7,6,3.3201036961611408,1.2769629600619772,3.3505697137787303e-09,0,0,0,0,0,1,-90,90
22,11,0.33846887782280066,0.1301803376241541,6.831494886144711e-10,0,0,0,0,0,1,-90,90
12,13,8.845069999999998,3.4019499999999994,8.926234350005207e-09,0,0,0,0,0,1,-90,90
11,23,1.5896399999999997,0.6113999999999999,3.2084537877353773e-09,0,0,0,0,0,1,-90,90
11,10,0.7521799999999998,0.28929999999999995,7.59082172711682e-10,0,0,0,0,0,1,-90,90
13,21,1.522828404105849,0.5857032323484036,1.5368022197555527e-09,0,0,0,0,0,1,-90,90
8,10,0.6934000559047877,0.26669232919414915,6.997628506402832e-10,0,0,0,0,0,1,-90,90
10,9,6.424979651113614,2.471146019659082,6.4839367082289714e-09,0,0,0,0,0,1,-90,90
23,24,1.3216290434963975,0.5083188628832298,1.333756608599149e-09,0,0,0,0,0,1,-90,90
21,20,0.3470530856851116,0.13348195603273524,3.5023772278995473e-10,0,0,0,0,0,1,-90,90
14,15,9.5511229659495,3.6735088330575,9.638766216636168e-09,0,0,0,0,0,1,-90,90
15,16,0.9657699999999998,0.3714499999999999,9.746321225501357e-10,0,0,0,0,0,1,-90,90
15,17,9.025085671696898,3.471186796806499,9.10790188595915e-09,0,0,0,0,0,1,-90,90
20,19,1.57781,0.6068499999999999,1.5922883391292232e-09,0,0,0,0,0,1,-90,90
20,17,5.463581512230364,2.1013775047039864,5.513716563975649e-09,0,0,0,0,0,1,-90,90
16,25,6.680407633227717,2.5693875512414297,6.741708554907338e-09,0,0,0,0,0,1,-90,90
25,26,2.774932338438982,1.0672816686303777,2.8003957411659065e-09,0,0,0,0,0,1,-90,90
19,18,1.2976886873294233,0.49911103358823977,1.3095965703440525e-09,0,0,0,0,0,1,-90,90
