F_BUS,T_BUS,BR_R,BR_X,BR_B,RATE_A,RATE_B,RATE_C,TAP,SHIFT,BR_STATUS,ANGMIN,ANGMAX
1,2,0.17852321264691393,0.0686627740949669,5.404841452929714e-10,0,0,0,0,0,1,-90,90
1,3,0.6329520469461275,0.24344309497927982,1.2775203143347952e-09,0,0,0,0,0,1,-90,90
2,4,0.4378402494957818,0.1684000959599161,1.3255739100529783e-09,0,0,0,0,0,1,-90,90
3,5,2.034095982887285,0.7823446088028019,2.0527613047331554e-09,0,0,0,0,0,1,-90,90
3,7,14.855853591076094,5.7137898427215745,1.4992174242070633e-08,0,0,0,0,0,1,-90,90
4,22,0.4785299999999999,0.18404999999999996,1.4487632964492057e-09,0,0,0,0,0,1,-90,90
4,16,1.0931028330160524,0.42042416654463555,1.1031333902564813e-09,0,0,0,0,0,1,-90,90
5,6,1.3599871153416865,0.5230719674391103,1.3724666627316078e-09,0,0,0,0,0,1,-90,90
7,12,6.405789576037479,2.4637652215528765,6.464570540711498e-09,0,0,0,0,0,1,-90,90
7,11,10.175662374425182,3.913716297855839,1.0269036539072006e-08,0,0,0,0,0,1,-90,90
16,15,0.6558197752098017,0.252238375080693,6.618377248445099e-10,0,0,0,0,0,1,-90,90
6,25,3.0448524281830758,1.1710970877627214,3.0727926783105775e-09,0,0,0,0,0,1,-90,90
25,23,2.765881744504553,1.06380067096329,2.7912620969476642e-09,0,0,0,0,0,1,-90,90
11,9,3.2592493411925,1.2535574389201922,3.289156945573562e-09,0,0,0,0,0,1,-90,90
8,9,9.868576511266202,3.7956063504870006,9.959132787023612e-09,0,0,0,0,0,1,-90,90
8,10,10.106005740007227,3.886925284618164,1.0198740719723226e-08,0,0,0,0,0,1,-90,90
9,13,1.4268283235051968,0.5487801244250757,1.4399212208419416e-09,0,0,0,0,0,1,-90,90
13,14,0.2563688207637153,0.09860339260142897,2.587213186748555e-10,0,0,0,0,0,1,-90,90
15,17,0.8158047843570495,0.31377107090655754,8.232907923879052e-10,0,0,0,0,0,1,-90,90
23,24,0.29473819501606674,0.11336084423694877,2.974427789278038e-10,0,0,0,0,0,1,-90,90
17,18,1.0187633209995839,0.39183204653830145,1.0281117221719973e-09,0,0,0,0,0,1,-90,90
18,20,3.7208276285726405,1.4310875494510156,3.754970779045675e-09,0,0,0,0,0,1,-90,90
20,19,2.913066538148795,1.120410206980306,2.939797491334103e-09,0,0,0,0,0,1,-90,90
19,21,0.05968487031880269,0.02295571935338565,6.023255210137431e-11,0,0,0,0,0,1,-90,90
