BUS_I,BUS_TYPE,Pd,Qd,Gs,Bs,area,Vm,Va,baseKV,zone,Vmax,Vmin
4,1,0.0,0.0,0,0,1,1,0,0.4,1,1.1,0.9
18,1,0.0,0.0,0,0,1,1,0,0.4,1,1.1,0.9
106,1,0.001563726732803087,0.00039190686127351754,0,0,1,1,0,0.4,1,1.1,0.9
5,1,0.0,0.0,0,0,1,1,0,0.4,1,1.1,0.9
40,1,0.0,0.0,0,0,1,1,0,0.4,1,1.1,0.9
42,1,0.0019093816693000112,0.00047853615423404464,0,0,1,1,0,0.4,1,1.1,0.9
6,1,0.015511023511637358,0.0038874289299184192,0,0,1,1,0,0.4,1,1.1,0.9
7,1,0.0,0.0,0,0,1,1,0,0.4,1,1.1,0.9
9,1,0.005015563366847289,0.0012570186691737528,0,0,1,1,0,0.4,1,1.1,0.9
39,1,0.0,0.0,0,0,1,1,0,0.4,1,1.1,0.9
12,1,0.0,0.0,0,0,1,1,0,0.4,1,1.1,0.9
35,1,0.0,0.0,0,0,1,1,0,0.4,1,1.1,0.9
100,1,0.0053334319482645845,0.001336684045116651,0,0,1,1,0,0.4,1,1.1,0.9
14,1,0.0,0.0,0,0,1,1,0,0.4,1,1.1,0.9
17,1,0.0,0.0,0,0,1,1,0,0.4,1,1.1,0.9
85,1,0.004939619616646955,0.0012379853712515506,0,0,1,1,0,0.4,1,1.1,0.9
15,1,0.0,0.0,0,0,1,1,0,0.4,1,1.1,0.9
25,1,0.0,0.0,0,0,1,1,0,0.4,1,1.1,0.9
36,1,0.002536843868297557,0.000635793004691607,0,0,1,1,0,0.4,1,1.1,0.9
16,1,0.0,0.0,0,0,1,1,0,0.4,1,1.1,0.9
19,1,0.0,0.0,0,0,1,1,0,0.4,1,1.1,0.9
41,1,0.00703854756850232,0.0017640263018023448,0,0,1,1,0,0.4,1,1.1,0.9
112,1,0.010182241196584271,0.0025519101927291483,0,0,1,1,0,0.4,1,1.1,0.9
20,1,0.0,0.0,0,0,1,1,0,0.4,1,1.1,0.9
86,1,0.000633643632900598,0.00015880606382604658,0,0,1,1,0,0.4,1,1.1,0.9
107,1,0.003041930607954246,0.0007623796739972431,0,0,1,1,0,0.4,1,1.1,0.9
21,1,0.0,0.0,0,0,1,1,0,0.4,1,1.1,0.9
32,1,0.0,0.0,0,0,1,1,0,0.4,1,1.1,0.9
101,1,0.016657628485770376,0.004174795224237351,0,0,1,1,0,0.4,1,1.1,0.9
24,1,0.0,0.0,0,0,1,1,0,0.4,1,1.1,0.9
31,1,0.0,0.0,0,0,1,1,0,0.4,1,1.1,0.9
54,1,0.007444408891907247,0.0018657447376589829,0,0,1,1,0,0.4,1,1.1,0.9
52,1,0.03208228459576171,0.008040578442929254,0,0,1,1,0,0.4,1,1.1,0.9
108,1,0.00044274088460688764,0.00011096132514963897,0,0,1,1,0,0.4,1,1.1,0.9
34,3,0.01110111813487196,0.002782202461337627,0,0,1,1,0,0.4,1,1.1,0.9
104,1,0.012789407043652693,0.003205327546612017,0,0,1,1,0,0.4,1,1.1,0.9
82,1,0.001453887976656148,0.00036437867411349484,0,0,1,1,0,0.4,1,1.1,0.9
83,1,0.001973938719902496,0.0004947156762336096,0,0,1,1,0,0.4,1,1.1,0.9
84,1,0.002225124169633129,0.0005576686840299569,0,0,1,1,0,0.4,1,1.1,0.9
102,1,0.02579361646691588,0.006464489644121765,0,0,1,1,0,0.4,1,1.1,0.9
103,1,0.004542044736350543,0.0011383437137997676,0,0,1,1,0,0.4,1,1.1,0.9
105,1,0.0025353334330410855,0.0006354144539332787,0,0,1,1,0,0.4,1,1.1,0.9
