BUS_I,BUS_TYPE,Pd,Qd,Gs,Bs,area,Vm,Va,baseKV,zone,Vmax,Vmin
1,1,0.0024006942217284495,0.0006016706868140134,0,0,1,1,0,0.4,1,1.1,0.9
2,1,0.07776809410369862,0.019490521603330552,0,0,1,1,0,0.4,1,1.1,0.9
3,1,0.0,0.0,0,0,1,1,0,0.4,1,1.1,0.9
5,1,0.0,0.0,0,0,1,1,0,0.4,1,1.1,0.9
14,1,0.0,0.0,0,0,1,1,0,0.4,1,1.1,0.9
4,1,0.005816151308769711,0.0014576649207920342,0,0,1,1,0,0.4,1,1.1,0.9
16,1,0.0,0.0,0,0,1,1,0,0.4,1,1.1,0.9
34,1,0.011109905467963858,0.00278440477460552,0,0,1,1,0,0.4,1,1.1,0.9
7,1,0.0014278401468039942,0.0003578504725894056,0,0,1,1,0,0.4,1,1.1,0.9
8,1,0.012785249290020131,0.0032042855153274555,0,0,1,1,0,0.4,1,1.1,0.9
9,3,0.004708186449261496,0.0011799827520458039,0,0,1,1,0,0.4,1,1.1,0.9
10,1,0.01019535399212287,0.002555196569072438,0,0,1,1,0,0.4,1,1.1,0.9
11,1,0.019083859561308803,0.004782866049907806,0,0,1,1,0,0.4,1,1.1,0.9
30,1,0.013087494988801233,0.003280035427801222,0,0,1,1,0,0.4,1,1.1,0.9
33,1,0.0095762267018796,0.0024000286436555275,0,0,1,1,0,0.4,1,1.1,0.9
28,1,0.010991652666430088,0.0027547678288951747,0,0,1,1,0,0.4,1,1.1,0.9
12,1,0.006168153378395888,0.001545884955261669,0,0,1,1,0,0.4,1,1.1,0.9
13,1,0.021628602498389955,0.005420638747846975,0,0,1,1,0,0.4,1,1.1,0.9
15,1,0.006181720717651778,0.0015492852509988132,0,0,1,1,0,0.4,1,1.1,0.9
23,1,0.0,0.0,0,0,1,1,0,0.4,1,1.1,0.9
25,1,0.0,0.0,0,0,1,1,0,0.4,1,1.1,0.9
22,1,0.012370004414792274,0.003100215339703646,0,0,1,1,0,0.4,1,1.1,0.9
39,1,0.0028178025828070876,0.000706207896015677,0,0,1,1,0,0.4,1,1.1,0.9
17,1,0.0029287848120714156,0.0007340226645527303,0,0,1,1,0,0.4,1,1.1,0.9
19,1,0.0,0.0,0,0,1,1,0,0.4,1,1.1,0.9
21,1,0.006973618040461736,0.0017477534281572535,0,0,1,1,0,0.4,1,1.1,0.9
37,1,0.0033823486998347907,0.0008476964899798372,0,0,1,1,0,0.4,1,1.1,0.9
38,1,0.0,0.0,0,0,1,1,0,0.4,1,1.1,0.9
24,1,0.0,0.0,0,0,1,1,0,0.4,1,1.1,0.9
26,1,0.011959013585307878,0.0029972113284422283,0,0,1,1,0,0.4,1,1.1,0.9
41,1,0.006705039248534655,0.0016804412379000122,0,0,1,1,0,0.4,1,1.1,0.9
32,1,0.0,0.0,0,0,1,1,0,0.4,1,1.1,0.9
27,1,0.0,0.0,0,0,1,1,0,0.4,1,1.1,0.9
44,1,0.002836615178831687,0.0007109227770148597,0,0,1,1,0,0.4,1,1.1,0.9
31,1,0.0,0.0,0,0,1,1,0,0.4,1,1.1,0.9
43,1,0.00785772635229895,0.0019693318575909223,0,0,1,1,0,0.4,1,1.1,0.9
29,1,0.014593271325346418,0.003657418550731864,0,0,1,1,0,0.4,1,1.1,0.9
36,1,0.036469033278455416,0.009140001296913752,0,0,1,1,0,0.4,1,1.1,0.9
35,1,0.002542869697542817,0.0006373032198567891,0,0,1,1,0,0.4,1,1.1,0.9
40,1,0.006670691969660286,0.0016718329983818386,0,0,1,1,0,0.4,1,1.1,0.9
