BUS_I,BUS_TYPE,Pd,Qd,Gs,Bs,area,Vm,Va,baseKV,zone,Vmax,Vmin
4,1,0.009373475917741273,0.002349214507294272,0,0,1,1,0,0.4,1,1.1,0.9
7,1,0.00937505929491261,0.0023496113390196714,0,0,1,1,0,0.4,1,1.1,0.9
8,1,0.0,0.0,0,0,1,1,0,0.4,1,1.1,0.9
9,1,0.0020268356069681414,0.0005079728857870178,0,0,1,1,0,0.4,1,1.1,0.9
10,1,0.002707959417234871,0.0006786786037495099,0,0,1,1,0,0.4,1,1.1,0.9
25,1,0.0,0.0,0,0,1,1,0,0.4,1,1.1,0.9
11,1,0.0129405970060898,0.0032432193229638695,0,0,1,1,0,0.4,1,1.1,0.9
12,1,0.0,0.0,0,0,1,1,0,0.4,1,1.1,0.9
13,1,0.0,0.0,0,0,1,1,0,0.4,1,1.1,0.9
14,3,0.009044835332733816,0.002266849412770059,0,0,1,1,0,0.4,1,1.1,0.9
17,1,0.0,0.0,0,0,1,1,0,0.4,1,1.1,0.9
22,1,0.019645975098462415,0.004923745483134641,0,0,1,1,0,0.4,1,1.1,0.9
26,1,0.0,0.0,0,0,1,1,0,0.4,1,1.1,0.9
15,1,0.01968180904981136,0.00493272631789662,0,0,1,1,0,0.4,1,1.1,0.9
16,1,0.0,0.0,0,0,1,1,0,0.4,1,1.1,0.9
18,1,0.0,0.0,0,0,1,1,0,0.4,1,1.1,0.9
19,1,0.0,0.0,0,0,1,1,0,0.4,1,1.1,0.9
30,1,0.009137642919101989,0.0022901091864331482,0,0,1,1,0,0.4,1,1.1,0.9
21,1,0.0,0.0,0,0,1,1,0,0.4,1,1.1,0.9
20,1,0.01563836327936692,0.0039193432840311316,0,0,1,1,0,0.4,1,1.1,0.9
27,1,0.011187138319072977,0.002803761151669639,0,0,1,1,0,0.4,1,1.1,0.9
23,1,0.016603633774272535,0.0041612628739458426,0,0,1,1,0,0.4,1,1.1,0.9
24,1,0.0,0.0,0,0,1,1,0,0.4,1,1.1,0.9
105,1,0.004021564684316671,0.0010078991167553565,0,0,1,1,0,0.4,1,1.1,0.9
34,1,0.009037424931089081,0.002264992191051941,0,0,1,1,0,0.4,1,1.1,0.9
173,1,0.014201813676394155,0.0035593100159705604,0,0,1,1,0,0.4,1,1.1,0.9
31,1,0.0,0.0,0,0,1,1,0,0.4,1,1.1,0.9
32,1,0.008607910221617596,0.0021573456578510702,0,0,1,1,0,0.4,1,1.1,0.9
33,1,0.010831616109909518,0.002714658887070941,0,0,1,1,0,0.4,1,1.1,0.9
172,1,0.006114800920741926,0.001532513568956268,0,0,1,1,0,0.4,1,1.1,0.9
176,1,0.006893806220422423,0.001727750700552754,0,0,1,1,0,0.4,1,1.1,0.9
183,1,0.0,0.0,0,0,1,1,0,0.4,1,1.1,0.9
182,1,0.012668446125378109,0.003175011882868917,0,0,1,1,0,0.4,1,1.1,0.9
