BUS_I,BUS_TYPE,Pd,Qd,Gs,Bs,area,Vm,Va,baseKV,zone,Vmax,Vmin
1,1,0.02893374961898052,0.007251481195644687,0,0,1,1,0,0.4,1,1.1,0.9
2,1,0.029628979339780804,0.007425722188029904,0,0,1,1,0,0.4,1,1.1,0.9
3,1,0.0,0.0,0,0,1,1,0,0.4,1,1.1,0.9
4,1,0.012390285673746546,0.003105298302329217,0,0,1,1,0,0.4,1,1.1,0.9
5,1,0.0061578062443691855,0.0015432917190302256,0,0,1,1,0,0.4,1,1.1,0.9
33,1,0.01064515144094935,0.002667926435922274,0,0,1,1,0,0.4,1,1.1,0.9
16,1,0.0,0.0,0,0,1,1,0,0.4,1,1.1,0.9
26,1,0.0,0.0,0,0,1,1,0,0.4,1,1.1,0.9
32,1,0.005950734664802191,0.0014913946892585476,0,0,1,1,0,0.4,1,1.1,0.9
6,1,0.015218961340743513,0.003814231250112462,0,0,1,1,0,0.4,1,1.1,0.9
7,1,0.0,0.0,0,0,1,1,0,0.4,1,1.1,0.9
8,1,0.0,0.0,0,0,1,1,0,0.4,1,1.1,0.9
9,1,0.0,0.0,0,0,1,1,0,0.4,1,1.1,0.9
18,1,0.014578960103135379,0.003653831820352406,0,0,1,1,0,0.4,1,1.1,0.9
23,1,0.016243917021478295,0.004071109357619889,0,0,1,1,0,0.4,1,1.1,0.9
19,1,0.012361075709728438,0.0030979775952797643,0,0,1,1,0,0.4,1,1.1,0.9
34,1,0.0,0.0,0,0,1,1,0,0.4,1,1.1,0.9
24,1,0.019764910626562042,0.004953553536251363,0,0,1,1,0,0.4,1,1.1,0.9
10,1,0.020444016239708828,0.005123753446336995,0,0,1,1,0,0.4,1,1.1,0.9
11,1,0.01169078780892902,0.002929987612221136,0,0,1,1,0,0.4,1,1.1,0.9
13,1,0.0,0.0,0,0,1,1,0,0.4,1,1.1,0.9
17,1,0.015773877560809328,0.003953306364397884,0,0,1,1,0,0.4,1,1.1,0.9
22,1,0.042015349352064336,0.01053003913309152,0,0,1,1,0,0.4,1,1.1,0.9
31,1,0.02672320021356034,0.006697465291845876,0,0,1,1,0,0.4,1,1.1,0.9
21,1,0.017439179231862695,0.004370670304839166,0,0,1,1,0,0.4,1,1.1,0.9
20,1,0.016700217143266752,0.004185468947935441,0,0,1,1,0,0.4,1,1.1,0.9
25,1,0.025561125812354007,0.006406221993647159,0,0,1,1,0,0.4,1,1.1,0.9
29,1,0.023491636472132295,0.005887559074639925,0,0,1,1,0,0.4,1,1.1,0.9
27,3,0.01866419856361125,0.004677689089665053,0,0,1,1,0,0.4,1,1.1,0.9
35,1,0.02458047640066919,0.0061604480838706125,0,0,1,1,0,0.4,1,1.1,0.9
28,1,0.011732996884161137,0.0029405662036364176,0,0,1,1,0,0.4,1,1.1,0.9
30,1,0.011716059232553422,0.0029363212280024554,0,0,1,1,0,0.4,1,1.1,0.9
