BUS_I,BUS_TYPE,Pd,Qd,Gs,Bs,area,Vm,Va,baseKV,zone,Vmax,Vmin
83,1,0.022580381763305582,0.005659177116804609,0,0,1,1,0,0.4,1,1.1,0.9
84,1,0.010729219668483284,0.0026889959197998006,0,0,1,1,0,0.4,1,1.1,0.9
86,1,0.0,0.0,0,0,1,1,0,0.4,1,1.1,0.9
89,1,0.0,0.0,0,0,1,1,0,0.4,1,1.1,0.9
87,3,0.006475344520319964,0.0016228743126199614,0,0,1,1,0,0.4,1,1.1,0.9
88,1,0.0,0.0,0,0,1,1,0,0.4,1,1.1,0.9
111,1,0.0,0.0,0,0,1,1,0,0.4,1,1.1,0.9
97,1,0.004820939248801149,0.0012082412673224319,0,0,1,1,0,0.4,1,1.1,0.9
98,1,0.001437052866933245,0.0003601593978983526,0,0,1,1,0,0.4,1,1.1,0.9
99,1,0.0,0.0,0,0,1,1,0,0.4,1,1.1,0.9
101,1,0.0,0.0,0,0,1,1,0,0.4,1,1.1,0.9
106,1,0.00019603732337056506,4.9131584491683935e-05,0,0,1,1,0,0.4,1,1.1,0.9
107,1,0.0,0.0,0,0,1,1,0,0.4,1,1.1,0.9
108,1,0.0009458484180464847,0.00023705195861980463,0,0,1,1,0,0.4,1,1.1,0.9
110,1,0.00015768790995894215,3.952031551063348e-05,0,0,1,1,0,0.4,1,1.1,0.9
109,1,0.0009948760941100646,0.00024933945248848684,0,0,1,1,0,0.4,1,1.1,0.9
112,1,0.0002868011089859126,7.187913340264354e-05,0,0,1,1,0,0.4,1,1.1,0.9
113,1,0.00013380783305068058,3.3535404086045396e-05,0,0,1,1,0,0.4,1,1.1,0.9
114,1,0.00013268284164755353,3.325345466322721e-05,0,0,1,1,0,0.4,1,1.1,0.9
