BUS_I,BUS_TYPE,Pd,Qd,Gs,Bs,area,Vm,Va,baseKV,zone,Vmax,Vmin
1,1,0.03917535055255084,0.009818268340797949,0,0,1,1,0,0.4,1,1.1,0.9
2,1,0.0010531190372809359,0.0002639365099989837,0,0,1,1,0,0.4,1,1.1,0.9
3,1,0.0,0.0,0,0,1,1,0,0.4,1,1.1,0.9
4,1,0.0,0.0,0,0,1,1,0,0.4,1,1.1,0.9
5,1,0.0,0.0,0,0,1,1,0,0.4,1,1.1,0.9
9,1,0.010126268013535908,0.002537881990726967,0,0,1,1,0,0.4,1,1.1,0.9
12,1,0.0,0.0,0,0,1,1,0,0.4,1,1.1,0.9
18,3,0.0018801708255017705,0.00047121522669090653,0,0,1,1,0,0.4,1,1.1,0.9
8,1,0.013131240674966767,0.0032909991302178575,0,0,1,1,0,0.4,1,1.1,0.9
14,1,0.04732051734589214,0.011859639563508663,0,0,1,1,0,0.4,1,1.1,0.9
10,1,0.03663889480883525,0.009182572609295774,0,0,1,1,0,0.4,1,1.1,0.9
11,1,0.023689970276039127,0.005937266211406865,0,0,1,1,0,0.4,1,1.1,0.9
19,1,0.011104432053272663,0.002783033007578023,0,0,1,1,0,0.4,1,1.1,0.9
16,1,0.025709553754249288,0.00644342154240028,0,0,1,1,0,0.4,1,1.1,0.9
17,1,0.008211424425461649,0.0020579769506137964,0,0,1,1,0,0.4,1,1.1,0.9
