BUS_I,BUS_TYPE,Pd,Qd,Gs,Bs,area,Vm,Va,baseKV,zone,Vmax,Vmin
1,1,0.00556677994619805,0.0013951665660943617,0,0,1,1,0,0.4,1,1.1,0.9
2,1,0.006989858653904531,0.0017518237095600104,0,0,1,1,0,0.4,1,1.1,0.9
3,1,0.0,0.0,0,0,1,1,0,0.4,1,1.1,0.9
4,1,0.012854326629332792,0.0032215979284666886,0,0,1,1,0,0.4,1,1.1,0.9
5,1,0.015648363594241262,0.003921849599189614,0,0,1,1,0,0.4,1,1.1,0.9
6,1,0.0034098583738327594,0.0008545910641819906,0,0,1,1,0,0.4,1,1.1,0.9
12,1,0.012541256101394307,0.003143135058076492,0,0,1,1,0,0.4,1,1.1,0.9
7,1,0.0,0.0,0,0,1,1,0,0.4,1,1.1,0.9
9,1,0.01167971490969324,0.002927212482082564,0,0,1,1,0,0.4,1,1.1,0.9
13,1,0.021059285580550136,0.005277954478492213,0,0,1,1,0,0.4,1,1.1,0.9
8,1,0.042334079665168986,0.010609920479353122,0,0,1,1,0,0.4,1,1.1,0.9
10,1,0.0073218147130147074,0.001835019740220297,0,0,1,1,0,0.4,1,1.1,0.9
27,1,0.008661615161528035,0.0021708053845371097,0,0,1,1,0,0.4,1,1.1,0.9
11,1,0.008372386638450165,0.0020983178838169334,0,0,1,1,0,0.4,1,1.1,0.9
15,1,0.0,0.0,0,0,1,1,0,0.4,1,1.1,0.9
24,1,0.0,0.0,0,0,1,1,0,0.4,1,1.1,0.9
19,1,0.005430809629542403,0.0013610891925296346,0,0,1,1,0,0.4,1,1.1,0.9
14,1,0.0,0.0,0,0,1,1,0,0.4,1,1.1,0.9
25,1,0.007045040390316063,0.0017656535563375863,0,0,1,1,0,0.4,1,1.1,0.9
29,3,0.015342445176860875,0.0038451792166692648,0,0,1,1,0,0.4,1,1.1,0.9
30,1,0.027534511960946726,0.006900799182456398,0,0,1,1,0,0.4,1,1.1,0.9
17,1,0.0,0.0,0,0,1,1,0,0.4,1,1.1,0.9
16,1,0.023206798499067614,0.005816171949476959,0,0,1,1,0,0.4,1,1.1,0.9
23,1,0.010903102057905335,0.002732574954447996,0,0,1,1,0,0.4,1,1.1,0.9
18,1,0.0046845114609354605,0.001174049240665007,0,0,1,1,0,0.4,1,1.1,0.9
32,1,0.01102922660027478,0.002764184744376549,0,0,1,1,0,0.4,1,1.1,0.9
33,1,0.008856871334458677,0.0022197411942743747,0,0,1,1,0,0.4,1,1.1,0.9
31,1,0.024972765343044663,0.006258764960402543,0,0,1,1,0,0.4,1,1.1,0.9
34,1,0.01262845012059452,0.0031649879391903953,0,0,1,1,0,0.4,1,1.1,0.9
