BUS_I,BUS_TYPE,Pd,Qd,Gs,Bs,area,Vm,Va,baseKV,zone,Vmax,Vmin
14,1,0.0006229699071599357,0.0001561309759955669,0,0,1,1,0,0.4,1,1.1,0.9
15,1,0.0004313904878242626,0.00010811664757012753,0,0,1,1,0,0.4,1,1.1,0.9
16,1,0.0,0.0,0,0,1,1,0,0.4,1,1.1,0.9
17,1,0.0,0.0,0,0,1,1,0,0.4,1,1.1,0.9
27,1,7.201963196620471e-05,1.8049821187973144e-05,0,0,1,1,0,0.4,1,1.1,0.9
31,1,0.00022278089100192806,5.583415433959823e-05,0,0,1,1,0,0.4,1,1.1,0.9
18,1,0.010834185054162025,0.0027153027251902665,0,0,1,1,0,0.4,1,1.1,0.9
19,3,0.0016110079174990787,0.0004037566431457527,0,0,1,1,0,0.4,1,1.1,0.9
20,1,0.003984963529962479,0.000998726002795588,0,0,1,1,0,0.4,1,1.1,0.9
39,1,0.0,0.0,0,0,1,1,0,0.4,1,1.1,0.9
21,1,0.0,0.0,0,0,1,1,0,0.4,1,1.1,0.9
55,1,0.0037834669160020998,0.0009482261911098863,0,0,1,1,0,0.4,1,1.1,0.9
22,1,0.0012271928411922014,0.00030756351764022003,0,0,1,1,0,0.4,1,1.1,0.9
23,1,0.0013543739387261188,0.0003394381052534224,0,0,1,1,0,0.4,1,1.1,0.9
24,1,0.0006859251361757721,0.00017190904366351845,0,0,1,1,0,0.4,1,1.1,0.9
25,1,0.00012880700350650492,3.2282078060910194e-05,0,0,1,1,0,0.4,1,1.1,0.9
35,1,0.0,0.0,0,0,1,1,0,0.4,1,1.1,0.9
38,1,0.005239657484693969,0.001313181949184781,0,0,1,1,0,0.4,1,1.1,0.9
33,1,0.0,0.0,0,0,1,1,0,0.4,1,1.1,0.9
32,1,0.0001434474074536538,3.595130916014347e-05,0,0,1,1,0,0.4,1,1.1,0.9
37,1,7.507417838590012e-05,1.8815362682433116e-05,0,0,1,1,0,0.4,1,1.1,0.9
34,1,0.0004507584083177049,0.00011297070600038386,0,0,1,1,0,0.4,1,1.1,0.9
41,1,0.0013885686219748802,0.0003480081007028458,0,0,1,1,0,0.4,1,1.1,0.9
36,1,0.0003102341170186726,7.77519988053178e-05,0,0,1,1,0,0.4,1,1.1,0.9
52,1,0.00014010097211140677,3.511261340600498e-05,0,0,1,1,0,0.4,1,1.1,0.9
40,1,0.0,0.0,0,0,1,1,0,0.4,1,1.1,0.9
