BUS_I,BUS_TYPE,Pd,Qd,Gs,Bs,area,Vm,Va,baseKV,zone,Vmax,Vmin
1,1,0.060071125396632785,0.015055243165895798,0,0,1,1,0,0.4,1,1.1,0.9
2,1,0.03437016003615904,0.008613974077870918,0,0,1,1,0,0.4,1,1.1,0.9
3,3,0.07016661069102446,0.017585410279983383,0,0,1,1,0,0.4,1,1.1,0.9
4,1,0.0,0.0,0,0,1,1,0,0.4,1,1.1,0.9
5,1,0.0,0.0,0,0,1,1,0,0.4,1,1.1,0.9
12,1,0.0,0.0,0,0,1,1,0,0.4,1,1.1,0.9
7,1,0.0,0.0,0,0,1,1,0,0.4,1,1.1,0.9
20,1,0.016753394004399055,0.00419879632560416,0,0,1,1,0,0.4,1,1.1,0.9
18,1,0.05003218181440051,0.012539246740636752,0,0,1,1,0,0.4,1,1.1,0.9
24,1,0.012139485742659628,0.0030424419146126134,0,0,1,1,0,0.4,1,1.1,0.9
15,1,0.0,0.0,0,0,1,1,0,0.4,1,1.1,0.9
14,1,0.0,0.0,0,0,1,1,0,0.4,1,1.1,0.9
6,1,0.013223141156922753,0.0033140315620854973,0,0,1,1,0,0.4,1,1.1,0.9
8,1,0.0,0.0,0,0,1,1,0,0.4,1,1.1,0.9
17,1,0.08073198405647085,0.02023334244547916,0,0,1,1,0,0.4,1,1.1,0.9
23,1,0.07569891327858311,0.018971936005497403,0,0,1,1,0,0.4,1,1.1,0.9
21,1,0.01850180215684431,0.004636988713619142,0,0,1,1,0,0.4,1,1.1,0.9
19,1,0.07364810115906101,0.018457954039234756,0,0,1,1,0,0.4,1,1.1,0.9
