F_BUS,T_BUS,BR_R,BR_X,BR_B,RATE_A,RATE_B,RATE_C,TAP,SHIFT,BR_STATUS,ANGMIN,ANGMAX
1,2,7.506120019930911,2.886969238434966,7.574997864026977e-09,0,0,0,0,0,1,-90,90
2,8,10.56372656814291,4.062971756978043,1.0660661697038e-08,0,0,0,0,0,1,-90,90
8,5,3.954492683412046,1.5209587243892488,3.9907799969380555e-09,0,0,0,0,0,1,-90,90
5,7,4.477298843583677,1.7220380167629525,4.518383543921667e-09,0,0,0,0,0,1,-90,90
5,3,2.2450262343685887,0.8634716286033035,2.2656270996028008e-09,0,0,0,0,0,1,-90,90
3,4,3.6265541050029655,1.3948285019242177,3.659832180438354e-09,0,0,0,0,0,1,-90,90
4,6,2.6092207335047206,1.0035464359633541,2.633163529305661e-09,0,0,0,0,0,1,-90,90
6,10,3.475082923523354,1.33657035520129,3.5069710653585204e-09,0,0,0,0,0,1,-90,90
7,9,0.45881434016156886,0.17646705390829573,4.630245236527434e-10,0,0,0,0,0,1,-90,90
