BUS_I,BUS_TYPE,Pd,Qd,Gs,Bs,area,Vm,Va,baseKV,zone,Vmax,Vmin
65,3,0.0027797998101130174,0.000696683503387608,0,0,1,1,0,0.4,1,1.1,0.9
64,1,0.0,0.0,0,0,1,1,0,0.4,1,1.1,0.9
70,1,0.007104975417011318,0.001780674689953673,0,0,1,1,0,0.4,1,1.1,0.9
66,1,0.0032241570405878673,0.0008080499229968845,0,0,1,1,0,0.4,1,1.1,0.9
67,1,0.003598844400127461,0.0009019554270441285,0,0,1,1,0,0.4,1,1.1,0.9
71,1,0.0041604028819056645,0.001042695249033813,0,0,1,1,0,0.4,1,1.1,0.9
72,1,0.004154621047276294,0.0010412461846835879,0,0,1,1,0,0.4,1,1.1,0.9
73,1,0.003371192999546814,0.0008449006079414635,0,0,1,1,0,0.4,1,1.1,0.9
58,1,0.0028234002024853,0.0007076107917471828,0,0,1,1,0,0.4,1,1.1,0.9
59,1,0.002577986129027692,0.0006461042271898887,0,0,1,1,0,0.4,1,1.1,0.9
61,1,0.0027214912231910983,0.0006820699940023074,0,0,1,1,0,0.4,1,1.1,0.9
62,1,0.002905195365972523,0.0007281105920749351,0,0,1,1,0,0.4,1,1.1,0.9
63,1,0.0,0.0,0,0,1,1,0,0.4,1,1.1,0.9
