F_BUS,T_BUS,BR_R,BR_X,BR_B,RATE_A,RATE_B,RATE_C,TAP,SHIFT,BR_STATUS,ANGMIN,ANGMAX
1,3,1.0538249651239648,0.6744479776793376,1.7696558461038079e-09,0,0,0,0,0,1,-90,90
3,5,1.2058919775249444,0.7717708656159644,2.0250173021339164e-09,0,0,0,0,0,1,-90,90
3,7,1.7249286925715728,1.1039543632458066,2.8966196910721344e-09,0,0,0,0,0,1,-90,90
5,10,0.5701280426249732,0.36488194727998285,9.573984836659483e-10,0,0,0,0,0,1,-90,90
5,11,2.119915387710263,1.3567458481345684,3.55990869761335e-09,0,0,0,0,0,1,-90,90
7,20,2.135,1.3663999999999996,3.585239822997726e-09,0,0,0,0,0,1,-90,90
7,19,1.673353691419242,1.0709463625083149,2.810011378190406e-09,0,0,0,0,0,1,-90,90
4,19,2.1964087962570162,1.4057016296044902,3.6883617254909396e-09,0,0,0,0,0,1,-90,90
4,18,0.7648878432523448,0.48952821968150073,1.2844526256464405e-09,0,0,0,0,0,1,-90,90
10,16,0.5865014382050302,0.3753609204512193,1.969787646368258e-09,0,0,0,0,0,1,-90,90
10,6,1.3387499999999997,0.8567999999999999,2.248121692289558e-09,0,0,0,0,0,1,-90,90
11,12,0.5371962749273107,0.3438056159534788,9.020971792203418e-10,0,0,0,0,0,1,-90,90
6,21,1.5932812499999995,1.0196999999999998,2.6755481905084765e-09,0,0,0,0,0,1,-90,90
6,9,1.4530011025280465,0.9299207056179498,2.4399800541654124e-09,0,0,0,0,0,1,-90,90
9,13,1.5219529068935107,0.9740498604118469,2.5557686981366588e-09,0,0,0,0,0,1,-90,90
20,22,1.4649999999999999,0.9375999999999998,2.460129433579236e-09,0,0,0,0,0,1,-90,90
13,14,0.7593572612280999,0.4859886471859839,1.2751652893852327e-09,0,0,0,0,0,1,-90,90
16,15,0.3369193227023213,0.2156283665294856,5.657782542809296e-10,0,0,0,0,0,1,-90,90
15,17,2.912817458162465,1.8642031732239777,4.891404753221117e-09,0,0,0,0,0,1,-90,90
