BUS_I,BUS_TYPE,Pd,Qd,Gs,Bs,area,Vm,Va,baseKV,zone,Vmax,Vmin
1,1,0.004603460753273087,0.0011537360185542495,0,0,1,1,0,0.4,1,1.1,0.9
2,1,0.0,0.0,0,0,1,1,0,0.4,1,1.1,0.9
3,1,0.0,0.0,0,0,1,1,0,0.4,1,1.1,0.9
4,1,0.02907867770865888,0.007287803598750501,0,0,1,1,0,0.4,1,1.1,0.9
18,1,0.006268922737859687,0.0015711401373542635,0,0,1,1,0,0.4,1,1.1,0.9
14,1,0.0,0.0,0,0,1,1,0,0.4,1,1.1,0.9
21,1,0.010175555191159397,0.002550234521817119,0,0,1,1,0,0.4,1,1.1,0.9
22,1,0.010004523347003476,0.0025073699011549048,0,0,1,1,0,0.4,1,1.1,0.9
5,1,0.02056844617039009,0.005154938526542385,0,0,1,1,0,0.4,1,1.1,0.9
6,1,0.009505253343413591,0.0023822410433242385,0,0,1,1,0,0.4,1,1.1,0.9
7,1,0.0,0.0,0,0,1,1,0,0.4,1,1.1,0.9
8,1,0.008528749757498328,0.0021375061754279967,0,0,1,1,0,0.4,1,1.1,0.9
9,3,0.010377470130935032,0.0026008391758348013,0,0,1,1,0,0.4,1,1.1,0.9
10,1,0.0,0.0,0,0,1,1,0,0.4,1,1.1,0.9
15,1,0.007076810253101495,0.0017736158344940835,0,0,1,1,0,0.4,1,1.1,0.9
13,1,0.007074170666523871,0.0017729542917392046,0,0,1,1,0,0.4,1,1.1,0.9
24,1,0.007935599016999494,0.0019888485870562353,0,0,1,1,0,0.4,1,1.1,0.9
23,1,0.0077000467214988445,0.0019298136170330833,0,0,1,1,0,0.4,1,1.1,0.9
16,1,0.01100053635644588,0.0027569942914845657,0,0,1,1,0,0.4,1,1.1,0.9
11,1,0.006912929392105462,0.0017325434191490907,0,0,1,1,0,0.4,1,1.1,0.9
25,1,0.02185745570491816,0.0054779947679119865,0,0,1,1,0,0.4,1,1.1,0.9
12,1,0.007805455262976122,0.0019562314877359316,0,0,1,1,0,0.4,1,1.1,0.9
17,1,0.007008080664223314,0.0017563905758291101,0,0,1,1,0,0.4,1,1.1,0.9
19,1,0.010647170722219742,0.0026684325155128487,0,0,1,1,0,0.4,1,1.1,0.9
20,1,0.01488177039889366,0.003729723234166892,0,0,1,1,0,0.4,1,1.1,0.9
27,1,0.012806236315902272,0.0032095453598184375,0,0,1,1,0,0.4,1,1.1,0.9
26,1,0.006722496555649236,0.0016848164514805203,0,0,1,1,0,0.4,1,1.1,0.9
