BUS_I,BUS_TYPE,Pd,Qd,Gs,Bs,area,Vm,Va,baseKV,zone,Vmax,Vmin
1,1,0.0029258822903971385,0.0007332952240509586,0,0,1,1,0,0.4,1,1.1,0.9
2,1,0.0033064356731019122,0.0008286708920844015,0,0,1,1,0,0.4,1,1.1,0.9
3,1,0.0,0.0,0,0,1,1,0,0.4,1,1.1,0.9
4,1,0.002425170529525955,0.0006078050277850153,0,0,1,1,0,0.4,1,1.1,0.9
5,1,0.0,0.0,0,0,1,1,0,0.4,1,1.1,0.9
6,1,0.009102873711653883,0.0022813952016466064,0,0,1,1,0,0.4,1,1.1,0.9
10,1,0.0024606237060252967,0.0006166904313741235,0,0,1,1,0,0.4,1,1.1,0.9
13,1,0.0065363543138598915,0.001638164808197995,0,0,1,1,0,0.4,1,1.1,0.9
8,1,0.006107923790099834,0.0015307899975495944,0,0,1,1,0,0.4,1,1.1,0.9
56,1,0.004930430859486571,0.0012356824516287113,0,0,1,1,0,0.4,1,1.1,0.9
11,1,0.0018384703958377107,0.000460764113871403,0,0,1,1,0,0.4,1,1.1,0.9
7,1,0.003689808891913025,0.0009247532776628979,0,0,1,1,0,0.4,1,1.1,0.9
12,1,0.0,0.0,0,0,1,1,0,0.4,1,1.1,0.9
24,1,0.0019362888893318655,0.00048527973923970425,0,0,1,1,0,0.4,1,1.1,0.9
21,1,0.0024718993773543505,0.0006195163809896295,0,0,1,1,0,0.4,1,1.1,0.9
44,1,0.0019603131158136755,0.000491300777952864,0,0,1,1,0,0.4,1,1.1,0.9
22,3,0.002475129336828056,0.0006203258851394443,0,0,1,1,0,0.4,1,1.1,0.9
23,1,0.0048042433259345915,0.0012040568746216893,0,0,1,1,0,0.4,1,1.1,0.9
43,1,0.0020049717413953595,0.0005024932845547902,0,0,1,1,0,0.4,1,1.1,0.9
25,1,0.005723599571579122,0.0014344692689771193,0,0,1,1,0,0.4,1,1.1,0.9
26,1,0.003054545154882318,0.0007655411774679334,0,0,1,1,0,0.4,1,1.1,0.9
27,1,0.0029034269334078985,0.0007276673810961642,0,0,1,1,0,0.4,1,1.1,0.9
29,1,0.002353884329620127,0.0005899390219982308,0,0,1,1,0,0.4,1,1.1,0.9
30,1,0.0018830775503764867,0.0004719437206140063,0,0,1,1,0,0.4,1,1.1,0.9
31,1,0.0,0.0,0,0,1,1,0,0.4,1,1.1,0.9
32,1,0.002081610019556142,0.0005217006475916548,0,0,1,1,0,0.4,1,1.1,0.9
33,1,0.0018786874333092066,0.00047084345356326857,0,0,1,1,0,0.4,1,1.1,0.9
50,1,0.004036001527998878,0.0010115173308432159,0,0,1,1,0,0.4,1,1.1,0.9
52,1,0.0,0.0,0,0,1,1,0,0.4,1,1.1,0.9
49,1,0.0023529173375717856,0.0005896966709463545,0,0,1,1,0,0.4,1,1.1,0.9
42,1,0.006401896369619083,0.001604466470889247,0,0,1,1,0,0.4,1,1.1,0.9
51,1,0.0,0.0,0,0,1,1,0,0.4,1,1.1,0.9
46,1,0.002948175091331787,0.0007388823266181906,0,0,1,1,0,0.4,1,1.1,0.9
54,1,0.0,0.0,0,0,1,1,0,0.4,1,1.1,0.9
59,1,0.0023990837442467326,0.0006012670631106059,0,0,1,1,0,0.4,1,1.1,0.9
60,1,0.002663985966766254,0.0006676578182177374,0,0,1,1,0,0.4,1,1.1,0.9
