BUS_I,BUS_TYPE,Pd,Qd,Gs,Bs,area,Vm,Va,baseKV,zone,Vmax,Vmin
59,1,0.00210747121405443,0.0005281820738869257,0,0,1,1,0,0.4,1,1.1,0.9
60,1,0.0,0.0,0,0,1,1,0,0.4,1,1.1,0.9
61,1,0.002422988495139269,0.0006072581584185601,0,0,1,1,0,0.4,1,1.1,0.9
62,1,0.003143682311068373,0.0007878810546158437,0,0,1,1,0,0.4,1,1.1,0.9
63,1,0.0,0.0,0,0,1,1,0,0.4,1,1.1,0.9
72,1,0.004935815843161177,0.0012370320557543253,0,0,1,1,0,0.4,1,1.1,0.9
64,1,0.0017808068504266328,0.0004463122671274078,0,0,1,1,0,0.4,1,1.1,0.9
70,3,0.0005524805071348147,0.00013846466708276956,0,0,1,1,0,0.4,1,1.1,0.9
65,1,0.009117699135449494,0.0022851108030908385,0,0,1,1,0,0.4,1,1.1,0.9
66,1,0.0005803502661356028,0.0001454494870934048,0,0,1,1,0,0.4,1,1.1,0.9
67,1,0.0006237492658188296,0.00015632630168733013,0,0,1,1,0,0.4,1,1.1,0.9
68,1,0.0006814069286572766,0.000170776674119652,0,0,1,1,0,0.4,1,1.1,0.9
69,1,0.0,0.0,0,0,1,1,0,0.4,1,1.1,0.9
74,1,0.0026333103979808833,0.0006599697959896436,0,0,1,1,0,0.4,1,1.1,0.9
71,1,0.0014345605334263303,0.00035953476024175204,0,0,1,1,0,0.4,1,1.1,0.9
75,1,0.0021237618770586905,0.0005322648988921744,0,0,1,1,0,0.4,1,1.1,0.9
76,1,0.0,0.0,0,0,1,1,0,0.4,1,1.1,0.9
78,1,0.0002572109039171381,6.44631289629449e-05,0,0,1,1,0,0.4,1,1.1,0.9
79,1,0.00025104189494603663,6.291702957593839e-05,0,0,1,1,0,0.4,1,1.1,0.9
77,1,0.00041708491509517424,0.00010453133308431126,0,0,1,1,0,0.4,1,1.1,0.9
80,1,0.002811379524077421,0.0007045981257574127,0,0,1,1,0,0.4,1,1.1,0.9
