BUS_I,BUS_TYPE,Pd,Qd,Gs,Bs,area,Vm,Va,baseKV,zone,Vmax,Vmin
1,1,0.009176290759815702,0.002299795248346255,0,0,1,1,0,0.4,1,1.1,0.9
2,1,0.004698581531023207,0.0011775755326253051,0,0,1,1,0,0.4,1,1.1,0.9
3,1,0.0052923867112479005,0.0013263971390530824,0,0,1,1,0,0.4,1,1.1,0.9
4,1,0.008288217648997166,0.0020772231466220535,0,0,1,1,0,0.4,1,1.1,0.9
5,1,0.004178769922213301,0.0010472984632443592,0,0,1,1,0,0.4,1,1.1,0.9
28,3,0.004991262283424917,0.0012509282435707219,0,0,1,1,0,0.4,1,1.1,0.9
12,1,0.0037919793424785425,0.0009503596062854548,0,0,1,1,0,0.4,1,1.1,0.9
38,1,0.011787202477386283,0.0029541514058707336,0,0,1,1,0,0.4,1,1.1,0.9
13,1,0.003101796363154927,0.0007773834465402953,0,0,1,1,0,0.4,1,1.1,0.9
6,1,0.012021852717571955,0.0030129602995214782,0,0,1,1,0,0.4,1,1.1,0.9
7,1,0.0038645774555953654,0.000968554408516016,0,0,1,1,0,0.4,1,1.1,0.9
8,1,0.0,0.0,0,0,1,1,0,0.4,1,1.1,0.9
9,1,0.00847077988876023,0.0021229775568215596,0,0,1,1,0,0.4,1,1.1,0.9
11,1,0.013601377787094616,0.0034088265972024123,0,0,1,1,0,0.4,1,1.1,0.9
18,1,0.0,0.0,0,0,1,1,0,0.4,1,1.1,0.9
15,1,0.0,0.0,0,0,1,1,0,0.4,1,1.1,0.9
22,1,0.0,0.0,0,0,1,1,0,0.4,1,1.1,0.9
25,1,0.033668904232329475,0.008438222806716248,0,0,1,1,0,0.4,1,1.1,0.9
16,1,0.01758680056184691,0.004407667697591689,0,0,1,1,0,0.4,1,1.1,0.9
17,1,0.009356544993112366,0.0023449712176001206,0,0,1,1,0,0.4,1,1.1,0.9
29,1,0.009810692989541682,0.0024587914344581015,0,0,1,1,0,0.4,1,1.1,0.9
30,1,0.0035744705827129293,0.0008958467725843689,0,0,1,1,0,0.4,1,1.1,0.9
20,1,0.005445117208907041,0.0013646750099257253,0,0,1,1,0,0.4,1,1.1,0.9
19,1,0.007546638749607728,0.0018913659551130166,0,0,1,1,0,0.4,1,1.1,0.9
21,1,0.0,0.0,0,0,1,1,0,0.4,1,1.1,0.9
24,1,0.007797099055489049,0.001954137224729672,0,0,1,1,0,0.4,1,1.1,0.9
23,1,0.0,0.0,0,0,1,1,0,0.4,1,1.1,0.9
27,1,0.0,0.0,0,0,1,1,0,0.4,1,1.1,0.9
26,1,0.0015420224918138948,0.0003864672657329651,0,0,1,1,0,0.4,1,1.1,0.9
34,1,0.016294548684844562,0.004083798848599788,0,0,1,1,0,0.4,1,1.1,0.9
39,1,0.0026619174608947184,0.0006671394017792166,0,0,1,1,0,0.4,1,1.1,0.9
37,1,0.0,0.0,0,0,1,1,0,0.4,1,1.1,0.9
32,1,0.0018872326422660105,0.00047298508480288047,0,0,1,1,0,0.4,1,1.1,0.9
36,1,0.002075570479262101,0.0005201869961137334,0,0,1,1,0,0.4,1,1.1,0.9
33,1,0.001262808979443788,0.00031648976329430687,0,0,1,1,0,0.4,1,1.1,0.9
35,1,0.004487945290466112,0.001124785114596697,0,0,1,1,0,0.4,1,1.1,0.9
