BUS_I,BUS_TYPE,Pd,Qd,Gs,Bs,area,Vm,Va,baseKV,zone,Vmax,Vmin
1,1,0.05120771153345914,0.012833862259362441,0,0,1,1,0,0.4,1,1.1,0.9
2,3,0.0,0.0,0,0,1,1,0,0.4,1,1.1,0.9
3,1,0.007676503919284,0.0019239132346145621,0,0,1,1,0,0.4,1,1.1,0.9
4,1,0.07107800526803697,0.017813827292090353,0,0,1,1,0,0.4,1,1.1,0.9
5,1,0.0,0.0,0,0,1,1,0,0.4,1,1.1,0.9
10,1,0.0,0.0,0,0,1,1,0,0.4,1,1.1,0.9
20,1,0.004060676520280128,0.0010177014668396366,0,0,1,1,0,0.4,1,1.1,0.9
21,1,0.005763254580400701,0.0014444077510117521,0,0,1,1,0,0.4,1,1.1,0.9
7,1,0.0,0.0,0,0,1,1,0,0.4,1,1.1,0.9
6,1,0.0263323892486866,0.006599518831392144,0,0,1,1,0,0.4,1,1.1,0.9
9,1,0.0,0.0,0,0,1,1,0,0.4,1,1.1,0.9
15,1,0.016198073239864545,0.004059619822917783,0,0,1,1,0,0.4,1,1.1,0.9
16,1,0.0,0.0,0,0,1,1,0,0.4,1,1.1,0.9
19,1,0.02439527860717717,0.006114033141643377,0,0,1,1,0,0.4,1,1.1,0.9
14,1,0.0,0.0,0,0,1,1,0,0.4,1,1.1,0.9
11,1,0.010578901173641818,0.0026513225538152742,0,0,1,1,0,0.4,1,1.1,0.9
12,1,0.0,0.0,0,0,1,1,0,0.4,1,1.1,0.9
13,1,0.061021932351080416,0.015293537850879946,0,0,1,1,0,0.4,1,1.1,0.9
17,1,0.0,0.0,0,0,1,1,0,0.4,1,1.1,0.9
18,1,0.005382672801893651,0.0013490249663194263,0,0,1,1,0,0.4,1,1.1,0.9
25,1,0.040102636049522314,0.010050667992859346,0,0,1,1,0,0.4,1,1.1,0.9
22,1,0.007626018258504404,0.0019112603353320999,0,0,1,1,0,0.4,1,1.1,0.9
23,1,0.021526570179154002,0.00539506703819887,0,0,1,1,0,0.4,1,1.1,0.9
24,1,0.019296145689265017,0.004836069968696156,0,0,1,1,0,0.4,1,1.1,0.9
