BUS_I,BUS_TYPE,Pd,Qd,Gs,Bs,area,Vm,Va,baseKV,zone,Vmax,Vmin
1,1,0.04165639468533992,0.010440076613538456,0,0,1,1,0,0.4,1,1.1,0.9
2,1,0.019807157093343162,0.004964141498872176,0,0,1,1,0,0.4,1,1.1,0.9
3,1,0.0,0.0,0,0,1,1,0,0.4,1,1.1,0.9
4,1,0.08150646310863485,0.02042744519251834,0,0,1,1,0,0.4,1,1.1,0.9
21,3,0.0,0.0,0,0,1,1,0,0.4,1,1.1,0.9
22,1,0.0,0.0,0,0,1,1,0,0.4,1,1.1,0.9
19,1,0.0,0.0,0,0,1,1,0,0.4,1,1.1,0.9
5,1,0.005489483775705746,0.001375794319696937,0,0,1,1,0,0.4,1,1.1,0.9
6,1,0.0,0.0,0,0,1,1,0,0.4,1,1.1,0.9
8,1,0.0,0.0,0,0,1,1,0,0.4,1,1.1,0.9
9,1,0.0,0.0,0,0,1,1,0,0.4,1,1.1,0.9
7,1,0.0,0.0,0,0,1,1,0,0.4,1,1.1,0.9
10,1,0.01692185772617193,0.0042410173141269525,0,0,1,1,0,0.4,1,1.1,0.9
11,1,0.0,0.0,0,0,1,1,0,0.4,1,1.1,0.9
28,1,0.005349565373827356,0.0013407274627044296,0,0,1,1,0,0.4,1,1.1,0.9
39,1,0.0034741647160168843,0.0008707077527290903,0,0,1,1,0,0.4,1,1.1,0.9
27,1,0.0,0.0,0,0,1,1,0,0.4,1,1.1,0.9
37,1,0.019453883101876367,0.004875602690740951,0,0,1,1,0,0.4,1,1.1,0.9
12,1,0.0,0.0,0,0,1,1,0,0.4,1,1.1,0.9
16,1,0.0,0.0,0,0,1,1,0,0.4,1,1.1,0.9
13,1,0.0,0.0,0,0,1,1,0,0.4,1,1.1,0.9
30,1,0.015048239254100293,0.003771444262000751,0,0,1,1,0,0.4,1,1.1,0.9
14,1,0.0,0.0,0,0,1,1,0,0.4,1,1.1,0.9
32,1,0.00048690518205540833,0.00012202994144321186,0,0,1,1,0,0.4,1,1.1,0.9
31,1,0.0004113642528872517,0.00010309759998805981,0,0,1,1,0,0.4,1,1.1,0.9
15,1,0.0,0.0,0,0,1,1,0,0.4,1,1.1,0.9
29,1,0.007768144748367679,0.0019468805913382705,0,0,1,1,0,0.4,1,1.1,0.9
34,1,0.01483322009619857,0.0037175553813419905,0,0,1,1,0,0.4,1,1.1,0.9
38,1,0.019446707045131965,0.004873804201391103,0,0,1,1,0,0.4,1,1.1,0.9
25,1,0.0,0.0,0,0,1,1,0,0.4,1,1.1,0.9
33,1,0.0054384495070757535,0.0013630039263266597,0,0,1,1,0,0.4,1,1.1,0.9
17,1,0.021734556970831653,0.005447193441746773,0,0,1,1,0,0.4,1,1.1,0.9
18,1,0.03262827467061115,0.008177416454349041,0,0,1,1,0,0.4,1,1.1,0.9
24,1,0.021889470371396682,0.005486018399657301,0,0,1,1,0,0.4,1,1.1,0.9
26,1,0.022073113366508627,0.005532043672679383,0,0,1,1,0,0.4,1,1.1,0.9
