F_BUS,T_BUS,BR_R,BR_X,BR_B,RATE_A,RATE_B,RATE_C,TAP,SHIFT,BR_STATUS,ANGMIN,ANGMAX
1,2,2.2512063660974966,1.4407720743023977,7.560763197675639e-09,0,0,0,0,0,1,-90,90
2,3,1.4805367968964942,0.9475435500137563,9.944879594654442e-09,0,0,0,0,0,1,-90,90
2,4,5.835243538184883,3.734555864438325,1.9597889939101265e-08,0,0,0,0,0,1,-90,90
3,14,1.109597162667661,0.710142184107303,7.453249527084562e-09,0,0,0,0,0,1,-90,90
4,5,1.9034735139340835,1.2182230489178134,3.1964445171793423e-09,0,0,0,0,0,1,-90,90
14,13,0.46066221341337193,0.29482381658455803,3.094303536262106e-09,0,0,0,0,0,1,-90,90
9,12,3.085279931754816,1.9745791563230821,2.0724062719293818e-08,0,0,0,0,0,1,-90,90
9,7,2.093274086792641,1.3396954155472902,1.4060683122094945e-08,0,0,0,0,0,1,-90,90
12,13,0.4960092706966165,0.31744593324583453,3.3317324400516518e-09,0,0,0,0,0,1,-90,90
7,6,0.5977403433732129,0.3825538197588563,4.015067883604643e-09,0,0,0,0,0,1,-90,90
6,8,0.8951720735849248,0.5729101270943519,6.0129397033295075e-09,0,0,0,0,0,1,-90,90
8,11,2.2990094327789343,1.471366036978518,1.5442623272780238e-08,0,0,0,0,0,1,-90,90
11,17,0.8422070312499998,0.5390124999999999,5.657169438213004e-09,0,0,0,0,0,1,-90,90
11,15,6.335789903309831,4.054905538118292,1.0639497082666663e-08,0,0,0,0,0,1,-90,90
10,17,0.9949447291428013,0.6367646266513928,1.670780077098107e-09,0,0,0,0,0,1,-90,90
17,20,0.3530362907911084,0.22594322610630935,2.3713719320050353e-09,0,0,0,0,0,1,-90,90
15,16,1.4999989644980898,0.9599993372787774,2.5189021180205646e-09,0,0,0,0,0,1,-90,90
20,18,0.3582812823066768,0.22930002067627314,2.4066029436263956e-09,0,0,0,0,0,1,-90,90
18,21,1.6027395311971548,1.025753299966179,1.0765724764666507e-08,0,0,0,0,0,1,-90,90
18,19,6.82239899947855,4.366335359666272,1.1456644768763629e-08,0,0,0,0,0,1,-90,90
19,22,3.131888049648623,2.0044083517751186,5.259283258440715e-09,0,0,0,0,0,1,-90,90
16,23,16.17055688065059,10.349156403616378,2.7154718730003937e-08,0,0,0,0,0,1,-90,90
