F_BUS,T_BUS,BR_R,BR_X,BR_B,RATE_A,RATE_B,RATE_C,TAP,SHIFT,BR_STATUS,ANGMIN,ANGMAX
1,2,3.4118093849663507,2.1835580063784645,5.729346545882316e-09,0,0,0,0,0,1,-90,90
1,5,1.2957169326115534,0.8292588368713942,4.35171517202005e-09,0,0,0,0,0,1,-90,90
2,3,6.0896566406941695,3.8973802500442685,1.0226173066322856e-08,0,0,0,0,0,1,-90,90
5,4,0.7368323206614577,0.47157268522333295,3.712019548815863e-09,0,0,0,0,0,1,-90,90
3,26,5.8982765874717025,3.7748970159818893,9.904794430191421e-09,0,0,0,0,0,1,-90,90
4,6,0.8442113178295961,0.5402952434109416,4.252974289051137e-09,0,0,0,0,0,1,-90,90
26,25,1.2970639379395053,0.8301209202812834,2.1781195706205934e-09,0,0,0,0,0,1,-90,90
6,7,0.9800119050983013,0.6272076192629129,4.93711153513391e-09,0,0,0,0,0,1,-90,90
7,8,1.0309983612344225,0.6598389511900304,5.193971497156508e-09,0,0,0,0,0,1,-90,90
25,24,0.3458375065402576,0.22133600418576485,5.807542860582522e-10,0,0,0,0,0,1,-90,90
8,12,3.028782219671497,1.9384206205897583,1.0172281619816115e-08,0,0,0,0,0,1,-90,90
12,11,2.143889370603393,1.3720891971861715,3.6001674695966354e-09,0,0,0,0,0,1,-90,90
11,20,3.8225476313123408,2.4464304840398983,6.419086647815756e-09,0,0,0,0,0,1,-90,90
11,10,0.6165624999999999,0.3945999999999999,1.0353744395161761e-09,0,0,0,0,0,1,-90,90
9,10,10.56270437262811,6.76013079848199,1.7737624522388068e-08,0,0,0,0,0,1,-90,90
13,14,2.165417550141086,1.3858672320902952,3.636319079243092e-09,0,0,0,0,0,1,-90,90
13,15,1.0389582828468489,0.6649333010219833,1.7446906838856485e-09,0,0,0,0,0,1,-90,90
15,17,1.0192187499999998,0.6522999999999999,1.711542693604667e-09,0,0,0,0,0,1,-90,90
15,18,1.074921768202228,0.687949931649426,1.805083058531972e-09,0,0,0,0,0,1,-90,90
17,23,2.4343291962963405,1.557970685629658,4.087894134354891e-09,0,0,0,0,0,1,-90,90
17,21,1.1988401282806063,0.767257682099588,2.0131753486273223e-09,0,0,0,0,0,1,-90,90
18,24,1.948661036761226,1.2471430635271847,3.2723265342015862e-09,0,0,0,0,0,1,-90,90
