F_BUS,T_BUS,BR_R,BR_X,BR_B,RATE_A,RATE_B,RATE_C,TAP,SHIFT,BR_STATUS,ANGMIN,ANGMAX
1,2,1.3855940614846824,0.8867801993501968,2.326785483720864e-09,0,0,0,0,0,1,-90,90
2,4,0.5247678523045263,0.33585142547489677,8.812265114338067e-10,0,0,0,0,0,1,-90,90
2,5,1.0440394893091618,0.6681852731578636,1.7532233975894223e-09,0,0,0,0,0,1,-90,90
4,27,0.5658323800808385,0.3621327232517366,9.501849096990203e-10,0,0,0,0,0,1,-90,90
5,25,0.41397005557000044,0.2649408355648003,6.951671797462051e-10,0,0,0,0,0,1,-90,90
27,28,0.3270624153545391,0.20931994582690505,5.492258529905934e-10,0,0,0,0,0,1,-90,90
25,24,0.5995651250550733,0.383721680035247,1.006831270645462e-09,0,0,0,0,0,1,-90,90
6,8,0.5283593749999999,0.33814999999999995,8.872576450136718e-10,0,0,0,0,0,1,-90,90
6,7,1.053128718860223,0.6740023800705428,5.30545998351323e-09,0,0,0,0,0,1,-90,90
6,12,0.5358374607459836,0.34293597487742955,2.699446093096696e-09,0,0,0,0,0,1,-90,90
8,17,0.44042324162048074,0.2818708746371077,7.395892013262285e-10,0,0,0,0,0,1,-90,90
7,23,0.2615229168492138,0.16737466678349683,1.3175021678421424e-09,0,0,0,0,0,1,-90,90
7,20,0.8138572716785181,0.5208686538742516,2.733370960803844e-09,0,0,0,0,0,1,-90,90
12,10,0.6574958967147994,0.4207973738974716,2.2082252668473063e-09,0,0,0,0,0,1,-90,90
23,31,0.12363468408624696,0.07912619781519806,6.228477651846688e-10,0,0,0,0,0,1,-90,90
20,21,0.05335742209151459,0.03414875013856934,8.960147753395635e-11,0,0,0,0,0,1,-90,90
17,16,0.1597801782702701,0.10225931409297287,2.6831393820152153e-10,0,0,0,0,0,1,-90,90
28,22,0.41287382391414235,0.2642392473050511,6.933263116488687e-10,0,0,0,0,0,1,-90,90
10,11,1.3221967454758277,0.8462059171045297,2.220324321179357e-09,0,0,0,0,0,1,-90,90
31,32,0.0816355343345851,0.052246741974134474,4.1126412459211166e-10,0,0,0,0,0,1,-90,90
21,22,0.619795881648322,0.3966693642549261,1.0408041578527168e-09,0,0,0,0,0,1,-90,90
16,18,0.3764046172884393,0.24089895506460118,6.320846948303193e-10,0,0,0,0,0,1,-90,90
11,13,0.5734870412033357,0.3670317063701348,9.6303914664887e-10,0,0,0,0,0,1,-90,90
13,15,0.8256530556863215,0.5284179556392458,1.386493777623588e-09,0,0,0,0,0,1,-90,90
13,14,1.3576833247022697,0.8689173278094526,2.279915842033973e-09,0,0,0,0,0,1,-90,90
15,29,0.9392081829283362,0.6010932370741351,1.5771834096112435e-09,0,0,0,0,0,1,-90,90
18,19,0.6904369975146316,0.44187967840936426,1.1594296106606277e-09,0,0,0,0,0,1,-90,90
