BUS_I,BUS_TYPE,Pd,Qd,Gs,Bs,area,Vm,Va,baseKV,zone,Vmax,Vmin
1,1,0.0014123664463296787,0.00035397239769437264,0,0,1,1,0,0.4,1,1.1,0.9
2,1,0.0008731918142770237,0.00021884249724988844,0,0,1,1,0,0.4,1,1.1,0.9
3,1,0.0,0.0,0,0,1,1,0,0.4,1,1.1,0.9
4,1,0.0,0.0,0,0,1,1,0,0.4,1,1.1,0.9
5,1,0.0,0.0,0,0,1,1,0,0.4,1,1.1,0.9
6,1,0.0,0.0,0,0,1,1,0,0.4,1,1.1,0.9
45,1,0.022408321786632282,0.005616054821844574,0,0,1,1,0,0.4,1,1.1,0.9
55,1,0.001546446910495883,0.00038757612957870214,0,0,1,1,0,0.4,1,1.1,0.9
7,1,0.0,0.0,0,0,1,1,0,0.4,1,1.1,0.9
10,1,0.0,0.0,0,0,1,1,0,0.4,1,1.1,0.9
11,1,0.0,0.0,0,0,1,1,0,0.4,1,1.1,0.9
46,1,0.0040827652777876465,0.0010232374313036356,0,0,1,1,0,0.4,1,1.1,0.9
8,1,0.0,0.0,0,0,1,1,0,0.4,1,1.1,0.9
17,1,0.0,0.0,0,0,1,1,0,0.4,1,1.1,0.9
20,1,0.0,0.0,0,0,1,1,0,0.4,1,1.1,0.9
53,1,0.009158774280610448,0.0022954052048419216,0,0,1,1,0,0.4,1,1.1,0.9
33,1,0.0020152312893792113,0.0005050645696547314,0,0,1,1,0,0.4,1,1.1,0.9
16,1,0.0,0.0,0,0,1,1,0,0.4,1,1.1,0.9
19,1,0.0,0.0,0,0,1,1,0,0.4,1,1.1,0.9
50,1,0.07069505021235438,0.0177178497080707,0,0,1,1,0,0.4,1,1.1,0.9
18,3,0.0,0.0,0,0,1,1,0,0.4,1,1.1,0.9
42,1,0.025275946819799337,0.0063347494009436366,0,0,1,1,0,0.4,1,1.1,0.9
32,1,0.0876419458452648,0.02196514211313068,0,0,1,1,0,0.4,1,1.1,0.9
54,1,0.003419939408343915,0.0008571176095884087,0,0,1,1,0,0.4,1,1.1,0.9
