BUS_I,BUS_TYPE,Pd,Qd,Gs,Bs,area,Vm,Va,baseKV,zone,Vmax,Vmin
1,1,0.010594920679970575,0.002655337420551741,0,0,1,1,0,0.4,1,1.1,0.9
2,1,0.03547308172115746,0.008890392307943256,0,0,1,1,0,0.4,1,1.1,0.9
3,1,0.043475972280550154,0.010896105745242413,0,0,1,1,0,0.4,1,1.1,0.9
4,3,0.0919046532770411,0.02303347729924092,0,0,1,1,0,0.4,1,1.1,0.9
5,1,0.0,0.0,0,0,1,1,0,0.4,1,1.1,0.9
10,1,0.0,0.0,0,0,1,1,0,0.4,1,1.1,0.9
17,1,0.0,0.0,0,0,1,1,0,0.4,1,1.1,0.9
13,1,0.0,0.0,0,0,1,1,0,0.4,1,1.1,0.9
8,1,0.0,0.0,0,0,1,1,0,0.4,1,1.1,0.9
18,1,0.004825533799351991,0.001209392770233759,0,0,1,1,0,0.4,1,1.1,0.9
6,1,0.012520031080642768,0.0031378155664487637,0,0,1,1,0,0.4,1,1.1,0.9
7,1,0.011526976064596892,0.0028889325191449543,0,0,1,1,0,0.4,1,1.1,0.9
11,1,0.0,0.0,0,0,1,1,0,0.4,1,1.1,0.9
9,1,0.0,0.0,0,0,1,1,0,0.4,1,1.1,0.9
16,1,0.008046285774918732,0.00201658930349389,0,0,1,1,0,0.4,1,1.1,0.9
12,1,0.0,0.0,0,0,1,1,0,0.4,1,1.1,0.9
20,1,0.09368505457660749,0.02347968792574187,0,0,1,1,0,0.4,1,1.1,0.9
21,1,0.03725505079151085,0.009336995854841004,0,0,1,1,0,0.4,1,1.1,0.9
19,1,0.007298568147162499,0.001829193601632645,0,0,1,1,0,0.4,1,1.1,0.9
