F_BUS,T_BUS,BR_R,BR_X,BR_B,RATE_A,RATE_B,RATE_C,TAP,SHIFT,BR_STATUS,ANGMIN,ANGMAX
18,19,1.0285484069085713,0.6582709804214857,1.7272096994517476e-09,0,0,0,0,0,1,-90,90
18,20,3.9625684896401294,2.536043833369683,6.654219367875293e-09,0,0,0,0,0,1,-90,90
20,21,2.9611657018732354,1.8951460491988708,4.972594471592946e-09,0,0,0,0,0,1,-90,90
20,76,15.17930488317316,9.714755125230823,2.5490139743595444e-08,0,0,0,0,0,1,-90,90
21,22,3.1504478288564535,2.0162866104681303,5.290450124727348e-09,0,0,0,0,0,1,-90,90
76,75,23.33341094400963,14.933383004166163,3.91830792144423e-08,0,0,0,0,0,1,-90,90
33,34,3.746161082048109,2.39754309251079,6.290813065444092e-09,0,0,0,0,0,1,-90,90
33,35,2.514214354708446,1.6090971870134056,4.222042823444147e-09,0,0,0,0,0,1,-90,90
34,36,0.685983157283152,0.43902922066121725,1.1519504137692132e-09,0,0,0,0,0,1,-90,90
35,37,2.946393849434061,1.8856920636377992,4.947788554204481e-09,0,0,0,0,0,1,-90,90
36,41,2.8950520647759768,1.852833321456625,4.86157187460732e-09,0,0,0,0,0,1,-90,90
37,42,2.6890998367783987,1.7210238955381751,4.515722633646184e-09,0,0,0,0,0,1,-90,90
41,40,1.1655241056801238,0.7459354276352792,1.9572287767438836e-09,0,0,0,0,0,1,-90,90
42,43,3.3474847366444194,2.1423902314524286,5.621328142714113e-09,0,0,0,0,0,1,-90,90
38,39,4.568041139233928,2.923546329109714,7.670970962751e-09,0,0,0,0,0,1,-90,90
39,40,1.9511172021867216,1.2487150093995016,3.2764510972439075e-09,0,0,0,0,0,1,-90,90
43,46,1.195782136990566,0.7653005676739622,2.008040157924075e-09,0,0,0,0,0,1,-90,90
46,44,0.3242264042168095,0.20750489869875807,5.444634267285543e-10,0,0,0,0,0,1,-90,90
44,45,1.8278238201198374,1.1698072448766959,3.069408313497647e-09,0,0,0,0,0,1,-90,90
45,47,0.2244947808576475,0.1436766597488944,3.769871795718903e-10,0,0,0,0,0,1,-90,90
47,48,1.7231841767013263,1.1028378730888488,2.893690179236135e-09,0,0,0,0,0,1,-90,90
48,49,0.9982201052228731,0.6388608673426387,1.6762803153920499e-09,0,0,0,0,0,1,-90,90
49,75,5.38228828191655,3.444664500426592,9.038311141536877e-09,0,0,0,0,0,1,-90,90
