BUS_I,BUS_TYPE,Pd,Qd,Gs,Bs,area,Vm,Va,baseKV,zone,Vmax,Vmin
1,1,0.009097863119205076,0.0022801394288069284,0,0,1,1,0,0.4,1,1.1,0.9
2,1,0.0,0.0,0,0,1,1,0,0.4,1,1.1,0.9
3,1,0.007659022533524135,0.0019195319863567037,0,0,1,1,0,0.4,1,1.1,0.9
4,1,0.015926588008905396,0.0039915792103763625,0,0,1,1,0,0.4,1,1.1,0.9
5,1,0.006516742637926839,0.0016332496588960077,0,0,1,1,0,0.4,1,1.1,0.9
19,1,0.005596095752383263,0.0014025137996913437,0,0,1,1,0,0.4,1,1.1,0.9
6,3,0.007547491226113707,0.001891579605864621,0,0,1,1,0,0.4,1,1.1,0.9
7,1,0.00933602130133748,0.0023398274955823846,0,0,1,1,0,0.4,1,1.1,0.9
12,1,0.006131747057146968,0.0015367606710808878,0,0,1,1,0,0.4,1,1.1,0.9
10,1,0.0,0.0,0,0,1,1,0,0.4,1,1.1,0.9
8,1,0.006894980021015319,0.0017280448827116139,0,0,1,1,0,0.4,1,1.1,0.9
9,1,0.0,0.0,0,0,1,1,0,0.4,1,1.1,0.9
11,1,0.0,0.0,0,0,1,1,0,0.4,1,1.1,0.9
13,1,0.007634544168852955,0.0019133971298845665,0,0,1,1,0,0.4,1,1.1,0.9
20,1,0.004697291878129815,0.0011772523151430054,0,0,1,1,0,0.4,1,1.1,0.9
14,1,0.0018767402418147345,0.0004703554413736137,0,0,1,1,0,0.4,1,1.1,0.9
15,1,0.0,0.0,0,0,1,1,0,0.4,1,1.1,0.9
16,1,0.00736634469849347,0.0018461800065733918,0,0,1,1,0,0.4,1,1.1,0.9
17,1,0.004859276592524282,0.0012178495113544083,0,0,1,1,0,0.4,1,1.1,0.9
