F_BUS,T_BUS,BR_R,BR_X,BR_B,RATE_A,RATE_B,RATE_C,TAP,SHIFT,BR_STATUS,ANGMIN,ANGMAX
1,2,1.1721213722522983,0.750157678241471,1.9683073635530133e-09,0,0,0,0,0,1,-90,90
1,3,1.1310009918152122,0.7238406347617358,1.8992551736327052e-09,0,0,0,0,0,1,-90,90
2,4,1.6024916932292352,1.0255946836667107,2.691015004491106e-09,0,0,0,0,0,1,-90,90
3,5,1.0004687499999998,0.6402999999999999,3.3601127907866576e-09,0,0,0,0,0,1,-90,90
3,15,3.013509428549261,1.9286460342715273,5.060493681599033e-09,0,0,0,0,0,1,-90,90
5,12,3.4220312499999994,2.1900999999999997,5.746511809387677e-09,0,0,0,0,0,1,-90,90
5,10,0.25299104762326424,0.16191427047888912,1.2745202512424004e-09,0,0,0,0,0,1,-90,90
15,14,0.7890600925655712,0.5049984592419655,1.3250443403299103e-09,0,0,0,0,0,1,-90,90
10,11,0.4907432099235088,0.3140756543510457,2.472269928454563e-09,0,0,0,0,0,1,-90,90
11,13,0.3561718749999999,0.22794999999999996,1.7943254193186441e-09,0,0,0,0,0,1,-90,90
11,9,2.7535937499999994,1.7622999999999998,4.624025278153464e-09,0,0,0,0,0,1,-90,90
6,8,1.7867460833520563,1.143517493345316,3.0004277337793954e-09,0,0,0,0,0,1,-90,90
8,9,1.2617968749999997,0.8075499999999998,2.1188966767138566e-09,0,0,0,0,0,1,-90,90
9,18,1.9741406249999995,1.26345,3.3151136229262864e-09,0,0,0,0,0,1,-90,90
13,17,1.2944592934512378,0.8284539478087922,2.173745671255681e-09,0,0,0,0,0,1,-90,90
