BUS_I,BUS_TYPE,Pd,Qd,Gs,Bs,area,Vm,Va,baseKV,zone,Vmax,Vmin
1,3,0.052408672524849556,0.013134851455731842,0,0,1,1,0,0.4,1,1.1,0.9
2,1,0.0,0.0,0,0,1,1,0,0.4,1,1.1,0.9
3,1,0.0,0.0,0,0,1,1,0,0.4,1,1.1,0.9
6,1,0.0082124107213231,0.002058224139657278,0,0,1,1,0,0.4,1,1.1,0.9
7,1,0.0,0.0,0,0,1,1,0,0.4,1,1.1,0.9
5,1,0.08910032338151516,0.022330645976941423,0,0,1,1,0,0.4,1,1.1,0.9
8,1,0.09979807112113803,0.025011754287864833,0,0,1,1,0,0.4,1,1.1,0.9
23,1,0.003451276902464262,0.0008649715259430056,0,0,1,1,0,0.4,1,1.1,0.9
14,1,0.01541988952760551,0.0038645886005385867,0,0,1,1,0,0.4,1,1.1,0.9
15,1,0.03711493461033747,0.009301879429684766,0,0,1,1,0,0.4,1,1.1,0.9
9,1,0.0043660420282863755,0.0010942332772087004,0,0,1,1,0,0.4,1,1.1,0.9
10,1,0.002593416188687505,0.0006499713646658214,0,0,1,1,0,0.4,1,1.1,0.9
22,1,0.002589282005057568,0.0006489352405807437,0,0,1,1,0,0.4,1,1.1,0.9
13,1,0.007864509328298802,0.0019710318316199077,0,0,1,1,0,0.4,1,1.1,0.9
11,1,0.018338161087063497,0.004595976395617596,0,0,1,1,0,0.4,1,1.1,0.9
12,1,0.009051809043337475,0.0022685971893967407,0,0,1,1,0,0.4,1,1.1,0.9
16,1,0.02200389268249055,0.0055146953339705465,0,0,1,1,0,0.4,1,1.1,0.9
21,1,0.0007101926901464177,0.00017799106599383505,0,0,1,1,0,0.4,1,1.1,0.9
19,1,0.000685223072326001,0.00017173308987696126,0,0,1,1,0,0.4,1,1.1,0.9
17,1,0.0062808858710854095,0.0015741383811619177,0,0,1,1,0,0.4,1,1.1,0.9
18,1,0.005185308866977781,0.0012995609016341488,0,0,1,1,0,0.4,1,1.1,0.9
20,1,0.0010061949413774757,0.00025217622301414877,0,0,1,1,0,0.4,1,1.1,0.9
