BUS_I,BUS_TYPE,Pd,Qd,Gs,Bs,area,Vm,Va,baseKV,zone,Vmax,Vmin
1,1,0.06309954092044073,0.015814235640520855,0,0,1,1,0,0.4,1,1.1,0.9
2,1,0.012820343608510202,0.003213080980621652,0,0,1,1,0,0.4,1,1.1,0.9
3,1,0.018779997196225796,0.004706710962666086,0,0,1,1,0,0.4,1,1.1,0.9
4,1,0.0,0.0,0,0,1,1,0,0.4,1,1.1,0.9
10,1,0.0,0.0,0,0,1,1,0,0.4,1,1.1,0.9
11,1,0.01825555996425707,0.004575274602844183,0,0,1,1,0,0.4,1,1.1,0.9
5,1,0.021091443049646094,0.005286013899947077,0,0,1,1,0,0.4,1,1.1,0.9
6,1,0.09053088348429089,0.02268917813475455,0,0,1,1,0,0.4,1,1.1,0.9
12,3,0.008281100598296523,0.0020754394455807512,0,0,1,1,0,0.4,1,1.1,0.9
7,1,0.0,0.0,0,0,1,1,0,0.4,1,1.1,0.9
8,1,0.06191360399527044,0.015517011830080066,0,0,1,1,0,0.4,1,1.1,0.9
