BUS_I,BUS_TYPE,Pd,Qd,Gs,Bs,area,Vm,Va,baseKV,zone,Vmax,Vmin
1,1,0.010357619406241076,0.002595864115265959,0,0,1,1,0,0.4,1,1.1,0.9
2,1,0.0,0.0,0,0,1,1,0,0.4,1,1.1,0.9
3,1,0.0,0.0,0,0,1,1,0,0.4,1,1.1,0.9
4,1,0.0,0.0,0,0,1,1,0,0.4,1,1.1,0.9
5,1,0.03848269989683527,0.009644673723051705,0,0,1,1,0,0.4,1,1.1,0.9
7,1,0.00487542291913624,0.001221896162249892,0,0,1,1,0,0.4,1,1.1,0.9
6,3,0.0442812710384939,0.01109793263864562,0,0,1,1,0,0.4,1,1.1,0.9
