BUS_I,BUS_TYPE,Pd,Qd,Gs,Bs,area,Vm,Va,baseKV,zone,Vmax,Vmin
1,1,0.02554438679722628,0.00640202680100774,0,0,1,1,0,0.4,1,1.1,0.9
2,1,0.023422021411552703,0.005870111895847881,0,0,1,1,0,0.4,1,1.1,0.9
3,3,0.0,0.0,0,0,1,1,0,0.4,1,1.1,0.9
4,1,0.012525384634089858,0.0031391572934168434,0,0,1,1,0,0.4,1,1.1,0.9
5,1,0.037009254739730345,0.009275393557492002,0,0,1,1,0,0.4,1,1.1,0.9
6,1,0.03776761754850116,0.00946545719320102,0,0,1,1,0,0.4,1,1.1,0.9
