F_BUS,T_BUS,BR_R,BR_X,BR_B,RATE_A,RATE_B,RATE_C,TAP,SHIFT,BR_STATUS,ANGMIN,ANGMAX
1,2,4.228464573413854,1.6263325282360979,4.267265914570136e-09,0,0,0,0,0,1,-90,90
1,3,1.8722519791508705,0.7200969150580271,1.8894321840484857e-09,0,0,0,0,0,1,-90,90
3,4,1.8019399693826272,0.6930538343779336,1.8184749754779265e-09,0,0,0,0,0,1,-90,90
3,5,7.401329683395793,2.846665262844536,7.469245947815079e-09,0,0,0,0,0,1,-90,90
4,6,0.5069898406120412,0.19499609254309283,5.116420933214626e-10,0,0,0,0,0,1,-90,90
