BUS_I,BUS_TYPE,Pd,Qd,Gs,Bs,area,Vm,Va,baseKV,zone,Vmax,Vmin
1,1,0.06778054816316954,0.016987406641318384,0,0,1,1,0,0.4,1,1.1,0.9
2,1,0.0,0.0,0,0,1,1,0,0.4,1,1.1,0.9
3,1,0.0,0.0,0,0,1,1,0,0.4,1,1.1,0.9
4,1,0.02711409691025304,0.006795433238718799,0,0,1,1,0,0.4,1,1.1,0.9
6,1,0.0,0.0,0,0,1,1,0,0.4,1,1.1,0.9
7,3,0.022144882718688058,0.005550030767840093,0,0,1,1,0,0.4,1,1.1,0.9
5,1,0.0,0.0,0,0,1,1,0,0.4,1,1.1,0.9
33,1,0.03056607672668139,0.007660580931507093,0,0,1,1,0,0.4,1,1.1,0.9
21,1,0.0,0.0,0,0,1,1,0,0.4,1,1.1,0.9
18,1,0.03256582131538532,0.008161764168109308,0,0,1,1,0,0.4,1,1.1,0.9
28,1,0.05874088757376243,0.014721854141475962,0,0,1,1,0,0.4,1,1.1,0.9
35,1,0.02641265427764806,0.006619635143859301,0,0,1,1,0,0.4,1,1.1,0.9
19,1,0.0,0.0,0,0,1,1,0,0.4,1,1.1,0.9
20,1,0.0,0.0,0,0,1,1,0,0.4,1,1.1,0.9
29,1,0.016793876582148932,0.0042089422159630055,0,0,1,1,0,0.4,1,1.1,0.9
8,1,0.041603112256450074,0.010426722778095726,0,0,1,1,0,0.4,1,1.1,0.9
9,1,0.0031159346021777555,0.0007809268232461721,0,0,1,1,0,0.4,1,1.1,0.9
10,1,0.0,0.0,0,0,1,1,0,0.4,1,1.1,0.9
11,1,0.00914968234404183,0.002293126550746703,0,0,1,1,0,0.4,1,1.1,0.9
12,1,0.0,0.0,0,0,1,1,0,0.4,1,1.1,0.9
13,1,0.013531841715300173,0.0033913992148659855,0,0,1,1,0,0.4,1,1.1,0.9
31,1,0.01142999961919034,0.002864627930920248,0,0,1,1,0,0.4,1,1.1,0.9
15,1,0.050443333934154,0.012642291175049983,0,0,1,1,0,0.4,1,1.1,0.9
32,1,0.0,0.0,0,0,1,1,0,0.4,1,1.1,0.9
14,1,0.017817364638229513,0.004465452502060407,0,0,1,1,0,0.4,1,1.1,0.9
16,1,0.013853203050234617,0.003471939957354325,0,0,1,1,0,0.4,1,1.1,0.9
17,1,0.013845456143120003,0.0034699983994157307,0,0,1,1,0,0.4,1,1.1,0.9
34,1,0.006627915991306516,0.0016611123276515513,0,0,1,1,0,0.4,1,1.1,0.9
30,1,0.0,0.0,0,0,1,1,0,0.4,1,1.1,0.9
22,1,0.00235030399843114,0.0005890417064192611,0,0,1,1,0,0.4,1,1.1,0.9
23,1,0.014409916295011465,0.003611465448485878,0,0,1,1,0,0.4,1,1.1,0.9
24,1,0.0,0.0,0,0,1,1,0,0.4,1,1.1,0.9
25,1,0.0,0.0,0,0,1,1,0,0.4,1,1.1,0.9
26,1,0.016520670649424855,0.004140470354908827,0,0,1,1,0,0.4,1,1.1,0.9
27,1,0.014857831534020906,0.0037237235890895744,0,0,1,1,0,0.4,1,1.1,0.9
