BUS_I,BUS_TYPE,Pd,Qd,Gs,Bs,area,Vm,Va,baseKV,zone,Vmax,Vmin
1,1,0.0013754534294866123,0.0003447211236273427,0,0,1,1,0,0.4,1,1.1,0.9
3,1,0.0,0.0,0,0,1,1,0,0.4,1,1.1,0.9
14,1,0.00760318076932426,0.0019055367210226392,0,0,1,1,0,0.4,1,1.1,0.9
4,1,0.0,0.0,0,0,1,1,0,0.4,1,1.1,0.9
5,1,0.0,0.0,0,0,1,1,0,0.4,1,1.1,0.9
39,1,0.008516653037343018,0.002134474451579883,0,0,1,1,0,0.4,1,1.1,0.9
22,1,0.006093947996723071,0.001527287333560295,0,0,1,1,0,0.4,1,1.1,0.9
6,1,0.0,0.0,0,0,1,1,0,0.4,1,1.1,0.9
31,1,0.02739319517270354,0.0068653818568049,0,0,1,1,0,0.4,1,1.1,0.9
7,1,0.0,0.0,0,0,1,1,0,0.4,1,1.1,0.9
29,1,0.026184423455877463,0.0065624351081179835,0,0,1,1,0,0.4,1,1.1,0.9
8,1,0.0,0.0,0,0,1,1,0,0.4,1,1.1,0.9
18,1,0.042034595524204174,0.010534862678508136,0,0,1,1,0,0.4,1,1.1,0.9
12,1,0.0,0.0,0,0,1,1,0,0.4,1,1.1,0.9
15,3,0.016336860806545176,0.004094403265894481,0,0,1,1,0,0.4,1,1.1,0.9
10,1,0.0,0.0,0,0,1,1,0,0.4,1,1.1,0.9
17,1,0.01777641661083507,0.004455189959024687,0,0,1,1,0,0.4,1,1.1,0.9
19,1,0.006417009438239968,0.0016082541629221158,0,0,1,1,0,0.4,1,1.1,0.9
13,1,0.0,0.0,0,0,1,1,0,0.4,1,1.1,0.9
32,1,0.006728715774304277,0.001686375134600493,0,0,1,1,0,0.4,1,1.1,0.9
36,1,0.010850510543042924,0.0027193942783829395,0,0,1,1,0,0.4,1,1.1,0.9
35,1,0.016856666820495126,0.004224678933071347,0,0,1,1,0,0.4,1,1.1,0.9
30,1,0.027399656380056002,0.006867001188009272,0,0,1,1,0,0.4,1,1.1,0.9
16,1,0.024689798384192014,0.006187846755602614,0,0,1,1,0,0.4,1,1.1,0.9
34,1,0.00980165840888041,0.00245652715510826,0,0,1,1,0,0.4,1,1.1,0.9
33,1,0.03897925359047631,0.009769121809438125,0,0,1,1,0,0.4,1,1.1,0.9
20,1,0.004300944344195074,0.0010779182596847212,0,0,1,1,0,0.4,1,1.1,0.9
37,1,0.011818393407617424,0.002961968589852218,0,0,1,1,0,0.4,1,1.1,0.9
21,1,0.004132351922465986,0.0010356650159124487,0,0,1,1,0,0.4,1,1.1,0.9
38,1,0.004302829383805264,0.001078390695143877,0,0,1,1,0,0.4,1,1.1,0.9
27,1,0.0,0.0,0,0,1,1,0,0.4,1,1.1,0.9
23,1,0.011522989410000054,0.002887933369320849,0,0,1,1,0,0.4,1,1.1,0.9
25,1,0.0,0.0,0,0,1,1,0,0.4,1,1.1,0.9
24,1,0.0,0.0,0,0,1,1,0,0.4,1,1.1,0.9
26,1,0.0,0.0,0,0,1,1,0,0.4,1,1.1,0.9
28,1,0.016165880847438467,0.00405155164885135,0,0,1,1,0,0.4,1,1.1,0.9
