F_BUS,T_BUS,BR_R,BR_X,BR_B,RATE_A,RATE_B,RATE_C,TAP,SHIFT,BR_STATUS,ANGMIN,ANGMAX
1,2,1.3220612793191897,0.5084851074304576,1.334192810714984e-09,0,0,0,0,0,1,-90,90
1,3,0.5060093277918462,0.19461897222763314,5.106525830952862e-10,0,0,0,0,0,1,-90,90
2,4,6.947541101369211,2.672131192834312,7.011293299783369e-09,0,0,0,0,0,1,-90,90
3,5,4.417677671552006,1.6991067967507718,4.458215274617223e-09,0,0,0,0,0,1,-90,90
4,6,6.129301830947246,2.3574237811335563,6.185545681939333e-09,0,0,0,0,0,1,-90,90
5,9,1.6269739937014798,0.625759228346723,1.6419034726851578e-09,0,0,0,0,0,1,-90,90
9,7,1.9139795451742203,0.7361459789131617,1.9315426515947837e-09,0,0,0,0,0,1,-90,90
7,8,2.908445610580595,1.1186329271463828,2.935134161096112e-09,0,0,0,0,0,1,-90,90
8,11,5.195657313127261,1.9983297358181775,1.048666766442602e-08,0,0,0,0,0,1,-90,90
11,12,0.5363178195209808,0.20627608443114648,1.082478384711048e-09,0,0,0,0,0,1,-90,90
10,13,26.075085908436797,10.028879195552614,2.631435675638806e-08,0,0,0,0,0,1,-90,90
10,12,9.913318460666476,3.8128147925640294,1.0004285298606103e-08,0,0,0,0,0,1,-90,90
