BUS_I,BUS_TYPE,Pd,Qd,Gs,Bs,area,Vm,Va,baseKV,zone,Vmax,Vmin
1,1,0.005202827130689319,0.0013039513923779143,0,0,1,1,0,0.4,1,1.1,0.9
2,1,0.0057942992746138,0.001452188284792384,0,0,1,1,0,0.4,1,1.1,0.9
3,1,0.007903695132926714,0.0019808527199989623,0,0,1,1,0,0.4,1,1.1,0.9
4,1,0.008242118833142322,0.0020656696943141097,0,0,1,1,0,0.4,1,1.1,0.9
5,1,0.008985450144228744,0.0022519660815940043,0,0,1,1,0,0.4,1,1.1,0.9
7,1,0.005424940241014622,0.0013596181851040635,0,0,1,1,0,0.4,1,1.1,0.9
8,1,0.007260140876259465,0.001819562819724914,0,0,1,1,0,0.4,1,1.1,0.9
9,3,0.006909486765988459,0.0017316806157143536,0,0,1,1,0,0.4,1,1.1,0.9
11,1,0.017340569273591767,0.004345956319699962,0,0,1,1,0,0.4,1,1.1,0.9
13,1,0.006225494017128191,0.0015602558739635014,0,0,1,1,0,0.4,1,1.1,0.9
10,1,0.0,0.0,0,0,1,1,0,0.4,1,1.1,0.9
15,1,0.01229320898118837,0.0030809685898000394,0,0,1,1,0,0.4,1,1.1,0.9
12,1,0.008165025641201341,0.0020463483191368835,0,0,1,1,0,0.4,1,1.1,0.9
17,1,0.0048335000590752995,0.0012113893031181558,0,0,1,1,0,0.4,1,1.1,0.9
16,1,0.005861302833317117,0.00146898095951919,0,0,1,1,0,0.4,1,1.1,0.9
18,1,0.008858086350896993,0.0022200457060977947,0,0,1,1,0,0.4,1,1.1,0.9
14,1,0.02822083616521014,0.0070728082420104055,0,0,1,1,0,0.4,1,1.1,0.9
