BUS_I,BUS_TYPE,Pd,Qd,Gs,Bs,area,Vm,Va,baseKV,zone,Vmax,Vmin
1,1,0.022702068055856593,0.00568967457647788,0,0,1,1,0,0.4,1,1.1,0.9
2,1,0.011032440259711469,0.0027649901633520096,0,0,1,1,0,0.4,1,1.1,0.9
3,1,0.01090167180315969,0.002732216498819894,0,0,1,1,0,0.4,1,1.1,0.9
4,1,0.0,0.0,0,0,1,1,0,0.4,1,1.1,0.9
16,1,0.027299663143559333,0.006841940520667644,0,0,1,1,0,0.4,1,1.1,0.9
14,1,0.013631184289160433,0.0034162968107794463,0,0,1,1,0,0.4,1,1.1,0.9
5,1,0.0,0.0,0,0,1,1,0,0.4,1,1.1,0.9
6,1,0.0,0.0,0,0,1,1,0,0.4,1,1.1,0.9
7,1,0.02748721241134243,0.006888944797904283,0,0,1,1,0,0.4,1,1.1,0.9
10,1,0.003955919032823471,0.0009914467656550862,0,0,1,1,0,0.4,1,1.1,0.9
9,1,0.0012670460398101792,0.00031755167071993625,0,0,1,1,0,0.4,1,1.1,0.9
13,3,0.0,0.0,0,0,1,1,0,0.4,1,1.1,0.9
15,1,0.008802005251703068,0.002205990457760087,0,0,1,1,0,0.4,1,1.1,0.9
11,1,0.011689486741870259,0.0029296615340793425,0,0,1,1,0,0.4,1,1.1,0.9
12,1,0.057568643235008515,0.01442806201666962,0,0,1,1,0,0.4,1,1.1,0.9
17,1,0.01147996152621248,0.0028771495651377476,0,0,1,1,0,0.4,1,1.1,0.9
