BUS_I,BUS_TYPE,Pd,Qd,Gs,Bs,area,Vm,Va,baseKV,zone,Vmax,Vmin
147,1,0.004128237045960955,0.001034633730648991,0,0,1,1,0,0.4,1,1.1,0.9
148,1,0.0036581789640115813,0.0009168260704941992,0,0,1,1,0,0.4,1,1.1,0.9
149,1,0.0,0.0,0,0,1,1,0,0.4,1,1.1,0.9
150,1,0.003658183432030319,0.0009168271902852489,0,0,1,1,0,0.4,1,1.1,0.9
41,1,0.002646522017996969,0.0006632809400816558,0,0,1,1,0,0.4,1,1.1,0.9
151,1,0.010829319888047726,0.002714083399625619,0,0,1,1,0,0.4,1,1.1,0.9
22,1,0.007996398476181905,0.002004086367875262,0,0,1,1,0,0.4,1,1.1,0.9
24,1,0.0,0.0,0,0,1,1,0,0.4,1,1.1,0.9
23,1,0.0,0.0,0,0,1,1,0,0.4,1,1.1,0.9
32,1,0.0018519911709194094,0.0004641527395264464,0,0,1,1,0,0.4,1,1.1,0.9
46,3,0.004442263691429584,0.0011133362266799005,0,0,1,1,0,0.4,1,1.1,0.9
152,1,0.004368287773405513,0.0010947961139898326,0,0,1,1,0,0.4,1,1.1,0.9
36,1,0.002327297441726795,0.0005832757197941247,0,0,1,1,0,0.4,1,1.1,0.9
37,1,0.003478901912135282,0.0008718950059895563,0,0,1,1,0,0.4,1,1.1,0.9
38,1,0.0,0.0,0,0,1,1,0,0.4,1,1.1,0.9
39,1,0.003349806538484279,0.0008395406555578767,0,0,1,1,0,0.4,1,1.1,0.9
40,1,0.0025548856301704395,0.0006403146964419109,0,0,1,1,0,0.4,1,1.1,0.9
48,1,0.003978737650606451,0.0009971656503465931,0,0,1,1,0,0.4,1,1.1,0.9
45,1,0.00334750303092074,0.0008389633421435768,0,0,1,1,0,0.4,1,1.1,0.9
42,1,0.005206218919268104,0.00130480145472457,0,0,1,1,0,0.4,1,1.1,0.9
43,1,0.005320370873265426,0.0013334106311624094,0,0,1,1,0,0.4,1,1.1,0.9
44,1,0.0,0.0,0,0,1,1,0,0.4,1,1.1,0.9
