F_BUS,T_BUS,BR_R,BR_X,BR_B,RATE_A,RATE_B,RATE_C,TAP,SHIFT,BR_STATUS,ANGMIN,ANGMAX
1,2,1.5164009595965338,0.9704966141417816,7.639336451490576e-09,0,0,0,0,0,1,-90,90
1,3,0.11037145265108433,0.07063772969669398,1.8534338518350147e-10,0,0,0,0,0,1,-90,90
2,4,0.4487917153355469,0.28722669781475,2.2609263654132965e-09,0,0,0,0,0,1,-90,90
3,31,7.489467718818902,4.793259340044098,1.2576832748742609e-08,0,0,0,0,0,1,-90,90
4,10,0.5158911054397505,0.33017030748144033,2.598960190472477e-09,0,0,0,0,0,1,-90,90
10,11,1.4689062499999996,0.9400999999999998,4.933378158079864e-09,0,0,0,0,0,1,-90,90
10,12,0.3185156249999999,0.20384999999999995,1.0697469817302205e-09,0,0,0,0,0,1,-90,90
11,14,2.2286718749999994,1.4263499999999998,3.7425401211452046e-09,0,0,0,0,0,1,-90,90
11,20,1.4357522484924297,0.918881439035155,2.411014584193718e-09,0,0,0,0,0,1,-90,90
12,27,1.1388323143375039,0.7288526811760025,1.912406072636761e-09,0,0,0,0,0,1,-90,90
12,15,1.0048450328894756,0.6431008210492645,1.68740535262614e-09,0,0,0,0,0,1,-90,90
5,6,1.8394768022996228,1.1772651534717586,3.088976808002401e-09,0,0,0,0,0,1,-90,90
5,7,1.692017678820092,1.0828913144448589,2.8413532380899166e-09,0,0,0,0,0,1,-90,90
5,16,3.1431535031826274,2.0116182420368816,5.2782009880117886e-09,0,0,0,0,0,1,-90,90
6,8,3.244468651299899,2.0764599368319354,5.44833639958226e-09,0,0,0,0,0,1,-90,90
7,9,1.5101377278047603,0.9664881457950466,2.5359278313521913e-09,0,0,0,0,0,1,-90,90
8,26,2.080273910175356,1.3313753025122281,3.493339983842569e-09,0,0,0,0,0,1,-90,90
9,23,0.12082732285316844,0.0773294866260278,2.0290160636973435e-10,0,0,0,0,0,1,-90,90
26,27,2.0160632411297366,1.2902804743230316,3.385512982566839e-09,0,0,0,0,0,1,-90,90
15,30,0.45661004011935574,0.2922304256763877,7.66771194106091e-10,0,0,0,0,0,1,-90,90
14,24,3.8042164464817794,2.434698525748339,6.388303653034838e-09,0,0,0,0,0,1,-90,90
14,13,1.1337535881662408,0.7256022964263942,1.903877524009448e-09,0,0,0,0,0,1,-90,90
20,19,0.6623253216029806,0.42388820582590764,1.1122225380753081e-09,0,0,0,0,0,1,-90,90
13,28,1.9475850108021853,1.2464544069133987,3.270519596909346e-09,0,0,0,0,0,1,-90,90
28,29,2.4765762102623756,1.5850087745679207,4.158838245302793e-09,0,0,0,0,0,1,-90,90
24,25,1.8272268980742974,1.1694252147675506,3.0684059206691244e-09,0,0,0,0,0,1,-90,90
19,21,1.3973133335525936,0.89428053347366,2.3464652967955344e-09,0,0,0,0,0,1,-90,90
21,22,2.0268265393217626,1.297168985165928,3.4035874581194625e-09,0,0,0,0,0,1,-90,90
