BUS_I,BUS_TYPE,Pd,Qd,Gs,Bs,area,Vm,Va,baseKV,zone,Vmax,Vmin
1,1,0.030064140884602037,0.007534783951572256,0,0,1,1,0,0.4,1,1.1,0.9
2,1,0.02529038018538678,0.00633836674333878,0,0,1,1,0,0.4,1,1.1,0.9
3,1,0.0,0.0,0,0,1,1,0,0.4,1,1.1,0.9
4,3,0.022340648678494356,0.005599094342211782,0,0,1,1,0,0.4,1,1.1,0.9
5,1,0.0,0.0,0,0,1,1,0,0.4,1,1.1,0.9
6,1,0.0131572030710262,0.0032975059200151726,0,0,1,1,0,0.4,1,1.1,0.9
10,1,0.0017991526996827423,0.0004509101703598164,0,0,1,1,0,0.4,1,1.1,0.9
7,1,0.01840736532210404,0.004613320611824066,0,0,1,1,0,0.4,1,1.1,0.9
9,1,0.0017816453554533505,0.0004465224162962424,0,0,1,1,0,0.4,1,1.1,0.9
8,1,0.009904245361082599,0.0024822378688805482,0,0,1,1,0,0.4,1,1.1,0.9
14,1,0.008553375640921592,0.0021436780035844413,0,0,1,1,0,0.4,1,1.1,0.9
11,1,0.017274750971663092,0.004329460698321806,0,0,1,1,0,0.4,1,1.1,0.9
12,1,0.023995142869970003,0.00601374967295117,0,0,1,1,0,0.4,1,1.1,0.9
13,1,0.0,0.0,0,0,1,1,0,0.4,1,1.1,0.9
15,1,0.000847572870194326,0.0002124217846317739,0,0,1,1,0,0.4,1,1.1,0.9
