BUS_I,BUS_TYPE,Pd,Qd,Gs,Bs,area,Vm,Va,baseKV,zone,Vmax,Vmin
1,1,0.002289754673386376,0.0005738666151243861,0,0,1,1,0,0.4,1,1.1,0.9
2,1,0.0,0.0,0,0,1,1,0,0.4,1,1.1,0.9
3,1,0.0,0.0,0,0,1,1,0,0.4,1,1.1,0.9
4,1,0.0,0.0,0,0,1,1,0,0.4,1,1.1,0.9
5,1,0.00727597695214587,0.0018235317144591012,0,0,1,1,0,0.4,1,1.1,0.9
6,1,0.0,0.0,0,0,1,1,0,0.4,1,1.1,0.9
26,1,0.001139461931016965,0.0002855760789642737,0,0,1,1,0,0.4,1,1.1,0.9
20,1,0.0,0.0,0,0,1,1,0,0.4,1,1.1,0.9
8,1,0.008029811111721684,0.0020124603636934428,0,0,1,1,0,0.4,1,1.1,0.9
12,1,0.0034653538117617438,0.0008684995319708356,0,0,1,1,0,0.4,1,1.1,0.9
17,1,0.0,0.0,0,0,1,1,0,0.4,1,1.1,0.9
19,1,0.0004349600848938743,0.00010901127292519513,0,0,1,1,0,0.4,1,1.1,0.9
7,1,0.010038133598568554,0.0025157934242175765,0,0,1,1,0,0.4,1,1.1,0.9
18,1,0.0,0.0,0,0,1,1,0,0.4,1,1.1,0.9
24,3,0.018630360192736835,0.00466920839451429,0,0,1,1,0,0.4,1,1.1,0.9
22,1,0.015277373982048268,0.0038288708379843185,0,0,1,1,0,0.4,1,1.1,0.9
11,1,0.009950047675666276,0.0024937170109652876,0,0,1,1,0,0.4,1,1.1,0.9
16,1,0.0052077999937084,0.0013051977093311699,0,0,1,1,0,0.4,1,1.1,0.9
9,1,0.0025266903878262657,0.0006332483026160897,0,0,1,1,0,0.4,1,1.1,0.9
10,1,0.0,0.0,0,0,1,1,0,0.4,1,1.1,0.9
13,1,0.010036728525759337,0.00251544127977765,0,0,1,1,0,0.4,1,1.1,0.9
14,1,0.006895199260920665,0.0017280998294112945,0,0,1,1,0,0.4,1,1.1,0.9
15,1,0.0,0.0,0,0,1,1,0,0.4,1,1.1,0.9
23,1,0.04116400450577984,0.010316672002141052,0,0,1,1,0,0.4,1,1.1,0.9
25,1,0.03841206201652176,0.009626970201470885,0,0,1,1,0,0.4,1,1.1,0.9
