BUS_I,BUS_TYPE,Pd,Qd,Gs,Bs,area,Vm,Va,baseKV,zone,Vmax,Vmin
1,1,0.001280984752508831,0.0003210450414152941,0,0,1,1,0,0.4,1,1.1,0.9
2,1,0.0008706359963967679,0.0002182019489095513,0,0,1,1,0,0.4,1,1.1,0.9
3,1,0.00038487245595513977,9.645812982529781e-05,0,0,1,1,0,0.4,1,1.1,0.9
4,1,0.000476597812932221,0.00011944667123600961,0,0,1,1,0,0.4,1,1.1,0.9
5,1,0.00019353964669266012,4.8505607710204266e-05,0,0,1,1,0,0.4,1,1.1,0.9
30,1,0.0,0.0,0,0,1,1,0,0.4,1,1.1,0.9
6,1,0.00022731617289452498,5.6970803124985534e-05,0,0,1,1,0,0.4,1,1.1,0.9
33,1,0.0,0.0,0,0,1,1,0,0.4,1,1.1,0.9
16,1,0.0,0.0,0,0,1,1,0,0.4,1,1.1,0.9
7,1,0.0030105682324357307,0.0007545195217764582,0,0,1,1,0,0.4,1,1.1,0.9
8,1,0.0,0.0,0,0,1,1,0,0.4,1,1.1,0.9
10,1,0.003077349977525862,0.0007712566047715964,0,0,1,1,0,0.4,1,1.1,0.9
11,1,0.0,0.0,0,0,1,1,0,0.4,1,1.1,0.9
14,1,0.0,0.0,0,0,1,1,0,0.4,1,1.1,0.9
40,1,0.003947631136508038,0.0009893696230422464,0,0,1,1,0,0.4,1,1.1,0.9
22,1,0.0,0.0,0,0,1,1,0,0.4,1,1.1,0.9
12,1,0.0,0.0,0,0,1,1,0,0.4,1,1.1,0.9
28,1,0.004663224351056199,0.001168714188035056,0,0,1,1,0,0.4,1,1.1,0.9
13,3,0.008013190130828834,0.002008294753221767,0,0,1,1,0,0.4,1,1.1,0.9
20,1,0.0018720574764667058,0.00046918182975009393,0,0,1,1,0,0.4,1,1.1,0.9
29,1,0.0014996315696241913,0.0003758430991740957,0,0,1,1,0,0.4,1,1.1,0.9
18,1,0.0,0.0,0,0,1,1,0,0.4,1,1.1,0.9
26,1,0.0013875025842012096,0.0003477409264523108,0,0,1,1,0,0.4,1,1.1,0.9
15,1,0.0,0.0,0,0,1,1,0,0.4,1,1.1,0.9
17,1,0.0,0.0,0,0,1,1,0,0.4,1,1.1,0.9
19,1,0.0,0.0,0,0,1,1,0,0.4,1,1.1,0.9
27,1,0.0015525037500204741,0.0003890941166524825,0,0,1,1,0,0.4,1,1.1,0.9
25,1,0.0025203619772157532,0.0006316622534124862,0,0,1,1,0,0.4,1,1.1,0.9
21,1,0.0016776258879238068,0.0004204526803406702,0,0,1,1,0,0.4,1,1.1,0.9
23,1,0.0011525361997215293,0.00028885279957278274,0,0,1,1,0,0.4,1,1.1,0.9
24,1,0.0,0.0,0,0,1,1,0,0.4,1,1.1,0.9
37,1,0.0,0.0,0,0,1,1,0,0.4,1,1.1,0.9
38,1,0.0011256820340438975,0.00028212251124166613,0,0,1,1,0,0.4,1,1.1,0.9
31,1,0.001095754318524115,0.00027462191870947873,0,0,1,1,0,0.4,1,1.1,0.9
32,1,0.0008836083217956773,0.00022145312011731855,0,0,1,1,0,0.4,1,1.1,0.9
34,1,0.0,0.0,0,0,1,1,0,0.4,1,1.1,0.9
35,1,0.000580390478856414,0.0001454595653512396,0,0,1,1,0,0.4,1,1.1,0.9
36,1,0.003494811252939485,0.0008758822626429801,0,0,1,1,0,0.4,1,1.1,0.9
