BUS_I,BUS_TYPE,Pd,Qd,Gs,Bs,area,Vm,Va,baseKV,zone,Vmax,Vmin
1,1,0.012036169415292735,0.003016548402193033,0,0,1,1,0,0.4,1,1.1,0.9
2,1,0.0,0.0,0,0,1,1,0,0.4,1,1.1,0.9
7,1,0.0,0.0,0,0,1,1,0,0.4,1,1.1,0.9
4,1,0.0,0.0,0,0,1,1,0,0.4,1,1.1,0.9
5,1,0.0,0.0,0,0,1,1,0,0.4,1,1.1,0.9
29,1,0.02254098583918375,0.0056493035675164414,0,0,1,1,0,0.4,1,1.1,0.9
17,1,0.039255225587500796,0.009838286911552465,0,0,1,1,0,0.4,1,1.1,0.9
6,1,0.0,0.0,0,0,1,1,0,0.4,1,1.1,0.9
14,1,0.0,0.0,0,0,1,1,0,0.4,1,1.1,0.9
23,1,0.01757751039375821,0.004405339361994447,0,0,1,1,0,0.4,1,1.1,0.9
32,1,0.05286235425614451,0.01324855481553194,0,0,1,1,0,0.4,1,1.1,0.9
8,1,0.0,0.0,0,0,1,1,0,0.4,1,1.1,0.9
9,1,0.0,0.0,0,0,1,1,0,0.4,1,1.1,0.9
24,1,0.01156629178256496,0.0028987859668761704,0,0,1,1,0,0.4,1,1.1,0.9
10,1,0.0,0.0,0,0,1,1,0,0.4,1,1.1,0.9
26,1,0.025153933955472586,0.006304170094668318,0,0,1,1,0,0.4,1,1.1,0.9
28,1,0.03093072289795156,0.0077519698765574395,0,0,1,1,0,0.4,1,1.1,0.9
13,1,0.0,0.0,0,0,1,1,0,0.4,1,1.1,0.9
25,1,0.0019075355309056883,0.0004780734683386014,0,0,1,1,0,0.4,1,1.1,0.9
27,1,0.017998165049256016,0.004510765356356466,0,0,1,1,0,0.4,1,1.1,0.9
12,1,0.016613120238603625,0.0041636404060188,0,0,1,1,0,0.4,1,1.1,0.9
15,1,0.0,0.0,0,0,1,1,0,0.4,1,1.1,0.9
16,1,0.015695017653769655,0.003933542208679423,0,0,1,1,0,0.4,1,1.1,0.9
31,1,0.023231898993582013,0.0058224627263852215,0,0,1,1,0,0.4,1,1.1,0.9
21,1,0.012986220160022186,0.0032546535631568403,0,0,1,1,0,0.4,1,1.1,0.9
30,3,0.03186453052995389,0.007986004129738792,0,0,1,1,0,0.4,1,1.1,0.9
19,1,0.0,0.0,0,0,1,1,0,0.4,1,1.1,0.9
18,1,0.023623504795982835,0.005920608391900764,0,0,1,1,0,0.4,1,1.1,0.9
