BUS_I,BUS_TYPE,Pd,Qd,Gs,Bs,area,Vm,Va,baseKV,zone,Vmax,Vmin
1,1,0.011497136028163678,0.0028814539010632227,0,0,1,1,0,0.4,1,1.1,0.9
2,1,0.00576786092656781,0.0014455622101831797,0,0,1,1,0,0.4,1,1.1,0.9
3,1,0.0,0.0,0,0,1,1,0,0.4,1,1.1,0.9
4,1,0.006550217235200781,0.0016416391837885758,0,0,1,1,0,0.4,1,1.1,0.9
5,1,0.005520654218846597,0.0013836063691296007,0,0,1,1,0,0.4,1,1.1,0.9
21,1,0.0052995133080391875,0.0013281832325702206,0,0,1,1,0,0.4,1,1.1,0.9
17,1,0.008582176975396318,0.0021508962984167134,0,0,1,1,0,0.4,1,1.1,0.9
22,1,0.012630304629960929,0.003165452723049202,0,0,1,1,0,0.4,1,1.1,0.9
16,1,0.01230745553221687,0.0030845391120533387,0,0,1,1,0,0.4,1,1.1,0.9
6,1,0.00909174042420326,0.0022786049367947625,0,0,1,1,0,0.4,1,1.1,0.9
7,1,0.009155810858439119,0.002294662501236854,0,0,1,1,0,0.4,1,1.1,0.9
8,1,0.007576926844056233,0.001898956867118461,0,0,1,1,0,0.4,1,1.1,0.9
9,1,0.0055759020020230265,0.001397452768786772,0,0,1,1,0,0.4,1,1.1,0.9
10,1,0.0,0.0,0,0,1,1,0,0.4,1,1.1,0.9
14,1,0.0,0.0,0,0,1,1,0,0.4,1,1.1,0.9
19,1,0.020718454829527836,0.00519253424037989,0,0,1,1,0,0.4,1,1.1,0.9
20,1,0.002197413311619564,0.0005507236883606529,0,0,1,1,0,0.4,1,1.1,0.9
12,1,0.00350029441399422,0.0008772564723394317,0,0,1,1,0,0.4,1,1.1,0.9
11,1,0.0034665272483082165,0.0008687936228910613,0,0,1,1,0,0.4,1,1.1,0.9
30,1,0.012203613526742001,0.0030585138522810943,0,0,1,1,0,0.4,1,1.1,0.9
32,1,0.005871773761053929,0.001471605221378933,0,0,1,1,0,0.4,1,1.1,0.9
31,1,0.0,0.0,0,0,1,1,0,0.4,1,1.1,0.9
23,1,0.011904361970251673,0.0029835143426000716,0,0,1,1,0,0.4,1,1.1,0.9
24,3,0.004799465513687607,0.0012028594419998698,0,0,1,1,0,0.4,1,1.1,0.9
25,1,0.006359610730986193,0.001593868690876971,0,0,1,1,0,0.4,1,1.1,0.9
26,1,0.007127361117770259,0.001786285075411571,0,0,1,1,0,0.4,1,1.1,0.9
27,1,0.012277187565981703,0.0030769532446536726,0,0,1,1,0,0.4,1,1.1,0.9
28,1,0.003975045118452799,0.000996240214555203,0,0,1,1,0,0.4,1,1.1,0.9
29,1,0.011889132290662468,0.002979697425103683,0,0,1,1,0,0.4,1,1.1,0.9
