BUS_I,BUS_TYPE,Pd,Qd,Gs,Bs,area,Vm,Va,baseKV,zone,Vmax,Vmin
1,1,0.3895118248634455,0.1886491868770969,0,0,1,1,0,20,1,1.05,0.95
2,1,0.0,0.0,0,0,1,1,0,20,1,1.05,0.95
3,1,0.0,0.0,0,0,1,1,0,20,1,1.05,0.95
130,1,0.2063246834229471,0.09992760495540533,0,0,1,1,0,20,1,1.05,0.95
4,1,0.15353811920347055,0.07436190506546997,0,0,1,1,0,20,1,1.05,0.95
5,1,0.314873668115888,0.1525002776999023,0,0,1,1,0,20,1,1.05,0.95
131,1,0.19351640405815543,0.09372427213409819,0,0,1,1,0,20,1,1.05,0.95
77,1,0.13236848189866984,0.06410898176735497,0,0,1,1,0,20,1,1.05,0.95
129,1,0.4148058743291692,0.200899654154209,0,0,1,1,0,20,1,1.05,0.95
67,1,0.0,0.0,0,0,1,1,0,20,1,1.05,0.95
85,1,0.0,0.0,0,0,1,1,0,20,1,1.05,0.95
65,1,0.2445570404940102,0.11844438060497496,0,0,1,1,0,20,1,1.05,0.95
66,1,0.0,0.0,0,0,1,1,0,20,1,1.05,0.95
68,1,0.0,0.0,0,0,1,1,0,20,1,1.05,0.95
72,1,0.0,0.0,0,0,1,1,0,20,1,1.05,0.95
94,1,0.0,0.0,0,0,1,1,0,20,1,1.05,0.95
128,1,0.31659300238950266,0.1533329892942192,0,0,1,1,0,20,1,1.05,0.95
69,1,0.06576432011491928,0.031851113941288034,0,0,1,1,0,20,1,1.05,0.95
70,1,0.0,0.0,0,0,1,1,0,20,1,1.05,0.95
71,1,0.11427591960608101,0.05534635391589837,0,0,1,1,0,20,1,1.05,0.95
80,3,0.0,0.0,0,0,1,1,0,20,1,1.05,0.95
127,1,0.3281901098762821,0.15894972480224706,0,0,1,1,0,20,1,1.05,0.95
73,1,0.18990996483270275,0.09197759389745715,0,0,1,1,0,20,1,1.05,0.95
74,1,0.0,0.0,0,0,1,1,0,20,1,1.05,0.95
75,1,0.0,0.0,0,0,1,1,0,20,1,1.05,0.95
76,1,0.0,0.0,0,0,1,1,0,20,1,1.05,0.95
79,1,0.0,0.0,0,0,1,1,0,20,1,1.05,0.95
87,1,0.32433209279518316,0.15708120184902882,0,0,1,1,0,20,1,1.05,0.95
78,1,0.22534468021522244,0.10913940983584931,0,0,1,1,0,20,1,1.05,0.95
81,1,0.0,0.0,0,0,1,1,0,20,1,1.05,0.95
86,1,0.18031045065649953,0.0873283369862176,0,0,1,1,0,20,1,1.05,0.95
82,1,0.16340526155600718,0.07914078021838522,0,0,1,1,0,20,1,1.05,0.95
83,1,0.0,0.0,0,0,1,1,0,20,1,1.05,0.95
84,1,0.0,0.0,0,0,1,1,0,20,1,1.05,0.95
93,1,0.3316163010087749,0.16060910490311275,0,0,1,1,0,20,1,1.05,0.95
95,1,0.0,0.0,0,0,1,1,0,20,1,1.05,0.95
97,1,0.0,0.0,0,0,1,1,0,20,1,1.05,0.95
96,1,0.21982708421812758,0.10646711612889143,0,0,1,1,0,20,1,1.05,0.95
124,1,0.16413985239288828,0.07949655879869807,0,0,1,1,0,20,1,1.05,0.95
