BUS_I,BUS_TYPE,Pd,Qd,Gs,Bs,area,Vm,Va,baseKV,zone,Vmax,Vmin
1,1,0.00543233644587769,0.0013614718487733066,0,0,1,1,0,0.4,1,1.1,0.9
3,1,0.0,0.0,0,0,1,1,0,0.4,1,1.1,0.9
11,1,0.007994252503436933,0.002003548536408153,0,0,1,1,0,0.4,1,1.1,0.9
4,1,0.0,0.0,0,0,1,1,0,0.4,1,1.1,0.9
13,3,0.05023041848034548,0.012588929532335627,0,0,1,1,0,0.4,1,1.1,0.9
14,1,0.0,0.0,0,0,1,1,0,0.4,1,1.1,0.9
15,1,0.001723796456077829,0.00043202411546989014,0,0,1,1,0,0.4,1,1.1,0.9
16,1,0.0037881516325427283,0.0009494002917483672,0,0,1,1,0,0.4,1,1.1,0.9
