BUS_I,BUS_TYPE,Pd,Qd,Gs,Bs,area,Vm,Va,baseKV,zone,Vmax,Vmin
1,1,0.024467277238195424,0.006132077699497661,0,0,1,1,0,0.4,1,1.1,0.9
2,1,0.0,0.0,0,0,1,1,0,0.4,1,1.1,0.9
3,1,0.0,0.0,0,0,1,1,0,0.4,1,1.1,0.9
6,1,0.0,0.0,0,0,1,1,0,0.4,1,1.1,0.9
18,1,0.03689719307852807,0.009247308257810418,0,0,1,1,0,0.4,1,1.1,0.9
9,3,0.0,0.0,0,0,1,1,0,0.4,1,1.1,0.9
17,1,0.0,0.0,0,0,1,1,0,0.4,1,1.1,0.9
30,1,0.012354540530685744,0.0030963397250222857,0,0,1,1,0,0.4,1,1.1,0.9
8,1,0.0,0.0,0,0,1,1,0,0.4,1,1.1,0.9
4,1,0.011815898686420577,0.0029613433537841126,0,0,1,1,0,0.4,1,1.1,0.9
16,1,0.008250547625630248,0.0020677821488363566,0,0,1,1,0,0.4,1,1.1,0.9
5,1,0.008388083242912061,0.0021022518237172167,0,0,1,1,0,0.4,1,1.1,0.9
7,1,0.0214871092288309,0.005385177191808462,0,0,1,1,0,0.4,1,1.1,0.9
25,1,0.0527562872282319,0.01322197191257208,0,0,1,1,0,0.4,1,1.1,0.9
29,1,0.0,0.0,0,0,1,1,0,0.4,1,1.1,0.9
28,1,0.007394991625455585,0.001853359603235226,0,0,1,1,0,0.4,1,1.1,0.9
24,1,0.034009988819874055,0.008523706662257779,0,0,1,1,0,0.4,1,1.1,0.9
33,1,0.0063708740949817485,0.0015966915559839495,0,0,1,1,0,0.4,1,1.1,0.9
27,1,0.0,0.0,0,0,1,1,0,0.4,1,1.1,0.9
13,1,0.023267054052502983,0.005831273414666356,0,0,1,1,0,0.4,1,1.1,0.9
15,1,0.011274873944010878,0.002825749771976492,0,0,1,1,0,0.4,1,1.1,0.9
10,1,0.025840299507074272,0.0064761895168421,0,0,1,1,0,0.4,1,1.1,0.9
11,1,0.02437764816028438,0.006109614535144136,0,0,1,1,0,0.4,1,1.1,0.9
12,1,0.02376828724422575,0.005956894293822172,0,0,1,1,0,0.4,1,1.1,0.9
14,1,0.08364889666433309,0.02096438965518392,0,0,1,1,0,0.4,1,1.1,0.9
19,1,0.019116107581076285,0.004790948165500154,0,0,1,1,0,0.4,1,1.1,0.9
20,1,0.022508051885569896,0.005641049540697448,0,0,1,1,0,0.4,1,1.1,0.9
21,1,0.058341998191487804,0.014621883038774179,0,0,1,1,0,0.4,1,1.1,0.9
22,1,0.009826304893512277,0.0024627041464142705,0,0,1,1,0,0.4,1,1.1,0.9
26,1,0.0,0.0,0,0,1,1,0,0.4,1,1.1,0.9
23,1,0.010464753505509261,0.002622714451516396,0,0,1,1,0,0.4,1,1.1,0.9
32,1,0.02860243164849626,0.007168445085068486,0,0,1,1,0,0.4,1,1.1,0.9
