BUS_I,BUS_TYPE,Pd,Qd,Gs,Bs,area,Vm,Va,baseKV,zone,Vmax,Vmin
1,1,0.03689798020115146,0.009247505529335103,0,0,1,1,0,0.4,1,1.1,0.9
2,1,0.0,0.0,0,0,1,1,0,0.4,1,1.1,0.9
4,1,0.0,0.0,0,0,1,1,0,0.4,1,1.1,0.9
9,3,0.04263259660823406,0.01068473587755501,0,0,1,1,0,0.4,1,1.1,0.9
7,1,0.052434987909885995,0.013141446712905932,0,0,1,1,0,0.4,1,1.1,0.9
8,1,0.04530336280628613,0.011354092981911552,0,0,1,1,0,0.4,1,1.1,0.9
