BUS_I,BUS_TYPE,Pd,Qd,Gs,Bs,area,Vm,Va,baseKV,zone,Vmax,Vmin
1,1,0.004637917878643317,0.0011623717881993382,0,0,1,1,0,0.4,1,1.1,0.9
2,1,0.008463449260421838,0.0021211403281786037,0,0,1,1,0,0.4,1,1.1,0.9
3,1,0.005605283004805487,0.0014048163421912516,0,0,1,1,0,0.4,1,1.1,0.9
4,1,0.0,0.0,0,0,1,1,0,0.4,1,1.1,0.9
5,1,0.0,0.0,0,0,1,1,0,0.4,1,1.1,0.9
9,1,0.006663932836520761,0.001670138999936923,0,0,1,1,0,0.4,1,1.1,0.9
6,1,0.009472103320374065,0.0023739328644026714,0,0,1,1,0,0.4,1,1.1,0.9
32,1,0.0052859550669465995,0.001324785217047738,0,0,1,1,0,0.4,1,1.1,0.9
7,1,0.005124050588789866,0.0012842081299330405,0,0,1,1,0,0.4,1,1.1,0.9
31,1,0.005512444834398211,0.0013815489034454352,0,0,1,1,0,0.4,1,1.1,0.9
8,1,0.005807790274141132,0.001455569447990075,0,0,1,1,0,0.4,1,1.1,0.9
10,1,0.009069104825593277,0.002272931921031718,0,0,1,1,0,0.4,1,1.1,0.9
12,1,0.006796128161577395,0.0017032702714252015,0,0,1,1,0,0.4,1,1.1,0.9
13,1,0.0,0.0,0,0,1,1,0,0.4,1,1.1,0.9
17,1,0.0038495583190462234,0.0009647902580794104,0,0,1,1,0,0.4,1,1.1,0.9
29,1,0.004828077765402395,0.0012100303482255436,0,0,1,1,0,0.4,1,1.1,0.9
14,3,0.0026205319923110213,0.0006567672256472039,0,0,1,1,0,0.4,1,1.1,0.9
15,1,0.002623991521822772,0.0006576342654719966,0,0,1,1,0,0.4,1,1.1,0.9
16,1,0.0,0.0,0,0,1,1,0,0.4,1,1.1,0.9
18,1,0.0,0.0,0,0,1,1,0,0.4,1,1.1,0.9
19,1,0.01197899707888513,0.0030022196640298033,0,0,1,1,0,0.4,1,1.1,0.9
28,1,0.009072344864391175,0.002273743951298293,0,0,1,1,0,0.4,1,1.1,0.9
27,1,0.0,0.0,0,0,1,1,0,0.4,1,1.1,0.9
20,1,0.0,0.0,0,0,1,1,0,0.4,1,1.1,0.9
21,1,0.01058591714891559,0.0026530809229667615,0,0,1,1,0,0.4,1,1.1,0.9
22,1,0.0,0.0,0,0,1,1,0,0.4,1,1.1,0.9
34,1,0.02152220879009196,0.005393973971064926,0,0,1,1,0,0.4,1,1.1,0.9
33,1,0.017093280387848738,0.004283979882892713,0,0,1,1,0,0.4,1,1.1,0.9
23,1,0.030884304834253987,0.007740336413198083,0,0,1,1,0,0.4,1,1.1,0.9
24,1,0.0,0.0,0,0,1,1,0,0.4,1,1.1,0.9
26,1,0.008331909713870399,0.00208817341027607,0,0,1,1,0,0.4,1,1.1,0.9
30,1,0.015074481533627783,0.0037780211972072274,0,0,1,1,0,0.4,1,1.1,0.9
