F_BUS,T_BUS,BR_R,BR_X,BR_B,RATE_A,RATE_B,RATE_C,TAP,SHIFT,BR_STATUS,ANGMIN,ANGMAX
1,2,0.8740904334789373,0.3361886282611298,8.821112837242255e-10,0,0,0,0,0,1,-90,90
1,3,1.2595878440171282,0.4844568630835108,1.2711461051314115e-09,0,0,0,0,0,1,-90,90
2,4,1.0111840179549993,0.3889169299826921,1.0204628697394368e-09,0,0,0,0,0,1,-90,90
4,9,1.7535791708660367,0.674453527256168,1.7696704074063937e-09,0,0,0,0,0,1,-90,90
9,7,1.8783784900532634,0.7224532654051014,1.895614913191683e-09,0,0,0,0,0,1,-90,90
7,8,0.12556222963460306,0.0482931652440781,2.5342883374074734e-10,0,0,0,0,0,1,-90,90
7,6,1.1026931204669088,0.4241127386411188,2.2256233606802784e-09,0,0,0,0,0,1,-90,90
11,12,3.1893971664331096,1.2266912178588882,6.437327583122464e-09,0,0,0,0,0,1,-90,90
11,10,9.246964999999998,3.5565249999999993,1.8663634457680026e-08,0,0,0,0,0,1,-90,90
12,13,39.09903999984676,15.038092307633372,3.945782157731481e-08,0,0,0,0,0,1,-90,90
10,8,9.598480865602259,3.6917234098470235,1.937311736603704e-08,0,0,0,0,0,1,-90,90
