BUS_I,BUS_TYPE,Pd,Qd,Gs,Bs,area,Vm,Va,baseKV,zone,Vmax,Vmin
1,1,0.0024353584069911715,0.0006103583505598169,0,0,1,1,0,0.4,1,1.1,0.9
2,1,0.004567879213515303,0.0011448184441000765,0,0,1,1,0,0.4,1,1.1,0.9
3,1,0.0029214609335715676,0.000732187127578774,0,0,1,1,0,0.4,1,1.1,0.9
4,1,0.029313376625079428,0.007346624691815651,0,0,1,1,0,0.4,1,1.1,0.9
9,1,0.02897015032980121,0.007260604073719611,0,0,1,1,0,0.4,1,1.1,0.9
7,1,0.0,0.0,0,0,1,1,0,0.4,1,1.1,0.9
11,1,0.0,0.0,0,0,1,1,0,0.4,1,1.1,0.9
12,1,0.027242693756636415,0.006827662646439827,0,0,1,1,0,0.4,1,1.1,0.9
10,1,0.0,0.0,0,0,1,1,0,0.4,1,1.1,0.9
6,3,0.0875753100358752,0.021948441605069726,0,0,1,1,0,0.4,1,1.1,0.9
8,1,0.005401370175760168,0.0013537109699237446,0,0,1,1,0,0.4,1,1.1,0.9
13,1,0.029301919445262416,0.007343753251885043,0,0,1,1,0,0.4,1,1.1,0.9
