F_BUS,T_BUS,BR_R,BR_X,BR_B,RATE_A,RATE_B,RATE_C,TAP,SHIFT,BR_STATUS,ANGMIN,ANGMAX
1,2,2.255285811607442,0.8674176198490161,2.275980821027954e-09,0,0,0,0,0,1,-90,90
1,3,1.7236890130384839,0.6629573127071092,1.739505970773628e-09,0,0,0,0,0,1,-90,90
2,4,1.0363621502585965,0.39860082702253713,2.091744084486283e-09,0,0,0,0,0,1,-90,90
3,5,4.45705,1.7142499999999998,4.497948892398898e-09,0,0,0,0,0,1,-90,90
4,7,4.83845181457884,1.8609430056072465,4.882850535737838e-09,0,0,0,0,0,1,-90,90
4,8,3.125821285938294,1.2022389561301134,3.1545045245000736e-09,0,0,0,0,0,1,-90,90
5,10,6.607119999999999,2.5411999999999995,6.6677484178877516e-09,0,0,0,0,0,1,-90,90
7,11,1.483765638950253,0.5706790919039435,1.4973810058886109e-09,0,0,0,0,0,1,-90,90
11,15,1.284011564816866,0.49385060185264074,1.2957939434817644e-09,0,0,0,0,0,1,-90,90
15,14,0.41375838138046694,0.15913783899248732,4.1755512126878363e-10,0,0,0,0,0,1,-90,90
14,13,1.5723817820449155,0.604762223863429,1.586810310626341e-09,0,0,0,0,0,1,-90,90
12,13,5.233225313534416,2.012778966744006,5.281246565034272e-09,0,0,0,0,0,1,-90,90
