BUS_I,BUS_TYPE,Pd,Qd,Gs,Bs,area,Vm,Va,baseKV,zone,Vmax,Vmin
69,1,0.004183450581231119,0.0010484715469717674,0,0,1,1,0,0.4,1,1.1,0.9
70,1,0.007102448194359368,0.001780041308253093,0,0,1,1,0,0.4,1,1.1,0.9
14,3,0.0006710331961797783,0.0001681767716880681,0,0,1,1,0,0.4,1,1.1,0.9
7,1,0.0,0.0,0,0,1,1,0,0.4,1,1.1,0.9
8,1,0.006867694880852246,0.001721206581992952,0,0,1,1,0,0.4,1,1.1,0.9
9,1,0.0019434251888182123,0.0004870682644814443,0,0,1,1,0,0.4,1,1.1,0.9
56,1,0.0019685377475474187,0.0004933620649669473,0,0,1,1,0,0.4,1,1.1,0.9
10,1,0.01788050936562976,0.004481278062500268,0,0,1,1,0,0.4,1,1.1,0.9
11,1,0.003525154385564545,0.0008834869685157107,0,0,1,1,0,0.4,1,1.1,0.9
12,1,0.0,0.0,0,0,1,1,0,0.4,1,1.1,0.9
13,1,0.002205350958744674,0.0005527130502519868,0,0,1,1,0,0.4,1,1.1,0.9
15,1,0.0003339960808040314,8.370730829096028e-05,0,0,1,1,0,0.4,1,1.1,0.9
57,1,0.0,0.0,0,0,1,1,0,0.4,1,1.1,0.9
91,1,0.00042740610152087533,0.00010711806623394828,0,0,1,1,0,0.4,1,1.1,0.9
53,1,0.001739325412214775,0.00043591603873935754,0,0,1,1,0,0.4,1,1.1,0.9
54,1,0.0016627276738445755,0.0004167188359317394,0,0,1,1,0,0.4,1,1.1,0.9
55,1,0.001508281388160643,0.000378010948045701,0,0,1,1,0,0.4,1,1.1,0.9
