BUS_I,BUS_TYPE,Pd,Qd,Gs,Bs,area,Vm,Va,baseKV,zone,Vmax,Vmin
1,1,0.00602742099717848,0.001510614095817068,0,0,1,1,0,0.4,1,1.1,0.9
2,1,0.0,0.0,0,0,1,1,0,0.4,1,1.1,0.9
3,1,0.002938544374284622,0.0007364686414067073,0,0,1,1,0,0.4,1,1.1,0.9
6,1,0.0,0.0,0,0,1,1,0,0.4,1,1.1,0.9
7,1,0.0,0.0,0,0,1,1,0,0.4,1,1.1,0.9
8,1,0.021690405920908692,0.005436128145596069,0,0,1,1,0,0.4,1,1.1,0.9
5,1,0.0,0.0,0,0,1,1,0,0.4,1,1.1,0.9
22,1,0.022670435638025184,0.005681746745273909,0,0,1,1,0,0.4,1,1.1,0.9
17,1,0.023130566463662114,0.00579706640047179,0,0,1,1,0,0.4,1,1.1,0.9
26,1,0.0,0.0,0,0,1,1,0,0.4,1,1.1,0.9
16,1,0.04346567853173533,0.010893525888606257,0,0,1,1,0,0.4,1,1.1,0.9
20,1,0.017531659578049016,0.004393848064381845,0,0,1,1,0,0.4,1,1.1,0.9
21,1,0.03175894907616856,0.007959542923126605,0,0,1,1,0,0.4,1,1.1,0.9
25,3,0.04807428080128538,0.012048550492604511,0,0,1,1,0,0.4,1,1.1,0.9
9,1,0.0468223604568609,0.011734789678483005,0,0,1,1,0,0.4,1,1.1,0.9
10,1,0.0230215459580652,0.005769743286230244,0,0,1,1,0,0.4,1,1.1,0.9
11,1,0.0,0.0,0,0,1,1,0,0.4,1,1.1,0.9
12,1,0.011126737600222616,0.0027886233045978067,0,0,1,1,0,0.4,1,1.1,0.9
13,1,0.03190399961301531,0.007995896014385554,0,0,1,1,0,0.4,1,1.1,0.9
14,1,0.007255462147795634,0.001818390219839943,0,0,1,1,0,0.4,1,1.1,0.9
15,1,0.023335384908555395,0.005848398741465386,0,0,1,1,0,0.4,1,1.1,0.9
18,1,0.019247779539250623,0.0048239482688835255,0,0,1,1,0,0.4,1,1.1,0.9
23,1,0.012512549689251662,0.003135940553023118,0,0,1,1,0,0.4,1,1.1,0.9
