BUS_I,BUS_TYPE,Pd,Qd,Gs,Bs,area,Vm,Va,baseKV,zone,Vmax,Vmin
1,1,0.0008528201173578552,0.00021373686873377604,0,0,1,1,0,0.4,1,1.1,0.9
2,1,0.0,0.0,0,0,1,1,0,0.4,1,1.1,0.9
3,1,0.0006741512916349397,0.00016895824007212074,0,0,1,1,0,0.4,1,1.1,0.9
15,1,0.018492127927661108,0.004634564123238422,0,0,1,1,0,0.4,1,1.1,0.9
13,1,0.022453251379444077,0.005627315239235792,0,0,1,1,0,0.4,1,1.1,0.9
4,1,0.0007242773757994614,0.00018152102096008016,0,0,1,1,0,0.4,1,1.1,0.9
5,1,0.0005652947415477397,0.00014167621695465178,0,0,1,1,0,0.4,1,1.1,0.9
6,1,0.0005853111833409737,0.00014669281014353233,0,0,1,1,0,0.4,1,1.1,0.9
7,1,0.00039975160983711115,0.00010018719729851045,0,0,1,1,0,0.4,1,1.1,0.9
8,1,0.0003332535204255578,8.352120511760594e-05,0,0,1,1,0,0.4,1,1.1,0.9
16,1,0.00038649124883582183,9.686383756413194e-05,0,0,1,1,0,0.4,1,1.1,0.9
12,1,0.00038973770068601705,9.767747509311689e-05,0,0,1,1,0,0.4,1,1.1,0.9
9,1,0.0276148140426194,0.006920924781208332,0,0,1,1,0,0.4,1,1.1,0.9
10,1,0.01852380724652955,0.00464250370895028,0,0,1,1,0,0.4,1,1.1,0.9
11,1,0.0,0.0,0,0,1,1,0,0.4,1,1.1,0.9
14,3,0.07747097346814681,0.019416056152778353,0,0,1,1,0,0.4,1,1.1,0.9
19,1,0.0,0.0,0,0,1,1,0,0.4,1,1.1,0.9
22,1,0.003576471451737407,0.0008963482376311401,0,0,1,1,0,0.4,1,1.1,0.9
17,1,0.003650471682433501,0.000914894443651188,0,0,1,1,0,0.4,1,1.1,0.9
18,1,0.0,0.0,0,0,1,1,0,0.4,1,1.1,0.9
20,1,0.002880383237580871,0.0007218920865294957,0,0,1,1,0,0.4,1,1.1,0.9
21,1,0.003784050458226878,0.0009483724405772235,0,0,1,1,0,0.4,1,1.1,0.9
27,1,0.0031320324119049254,0.000784961314664148,0,0,1,1,0,0.4,1,1.1,0.9
25,1,0.00802567007611116,0.0020114225223401565,0,0,1,1,0,0.4,1,1.1,0.9
23,1,0.002684554353758809,0.0006728127419129163,0,0,1,1,0,0.4,1,1.1,0.9
24,1,0.0,0.0,0,0,1,1,0,0.4,1,1.1,0.9
28,1,0.0020570304015328405,0.0005155404146374311,0,0,1,1,0,0.4,1,1.1,0.9
26,1,0.013191627306106268,0.003306133446576535,0,0,1,1,0,0.4,1,1.1,0.9
34,1,0.002691175225188756,0.0006744720887070679,0,0,1,1,0,0.4,1,1.1,0.9
33,1,0.0,0.0,0,0,1,1,0,0.4,1,1.1,0.9
29,1,0.0,0.0,0,0,1,1,0,0.4,1,1.1,0.9
30,1,0.003121299546418441,0.000782271405016227,0,0,1,1,0,0.4,1,1.1,0.9
31,1,0.00382926122068614,0.0009597033257245475,0,0,1,1,0,0.4,1,1.1,0.9
