F_BUS,T_BUS,BR_R,BR_X,BR_B,RATE_A,RATE_B,RATE_C,TAP,SHIFT,BR_STATUS,ANGMIN,ANGMAX
1,2,2.2739829559325657,0.8746088292048331,2.2948495345510724e-09,0,0,0,0,0,1,-90,90
2,3,4.550367182288851,1.7501412239572507,4.592122374122892e-09,0,0,0,0,0,1,-90,90
3,4,2.5055799249410176,0.9636845865157762,5.057143378784337e-09,0,0,0,0,0,1,-90,90
3,6,2.6616369699507536,1.023706526904136,2.686060748916425e-09,0,0,0,0,0,1,-90,90
4,17,2.4632301076029215,0.947396195231893,2.485833260613226e-09,0,0,0,0,0,1,-90,90
4,15,3.024487526819958,1.1632644333922917,3.0522409040361034e-09,0,0,0,0,0,1,-90,90
6,5,1.0715801473893467,0.4121462105343642,1.0814132076298359e-09,0,0,0,0,0,1,-90,90
17,19,1.481835529870061,0.5699367422577157,1.4954331856937604e-09,0,0,0,0,0,1,-90,90
15,16,0.2411589045816509,0.0927534248390965,2.433718328838959e-10,0,0,0,0,0,1,-90,90
5,7,1.35264398356903,0.5202476859880885,1.3650561487316391e-09,0,0,0,0,0,1,-90,90
11,13,4.777186465272341,1.8373794097201313,4.821023001818407e-09,0,0,0,0,0,1,-90,90
11,10,1.904615597653734,0.7325444606360516,1.9220927783875606e-09,0,0,0,0,0,1,-90,90
13,16,2.880445927084635,1.1078638181094753,2.9068775462122372e-09,0,0,0,0,0,1,-90,90
13,22,3.355729535205313,1.2906652058481975,3.386522463527896e-09,0,0,0,0,0,1,-90,90
19,20,2.718984934926445,1.0457634365101713,2.743934951706105e-09,0,0,0,0,0,1,-90,90
7,8,1.8838365720382941,0.7245525277070362,1.901123079763562e-09,0,0,0,0,0,1,-90,90
8,9,2.180120377139523,0.8385078373613549,2.2001256516420017e-09,0,0,0,0,0,1,-90,90
9,18,3.3248799999999994,1.2787999999999997,3.355389846054957e-09,0,0,0,0,0,1,-90,90
18,24,1.630775140275158,0.6272212077981378,1.645739499433999e-09,0,0,0,0,0,1,-90,90
24,14,0.8276893014950073,0.3183420390365413,8.352843645258379e-10,0,0,0,0,0,1,-90,90
22,23,4.054785617510671,1.5595329298117966,4.0919932415380365e-09,0,0,0,0,0,1,-90,90
20,21,0.9954036028981279,0.3828475395762031,1.004537650047791e-09,0,0,0,0,0,1,-90,90
