BUS_I,BUS_TYPE,Pd,Qd,Gs,Bs,area,Vm,Va,baseKV,zone,Vmax,Vmin
1,1,0.002469348259373352,0.0006188770105550783,0,0,1,1,0,0.4,1,1.1,0.9
2,1,0.0,0.0,0,0,1,1,0,0.4,1,1.1,0.9
3,1,0.02863864533472161,0.007177521090361482,0,0,1,1,0,0.4,1,1.1,0.9
4,1,0.047531883598246207,0.011912612939739648,0,0,1,1,0,0.4,1,1.1,0.9
5,1,0.001350829640326475,0.00033854982034271346,0,0,1,1,0,0.4,1,1.1,0.9
6,3,0.01145079218580795,0.0028698390393255644,0,0,1,1,0,0.4,1,1.1,0.9
7,1,0.0,0.0,0,0,1,1,0,0.4,1,1.1,0.9
8,1,0.02409458128499755,0.006038671288925339,0,0,1,1,0,0.4,1,1.1,0.9
9,1,0.0,0.0,0,0,1,1,0,0.4,1,1.1,0.9
10,1,0.022343209302774024,0.00559973609514936,0,0,1,1,0,0.4,1,1.1,0.9
