F_BUS,T_BUS,BR_R,BR_X,BR_B,RATE_A,RATE_B,RATE_C,TAP,SHIFT,BR_STATUS,ANGMIN,ANGMAX
1,2,3.5878310065598074,1.3799350025230026,3.6207537501419346e-09,0,0,0,0,0,1,-90,90
1,3,3.382006093689469,1.3007715744959498,3.4130401416176334e-09,0,0,0,0,0,1,-90,90
2,4,4.0399561496429985,1.5538292883242302,4.077027695140697e-09,0,0,0,0,0,1,-90,90
2,5,1.74629,0.6716499999999999,1.7623143494704502e-09,0,0,0,0,0,1,-90,90
3,7,1.7674235951867951,0.6797783058410752,1.783641871275872e-09,0,0,0,0,0,1,-90,90
4,11,8.033327913943197,3.089741505362768,8.107043536150134e-09,0,0,0,0,0,1,-90,90
5,9,8.918604872306062,3.430232643194639,9.000443994824484e-09,0,0,0,0,0,1,-90,90
7,20,1.828330817624199,0.703204160624692,1.8451079920735778e-09,0,0,0,0,0,1,-90,90
11,12,4.395558877938174,1.6905995684377595,4.4358935139826015e-09,0,0,0,0,0,1,-90,90
9,8,1.0963306184709372,0.42166562248882206,1.106390794596056e-09,0,0,0,0,0,1,-90,90
6,21,2.976349999999999,1.14475,3.0036616564524646e-09,0,0,0,0,0,1,-90,90
6,12,6.468377841505832,2.487837631348397,6.527733130168773e-09,0,0,0,0,0,1,-90,90
12,13,3.5359531124058847,1.3599819663099555,3.5683998127731317e-09,0,0,0,0,0,1,-90,90
13,14,8.297520891654107,3.191354189097734,8.373660807994595e-09,0,0,0,0,0,1,-90,90
13,17,1.810206753855054,0.6962333668673284,1.8268176178224037e-09,0,0,0,0,0,1,-90,90
14,16,1.4155699999999998,0.5444499999999999,1.4285595884302636e-09,0,0,0,0,0,1,-90,90
14,19,2.0150906540914773,0.7750348669582604,2.0335815787693946e-09,0,0,0,0,0,1,-90,90
17,18,1.6603042374610464,0.6385785528696334,1.675539562251514e-09,0,0,0,0,0,1,-90,90
16,15,3.4960616308231374,1.3446390887781299,3.528142277990872e-09,0,0,0,0,0,1,-90,90
