BUS_I,BUS_TYPE,Pd,Qd,Gs,Bs,area,Vm,Va,baseKV,zone,Vmax,Vmin
1,1,0.034132155493003316,0.008554324516652641,0,0,1,1,0,0.4,1,1.1,0.9
2,1,0.017132284686914804,0.004293755281690017,0,0,1,1,0,0.4,1,1.1,0.9
4,1,0.016115791926655118,0.004038998181984673,0,0,1,1,0,0.4,1,1.1,0.9
26,1,0.0,0.0,0,0,1,1,0,0.4,1,1.1,0.9
27,1,0.0,0.0,0,0,1,1,0,0.4,1,1.1,0.9
5,1,0.034078986381573986,0.008540999081242569,0,0,1,1,0,0.4,1,1.1,0.9
6,1,0.0,0.0,0,0,1,1,0,0.4,1,1.1,0.9
7,1,0.0,0.0,0,0,1,1,0,0.4,1,1.1,0.9
8,1,0.015710722984628438,0.003937478335620921,0,0,1,1,0,0.4,1,1.1,0.9
21,1,0.0,0.0,0,0,1,1,0,0.4,1,1.1,0.9
24,1,0.015309389985161402,0.0038368948047218443,0,0,1,1,0,0.4,1,1.1,0.9
20,1,0.017855741574275427,0.004475070668863815,0,0,1,1,0,0.4,1,1.1,0.9
22,3,0.01759316258448293,0.004409262170762947,0,0,1,1,0,0.4,1,1.1,0.9
9,1,0.051371638819628716,0.012874946309952688,0,0,1,1,0,0.4,1,1.1,0.9
10,1,0.0,0.0,0,0,1,1,0,0.4,1,1.1,0.9
11,1,0.0,0.0,0,0,1,1,0,0.4,1,1.1,0.9
12,1,0.006967996497926836,0.0017463445367926994,0,0,1,1,0,0.4,1,1.1,0.9
13,1,0.008094768997984197,0.0020287403445788943,0,0,1,1,0,0.4,1,1.1,0.9
14,1,0.0,0.0,0,0,1,1,0,0.4,1,1.1,0.9
19,1,0.006339713010577565,0.0015888818520717887,0,0,1,1,0,0.4,1,1.1,0.9
16,1,0.03347015532136438,0.008388411634313872,0,0,1,1,0,0.4,1,1.1,0.9
15,1,0.03474627703738148,0.008708237883898245,0,0,1,1,0,0.4,1,1.1,0.9
17,1,0.013295845816046854,0.003332253067262563,0,0,1,1,0,0.4,1,1.1,0.9
23,1,0.025276441668828555,0.006334873421800846,0,0,1,1,0,0.4,1,1.1,0.9
25,1,0.010705226937471227,0.002682982774595421,0,0,1,1,0,0.4,1,1.1,0.9
