F_BUS,T_BUS,BR_R,BR_X,BR_B,RATE_A,RATE_B,RATE_C,TAP,SHIFT,BR_STATUS,ANGMIN,ANGMAX
1,2,3.1138934628406454,1.1976513318617867,3.142467249017231e-09,0,0,0,0,0,1,-90,90
1,3,1.2476648881179484,0.47987111081459555,1.2591137415095458e-09,0,0,0,0,0,1,-90,90
2,4,3.7591977586350414,1.4458452917827083,3.793693002044156e-09,0,0,0,0,0,1,-90,90
4,15,2.748019596651517,1.0569306140967374,2.7732360420119042e-09,0,0,0,0,0,1,-90,90
15,17,2.0019999999999993,0.7699999999999999,2.0203708018942105e-09,0,0,0,0,0,1,-90,90
15,14,4.692985826069573,1.8049945484882972,4.736049718628546e-09,0,0,0,0,0,1,-90,90
17,21,1.2468747373730278,0.47956720668193387,1.2583163401638255e-09,0,0,0,0,0,1,-90,90
17,13,6.675115613579977,2.567352159069222,6.736367974498076e-09,0,0,0,0,0,1,-90,90
14,16,6.248628451126934,2.403318635048821,6.305967270001152e-09,0,0,0,0,0,1,-90,90
5,6,2.6036928981818885,1.0014203454545727,2.627584969323679e-09,0,0,0,0,0,1,-90,90
5,7,0.9129598643484793,0.3511384093647998,9.213373892262575e-10,0,0,0,0,0,1,-90,90
6,8,5.837085199799187,2.2450327691535334,5.890647605316241e-09,0,0,0,0,0,1,-90,90
7,9,0.8029500567760558,0.30882694491386764,8.103181069378833e-10,0,0,0,0,0,1,-90,90
8,13,3.7477286945301564,1.4414341132808295,3.782118695229689e-09,0,0,0,0,0,1,-90,90
8,10,3.1220372037952333,1.2007835399212436,3.150685718768899e-09,0,0,0,0,0,1,-90,90
10,11,4.093692421973581,1.5744970853744544,4.131257063581928e-09,0,0,0,0,0,1,-90,90
11,12,6.363109999999999,2.4473499999999997,6.4214993272932424e-09,0,0,0,0,0,1,-90,90
12,28,3.4346294277977756,1.32101131838376,3.466146359265359e-09,0,0,0,0,0,1,-90,90
28,29,4.070650315999345,1.565634736922825,4.108003518065195e-09,0,0,0,0,0,1,-90,90
29,27,9.549968803066871,3.673064924256489,9.637601462895562e-09,0,0,0,0,0,1,-90,90
27,25,2.4879584706442492,0.9569071040939421,2.510788536670838e-09,0,0,0,0,0,1,-90,90
21,20,0.20273009732209943,0.07797311435465364,2.0459039425311763e-10,0,0,0,0,0,1,-90,90
16,18,1.2194187783395054,0.4690072224382713,1.2306084390802426e-09,0,0,0,0,0,1,-90,90
16,19,2.1083180613612913,0.8108915620620353,2.1276644616786023e-09,0,0,0,0,0,1,-90,90
20,22,3.629883031536792,1.3961088582833814,3.6631916539501387e-09,0,0,0,0,0,1,-90,90
22,23,2.3945104991076356,0.92096557657986,2.4164830655475533e-09,0,0,0,0,0,1,-90,90
23,30,0.5463888196892459,0.21014954603432537,5.514026062845122e-10,0,0,0,0,0,1,-90,90
