BUS_I,BUS_TYPE,Pd,Qd,Gs,Bs,area,Vm,Va,baseKV,zone,Vmax,Vmin
1,1,0.009997163206182469,0.002505525275986592,0,0,1,1,0,0.4,1,1.1,0.9
2,1,0.010010985944893946,0.0025089895808609536,0,0,1,1,0,0.4,1,1.1,0.9
3,1,0.004638932824125817,0.0011626261575146837,0,0,1,1,0,0.4,1,1.1,0.9
4,1,0.009836005162183333,0.002465135262905813,0,0,1,1,0,0.4,1,1.1,0.9
15,1,0.0,0.0,0,0,1,1,0,0.4,1,1.1,0.9
17,3,0.0,0.0,0,0,1,1,0,0.4,1,1.1,0.9
14,1,0.009818299145176767,0.0024606977167507633,0,0,1,1,0,0.4,1,1.1,0.9
5,1,0.009088741064587147,0.002277853226417033,0,0,1,1,0,0.4,1,1.1,0.9
6,1,0.0038507830225451433,0.0009650971977090681,0,0,1,1,0,0.4,1,1.1,0.9
7,1,0.0038753095666426295,0.0009712441290836453,0,0,1,1,0,0.4,1,1.1,0.9
8,1,0.0,0.0,0,0,1,1,0,0.4,1,1.1,0.9
9,1,0.001121223721073139,0.0002810051526864326,0,0,1,1,0,0.4,1,1.1,0.9
13,1,0.010931010079219504,0.0027395693638982872,0,0,1,1,0,0.4,1,1.1,0.9
10,1,0.005126932117682114,0.001284930309147695,0,0,1,1,0,0.4,1,1.1,0.9
11,1,0.0,0.0,0,0,1,1,0,0.4,1,1.1,0.9
12,1,0.0,0.0,0,0,1,1,0,0.4,1,1.1,0.9
28,1,0.004434107285596495,0.0011112920386883139,0,0,1,1,0,0.4,1,1.1,0.9
29,1,0.0,0.0,0,0,1,1,0,0.4,1,1.1,0.9
27,1,0.0,0.0,0,0,1,1,0,0.4,1,1.1,0.9
21,1,0.01983071392520229,0.004970045397450996,0,0,1,1,0,0.4,1,1.1,0.9
16,1,0.0,0.0,0,0,1,1,0,0.4,1,1.1,0.9
18,1,0.0022034404773279516,0.0005522342384750679,0,0,1,1,0,0.4,1,1.1,0.9
19,1,0.004742963740978789,0.0011886987629411898,0,0,1,1,0,0.4,1,1.1,0.9
20,1,0.019082624548358063,0.004782556526485968,0,0,1,1,0,0.4,1,1.1,0.9
22,1,0.011845327956615343,0.002968719024142403,0,0,1,1,0,0.4,1,1.1,0.9
23,1,0.0,0.0,0,0,1,1,0,0.4,1,1.1,0.9
30,1,0.006521108973931686,0.0016343439658506873,0,0,1,1,0,0.4,1,1.1,0.9
25,1,0.005496413480403878,0.0013775310674040819,0,0,1,1,0,0.4,1,1.1,0.9
