F_BUS,T_BUS,BR_R,BR_X,BR_B,RATE_A,RATE_B,RATE_C,TAP,SHIFT,BR_STATUS,ANGMIN,ANGMAX
1,2,2.426480532451426,0.9332617432505484,2.448746463101688e-09,0,0,0,0,0,1,-90,90
2,3,2.499057807351872,0.9611760797507202,2.5219897233863594e-09,0,0,0,0,0,1,-90,90
