F_BUS,T_BUS,BR_R,BR_X,BR_B,RATE_A,RATE_B,RATE_C,TAP,SHIFT,BR_STATUS,ANGMIN,ANGMAX
2,3,2.2939399497362545,0.8822845960524058,2.3149896582146872e-09,0,0,0,0,0,1,-90,90
3,6,1.311777074616119,0.5045296440831227,1.3238142358384672e-09,0,0,0,0,0,1,-90,90
6,8,4.0453132930317315,1.5558897280891275,4.082433996881034e-09,0,0,0,0,0,1,-90,90
8,34,26.73637862330291,10.283222547424199,2.6981717641813062e-08,0,0,0,0,0,1,-90,90
8,72,26.24420504281398,10.093925016466917,2.6485027765947142e-08,0,0,0,0,0,1,-90,90
34,39,8.685807128508415,3.3406950494263135,8.765510046614886e-09,0,0,0,0,0,1,-90,90
72,74,5.019094560864532,1.930420984947897,5.065150900457916e-09,0,0,0,0,0,1,-90,90
72,70,12.008839463947488,4.618784409210572,1.2119035273523694e-08,0,0,0,0,0,1,-90,90
39,89,34.42109592702307,13.238883048855028,3.473695163844014e-08,0,0,0,0,0,1,-90,90
39,37,6.604021957814399,2.5400084453132306,6.664621947370858e-09,0,0,0,0,0,1,-90,90
35,36,5.296068563381443,2.036949447454401,5.344666478664179e-09,0,0,0,0,0,1,-90,90
36,37,7.504351654747722,2.886289097979893,7.573213271927475e-09,0,0,0,0,0,1,-90,90
36,38,11.341638155972747,4.36216852152798,1.144571157641191e-08,0,0,0,0,0,1,-90,90
89,106,17.886746123726144,6.879517739894672,1.805087892570967e-08,0,0,0,0,0,1,-90,90
69,70,3.540359772803713,1.3616768356937359,3.5728469096770453e-09,0,0,0,0,0,1,-90,90
69,71,17.39878889240559,6.691841881694459,1.7558444089179612e-08,0,0,0,0,0,1,-90,90
71,73,4.070157368254067,1.56544514163618,4.1075060469206316e-09,0,0,0,0,0,1,-90,90
73,75,15.55057192382291,5.98098920147035,1.569326746635749e-08,0,0,0,0,0,1,-90,90
74,76,0.6544252635619693,0.25170202444691125,6.604304168444187e-10,0,0,0,0,0,1,-90,90
87,103,16.20707622307265,6.233490855027943,1.6355795996588362e-08,0,0,0,0,0,1,-90,90
103,104,1.4463799999999998,0.5562999999999999,1.45965230791396e-09,0,0,0,0,0,1,-90,90
103,102,5.829474962000871,2.2421057546157197,5.882967534265697e-09,0,0,0,0,0,1,-90,90
106,107,1.2300680548252418,0.47310309800970846,1.241355435720143e-09,0,0,0,0,0,1,-90,90
102,107,13.792158331225345,5.304676281240518,1.3918718275479359e-08,0,0,0,0,0,1,-90,90
104,105,6.755969999999999,2.5984499999999993,6.817964298937677e-09,0,0,0,0,0,1,-90,90
