BUS_I,BUS_TYPE,Pd,Qd,Gs,Bs,area,Vm,Va,baseKV,zone,Vmax,Vmin
1,1,0.007290407143776262,0.0018271482613856254,0,0,1,1,0,0.4,1,1.1,0.9
2,1,0.005823227854924358,0.0014594384704372167,0,0,1,1,0,0.4,1,1.1,0.9
3,1,0.0,0.0,0,0,1,1,0,0.4,1,1.1,0.9
5,1,0.0,0.0,0,0,1,1,0,0.4,1,1.1,0.9
4,1,0.0,0.0,0,0,1,1,0,0.4,1,1.1,0.9
14,1,0.002940672630737601,0.0007370020327525066,0,0,1,1,0,0.4,1,1.1,0.9
13,1,0.00964016422398109,0.002416052897176783,0,0,1,1,0,0.4,1,1.1,0.9
9,1,0.0,0.0,0,0,1,1,0,0.4,1,1.1,0.9
6,1,0.004814044467172028,0.0012065132721614158,0,0,1,1,0,0.4,1,1.1,0.9
15,1,0.004512851940517526,0.0011310273095030859,0,0,1,1,0,0.4,1,1.1,0.9
12,1,0.012264416135241405,0.00307375242239336,0,0,1,1,0,0.4,1,1.1,0.9
30,1,0.0,0.0,0,0,1,1,0,0.4,1,1.1,0.9
29,1,0.02196694077987775,0.00550543431421097,0,0,1,1,0,0.4,1,1.1,0.9
7,1,0.03146151503109838,0.007884998924745005,0,0,1,1,0,0.4,1,1.1,0.9
8,1,0.0,0.0,0,0,1,1,0,0.4,1,1.1,0.9
10,1,0.001896486490394431,0.00047530431776004176,0,0,1,1,0,0.4,1,1.1,0.9
11,1,0.015042461543823164,0.003769996231310633,0,0,1,1,0,0.4,1,1.1,0.9
25,1,0.01485639056698247,0.003723362448707828,0,0,1,1,0,0.4,1,1.1,0.9
34,1,0.0,0.0,0,0,1,1,0,0.4,1,1.1,0.9
28,3,0.01089986708266228,0.0027317641932278884,0,0,1,1,0,0.4,1,1.1,0.9
24,1,0.0,0.0,0,0,1,1,0,0.4,1,1.1,0.9
16,1,0.003965983969019964,0.0009939692764435377,0,0,1,1,0,0.4,1,1.1,0.9
17,1,0.004676075384662816,0.0011719349606542345,0,0,1,1,0,0.4,1,1.1,0.9
18,1,0.0,0.0,0,0,1,1,0,0.4,1,1.1,0.9
19,1,0.004832711606854373,0.0012111916983649177,0,0,1,1,0,0.4,1,1.1,0.9
20,1,0.003443070785753844,0.000862914879231173,0,0,1,1,0,0.4,1,1.1,0.9
22,1,0.006385686876632533,0.0016004039890080257,0,0,1,1,0,0.4,1,1.1,0.9
23,1,0.002313315217199867,0.0005797714440066619,0,0,1,1,0,0.4,1,1.1,0.9
26,1,0.00825410112154042,0.0020686727388604894,0,0,1,1,0,0.4,1,1.1,0.9
27,1,0.008910824559033564,0.00223326314696289,0,0,1,1,0,0.4,1,1.1,0.9
35,1,0.056747027417927955,0.014222145682766755,0,0,1,1,0,0.4,1,1.1,0.9
33,1,0.021543685248427005,0.005399356478891131,0,0,1,1,0,0.4,1,1.1,0.9
31,1,0.019792375213154946,0.004960436810484647,0,0,1,1,0,0.4,1,1.1,0.9
32,1,0.009955200117662204,0.0024950083346525777,0,0,1,1,0,0.4,1,1.1,0.9
