BUS_I,BUS_TYPE,Pd,Qd,Gs,Bs,area,Vm,Va,baseKV,zone,Vmax,Vmin
1,1,0.07220497977500065,0.018096273727579555,0,0,1,1,0,0.4,1,1.1,0.9
2,1,0.0034600643070362316,0.0008671738571254929,0,0,1,1,0,0.4,1,1.1,0.9
3,1,0.0,0.0,0,0,1,1,0,0.4,1,1.1,0.9
4,1,0.0015787511113208256,0.00039567232547129154,0,0,1,1,0,0.4,1,1.1,0.9
6,1,0.0,0.0,0,0,1,1,0,0.4,1,1.1,0.9
29,1,0.035804401751126244,0.008973428934674935,0,0,1,1,0,0.4,1,1.1,0.9
5,1,0.0,0.0,0,0,1,1,0,0.4,1,1.1,0.9
19,1,0.0,0.0,0,0,1,1,0,0.4,1,1.1,0.9
18,1,0.0,0.0,0,0,1,1,0,0.4,1,1.1,0.9
11,3,0.02155313090496524,0.005401723783567141,0,0,1,1,0,0.4,1,1.1,0.9
8,1,0.0382376273842678,0.009583252761722635,0,0,1,1,0,0.4,1,1.1,0.9
7,1,0.0,0.0,0,0,1,1,0,0.4,1,1.1,0.9
10,1,0.0,0.0,0,0,1,1,0,0.4,1,1.1,0.9
20,1,0.04858955777869657,0.012177691076229204,0,0,1,1,0,0.4,1,1.1,0.9
28,1,0.01050187995558207,0.0026320192169930214,0,0,1,1,0,0.4,1,1.1,0.9
21,1,0.005412029534977366,0.0013563824571640442,0,0,1,1,0,0.4,1,1.1,0.9
25,1,0.0019782368854378922,0.0004957928980581618,0,0,1,1,0,0.4,1,1.1,0.9
23,1,0.0042892944108290235,0.0010749985111610453,0,0,1,1,0,0.4,1,1.1,0.9
26,1,0.007459721272700997,0.0018695823820309928,0,0,1,1,0,0.4,1,1.1,0.9
13,1,0.004087633190482069,0.001024457445226148,0,0,1,1,0,0.4,1,1.1,0.9
12,1,0.004427381229859526,0.0011096063302219112,0,0,1,1,0,0.4,1,1.1,0.9
14,1,0.02388936373126509,0.0059872389218279575,0,0,1,1,0,0.4,1,1.1,0.9
15,1,0.0,0.0,0,0,1,1,0,0.4,1,1.1,0.9
16,1,0.008292412862010762,0.002078274566112456,0,0,1,1,0,0.4,1,1.1,0.9
22,1,0.0,0.0,0,0,1,1,0,0.4,1,1.1,0.9
24,1,0.006378654888648044,0.001598641606692943,0,0,1,1,0,0.4,1,1.1,0.9
27,1,0.0022450302543621094,0.0005626576191314212,0,0,1,1,0,0.4,1,1.1,0.9
