BUS_I,BUS_TYPE,Pd,Qd,Gs,Bs,area,Vm,Va,baseKV,zone,Vmax,Vmin
1,1,0.008095120240924413,0.0020288283743576,0,0,1,1,0,0.4,1,1.1,0.9
2,1,0.010065962653953679,0.00252276804294053,0,0,1,1,0,0.4,1,1.1,0.9
3,1,0.006189641539720757,0.0015512703961335994,0,0,1,1,0,0.4,1,1.1,0.9
4,1,0.0,0.0,0,0,1,1,0,0.4,1,1.1,0.9
5,1,0.0047434714921598545,0.0011888260173824581,0,0,1,1,0,0.4,1,1.1,0.9
6,1,0.013724307390737019,0.003439635660007606,0,0,1,1,0,0.4,1,1.1,0.9
19,1,0.0,0.0,0,0,1,1,0,0.4,1,1.1,0.9
27,1,0.0068045400204643945,0.0017053784819870115,0,0,1,1,0,0.4,1,1.1,0.9
20,1,0.030735655108362687,0.007703081280136056,0,0,1,1,0,0.4,1,1.1,0.9
17,1,0.058166603099813134,0.014577924885204865,0,0,1,1,0,0.4,1,1.1,0.9
7,1,0.012259884412184131,0.00307261666553618,0,0,1,1,0,0.4,1,1.1,0.9
8,1,0.02242414484235423,0.005620020453417956,0,0,1,1,0,0.4,1,1.1,0.9
10,1,0.0,0.0,0,0,1,1,0,0.4,1,1.1,0.9
18,1,0.0,0.0,0,0,1,1,0,0.4,1,1.1,0.9
28,1,0.008073448404021268,0.0020233969000465362,0,0,1,1,0,0.4,1,1.1,0.9
15,1,0.0,0.0,0,0,1,1,0,0.4,1,1.1,0.9
11,1,0.02470888519629238,0.0061926303616285615,0,0,1,1,0,0.4,1,1.1,0.9
12,1,0.04568888287264257,0.011450713418202793,0,0,1,1,0,0.4,1,1.1,0.9
13,1,0.0,0.0,0,0,1,1,0,0.4,1,1.1,0.9
14,1,0.046037377382114136,0.011538054375233841,0,0,1,1,0,0.4,1,1.1,0.9
16,1,0.0,0.0,0,0,1,1,0,0.4,1,1.1,0.9
21,1,0.0,0.0,0,0,1,1,0,0.4,1,1.1,0.9
31,3,0.0384100970513456,0.009626477734776708,0,0,1,1,0,0.4,1,1.1,0.9
25,1,0.0,0.0,0,0,1,1,0,0.4,1,1.1,0.9
29,1,0.00862319479062633,0.0021611763319327204,0,0,1,1,0,0.4,1,1.1,0.9
22,1,0.005518200907691589,0.0013829915113962657,0,0,1,1,0,0.4,1,1.1,0.9
23,1,0.006344401875515987,0.0015900569923967599,0,0,1,1,0,0.4,1,1.1,0.9
24,1,0.009669719370501626,0.002423460115116058,0,0,1,1,0,0.4,1,1.1,0.9
26,1,0.013344656270737937,0.003344486120323583,0,0,1,1,0,0.4,1,1.1,0.9
30,1,0.006483665792677366,0.001624959820057406,0,0,1,1,0,0.4,1,1.1,0.9
