F_BUS,T_BUS,BR_R,BR_X,BR_B,RATE_A,RATE_B,RATE_C,TAP,SHIFT,BR_STATUS,ANGMIN,ANGMAX
1,2,2.326709444862944,0.8948882480242093,2.348059853592698e-09,0,0,0,0,0,1,-90,90
2,3,7.541136620709522,2.9004371618113547,7.610335785003347e-09,0,0,0,0,0,1,-90,90
3,4,0.08947279307925493,0.03441261272279036,9.029381553508947e-11,0,0,0,0,0,1,-90,90
4,5,1.5355079533902467,0.5905799820731719,3.0991962388671245e-09,0,0,0,0,0,1,-90,90
4,9,4.94647103241655,1.90248885862175,4.9918609621927635e-09,0,0,0,0,0,1,-90,90
5,6,5.866509999999999,2.2563499999999994,5.9203424140961074e-09,0,0,0,0,0,1,-90,90
5,7,10.899760149553236,4.19221544213586,1.0999778798105614e-08,0,0,0,0,0,1,-90,90
9,8,0.534078993057641,0.2054149973298619,5.38979821917442e-10,0,0,0,0,0,1,-90,90
7,10,3.4106799999999993,1.3117999999999999,3.4419771661361365e-09,0,0,0,0,0,1,-90,90
