BUS_I,BUS_TYPE,Pd,Qd,Gs,Bs,area,Vm,Va,baseKV,zone,Vmax,Vmin
1,1,0.010424288234304432,0.002612572898586596,0,0,1,1,0,0.4,1,1.1,0.9
2,1,0.006804935309885669,0.00170547755085444,0,0,1,1,0,0.4,1,1.1,0.9
3,1,0.0,0.0,0,0,1,1,0,0.4,1,1.1,0.9
5,3,0.0,0.0,0,0,1,1,0,0.4,1,1.1,0.9
6,1,0.012125499729256086,0.0030389366892431616,0,0,1,1,0,0.4,1,1.1,0.9
10,1,0.0,0.0,0,0,1,1,0,0.4,1,1.1,0.9
12,1,0.04144455709792344,0.010386985109605841,0,0,1,1,0,0.4,1,1.1,0.9
7,1,0.009320151852649852,0.0023358502368358,0,0,1,1,0,0.4,1,1.1,0.9
17,1,0.013244575645650791,0.003319403551336682,0,0,1,1,0,0.4,1,1.1,0.9
18,1,0.01376375551060461,0.003449522290782752,0,0,1,1,0,0.4,1,1.1,0.9
13,1,0.015919956129461208,0.0039899171047137845,0,0,1,1,0,0.4,1,1.1,0.9
8,1,0.004866845772738519,0.0012197465267330847,0,0,1,1,0,0.4,1,1.1,0.9
16,1,0.0,0.0,0,0,1,1,0,0.4,1,1.1,0.9
15,1,0.017820512866383642,0.004466241522410687,0,0,1,1,0,0.4,1,1.1,0.9
14,1,0.01695255570387321,0.00424871095255877,0,0,1,1,0,0.4,1,1.1,0.9
