F_BUS,T_BUS,BR_R,BR_X,BR_B,RATE_A,RATE_B,RATE_C,TAP,SHIFT,BR_STATUS,ANGMIN,ANGMAX
1,2,0.6089763110203916,0.38974483905305063,1.022635185729535e-09,0,0,0,0,0,1,-90,90
1,3,0.6466305507799585,0.4138435524991735,1.0858667922357197e-09,0,0,0,0,0,1,-90,90
2,4,0.8070703124999998,0.5165249999999999,2.7105766972685902e-09,0,0,0,0,0,1,-90,90
2,5,1.986057528452077,1.271076818209329,3.3351253123048373e-09,0,0,0,0,0,1,-90,90
3,6,0.05445312499999999,0.03484999999999999,9.144145772209511e-11,0,0,0,0,0,1,-90,90
4,7,0.7939062499999998,0.5080999999999999,1.3331823434317515e-09,0,0,0,0,0,1,-90,90
4,11,4.529960120260205,2.899174476966531,7.607022679039092e-09,0,0,0,0,0,1,-90,90
4,8,0.6410444171104819,0.41026842695070836,2.152972339611115e-09,0,0,0,0,0,1,-90,90
5,18,1.2157343991249698,0.7780700154399807,2.0415453779536556e-09,0,0,0,0,0,1,-90,90
7,23,0.5407584277440054,0.3460853937561635,9.080789928662516e-10,0,0,0,0,0,1,-90,90
11,13,0.6801798172552795,0.4353150830433789,1.1422050433831122e-09,0,0,0,0,0,1,-90,90
8,9,2.0540160546646136,1.3145702749853527,3.449245974829157e-09,0,0,0,0,0,1,-90,90
18,16,0.4262702334906489,0.2728129494340153,7.158224901495148e-10,0,0,0,0,0,1,-90,90
9,10,2.683909020326167,1.7177017730087472,4.507005855258169e-09,0,0,0,0,0,1,-90,90
16,15,1.677990036976281,1.07391362366482,2.8177970506607926e-09,0,0,0,0,0,1,-90,90
10,22,8.12951853033859,5.202891859416697,1.3651650387244905e-08,0,0,0,0,0,1,-90,90
15,17,2.0869536193198894,1.335650316364729,3.5045570139273566e-09,0,0,0,0,0,1,-90,90
17,19,2.5123437499999994,1.6078999999999999,4.218901574500911e-09,0,0,0,0,0,1,-90,90
17,20,0.3921093749999999,0.25094999999999995,6.584572113446132e-10,0,0,0,0,0,1,-90,90
20,21,1.404474025223427,0.8988633761429932,2.3584900260407233e-09,0,0,0,0,0,1,-90,90
