BUS_I,BUS_TYPE,Pd,Qd,Gs,Bs,area,Vm,Va,baseKV,zone,Vmax,Vmin
1,1,0.0012325098524495687,0.0003088960862722696,0,0,1,1,0,0.4,1,1.1,0.9
3,1,0.0,0.0,0,0,1,1,0,0.4,1,1.1,0.9
4,1,0.0033049941780176014,0.0008283096193618838,0,0,1,1,0,0.4,1,1.1,0.9
5,3,0.0,0.0,0,0,1,1,0,0.4,1,1.1,0.9
7,1,0.0015768768744513653,0.00039520259743417054,0,0,1,1,0,0.4,1,1.1,0.9
14,1,0.0036360877257534444,0.0009112894842954889,0,0,1,1,0,0.4,1,1.1,0.9
6,1,0.0,0.0,0,0,1,1,0,0.4,1,1.1,0.9
8,1,0.0,0.0,0,0,1,1,0,0.4,1,1.1,0.9
15,1,0.0013083685304660013,0.00032790806309541075,0,0,1,1,0,0.4,1,1.1,0.9
9,1,0.0033327565696311743,0.0008352675305687978,0,0,1,1,0,0.4,1,1.1,0.9
10,1,0.0036570765586984594,0.000916549781679118,0,0,1,1,0,0.4,1,1.1,0.9
11,1,0.0026971618020841487,0.0006759724663060619,0,0,1,1,0,0.4,1,1.1,0.9
12,1,0.003903835445877182,0.0009783933883252781,0,0,1,1,0,0.4,1,1.1,0.9
13,1,0.006255811212841738,0.0015678540794334642,0,0,1,1,0,0.4,1,1.1,0.9
