BUS_I,BUS_TYPE,Pd,Qd,Gs,Bs,area,Vm,Va,baseKV,zone,Vmax,Vmin
5,1,0.0,0.0,0,0,1,1,0,0.4,1,1.1,0.9
6,1,0.0,0.0,0,0,1,1,0,0.4,1,1.1,0.9
7,1,0.0,0.0,0,0,1,1,0,0.4,1,1.1,0.9
9,1,0.04069709789117243,0.010199654174153534,0,0,1,1,0,0.4,1,1.1,0.9
43,1,0.0006031811252498169,0.00015117143975171255,0,0,1,1,0,0.4,1,1.1,0.9
10,1,0.0,0.0,0,0,1,1,0,0.4,1,1.1,0.9
12,1,0.0,0.0,0,0,1,1,0,0.4,1,1.1,0.9
30,1,0.022632349671556518,0.005672201502320527,0,0,1,1,0,0.4,1,1.1,0.9
14,1,0.0,0.0,0,0,1,1,0,0.4,1,1.1,0.9
41,1,0.008879773175162262,0.002225480936595873,0,0,1,1,0,0.4,1,1.1,0.9
15,1,0.0,0.0,0,0,1,1,0,0.4,1,1.1,0.9
16,1,0.0,0.0,0,0,1,1,0,0.4,1,1.1,0.9
42,1,0.006661113462285986,0.001669432398147795,0,0,1,1,0,0.4,1,1.1,0.9
28,1,0.009854537626544401,0.0024697799362921853,0,0,1,1,0,0.4,1,1.1,0.9
31,1,0.006798135302762408,0.0017037733084235788,0,0,1,1,0,0.4,1,1.1,0.9
17,1,0.0,0.0,0,0,1,1,0,0.4,1,1.1,0.9
29,3,0.01573468886491795,0.0039434847513999,0,0,1,1,0,0.4,1,1.1,0.9
19,1,0.0014305902394862173,0.0003585397107847323,0,0,1,1,0,0.4,1,1.1,0.9
18,1,0.026473465319141295,0.006634875827479045,0,0,1,1,0,0.4,1,1.1,0.9
38,1,0.0,0.0,0,0,1,1,0,0.4,1,1.1,0.9
33,1,0.008688642314153137,0.002177579027483967,0,0,1,1,0,0.4,1,1.1,0.9
34,1,0.007613945916031842,0.0019082347211071902,0,0,1,1,0,0.4,1,1.1,0.9
36,1,0.012737604936674002,0.0031923447148118713,0,0,1,1,0,0.4,1,1.1,0.9
37,1,0.0,0.0,0,0,1,1,0,0.4,1,1.1,0.9
39,1,0.011779259535037308,0.0029521607168712027,0,0,1,1,0,0.4,1,1.1,0.9
40,1,0.008775620997612824,0.002199377940374127,0,0,1,1,0,0.4,1,1.1,0.9
