F_BUS,T_BUS,BR_R,BR_X,BR_B,RATE_A,RATE_B,RATE_C,TAP,SHIFT,BR_STATUS,ANGMIN,ANGMAX
4,9,2.839655351717544,1.8173794250992283,4.768545878485413e-09,0,0,0,0,0,1,-90,90
4,70,6.510883350784612,4.1669653445021515,1.0933526122775583e-08,0,0,0,0,0,1,-90,90
9,61,2.1353673077424125,1.366635076955144,3.5858566315904172e-09,0,0,0,0,0,1,-90,90
9,60,2.419726986831247,1.5486252715719984,8.126746186388464e-09,0,0,0,0,0,1,-90,90
9,7,11.495830487603056,7.357331512065956,3.860918900476427e-08,0,0,0,0,0,1,-90,90
7,8,6.51457032644548,4.1693250089251075,2.187943509516781e-08,0,0,0,0,0,1,-90,90
7,73,2.1897344613107075,1.4014300552388528,3.6771537201319083e-09,0,0,0,0,0,1,-90,90
8,44,11.473641866012011,7.343130794247688,1.926733383271205e-08,0,0,0,0,0,1,-90,90
44,12,2.672696804484432,1.7105259548700367,4.488177526106022e-09,0,0,0,0,0,1,-90,90
60,34,4.145945949680969,2.65340540779582,1.3924318990906175e-08,0,0,0,0,0,1,-90,90
12,15,1.7134153251072446,1.0965858080686366,2.8772856472642113e-09,0,0,0,0,0,1,-90,90
15,65,2.1547224728172147,1.3790223826030172,3.618359164895745e-09,0,0,0,0,0,1,-90,90
19,33,2.5910156249999994,1.6582499999999998,4.351012834079318e-09,0,0,0,0,0,1,-90,90
19,40,4.894283492632891,3.13234143528505,8.21881971092639e-09,0,0,0,0,0,1,-90,90
33,35,1.4468701301382234,0.925996883288463,4.859369001665071e-09,0,0,0,0,0,1,-90,90
33,31,1.0483203124999998,0.6709249999999999,3.520824104573697e-09,0,0,0,0,0,1,-90,90
40,41,5.216730376152307,3.3387074407374766,8.760294843289538e-09,0,0,0,0,0,1,-90,90
29,30,0.7754618288637184,0.4962955704727797,1.3022091944060194e-09,0,0,0,0,0,1,-90,90
29,31,2.69234540391576,1.7231010585060864,4.5211728146996175e-09,0,0,0,0,0,1,-90,90
30,32,3.32303924815115,2.126745118816736,5.580277585880997e-09,0,0,0,0,0,1,-90,90
31,34,7.758179217762491,4.965234699367994,2.6056143405597602e-08,0,0,0,0,0,1,-90,90
32,39,3.804346695618749,2.4347818851959997,6.388522376403819e-09,0,0,0,0,0,1,-90,90
32,36,0.5580732354750785,0.3571668707040503,9.371552168498546e-10,0,0,0,0,0,1,-90,90
36,37,1.1650690356932656,0.74564418284369,1.9564645917138443e-09,0,0,0,0,0,1,-90,90
37,38,1.5233298905306558,0.9749311299396197,2.5580810243996607e-09,0,0,0,0,0,1,-90,90
41,42,12.112141360567607,7.751770470763268,2.0339546392358247e-08,0,0,0,0,0,1,-90,90
42,72,0.4252307991081844,0.272147711429238,7.14076999966187e-10,0,0,0,0,0,1,-90,90
