F_BUS,T_BUS,BR_R,BR_X,BR_B,RATE_A,RATE_B,RATE_C,TAP,SHIFT,BR_STATUS,ANGMIN,ANGMAX
1,2,1.400204554523559,0.5385402132782919,2.826106292346343e-09,0,0,0,0,0,1,-90,90
1,3,5.588235899923256,2.1493214999704833,5.639514808342641e-09,0,0,0,0,0,1,-90,90
2,4,3.046437531646506,1.1717067429409638,3.0743923270395967e-09,0,0,0,0,0,1,-90,90
2,16,5.409798778319087,2.080691837815033,1.0918880615223634e-08,0,0,0,0,0,1,-90,90
3,5,4.967808294238557,1.9106954977840607,5.013394019524209e-09,0,0,0,0,0,1,-90,90
3,6,4.052095864641198,1.558498409477384,4.089278806891785e-09,0,0,0,0,0,1,-90,90
16,14,0.019865710787852275,0.007640657995327799,4.009600602862296e-11,0,0,0,0,0,1,-90,90
6,12,5.178782860165859,1.9918395616022535,5.226304535479168e-09,0,0,0,0,0,1,-90,90
9,7,0.9615008429084628,0.36980801650325495,1.9406475814275035e-09,0,0,0,0,0,1,-90,90
7,8,2.192047484605135,0.8430951863865905,4.4243244098520135e-09,0,0,0,0,0,1,-90,90
14,15,0.7792519941841544,0.299712305455444,1.572805171196307e-09,0,0,0,0,0,1,-90,90
12,13,0.18290847314634265,0.07034941274859333,1.8458688239956148e-10,0,0,0,0,0,1,-90,90
8,10,1.6199949999999996,0.6230749999999999,3.2697208763382736e-09,0,0,0,0,0,1,-90,90
8,11,5.285911378816458,2.03304283800633,5.33441608949108e-09,0,0,0,0,0,1,-90,90
10,15,3.3561882177103914,1.2908416221963046,6.773970710013434e-09,0,0,0,0,0,1,-90,90
11,18,2.5239858181859414,0.9707637762253621,2.547146479249724e-09,0,0,0,0,0,1,-90,90
18,19,3.4103685122241316,1.3116801970092815,3.44166282007844e-09,0,0,0,0,0,1,-90,90
19,20,0.5729036113261261,0.22034754281774083,5.781607036079196e-10,0,0,0,0,0,1,-90,90
