BUS_I,BUS_TYPE,Pd,Qd,Gs,Bs,area,Vm,Va,baseKV,zone,Vmax,Vmin
1,1,0.0005969134487900545,0.000149600611961092,0,0,1,1,0,0.4,1,1.1,0.9
2,1,0.0001228474744984238,3.078847930146527e-05,0,0,1,1,0,0.4,1,1.1,0.9
11,1,0.004567310126688885,0.0011446758174970678,0,0,1,1,0,0.4,1,1.1,0.9
16,1,0.0004193661784932196,0.00010510307158523431,0,0,1,1,0,0.4,1,1.1,0.9
8,1,0.0,0.0,0,0,1,1,0,0.4,1,1.1,0.9
6,1,0.003883242056355167,0.0009732321984055479,0,0,1,1,0,0.4,1,1.1,0.9
5,1,0.0036567144358635034,0.0009164590251417602,0,0,1,1,0,0.4,1,1.1,0.9
13,1,0.0,0.0,0,0,1,1,0,0.4,1,1.1,0.9
9,3,0.0,0.0,0,0,1,1,0,0.4,1,1.1,0.9
14,1,0.0,0.0,0,0,1,1,0,0.4,1,1.1,0.9
15,1,0.0026281651555888643,0.0006586802766931787,0,0,1,1,0,0.4,1,1.1,0.9
12,1,0.005050322942892127,0.0012657302401031,0,0,1,1,0,0.4,1,1.1,0.9
25,1,0.002386002849346488,0.0005979886818209197,0,0,1,1,0,0.4,1,1.1,0.9
22,1,0.003449501332838378,0.0008645265262480746,0,0,1,1,0,0.4,1,1.1,0.9
29,1,0.0,0.0,0,0,1,1,0,0.4,1,1.1,0.9
17,1,0.0,0.0,0,0,1,1,0,0.4,1,1.1,0.9
18,1,0.0,0.0,0,0,1,1,0,0.4,1,1.1,0.9
27,1,0.0013260069501207221,0.00033232866775714435,0,0,1,1,0,0.4,1,1.1,0.9
34,1,0.0005439103001113449,0.00013631677073708804,0,0,1,1,0,0.4,1,1.1,0.9
20,1,0.0,0.0,0,0,1,1,0,0.4,1,1.1,0.9
21,1,0.0,0.0,0,0,1,1,0,0.4,1,1.1,0.9
31,1,0.0005509453249974721,0.00013807991417146608,0,0,1,1,0,0.4,1,1.1,0.9
32,1,0.0004244833130107068,0.00010638554638431117,0,0,1,1,0,0.4,1,1.1,0.9
26,1,0.0007351343310891584,0.00018424203044422759,0,0,1,1,0,0.4,1,1.1,0.9
23,1,0.0008809221114841462,0.00022077989235326696,0,0,1,1,0,0.4,1,1.1,0.9
30,1,0.0,0.0,0,0,1,1,0,0.4,1,1.1,0.9
35,1,0.002161841497197844,0.0005418085513054524,0,0,1,1,0,0.4,1,1.1,0.9
28,1,0.0,0.0,0,0,1,1,0,0.4,1,1.1,0.9
24,1,0.001678326104688334,0.0004206281712040291,0,0,1,1,0,0.4,1,1.1,0.9
