BUS_I,BUS_TYPE,Pd,Qd,Gs,Bs,area,Vm,Va,baseKV,zone,Vmax,Vmin
33,1,0.0025081471640089606,0.0006286009326557992,0,0,1,1,0,0.4,1,1.1,0.9
32,1,0.0,0.0,0,0,1,1,0,0.4,1,1.1,0.9
34,1,0.0,0.0,0,0,1,1,0,0.4,1,1.1,0.9
35,1,0.0003878692084919782,9.72091868073707e-05,0,0,1,1,0,0.4,1,1.1,0.9
6,1,0.06751814538321622,0.01692164230556606,0,0,1,1,0,0.4,1,1.1,0.9
7,1,0.0,0.0,0,0,1,1,0,0.4,1,1.1,0.9
8,3,0.0,0.0,0,0,1,1,0,0.4,1,1.1,0.9
9,1,0.0,0.0,0,0,1,1,0,0.4,1,1.1,0.9
18,1,0.021592036812549054,0.005411474523134558,0,0,1,1,0,0.4,1,1.1,0.9
30,1,0.0008455986671525818,0.00021192700271024231,0,0,1,1,0,0.4,1,1.1,0.9
13,1,0.05218299762490817,0.013078291994382926,0,0,1,1,0,0.4,1,1.1,0.9
24,1,0.002162530482790846,0.000541981227371898,0,0,1,1,0,0.4,1,1.1,0.9
25,1,0.0022279507229427974,0.0005583770850648543,0,0,1,1,0,0.4,1,1.1,0.9
31,1,0.0005473844347105974,0.00013718747094184448,0,0,1,1,0,0.4,1,1.1,0.9
