BUS_I,BUS_TYPE,Pd,Qd,Gs,Bs,area,Vm,Va,baseKV,zone,Vmax,Vmin
1,1,0.0009750386855247013,0.0002443677292510425,0,0,1,1,0,0.4,1,1.1,0.9
2,1,0.005404390992663712,0.001354468058004619,0,0,1,1,0,0.4,1,1.1,0.9
3,1,0.000392936169208368,9.847908686656897e-05,0,0,1,1,0,0.4,1,1.1,0.9
4,1,0.0004111516525285026,0.00010304431731561124,0,0,1,1,0,0.4,1,1.1,0.9
5,1,0.0008219772310386213,0.00020600691277892762,0,0,1,1,0,0.4,1,1.1,0.9
6,1,0.0,0.0,0,0,1,1,0,0.4,1,1.1,0.9
7,1,0.0,0.0,0,0,1,1,0,0.4,1,1.1,0.9
8,1,0.0,0.0,0,0,1,1,0,0.4,1,1.1,0.9
9,1,0.005424315886746711,0.001359461707174559,0,0,1,1,0,0.4,1,1.1,0.9
10,1,0.0027006409571983096,0.0006768444247704608,0,0,1,1,0,0.4,1,1.1,0.9
11,3,0.0008888659096701212,0.00022277079584576853,0,0,1,1,0,0.4,1,1.1,0.9
12,1,0.0,0.0,0,0,1,1,0,0.4,1,1.1,0.9
13,1,0.005267809472353592,0.0013202375023647899,0,0,1,1,0,0.4,1,1.1,0.9
14,1,0.009534214235786227,0.002389499327135179,0,0,1,1,0,0.4,1,1.1,0.9
17,1,0.0,0.0,0,0,1,1,0,0.4,1,1.1,0.9
18,1,0.004156147086179174,0.001041628646084332,0,0,1,1,0,0.4,1,1.1,0.9
16,1,0.00711545563975157,0.0017833012813608666,0,0,1,1,0,0.4,1,1.1,0.9
19,1,0.0,0.0,0,0,1,1,0,0.4,1,1.1,0.9
15,1,0.0012087593482293627,0.0003029436488243792,0,0,1,1,0,0.4,1,1.1,0.9
20,1,0.011752335941567701,0.0029454130282952303,0,0,1,1,0,0.4,1,1.1,0.9
21,1,0.003422649045508232,0.0008577967086752128,0,0,1,1,0,0.4,1,1.1,0.9
22,1,0.0,0.0,0,0,1,1,0,0.4,1,1.1,0.9
23,1,0.001736553080736625,0.0004352212269763944,0,0,1,1,0,0.4,1,1.1,0.9
