F_BUS,T_BUS,BR_R,BR_X,BR_B,RATE_A,RATE_B,RATE_C,TAP,SHIFT,BR_STATUS,ANGMIN,ANGMAX
1,2,5.896811140744457,3.773959130076452,9.902333550582522e-09,0,0,0,0,0,1,-90,90
1,3,1.4736606735478415,0.9431428310706186,2.474673036247951e-09,0,0,0,0,0,1,-90,90
2,5,13.859855309766141,8.87030739825033,2.3274428663962563e-08,0,0,0,0,0,1,-90,90
3,4,1.9698437499999997,1.2606999999999997,3.3078980129195217e-09,0,0,0,0,0,1,-90,90
3,6,1.2173832432566596,0.779125275684262,2.0443142311821573e-09,0,0,0,0,0,1,-90,90
5,11,2.883268819305646,1.8452920443556133,4.8417846329659206e-09,0,0,0,0,0,1,-90,90
4,19,1.559192659309537,0.9978833019581037,2.618304268797321e-09,0,0,0,0,0,1,-90,90
6,16,0.9767187499999997,0.6250999999999999,1.6401737509923002e-09,0,0,0,0,0,1,-90,90
19,20,9.056986985636133,5.796471670807125,1.5209119633383986e-08,0,0,0,0,0,1,-90,90
16,17,0.522265625,0.33424999999999994,8.77024598094987e-10,0,0,0,0,0,1,-90,90
20,21,3.6443979141498417,2.332414665055899,6.1199253080374085e-09,0,0,0,0,0,1,-90,90
21,22,0.05478491684752002,0.035062346782412816,9.199862556503415e-11,0,0,0,0,0,1,-90,90
17,14,1.50413052284557,0.9626435346211648,2.525840116858234e-09,0,0,0,0,0,1,-90,90
14,13,0.16390524639824555,0.10489935769487715,2.7524103821322944e-10,0,0,0,0,0,1,-90,90
10,18,1.8552964455742693,1.1873897251675323,3.1155422483086676e-09,0,0,0,0,0,1,-90,90
10,9,0.5464062499999999,0.3496999999999999,9.175632070420851e-10,0,0,0,0,0,1,-90,90
18,15,1.533819286810715,0.9816443435588578,2.5756955448973064e-09,0,0,0,0,0,1,-90,90
9,8,1.2040045927989156,0.7705629393913059,2.021847875023342e-09,0,0,0,0,0,1,-90,90
13,15,0.6720660364532537,0.43012226333008236,2.257159641757796e-09,0,0,0,0,0,1,-90,90
