BUS_I,BUS_TYPE,Pd,Qd,Gs,Bs,area,Vm,Va,baseKV,zone,Vmax,Vmin
1,1,0.008815813921403138,0.0022094512366078183,0,0,1,1,0,0.4,1,1.1,0.9
2,1,0.0,0.0,0,0,1,1,0,0.4,1,1.1,0.9
4,1,0.0049487384685804854,0.0012402707709730746,0,0,1,1,0,0.4,1,1.1,0.9
7,1,0.0,0.0,0,0,1,1,0,0.4,1,1.1,0.9
8,1,0.0,0.0,0,0,1,1,0,0.4,1,1.1,0.9
29,1,0.0,0.0,0,0,1,1,0,0.4,1,1.1,0.9
37,1,0.03281639943738614,0.00822456496522884,0,0,1,1,0,0.4,1,1.1,0.9
21,1,0.00560151916529208,0.0014038730350909166,0,0,1,1,0,0.4,1,1.1,0.9
25,1,0.023638965104334653,0.005924483110413519,0,0,1,1,0,0.4,1,1.1,0.9
24,1,0.05132963422953838,0.012864418967344768,0,0,1,1,0,0.4,1,1.1,0.9
31,1,0.023334248050396925,0.005848113817953334,0,0,1,1,0,0.4,1,1.1,0.9
28,1,0.05500652206331145,0.013785933922586147,0,0,1,1,0,0.4,1,1.1,0.9
19,1,0.0,0.0,0,0,1,1,0,0.4,1,1.1,0.9
16,1,0.004495672372608997,0.0011267217039290238,0,0,1,1,0,0.4,1,1.1,0.9
17,1,0.004476293149765973,0.0011218648128629516,0,0,1,1,0,0.4,1,1.1,0.9
9,1,0.0025331119191973096,0.0006348576900822002,0,0,1,1,0,0.4,1,1.1,0.9
10,1,0.0027691575751065487,0.0006940163078790654,0,0,1,1,0,0.4,1,1.1,0.9
12,1,0.0,0.0,0,0,1,1,0,0.4,1,1.1,0.9
14,1,0.0024434282975899758,0.0006123808557898252,0,0,1,1,0,0.4,1,1.1,0.9
15,1,0.0,0.0,0,0,1,1,0,0.4,1,1.1,0.9
34,1,0.022065704899750592,0.005530186935889582,0,0,1,1,0,0.4,1,1.1,0.9
20,1,0.014112000782617555,0.003536800783018596,0,0,1,1,0,0.4,1,1.1,0.9
18,1,0.0030620255138618015,0.0007674159321468365,0,0,1,1,0,0.4,1,1.1,0.9
32,1,0.002102095540336857,0.0005268348030564859,0,0,1,1,0,0.4,1,1.1,0.9
22,1,0.0038467485342329644,0.0009640860596258581,0,0,1,1,0,0.4,1,1.1,0.9
23,1,0.016256712285682852,0.0040743161531093955,0,0,1,1,0,0.4,1,1.1,0.9
27,1,0.0,0.0,0,0,1,1,0,0.4,1,1.1,0.9
30,1,0.011420031040854164,0.0028621295696879844,0,0,1,1,0,0.4,1,1.1,0.9
26,3,0.0,0.0,0,0,1,1,0,0.4,1,1.1,0.9
38,1,0.01589990912409576,0.003984892851571663,0,0,1,1,0,0.4,1,1.1,0.9
33,1,0.010151094763016691,0.0025441041606627567,0,0,1,1,0,0.4,1,1.1,0.9
35,1,0.011230973980099148,0.002814747403911948,0,0,1,1,0,0.4,1,1.1,0.9
36,1,0.014926992383123562,0.0037410569317550455,0,0,1,1,0,0.4,1,1.1,0.9
39,1,0.01348840830169742,0.0033805137753308207,0,0,1,1,0,0.4,1,1.1,0.9
