BUS_I,BUS_TYPE,Pd,Qd,Gs,Bs,area,Vm,Va,baseKV,zone,Vmax,Vmin
1,1,0.01764661309874884,0.0044226581323718265,0,0,1,1,0,0.4,1,1.1,0.9
2,1,0.0043966862281724405,0.001101913437649558,0,0,1,1,0,0.4,1,1.1,0.9
3,1,0.0,0.0,0,0,1,1,0,0.4,1,1.1,0.9
4,1,0.018526435175835576,0.004643162330117501,0,0,1,1,0,0.4,1,1.1,0.9
5,1,0.0,0.0,0,0,1,1,0,0.4,1,1.1,0.9
6,1,0.01387036908215443,0.003476242170489836,0,0,1,1,0,0.4,1,1.1,0.9
7,1,0.0,0.0,0,0,1,1,0,0.4,1,1.1,0.9
11,1,0.0,0.0,0,0,1,1,0,0.4,1,1.1,0.9
17,1,0.013870308972663756,0.003476227105631425,0,0,1,1,0,0.4,1,1.1,0.9
8,1,0.0,0.0,0,0,1,1,0,0.4,1,1.1,0.9
9,3,0.007722120400165347,0.0019353458023832959,0,0,1,1,0,0.4,1,1.1,0.9
10,1,0.013244798633499257,0.003319459437359451,0,0,1,1,0,0.4,1,1.1,0.9
15,1,0.0,0.0,0,0,1,1,0,0.4,1,1.1,0.9
18,1,0.009867850960199993,0.002473116572225177,0,0,1,1,0,0.4,1,1.1,0.9
16,1,0.0,0.0,0,0,1,1,0,0.4,1,1.1,0.9
14,1,0.024451233794744842,0.006128056833552966,0,0,1,1,0,0.4,1,1.1,0.9
12,1,0.0,0.0,0,0,1,1,0,0.4,1,1.1,0.9
13,1,0.0,0.0,0,0,1,1,0,0.4,1,1.1,0.9
29,1,0.004199150660468237,0.0010524063577328107,0,0,1,1,0,0.4,1,1.1,0.9
23,1,0.027621858853043826,0.0069226903771297844,0,0,1,1,0,0.4,1,1.1,0.9
24,1,0.0,0.0,0,0,1,1,0,0.4,1,1.1,0.9
19,1,0.0039050544577846763,0.0009786989015076644,0,0,1,1,0,0.4,1,1.1,0.9
20,1,0.0,0.0,0,0,1,1,0,0.4,1,1.1,0.9
21,1,0.014200920990931705,0.003559086287904554,0,0,1,1,0,0.4,1,1.1,0.9
22,1,0.0,0.0,0,0,1,1,0,0.4,1,1.1,0.9
28,1,0.0019498178274222466,0.0004886704107375692,0,0,1,1,0,0.4,1,1.1,0.9
27,1,0.0,0.0,0,0,1,1,0,0.4,1,1.1,0.9
25,1,0.017819892127060664,0.004466085950471783,0,0,1,1,0,0.4,1,1.1,0.9
26,1,0.02682119649555009,0.006722025475211312,0,0,1,1,0,0.4,1,1.1,0.9
