F_BUS,T_BUS,BR_R,BR_X,BR_B,RATE_A,RATE_B,RATE_C,TAP,SHIFT,BR_STATUS,ANGMIN,ANGMAX
1,2,0.6696995501404358,0.42860771208987897,1.1246058532117817e-09,0,0,0,0,0,1,-90,90
2,13,1.623960128493677,1.0393344822359534,2.7270662874173477e-09,0,0,0,0,0,1,-90,90
13,27,0.2455206909591166,0.15713324221383462,4.1229534360493814e-10,0,0,0,0,0,1,-90,90
13,25,0.9949151893077722,0.6367457211569743,1.6707304717618493e-09,0,0,0,0,0,1,-90,90
6,8,0.6638105861797815,0.4248387751550602,1.114716697189329e-09,0,0,0,0,0,1,-90,90
6,24,0.9742321726357133,0.6235085904868565,1.6359981181167009e-09,0,0,0,0,0,1,-90,90
8,23,0.8395136066504364,0.5372887082562793,2.819538748956997e-09,0,0,0,0,0,1,-90,90
8,22,0.8939042468700267,0.5720987179968171,3.0022118068620247e-09,0,0,0,0,0,1,-90,90
7,9,0.5461759147030574,0.34955258540995676,3.668705648254073e-09,0,0,0,0,0,1,-90,90
7,28,1.3086157801846876,0.8375140993182001,4.395036447888882e-09,0,0,0,0,0,1,-90,90
9,21,0.26257243799391644,0.16804636031610654,1.7637192714143153e-09,0,0,0,0,0,1,-90,90
9,22,0.6907455527207943,0.44207715374130835,4.63979103170617e-09,0,0,0,0,0,1,-90,90
28,14,1.9016068651044613,1.2170283936668551,3.1933099112217245e-09,0,0,0,0,0,1,-90,90
23,29,1.366596803047594,0.87462195395046,2.2948839720223023e-09,0,0,0,0,0,1,-90,90
21,20,0.3081402450087144,0.19720975680557723,2.0698017376553056e-09,0,0,0,0,0,1,-90,90
27,14,0.7292042504076632,0.46669072026090447,1.2245302658832605e-09,0,0,0,0,0,1,-90,90
25,26,1.0491346951526295,0.671446204897683,1.76177962002332e-09,0,0,0,0,0,1,-90,90
18,16,0.6594177495315764,0.4220273597002089,1.1073399417387113e-09,0,0,0,0,0,1,-90,90
16,15,1.1764066194694938,0.752900236460476,1.975503447381809e-09,0,0,0,0,0,1,-90,90
29,30,1.57613907785083,1.0087290098245312,2.646761868146937e-09,0,0,0,0,0,1,-90,90
20,19,0.24009052784965948,0.15365793782378206,1.6127065509529632e-09,0,0,0,0,0,1,-90,90
15,17,0.9131826328544418,0.5844368850268428,1.5334795039717365e-09,0,0,0,0,0,1,-90,90
17,19,0.18053849659994123,0.1155446378239624,1.212690974415455e-09,0,0,0,0,0,1,-90,90
