F_BUS,T_BUS,BR_R,BR_X,BR_B,RATE_A,RATE_B,RATE_C,TAP,SHIFT,BR_STATUS,ANGMIN,ANGMAX
29,31,2.950369053387354,1.1347573282259054,2.9774423028352016e-09,0,0,0,0,0,1,-90,90
29,40,45.82094738648231,17.623441302493198,4.624141069669317e-08,0,0,0,0,0,1,-90,90
31,34,4.010043358928119,1.5423243688185073,4.046840417936144e-09,0,0,0,0,0,1,-90,90
40,38,3.018952514531235,1.1611355825120135,3.0466551012307777e-09,0,0,0,0,0,1,-90,90
35,36,3.4804877522042945,1.3386491354631902,3.5124254899620233e-09,0,0,0,0,0,1,-90,90
35,37,0.6328744781118351,0.24341326081224426,6.386818765440502e-10,0,0,0,0,0,1,-90,90
36,38,27.927899999999994,10.741499999999998,2.8184172686424242e-08,0,0,0,0,0,1,-90,90
36,39,10.025079999999999,3.8557999999999995,1.0117072386939867e-08,0,0,0,0,0,1,-90,90
39,45,6.423689999999998,2.470649999999999,6.482635222986926e-09,0,0,0,0,0,1,-90,90
39,42,2.2713244713597547,0.8735863351383673,2.2921666551264e-09,0,0,0,0,0,1,-90,90
45,62,7.780826948435654,2.992625749398329,7.852225565040476e-09,0,0,0,0,0,1,-90,90
45,59,0.8858272264594302,0.3407027794074732,8.939557761546275e-10,0,0,0,0,0,1,-90,90
42,43,4.658968742574912,1.7919110548365045,4.701720486731338e-09,0,0,0,0,0,1,-90,90
43,44,3.9077100028405596,1.5029653857079075,3.943568027976529e-09,0,0,0,0,0,1,-90,90
44,46,3.1755546473389646,1.221367172053448,3.2046942504011554e-09,0,0,0,0,0,1,-90,90
46,47,6.797708887917462,2.6145034184297935,6.860086192270335e-09,0,0,0,0,0,1,-90,90
62,57,4.087338303613216,1.572053193697391,4.124844638403575e-09,0,0,0,0,0,1,-90,90
59,60,4.420549484012976,1.700211340004991,4.461113439474694e-09,0,0,0,0,0,1,-90,90
47,49,8.617829999999998,3.314549999999999,8.696909144699294e-09,0,0,0,0,0,1,-90,90
49,48,27.174985866958888,10.451917641138035,2.742434964410169e-08,0,0,0,0,0,1,-90,90
48,70,64.47600943317974,24.798465166607592,6.50676557849411e-08,0,0,0,0,0,1,-90,90
53,54,23.141699838740102,8.900653784130808,2.335405327691832e-08,0,0,0,0,0,1,-90,90
54,56,1.8608940956101585,0.7157284983115995,1.8779700780160336e-09,0,0,0,0,0,1,-90,90
54,57,2.357297169325007,0.9066527574326951,2.378928257888171e-09,0,0,0,0,0,1,-90,90
56,63,4.102075224468094,1.5777212401800365,4.139716788555934e-09,0,0,0,0,0,1,-90,90
