BUS_I,BUS_TYPE,Pd,Qd,Gs,Bs,area,Vm,Va,baseKV,zone,Vmax,Vmin
1,1,0.09126675878866246,0.02287360587060836,0,0,1,1,0,0.4,1,1.1,0.9
2,1,0.02349204617909716,0.005887661756884382,0,0,1,1,0,0.4,1,1.1,0.9
3,3,0.054854362506610375,0.013747799143005706,0,0,1,1,0,0.4,1,1.1,0.9
4,1,0.0,0.0,0,0,1,1,0,0.4,1,1.1,0.9
5,1,0.0,0.0,0,0,1,1,0,0.4,1,1.1,0.9
7,1,0.02667701259465621,0.006685889583395867,0,0,1,1,0,0.4,1,1.1,0.9
32,1,0.0005273632788762886,0.0001321696963029044,0,0,1,1,0,0.4,1,1.1,0.9
18,1,0.0,0.0,0,0,1,1,0,0.4,1,1.1,0.9
17,1,0.0,0.0,0,0,1,1,0,0.4,1,1.1,0.9
6,1,0.004160887421665903,0.0010428166861446674,0,0,1,1,0,0.4,1,1.1,0.9
35,1,0.002126515875379064,0.0005329551159326899,0,0,1,1,0,0.4,1,1.1,0.9
26,1,0.0,0.0,0,0,1,1,0,0.4,1,1.1,0.9
36,1,0.017919890887020132,0.0044911480021236775,0,0,1,1,0,0.4,1,1.1,0.9
13,1,0.0012574365282953472,0.0003151433001158227,0,0,1,1,0,0.4,1,1.1,0.9
9,1,0.003419112805128878,0.0008569104432947539,0,0,1,1,0,0.4,1,1.1,0.9
10,1,0.004072995552291524,0.001020788907290859,0,0,1,1,0,0.4,1,1.1,0.9
11,1,0.004070940875235569,0.0010202739566802196,0,0,1,1,0,0.4,1,1.1,0.9
12,1,0.0,0.0,0,0,1,1,0,0.4,1,1.1,0.9
16,1,0.0,0.0,0,0,1,1,0,0.4,1,1.1,0.9
14,1,0.006111291008465568,0.0015316339020204045,0,0,1,1,0,0.4,1,1.1,0.9
33,1,0.003687743606213655,0.0009242356682755965,0,0,1,1,0,0.4,1,1.1,0.9
34,1,0.004055871099167584,0.0010164971147838661,0,0,1,1,0,0.4,1,1.1,0.9
29,1,0.02739378586711981,0.00686552989878039,0,0,1,1,0,0.4,1,1.1,0.9
24,1,0.0314795290964741,0.007889513675098807,0,0,1,1,0,0.4,1,1.1,0.9
37,1,0.015429560369236645,0.00386701234191873,0,0,1,1,0,0.4,1,1.1,0.9
23,1,0.0,0.0,0,0,1,1,0,0.4,1,1.1,0.9
20,1,0.007828894627404687,0.0019621059462015603,0,0,1,1,0,0.4,1,1.1,0.9
21,1,0.0,0.0,0,0,1,1,0,0.4,1,1.1,0.9
22,1,0.0,0.0,0,0,1,1,0,0.4,1,1.1,0.9
28,1,0.0,0.0,0,0,1,1,0,0.4,1,1.1,0.9
27,1,0.006847627573255876,0.001716177240632134,0,0,1,1,0,0.4,1,1.1,0.9
38,1,0.016119994874944296,0.004040051540117877,0,0,1,1,0,0.4,1,1.1,0.9
25,1,0.0,0.0,0,0,1,1,0,0.4,1,1.1,0.9
31,1,0.0,0.0,0,0,1,1,0,0.4,1,1.1,0.9
30,1,0.01130001199304778,0.002832049960935296,0,0,1,1,0,0.4,1,1.1,0.9
