BUS_I,BUS_TYPE,Pd,Qd,Gs,Bs,area,Vm,Va,baseKV,zone,Vmax,Vmin
1,1,0.0044836241629587865,0.0011237021379595176,0,0,1,1,0,0.4,1,1.1,0.9
2,3,0.0,0.0,0,0,1,1,0,0.4,1,1.1,0.9
3,1,0.004487487234516861,0.001124670314954539,0,0,1,1,0,0.4,1,1.1,0.9
4,1,0.0016953463603764192,0.00042489384937199973,0,0,1,1,0,0.4,1,1.1,0.9
5,1,0.0,0.0,0,0,1,1,0,0.4,1,1.1,0.9
6,1,0.0002229857522819925,5.5885497416097675e-05,0,0,1,1,0,0.4,1,1.1,0.9
