F_BUS,T_BUS,BR_R,BR_X,BR_B,RATE_A,RATE_B,RATE_C,TAP,SHIFT,BR_STATUS,ANGMIN,ANGMAX
1,2,2.400263357814906,1.5361685490015398,4.030688419728451e-09,0,0,0,0,0,1,-90,90
2,4,1.60592398804484,1.0277913523486975,2.6967787515904854e-09,0,0,0,0,0,1,-90,90
4,5,2.879315327737882,1.8427618097522445,9.670291312387455e-09,0,0,0,0,0,1,-90,90
5,14,8.390845226873813,5.37014094519924,2.818097653957695e-08,0,0,0,0,0,1,-90,90
14,16,0.7754687499999999,0.4962999999999999,1.3022208168572687e-09,0,0,0,0,0,1,-90,90
14,15,4.134765624999999,2.6462499999999993,6.943384720146176e-09,0,0,0,0,0,1,-90,90
16,17,1.6581249999999996,1.0611999999999997,2.7844383051560213e-09,0,0,0,0,0,1,-90,90
15,11,8.320390624999998,5.325049999999998,1.3972176024190607e-08,0,0,0,0,0,1,-90,90
6,7,0.5885748376319082,0.37668789608442127,9.883756190596435e-10,0,0,0,0,0,1,-90,90
6,8,13.62209241028427,8.718139142581933,2.28751607409397e-08,0,0,0,0,0,1,-90,90
7,9,2.9015624999999994,1.8569999999999995,4.8725046482046096e-09,0,0,0,0,0,1,-90,90
7,10,2.5823341941979514,1.652693884286689,4.336434374392151e-09,0,0,0,0,0,1,-90,90
8,11,13.014561912764412,8.329319624169223,2.1854953465345407e-08,0,0,0,0,0,1,-90,90
10,12,0.7035573150273605,0.4502766816175108,1.1814621562517333e-09,0,0,0,0,0,1,-90,90
12,13,5.978698785419531,3.8263672226685,1.0039844953252574e-08,0,0,0,0,0,1,-90,90
