BUS_I,BUS_TYPE,Pd,Qd,Gs,Bs,area,Vm,Va,baseKV,zone,Vmax,Vmin
1,1,0.01744790310132167,0.004372856712621361,0,0,1,1,0,0.4,1,1.1,0.9
2,1,0.04933609558862272,0.012364791087869796,0,0,1,1,0,0.4,1,1.1,0.9
3,1,0.0,0.0,0,0,1,1,0,0.4,1,1.1,0.9
4,1,0.0,0.0,0,0,1,1,0,0.4,1,1.1,0.9
5,1,0.026396322131263424,0.006615541922138912,0,0,1,1,0,0.4,1,1.1,0.9
31,1,0.007891483564758835,0.001977792212525689,0,0,1,1,0,0.4,1,1.1,0.9
26,1,0.029516331293578536,0.007397489926414355,0,0,1,1,0,0.4,1,1.1,0.9
20,1,0.0,0.0,0,0,1,1,0,0.4,1,1.1,0.9
37,1,0.04270819795103643,0.010703683360094128,0,0,1,1,0,0.4,1,1.1,0.9
12,1,0.0,0.0,0,0,1,1,0,0.4,1,1.1,0.9
17,1,0.0,0.0,0,0,1,1,0,0.4,1,1.1,0.9
33,1,0.06340410767439673,0.015890567264254876,0,0,1,1,0,0.4,1,1.1,0.9
32,1,0.0005290520670541226,0.00013259294651679846,0,0,1,1,0,0.4,1,1.1,0.9
14,1,0.0,0.0,0,0,1,1,0,0.4,1,1.1,0.9
15,1,0.0,0.0,0,0,1,1,0,0.4,1,1.1,0.9
38,1,0.04881267857572209,0.012233610419048375,0,0,1,1,0,0.4,1,1.1,0.9
16,1,0.0,0.0,0,0,1,1,0,0.4,1,1.1,0.9
21,1,0.0,0.0,0,0,1,1,0,0.4,1,1.1,0.9
36,1,0.03129655347976218,0.007843655662870154,0,0,1,1,0,0.4,1,1.1,0.9
39,1,0.030338462947141473,0.007603535541126008,0,0,1,1,0,0.4,1,1.1,0.9
7,1,0.0,0.0,0,0,1,1,0,0.4,1,1.1,0.9
9,1,0.0,0.0,0,0,1,1,0,0.4,1,1.1,0.9
6,1,0.0197102477799133,0.004939853735506778,0,0,1,1,0,0.4,1,1.1,0.9
28,1,0.06609484415052384,0.016564929392081935,0,0,1,1,0,0.4,1,1.1,0.9
29,3,0.0,0.0,0,0,1,1,0,0.4,1,1.1,0.9
25,1,0.0,0.0,0,0,1,1,0,0.4,1,1.1,0.9
8,1,0.0,0.0,0,0,1,1,0,0.4,1,1.1,0.9
22,1,0.010047219530193762,0.002518070573332114,0,0,1,1,0,0.4,1,1.1,0.9
30,1,0.012946908291943723,0.00324480108029891,0,0,1,1,0,0.4,1,1.1,0.9
34,1,0.0010134787638339123,0.0002540017209973281,0,0,1,1,0,0.4,1,1.1,0.9
35,1,0.0363644559080477,0.009113791737316817,0,0,1,1,0,0.4,1,1.1,0.9
27,1,0.05659375238171492,0.014183731337668135,0,0,1,1,0,0.4,1,1.1,0.9
23,1,0.029043529321288925,0.007278994582517664,0,0,1,1,0,0.4,1,1.1,0.9
24,1,0.01561961039503928,0.003914643368193856,0,0,1,1,0,0.4,1,1.1,0.9
