BUS_I,BUS_TYPE,Pd,Qd,Gs,Bs,area,Vm,Va,baseKV,zone,Vmax,Vmin
1,1,0.0426523429067255,0.0106896847664505,0,0,1,1,0,0.4,1,1.1,0.9
3,1,0.0,0.0,0,0,1,1,0,0.4,1,1.1,0.9
2,1,0.008993586537805087,0.0022540052540412736,0,0,1,1,0,0.4,1,1.1,0.9
4,1,0.0,0.0,0,0,1,1,0,0.4,1,1.1,0.9
5,1,0.021340952874981795,0.005348546956684511,0,0,1,1,0,0.4,1,1.1,0.9
6,3,0.0,0.0,0,0,1,1,0,0.4,1,1.1,0.9
17,1,0.0,0.0,0,0,1,1,0,0.4,1,1.1,0.9
10,1,0.0,0.0,0,0,1,1,0,0.4,1,1.1,0.9
18,1,0.020708933706193335,0.005190148021941881,0,0,1,1,0,0.4,1,1.1,0.9
14,1,0.0,0.0,0,0,1,1,0,0.4,1,1.1,0.9
9,1,0.0,0.0,0,0,1,1,0,0.4,1,1.1,0.9
28,1,0.02703040865088928,0.006774458983841221,0,0,1,1,0,0.4,1,1.1,0.9
8,1,0.0,0.0,0,0,1,1,0,0.4,1,1.1,0.9
19,1,0.0,0.0,0,0,1,1,0,0.4,1,1.1,0.9
30,1,0.02207776670894277,0.005533209910225586,0,0,1,1,0,0.4,1,1.1,0.9
24,1,0.042704632351205585,0.010702789736541528,0,0,1,1,0,0.4,1,1.1,0.9
26,1,0.007578710844369347,0.0018994039797427815,0,0,1,1,0,0.4,1,1.1,0.9
20,1,0.037130026306084314,0.009305661765170479,0,0,1,1,0,0.4,1,1.1,0.9
12,1,0.0,0.0,0,0,1,1,0,0.4,1,1.1,0.9
31,1,0.010310739380669282,0.002584114873347373,0,0,1,1,0,0.4,1,1.1,0.9
21,1,0.010662118364026954,0.00267217874767811,0,0,1,1,0,0.4,1,1.1,0.9
29,1,0.02095221166131499,0.005251119224779771,0,0,1,1,0,0.4,1,1.1,0.9
27,1,0.028678438108172357,0.0071874940994667855,0,0,1,1,0,0.4,1,1.1,0.9
22,1,0.022210094243041927,0.005566374316423274,0,0,1,1,0,0.4,1,1.1,0.9
25,1,0.0311564663694037,0.007808546523546908,0,0,1,1,0,0.4,1,1.1,0.9
23,1,0.021279622336793157,0.005333176074920126,0,0,1,1,0,0.4,1,1.1,0.9
