BUS_I,BUS_TYPE,Pd,Qd,Gs,Bs,area,Vm,Va,baseKV,zone,Vmax,Vmin
1,1,0.006980316697753368,0.0017494322699259841,0,0,1,1,0,0.4,1,1.1,0.9
2,1,0.0064027422381999315,0.001604678465538706,0,0,1,1,0,0.4,1,1.1,0.9
3,1,0.0,0.0,0,0,1,1,0,0.4,1,1.1,0.9
4,1,0.0,0.0,0,0,1,1,0,0.4,1,1.1,0.9
20,1,0.0,0.0,0,0,1,1,0,0.4,1,1.1,0.9
5,1,0.0397057445318145,0.009951197602216265,0,0,1,1,0,0.4,1,1.1,0.9
6,1,0.007567261473923958,0.0018965344970251926,0,0,1,1,0,0.4,1,1.1,0.9
57,1,0.019038545871902117,0.004771509368835875,0,0,1,1,0,0.4,1,1.1,0.9
60,1,0.009721679509434896,0.0024364825534574234,0,0,1,1,0,0.4,1,1.1,0.9
19,1,0.002179716778472707,0.0005462885190848962,0,0,1,1,0,0.4,1,1.1,0.9
23,1,0.00019381546222949094,4.857473359969781e-05,0,0,1,1,0,0.4,1,1.1,0.9
24,1,0.0,0.0,0,0,1,1,0,0.4,1,1.1,0.9
32,1,0.021919922001117184,0.005493650297465323,0,0,1,1,0,0.4,1,1.1,0.9
25,1,0.00014458172983504458,3.623559714655288e-05,0,0,1,1,0,0.4,1,1.1,0.9
26,1,0.0,0.0,0,0,1,1,0,0.4,1,1.1,0.9
51,1,0.0006170106295492916,0.00015463744024225878,0,0,1,1,0,0.4,1,1.1,0.9
27,3,0.008318849855016875,0.0020849003011166553,0,0,1,1,0,0.4,1,1.1,0.9
28,1,0.009495208388210764,0.002379723540244838,0,0,1,1,0,0.4,1,1.1,0.9
29,1,0.003407264663867812,0.0008539410191900537,0,0,1,1,0,0.4,1,1.1,0.9
61,1,0.0,0.0,0,0,1,1,0,0.4,1,1.1,0.9
30,1,0.008019784726638524,0.002009947514724738,0,0,1,1,0,0.4,1,1.1,0.9
33,1,0.01047414513900626,0.002625068216742013,0,0,1,1,0,0.4,1,1.1,0.9
31,1,0.04460714935172879,0.011179605442606743,0,0,1,1,0,0.4,1,1.1,0.9
64,1,0.003217007853219401,0.0008062581677474173,0,0,1,1,0,0.4,1,1.1,0.9
52,1,0.00039251049385811276,9.837240256749007e-05,0,0,1,1,0,0.4,1,1.1,0.9
53,1,0.00037102525784278947,9.298769484724007e-05,0,0,1,1,0,0.4,1,1.1,0.9
54,1,0.0023599283705923167,0.0005914538014524218,0,0,1,1,0,0.4,1,1.1,0.9
55,1,0.0003453966338922264,8.656455622555785e-05,0,0,1,1,0,0.4,1,1.1,0.9
56,1,0.002403242686714628,0.0006023093923453874,0,0,1,1,0,0.4,1,1.1,0.9
58,1,0.0022063540301121014,0.0005529644436335767,0,0,1,1,0,0.4,1,1.1,0.9
59,1,0.01910205799264153,0.004787427006725962,0,0,1,1,0,0.4,1,1.1,0.9
62,1,0.0006237820672466491,0.00015633452250005423,0,0,1,1,0,0.4,1,1.1,0.9
63,1,0.002112372399746759,0.0005294104268087666,0,0,1,1,0,0.4,1,1.1,0.9
66,1,0.0016164599308970352,0.0004051230465035722,0,0,1,1,0,0.4,1,1.1,0.9
65,1,0.0034310204369701045,0.0008598947771442689,0,0,1,1,0,0.4,1,1.1,0.9
74,1,0.02914484005211136,0.007304385445062281,0,0,1,1,0,0.4,1,1.1,0.9
