F_BUS,T_BUS,BR_R,BR_X,BR_B,RATE_A,RATE_B,RATE_C,TAP,SHIFT,BR_STATUS,ANGMIN,ANGMAX
1,2,0.10085295625461252,0.03878959855946636,1.0177840564512153e-10,0,0,0,0,0,1,-90,90
1,5,5.912572771489078,2.274066450572722,5.966827867927705e-09,0,0,0,0,0,1,-90,90
5,3,1.7861476056896215,0.6869798483421622,1.8025376975067765e-09,0,0,0,0,0,1,-90,90
3,4,2.763127028510013,1.0627411648115435,2.7884821030601114e-09,0,0,0,0,0,1,-90,90
4,6,2.227353301126795,0.8566743465872289,2.2477919955540766e-09,0,0,0,0,0,1,-90,90
4,7,1.2570999999999997,0.48349999999999993,1.2686354320985076e-09,0,0,0,0,0,1,-90,90
7,17,0.4176073577097489,0.16061821450374958,4.2143941666981417e-10,0,0,0,0,0,1,-90,90
17,16,1.608965532899823,0.6188328972691628,1.6237297622002809e-09,0,0,0,0,0,1,-90,90
16,15,1.0526609696812828,0.40486960372357034,2.1246408465911205e-09,0,0,0,0,0,1,-90,90
14,15,1.1400225926708423,0.43847022795032403,2.3009673923395678e-09,0,0,0,0,0,1,-90,90
14,10,5.049021643209053,1.9419314012342512,5.0953526004353156e-09,0,0,0,0,0,1,-90,90
10,12,2.8051364556831158,1.0788986368011984,2.830877018177414e-09,0,0,0,0,0,1,-90,90
10,8,1.2758740291103086,0.4907207804270418,1.2875817359188773e-09,0,0,0,0,0,1,-90,90
8,9,1.9659109673936057,0.7561196028436945,1.9839506082146076e-09,0,0,0,0,0,1,-90,90
9,11,1.9207180225843525,0.7387377009939818,1.938342962787918e-09,0,0,0,0,0,1,-90,90
11,13,3.1254609100477797,1.202100350018377,3.154140841719402e-09,0,0,0,0,0,1,-90,90
