F_BUS,T_BUS,BR_R,BR_X,BR_B,RATE_A,RATE_B,RATE_C,TAP,SHIFT,BR_STATUS,ANGMIN,ANGMAX
1,2,3.8546681476509463,1.482564672173441,3.890039448804003e-09,0,0,0,0,0,1,-90,90
1,3,8.713797661621582,3.351460639085224,8.79375742715e-09,0,0,0,0,0,1,-90,90
3,5,3.501809999999999,1.3468499999999999,3.5339433954950885e-09,0,0,0,0,0,1,-90,90
3,6,14.43681453035374,5.552620973212977,1.4569289984759633e-08,0,0,0,0,0,1,-90,90
5,9,13.517529999999997,5.199049999999999,1.3641569892971553e-08,0,0,0,0,0,1,-90,90
5,10,44.33660475755513,17.052540291367357,4.474344740623795e-08,0,0,0,0,0,1,-90,90
6,8,2.309137079276345,0.8881296458755173,2.330326240030572e-09,0,0,0,0,0,1,-90,90
10,11,0.6030699999999999,0.23194999999999996,6.086039058433276e-10,0,0,0,0,0,1,-90,90
