F_BUS,T_BUS,BR_R,BR_X,BR_B,RATE_A,RATE_B,RATE_C,TAP,SHIFT,BR_STATUS,ANGMIN,ANGMAX
15,16,4.420715165064154,1.7002750634862132,4.46128064085243e-09,0,0,0,0,0,1,-90,90
16,18,4.943650626412766,1.901404087081833,4.98901467550968e-09,0,0,0,0,0,1,-90,90
18,19,36.198499999999996,13.922499999999998,3.653066557061318e-08,0,0,0,0,0,1,-90,90
18,20,33.378416595497114,12.83785253672966,3.3684704447054724e-08,0,0,0,0,0,1,-90,90
19,26,19.644075098253293,7.55541349932819,1.9824333545818237e-08,0,0,0,0,0,1,-90,90
20,22,0.9581249027426135,0.36850957797792827,9.669168721622912e-10,0,0,0,0,0,1,-90,90
26,27,16.84457718835493,6.478683533982666,1.6999146813988805e-08,0,0,0,0,0,1,-90,90
22,23,12.864471960126481,4.947873830817878,1.29825192457674e-08,0,0,0,0,0,1,-90,90
23,25,25.533816957931993,9.820698829973846,2.576812100035818e-08,0,0,0,0,0,1,-90,90
25,108,5.888684884673679,2.264878801797569,5.942720780494746e-09,0,0,0,0,0,1,-90,90
27,28,4.446864069326913,1.7103323343565051,4.487669493336948e-09,0,0,0,0,0,1,-90,90
27,31,18.39674593762274,7.075671514470285,1.8565558612506955e-08,0,0,0,0,0,1,-90,90
27,39,23.90087412993361,9.19264389612831,2.4120193922011274e-08,0,0,0,0,0,1,-90,90
28,29,2.557178402671613,0.9835301548736972,2.5806436463497523e-09,0,0,0,0,0,1,-90,90
31,30,5.47760357864666,2.1067706071717924,5.527867300024453e-09,0,0,0,0,0,1,-90,90
39,37,0.6935387969975834,0.2667456911529167,6.999028648525244e-10,0,0,0,0,0,1,-90,90
30,32,7.128817661768934,2.7418529468342054,7.19423329463822e-09,0,0,0,0,0,1,-90,90
36,37,2.2956716771739964,0.8829506450669219,2.3167372763725556e-09,0,0,0,0,0,1,-90,90
36,38,4.249515328904115,1.6344289726554286,4.288509836523351e-09,0,0,0,0,0,1,-90,90
