BUS_I,BUS_TYPE,Pd,Qd,Gs,Bs,area,Vm,Va,baseKV,zone,Vmax,Vmin
68,1,0.001152309312331084,0.00028879593623266925,0,0,1,1,0,0.4,1,1.1,0.9
57,1,0.0,0.0,0,0,1,1,0,0.4,1,1.1,0.9
6,1,0.01598496002259301,0.0040062086160075625,0,0,1,1,0,0.4,1,1.1,0.9
7,3,0.002332605202544813,0.0005846059700475376,0,0,1,1,0,0.4,1,1.1,0.9
9,1,0.008310765728381327,0.002082874227999522,0,0,1,1,0,0.4,1,1.1,0.9
13,1,0.0069651826466048715,0.001745639319175997,0,0,1,1,0,0.4,1,1.1,0.9
10,1,0.0,0.0,0,0,1,1,0,0.4,1,1.1,0.9
12,1,0.0008029294884642072,0.0002012330984991761,0,0,1,1,0,0.4,1,1.1,0.9
54,1,0.0,0.0,0,0,1,1,0,0.4,1,1.1,0.9
11,1,0.012958028222882674,0.0032475879976933907,0,0,1,1,0,0.4,1,1.1,0.9
55,1,0.000333472116965829,8.357599057479985e-05,0,0,1,1,0,0.4,1,1.1,0.9
56,1,0.0019539930971937715,0.0004897168319803623,0,0,1,1,0,0.4,1,1.1,0.9
