BUS_I,BUS_TYPE,Pd,Qd,Gs,Bs,area,Vm,Va,baseKV,zone,Vmax,Vmin
38,3,0.011775846213430865,0.0029513052578391116,0,0,1,1,0,0.4,1,1.1,0.9
40,1,0.0,0.0,0,0,1,1,0,0.4,1,1.1,0.9
41,1,0.0,0.0,0,0,1,1,0,0.4,1,1.1,0.9
90,1,0.004644140079787982,0.0011639312188016706,0,0,1,1,0,0.4,1,1.1,0.9
