BUS_I,BUS_TYPE,Pd,Qd,Gs,Bs,area,Vm,Va,baseKV,zone,Vmax,Vmin
1,3,0.006972418798120056,0.0017474528696951035,0,0,1,1,0,0.4,1,1.1,0.9
2,1,0.003773192833208209,0.0009456512632431737,0,0,1,1,0,0.4,1,1.1,0.9
