BUS_I,BUS_TYPE,Pd,Qd,Gs,Bs,area,Vm,Va,baseKV,zone,Vmax,Vmin
1,1,0.04376257299256539,0.010967934654429955,0,0,1,1,0,0.4,1,1.1,0.9
2,1,0.040400537872695305,0.010125329227484466,0,0,1,1,0,0.4,1,1.1,0.9
4,1,0.0,0.0,0,0,1,1,0,0.4,1,1.1,0.9
6,1,0.012887225193391832,0.0032298430858271904,0,0,1,1,0,0.4,1,1.1,0.9
7,1,0.01918264292286262,0.004807623494006243,0,0,1,1,0,0.4,1,1.1,0.9
8,1,0.023081850597667923,0.0057848570535728085,0,0,1,1,0,0.4,1,1.1,0.9
25,1,0.0,0.0,0,0,1,1,0,0.4,1,1.1,0.9
17,1,0.009382762750508486,0.002351542006981156,0,0,1,1,0,0.4,1,1.1,0.9
16,1,0.025664059870715128,0.006432019700423034,0,0,1,1,0,0.4,1,1.1,0.9
9,1,0.024012990229170143,0.006018222642799048,0,0,1,1,0,0.4,1,1.1,0.9
27,1,0.00427404060676289,0.001071175547500813,0,0,1,1,0,0.4,1,1.1,0.9
10,3,0.014732206184312976,0.0036922389086351012,0,0,1,1,0,0.4,1,1.1,0.9
11,1,0.022259415594492602,0.005578735412281853,0,0,1,1,0,0.4,1,1.1,0.9
13,1,0.03503397701065836,0.008780342293927292,0,0,1,1,0,0.4,1,1.1,0.9
12,1,0.018446658855178336,0.0046231684994967985,0,0,1,1,0,0.4,1,1.1,0.9
14,1,0.023139042621776282,0.005799190725938957,0,0,1,1,0,0.4,1,1.1,0.9
15,1,0.043651541094182865,0.01094010743763848,0,0,1,1,0,0.4,1,1.1,0.9
18,1,0.04065708106898047,0.010189625013140679,0,0,1,1,0,0.4,1,1.1,0.9
19,1,0.012733296529988582,0.0031912649263131825,0,0,1,1,0,0.4,1,1.1,0.9
20,1,0.0,0.0,0,0,1,1,0,0.4,1,1.1,0.9
21,1,0.03023512835966412,0.007577637452291364,0,0,1,1,0,0.4,1,1.1,0.9
22,1,0.0,0.0,0,0,1,1,0,0.4,1,1.1,0.9
23,1,0.03827141953692681,0.009591721873496741,0,0,1,1,0,0.4,1,1.1,0.9
