BUS_I,BUS_TYPE,Pd,Qd,Gs,Bs,area,Vm,Va,baseKV,zone,Vmax,Vmin
1,1,0.016354698237013184,0.004098873747367526,0,0,1,1,0,0.4,1,1.1,0.9
2,1,0.0,0.0,0,0,1,1,0,0.4,1,1.1,0.9
3,1,0.0,0.0,0,0,1,1,0,0.4,1,1.1,0.9
4,1,0.0,0.0,0,0,1,1,0,0.4,1,1.1,0.9
5,1,0.0,0.0,0,0,1,1,0,0.4,1,1.1,0.9
6,1,0.0,0.0,0,0,1,1,0,0.4,1,1.1,0.9
7,1,0.010212239789987093,0.0025594285489332694,0,0,1,1,0,0.4,1,1.1,0.9
15,1,0.006710688234947392,0.0016818570073486958,0,0,1,1,0,0.4,1,1.1,0.9
22,1,0.017337772278632535,0.0043452553266859805,0,0,1,1,0,0.4,1,1.1,0.9
8,1,0.02875529300073391,0.007206755751189858,0,0,1,1,0,0.4,1,1.1,0.9
9,3,0.0,0.0,0,0,1,1,0,0.4,1,1.1,0.9
10,1,0.03652236342993422,0.00915336709276469,0,0,1,1,0,0.4,1,1.1,0.9
11,1,0.03047541759660582,0.007637859611746822,0,0,1,1,0,0.4,1,1.1,0.9
14,1,0.0,0.0,0,0,1,1,0,0.4,1,1.1,0.9
13,1,0.0,0.0,0,0,1,1,0,0.4,1,1.1,0.9
12,1,0.0019638524142214344,0.000492187809747485,0,0,1,1,0,0.4,1,1.1,0.9
18,1,0.0022577354877926954,0.0005658418507820516,0,0,1,1,0,0.4,1,1.1,0.9
17,1,0.002255937004147835,0.0005653911082926361,0,0,1,1,0,0.4,1,1.1,0.9
19,1,0.0018129133058420294,0.0004543589033487576,0,0,1,1,0,0.4,1,1.1,0.9
