BUS_I,BUS_TYPE,Pd,Qd,Gs,Bs,area,Vm,Va,baseKV,zone,Vmax,Vmin
1,3,0.010133044414516509,0.0025395803169007978,0,0,1,1,0,0.4,1,1.1,0.9
2,1,0.0035141253456026466,0.0008807228305473205,0,0,1,1,0,0.4,1,1.1,0.9
3,1,0.010146906803400404,0.002543054559045077,0,0,1,1,0,0.4,1,1.1,0.9
4,1,0.0,0.0,0,0,1,1,0,0.4,1,1.1,0.9
5,1,0.010151526466342228,0.0025442123557148483,0,0,1,1,0,0.4,1,1.1,0.9
6,1,0.0,0.0,0,0,1,1,0,0.4,1,1.1,0.9
8,1,0.0,0.0,0,0,1,1,0,0.4,1,1.1,0.9
11,1,0.0,0.0,0,0,1,1,0,0.4,1,1.1,0.9
33,1,0.0641149603536625,0.016068723739113836,0,0,1,1,0,0.4,1,1.1,0.9
31,1,0.013760957711346883,0.0034488210961925673,0,0,1,1,0,0.4,1,1.1,0.9
13,1,0.004030132228476771,0.0010100463457245693,0,0,1,1,0,0.4,1,1.1,0.9
9,1,0.009348184616187196,0.002342875909634173,0,0,1,1,0,0.4,1,1.1,0.9
29,1,0.003139398210766735,0.0007868073578711534,0,0,1,1,0,0.4,1,1.1,0.9
25,1,0.0,0.0,0,0,1,1,0,0.4,1,1.1,0.9
10,1,0.006705262574010331,0.0016804972085401365,0,0,1,1,0,0.4,1,1.1,0.9
12,1,0.006725858477630181,0.0016856590285521784,0,0,1,1,0,0.4,1,1.1,0.9
14,1,0.0,0.0,0,0,1,1,0,0.4,1,1.1,0.9
15,1,0.005884801721481414,0.0014748703360392028,0,0,1,1,0,0.4,1,1.1,0.9
16,1,0.0,0.0,0,0,1,1,0,0.4,1,1.1,0.9
17,1,0.0,0.0,0,0,1,1,0,0.4,1,1.1,0.9
41,1,0.009080021634025711,0.002275667931127427,0,0,1,1,0,0.4,1,1.1,0.9
19,1,0.0033259637747070137,0.0008335650956854149,0,0,1,1,0,0.4,1,1.1,0.9
18,1,0.0034135587144509846,0.0008555184569590725,0,0,1,1,0,0.4,1,1.1,0.9
20,1,0.0016976162478254829,0.00042546273679135854,0,0,1,1,0,0.4,1,1.1,0.9
21,1,0.0009646508651354533,0.00024176429605595628,0,0,1,1,0,0.4,1,1.1,0.9
22,1,0.0030651264713996576,0.0007681931053639403,0,0,1,1,0,0.4,1,1.1,0.9
23,1,0.0,0.0,0,0,1,1,0,0.4,1,1.1,0.9
24,1,0.001244474838707017,0.00031189479449345074,0,0,1,1,0,0.4,1,1.1,0.9
28,1,0.004478346331792827,0.0011223793887839791,0,0,1,1,0,0.4,1,1.1,0.9
30,1,0.0,0.0,0,0,1,1,0,0.4,1,1.1,0.9
27,1,0.0014008673958348981,0.0003510904639827472,0,0,1,1,0,0.4,1,1.1,0.9
38,1,0.0008747144505396003,0.0002192241058685874,0,0,1,1,0,0.4,1,1.1,0.9
26,1,0.0010056387631978952,0.00025203683162299597,0,0,1,1,0,0.4,1,1.1,0.9
36,1,0.0006125629439825872,0.0001535227451655467,0,0,1,1,0,0.4,1,1.1,0.9
37,1,0.0024209784200546858,0.0006067543861156393,0,0,1,1,0,0.4,1,1.1,0.9
39,1,0.0025877231972876017,0.0006485445665277644,0,0,1,1,0,0.4,1,1.1,0.9
40,1,0.001512268885035884,0.00037901030896467203,0,0,1,1,0,0.4,1,1.1,0.9
