BUS_I,BUS_TYPE,Pd,Qd,Gs,Bs,area,Vm,Va,baseKV,zone,Vmax,Vmin
1,1,0.004919205579260129,0.0012328691312139771,0,0,1,1,0,0.4,1,1.1,0.9
2,1,0.04059478231302055,0.010174011473129291,0,0,1,1,0,0.4,1,1.1,0.9
3,1,0.0,0.0,0,0,1,1,0,0.4,1,1.1,0.9
4,1,0.06601417994847904,0.016544713037409883,0,0,1,1,0,0.4,1,1.1,0.9
7,1,0.0,0.0,0,0,1,1,0,0.4,1,1.1,0.9
11,1,0.03934978400562004,0.00986198548501464,0,0,1,1,0,0.4,1,1.1,0.9
5,1,0.0,0.0,0,0,1,1,0,0.4,1,1.1,0.9
37,1,0.004534964709387356,0.0011365692917817331,0,0,1,1,0,0.4,1,1.1,0.9
6,1,0.0,0.0,0,0,1,1,0,0.4,1,1.1,0.9
14,1,0.006108870785906757,0.001531027337070973,0,0,1,1,0,0.4,1,1.1,0.9
38,1,0.018585601824640544,0.004657990890081851,0,0,1,1,0,0.4,1,1.1,0.9
36,1,0.009636860154781147,0.0024152248193787785,0,0,1,1,0,0.4,1,1.1,0.9
8,1,0.0,0.0,0,0,1,1,0,0.4,1,1.1,0.9
12,1,0.0260528757394319,0.006529466142646974,0,0,1,1,0,0.4,1,1.1,0.9
18,1,0.0,0.0,0,0,1,1,0,0.4,1,1.1,0.9
42,1,0.00690422496989776,0.0017303618853074937,0,0,1,1,0,0.4,1,1.1,0.9
41,1,0.005353155961137056,0.0013416273487095443,0,0,1,1,0,0.4,1,1.1,0.9
19,1,0.0,0.0,0,0,1,1,0,0.4,1,1.1,0.9
31,1,0.0,0.0,0,0,1,1,0,0.4,1,1.1,0.9
32,1,0.010331659645126726,0.0025893579858481306,0,0,1,1,0,0.4,1,1.1,0.9
21,1,0.0,0.0,0,0,1,1,0,0.4,1,1.1,0.9
27,1,0.0,0.0,0,0,1,1,0,0.4,1,1.1,0.9
24,1,0.005628388469923193,0.0014106071176014237,0,0,1,1,0,0.4,1,1.1,0.9
13,1,0.007861279823141882,0.0019702224413326126,0,0,1,1,0,0.4,1,1.1,0.9
39,1,0.014808720127268873,0.003711415110332283,0,0,1,1,0,0.4,1,1.1,0.9
33,1,0.0,0.0,0,0,1,1,0,0.4,1,1.1,0.9
34,1,0.017467056835799542,0.004377657090976109,0,0,1,1,0,0.4,1,1.1,0.9
15,1,0.0,0.0,0,0,1,1,0,0.4,1,1.1,0.9
16,1,0.013888418038628147,0.003480765665377077,0,0,1,1,0,0.4,1,1.1,0.9
17,3,0.008572308305127603,0.002148422976506419,0,0,1,1,0,0.4,1,1.1,0.9
22,1,0.006398782476784246,0.0016036860557811319,0,0,1,1,0,0.4,1,1.1,0.9
35,1,0.009361802134901853,0.0023462887815291415,0,0,1,1,0,0.4,1,1.1,0.9
23,1,0.01134055859617608,0.0028422118975665323,0,0,1,1,0,0.4,1,1.1,0.9
40,1,0.015940351898241664,0.003995028766207017,0,0,1,1,0,0.4,1,1.1,0.9
29,1,0.015115503417828356,0.0037883022505033836,0,0,1,1,0,0.4,1,1.1,0.9
25,1,0.005412712966903549,0.0013565537413503831,0,0,1,1,0,0.4,1,1.1,0.9
28,1,0.005208872382130888,0.0013054664752043285,0,0,1,1,0,0.4,1,1.1,0.9
26,1,0.004016722077025345,0.0010066854449646838,0,0,1,1,0,0.4,1,1.1,0.9
30,1,0.02202999094067201,0.0055212361740252965,0,0,1,1,0,0.4,1,1.1,0.9
