F_BUS,T_BUS,BR_R,BR_X,BR_B,RATE_A,RATE_B,RATE_C,TAP,SHIFT,BR_STATUS,ANGMIN,ANGMAX
1,2,0.549697372418424,0.21142206631477847,5.54741519037039e-10,0,0,0,0,0,1,-90,90
1,3,1.79633215273939,0.6908969818228424,1.8128157002489694e-09,0,0,0,0,0,1,-90,90
2,4,1.3922744361496726,0.5354901677498741,1.4050502592510113e-09,0,0,0,0,0,1,-90,90
4,9,7.543068236420923,2.9011800909311245,7.612285125654592e-09,0,0,0,0,0,1,-90,90
9,14,4.57431,1.7593499999999997,4.616284896509843e-09,0,0,0,0,0,1,-90,90
14,25,4.2035732883125325,1.6167589570432819,4.242146221443096e-09,0,0,0,0,0,1,-90,90
14,11,5.777469845954086,2.222103786905418,5.830485207587355e-09,0,0,0,0,0,1,-90,90
5,6,6.65313165697943,2.558896791145935,6.714182288171475e-09,0,0,0,0,0,1,-90,90
5,7,2.4383035629758334,0.937809062683013,2.4606779844110878e-09,0,0,0,0,0,1,-90,90
6,8,3.601111145507826,1.385042748272241,3.634155750629285e-09,0,0,0,0,0,1,-90,90
8,12,8.136439999999999,3.1293999999999995,8.211101801880187e-09,0,0,0,0,0,1,-90,90
8,18,7.48115649978258,2.8773678845317616,7.549805273007903e-09,0,0,0,0,0,1,-90,90
12,10,9.560235815522176,3.677013775200838,9.647962687764384e-09,0,0,0,0,0,1,-90,90
18,16,3.8386062844707145,1.4763870324887365,3.87383019835777e-09,0,0,0,0,0,1,-90,90
18,20,7.366319999999998,2.8331999999999993,7.433915007696985e-09,0,0,0,0,0,1,-90,90
20,23,6.774091414786591,2.60541977491792,6.83625199989864e-09,0,0,0,0,0,1,-90,90
10,11,8.183934044228376,3.1476669400878374,8.259031662131379e-09,0,0,0,0,0,1,-90,90
16,17,0.493312468533546,0.18973556482059464,4.978392146031634e-10,0,0,0,0,0,1,-90,90
25,24,4.905846106600416,1.8868638871540062,4.95086325292801e-09,0,0,0,0,0,1,-90,90
11,13,4.073614999999999,1.5667749999999998,8.221990813344942e-09,0,0,0,0,0,1,-90,90
13,26,6.435324999999999,2.4751249999999994,1.298875397672314e-08,0,0,0,0,0,1,-90,90
17,19,2.2501718083521287,0.8654506955200496,2.2708198905295395e-09,0,0,0,0,0,1,-90,90
19,21,1.1262109341120854,0.4331580515815714,1.1365452987283032e-09,0,0,0,0,0,1,-90,90
21,22,1.3779106333490163,0.5299656282111601,1.3905546509679882e-09,0,0,0,0,0,1,-90,90
