BUS_I,BUS_TYPE,Pd,Qd,Gs,Bs,area,Vm,Va,baseKV,zone,Vmax,Vmin
1,1,0.060953372574029364,0.015276355151070547,0,0,1,1,0,0.4,1,1.1,0.9
2,1,0.0,0.0,0,0,1,1,0,0.4,1,1.1,0.9
4,1,0.0,0.0,0,0,1,1,0,0.4,1,1.1,0.9
14,1,0.026149237427488443,0.006553616658156523,0,0,1,1,0,0.4,1,1.1,0.9
12,1,0.0,0.0,0,0,1,1,0,0.4,1,1.1,0.9
9,1,0.0,0.0,0,0,1,1,0,0.4,1,1.1,0.9
16,1,0.02494207164686377,0.006251072395020884,0,0,1,1,0,0.4,1,1.1,0.9
15,1,0.02772714071317237,0.006949076498493875,0,0,1,1,0,0.4,1,1.1,0.9
18,1,0.0038954080264946385,0.0009762812779356784,0,0,1,1,0,0.4,1,1.1,0.9
19,1,0.002367556900916884,0.0005933656913708552,0,0,1,1,0,0.4,1,1.1,0.9
7,1,0.022744154625851574,0.005700222465186628,0,0,1,1,0,0.4,1,1.1,0.9
8,1,0.013396744767364348,0.0033575407281352175,0,0,1,1,0,0.4,1,1.1,0.9
10,3,0.0,0.0,0,0,1,1,0,0.4,1,1.1,0.9
11,1,0.0038448896539003802,0.0009636201802996665,0,0,1,1,0,0.4,1,1.1,0.9
17,1,0.040090512550723205,0.010047629557650468,0,0,1,1,0,0.4,1,1.1,0.9
