BUS_I,BUS_TYPE,Pd,Qd,Gs,Bs,area,Vm,Va,baseKV,zone,Vmax,Vmin
14,1,0.008296121277786955,0.002079203982714895,0,0,1,1,0,0.4,1,1.1,0.9
15,1,0.002493748063425799,0.0006249921778802171,0,0,1,1,0,0.4,1,1.1,0.9
22,1,0.0016190098567543906,0.00040576211816377526,0,0,1,1,0,0.4,1,1.1,0.9
6,1,0.00036014038586816403,9.025968878233594e-05,0,0,1,1,0,0.4,1,1.1,0.9
7,1,0.0,0.0,0,0,1,1,0,0.4,1,1.1,0.9
8,1,0.0,0.0,0,0,1,1,0,0.4,1,1.1,0.9
9,1,0.0,0.0,0,0,1,1,0,0.4,1,1.1,0.9
10,1,0.0,0.0,0,0,1,1,0,0.4,1,1.1,0.9
24,1,7.595500291374753e-05,1.903611811802167e-05,0,0,1,1,0,0.4,1,1.1,0.9
13,1,0.0,0.0,0,0,1,1,0,0.4,1,1.1,0.9
11,1,0.0,0.0,0,0,1,1,0,0.4,1,1.1,0.9
18,1,0.0014667697367329695,0.0003676071475119997,0,0,1,1,0,0.4,1,1.1,0.9
45,1,0.0,0.0,0,0,1,1,0,0.4,1,1.1,0.9
42,1,0.004157574200864356,0.0010419863147391004,0,0,1,1,0,0.4,1,1.1,0.9
19,1,0.0016225002734044573,0.0004066368990351187,0,0,1,1,0,0.4,1,1.1,0.9
27,1,0.0,0.0,0,0,1,1,0,0.4,1,1.1,0.9
28,1,0.0,0.0,0,0,1,1,0,0.4,1,1.1,0.9
26,1,0.005417385931662865,0.001357724896714839,0,0,1,1,0,0.4,1,1.1,0.9
72,1,0.01284651322142428,0.0032196397038581057,0,0,1,1,0,0.4,1,1.1,0.9
43,3,0.0,0.0,0,0,1,1,0,0.4,1,1.1,0.9
16,1,0.001368296271613418,0.00034292737078109276,0,0,1,1,0,0.4,1,1.1,0.9
23,1,0.006532702949398714,0.0016372496900028991,0,0,1,1,0,0.4,1,1.1,0.9
20,1,0.0016930018463488354,0.00042430625876905913,0,0,1,1,0,0.4,1,1.1,0.9
54,1,0.0042034166807351945,0.001053475523193681,0,0,1,1,0,0.4,1,1.1,0.9
29,1,0.0,0.0,0,0,1,1,0,0.4,1,1.1,0.9
44,1,0.0,0.0,0,0,1,1,0,0.4,1,1.1,0.9
67,1,0.015514355499549817,0.0038882640048053417,0,0,1,1,0,0.4,1,1.1,0.9
74,1,0.01605925335770925,0.004024828280919701,0,0,1,1,0,0.4,1,1.1,0.9
57,1,0.0,0.0,0,0,1,1,0,0.4,1,1.1,0.9
68,1,0.018937922429794005,0.004746290757079818,0,0,1,1,0,0.4,1,1.1,0.9
56,1,0.0,0.0,0,0,1,1,0,0.4,1,1.1,0.9
55,1,0.01616587043959932,0.004051549040400981,0,0,1,1,0,0.4,1,1.1,0.9
58,1,0.018435672722101774,0.004620415115007522,0,0,1,1,0,0.4,1,1.1,0.9
