BUS_I,BUS_TYPE,Pd,Qd,Gs,Bs,area,Vm,Va,baseKV,zone,Vmax,Vmin
1,1,0.047287569681750505,0.011851382100507506,0,0,1,1,0,0.4,1,1.1,0.9
2,1,0.0,0.0,0,0,1,1,0,0.4,1,1.1,0.9
3,1,0.0,0.0,0,0,1,1,0,0.4,1,1.1,0.9
4,1,0.0,0.0,0,0,1,1,0,0.4,1,1.1,0.9
5,1,0.0,0.0,0,0,1,1,0,0.4,1,1.1,0.9
11,1,0.0,0.0,0,0,1,1,0,0.4,1,1.1,0.9
24,1,0.07378724692708727,0.018492827255930943,0,0,1,1,0,0.4,1,1.1,0.9
15,1,0.057556670557108565,0.014425061380741119,0,0,1,1,0,0.4,1,1.1,0.9
6,1,0.0,0.0,0,0,1,1,0,0.4,1,1.1,0.9
8,1,0.0,0.0,0,0,1,1,0,0.4,1,1.1,0.9
9,1,0.0,0.0,0,0,1,1,0,0.4,1,1.1,0.9
20,1,0.017501070140665622,0.004386181628717885,0,0,1,1,0,0.4,1,1.1,0.9
22,1,0.02608478266396197,0.006537462771714672,0,0,1,1,0,0.4,1,1.1,0.9
23,1,0.026823352307960322,0.006722565772730991,0,0,1,1,0,0.4,1,1.1,0.9
19,1,0.0,0.0,0,0,1,1,0,0.4,1,1.1,0.9
16,1,0.043573121915848716,0.010920453738945556,0,0,1,1,0,0.4,1,1.1,0.9
12,3,0.0,0.0,0,0,1,1,0,0.4,1,1.1,0.9
14,1,0.0,0.0,0,0,1,1,0,0.4,1,1.1,0.9
13,1,0.0,0.0,0,0,1,1,0,0.4,1,1.1,0.9
21,1,0.028360839745836593,0.0071078964468094695,0,0,1,1,0,0.4,1,1.1,0.9
18,1,0.031200336995764813,0.007819541538928188,0,0,1,1,0,0.4,1,1.1,0.9
17,1,0.06997829061501178,0.017538212819994563,0,0,1,1,0,0.4,1,1.1,0.9
