BUS_I,BUS_TYPE,Pd,Qd,Gs,Bs,area,Vm,Va,baseKV,zone,Vmax,Vmin
1,1,0.044994303402071154,0.011276635393886672,0,0,1,1,0,0.4,1,1.1,0.9
2,1,0.0022554170386771696,0.0005652607926618393,0,0,1,1,0,0.4,1,1.1,0.9
3,1,0.0,0.0,0,0,1,1,0,0.4,1,1.1,0.9
4,1,0.0,0.0,0,0,1,1,0,0.4,1,1.1,0.9
5,1,0.013435841331654857,0.003367339250777473,0,0,1,1,0,0.4,1,1.1,0.9
16,1,0.0,0.0,0,0,1,1,0,0.4,1,1.1,0.9
17,1,0.008087658380598023,0.0020269582558781803,0,0,1,1,0,0.4,1,1.1,0.9
23,3,0.0,0.0,0,0,1,1,0,0.4,1,1.1,0.9
19,1,0.00719479897893696,0.0018031865965958155,0,0,1,1,0,0.4,1,1.1,0.9
9,1,0.0,0.0,0,0,1,1,0,0.4,1,1.1,0.9
8,1,0.0,0.0,0,0,1,1,0,0.4,1,1.1,0.9
24,1,0.005552244652326353,0.0013915236780631943,0,0,1,1,0,0.4,1,1.1,0.9
7,1,0.0,0.0,0,0,1,1,0,0.4,1,1.1,0.9
18,1,0.0066161865016458,0.001658172640440966,0,0,1,1,0,0.4,1,1.1,0.9
15,1,0.0012714843338461894,0.0003186640120571875,0,0,1,1,0,0.4,1,1.1,0.9
22,1,0.07378630525738757,0.01849259125125786,0,0,1,1,0,0.4,1,1.1,0.9
6,1,0.015577890031578941,0.0039041872594940824,0,0,1,1,0,0.4,1,1.1,0.9
29,1,0.0021775896535069232,0.0005457554113165188,0,0,1,1,0,0.4,1,1.1,0.9
28,1,0.0,0.0,0,0,1,1,0,0.4,1,1.1,0.9
10,1,0.0012264801874921419,0.0003073849097870022,0,0,1,1,0,0.4,1,1.1,0.9
11,1,0.0013396995708995132,0.00033576036200362255,0,0,1,1,0,0.4,1,1.1,0.9
12,1,0.0,0.0,0,0,1,1,0,0.4,1,1.1,0.9
14,1,0.0,0.0,0,0,1,1,0,0.4,1,1.1,0.9
13,1,0.019395935107203735,0.004861079554292081,0,0,1,1,0,0.4,1,1.1,0.9
20,1,0.00042362843006891766,0.00010617129252304203,0,0,1,1,0,0.4,1,1.1,0.9
21,1,0.011807067822387404,0.0029591301306339463,0,0,1,1,0,0.4,1,1.1,0.9
26,1,0.020208226741354005,0.005064659027674823,0,0,1,1,0,0.4,1,1.1,0.9
