BUS_I,BUS_TYPE,Pd,Qd,Gs,Bs,area,Vm,Va,baseKV,zone,Vmax,Vmin
1,1,0.010911096478472557,0.0027345785451051595,0,0,1,1,0,0.4,1,1.1,0.9
2,1,0.010344638541751671,0.002592610803960383,0,0,1,1,0,0.4,1,1.1,0.9
3,1,0.011030976896887196,0.0027646234100572463,0,0,1,1,0,0.4,1,1.1,0.9
4,1,0.0,0.0,0,0,1,1,0,0.4,1,1.1,0.9
5,1,0.0,0.0,0,0,1,1,0,0.4,1,1.1,0.9
6,1,0.0,0.0,0,0,1,1,0,0.4,1,1.1,0.9
22,1,0.0,0.0,0,0,1,1,0,0.4,1,1.1,0.9
20,1,0.010755740183443318,0.0026956425873788047,0,0,1,1,0,0.4,1,1.1,0.9
17,1,0.02316853193849486,0.005806581445374674,0,0,1,1,0,0.4,1,1.1,0.9
7,3,0.03791933700088936,0.009503481672243476,0,0,1,1,0,0.4,1,1.1,0.9
8,1,0.004199669471639983,0.0010525363840690287,0,0,1,1,0,0.4,1,1.1,0.9
9,1,0.0142763041536939,0.0035779790893712424,0,0,1,1,0,0.4,1,1.1,0.9
10,1,0.0,0.0,0,0,1,1,0,0.4,1,1.1,0.9
25,1,0.0,0.0,0,0,1,1,0,0.4,1,1.1,0.9
26,1,0.0,0.0,0,0,1,1,0,0.4,1,1.1,0.9
18,1,0.017223637527592598,0.004316650461715671,0,0,1,1,0,0.4,1,1.1,0.9
21,1,0.0,0.0,0,0,1,1,0,0.4,1,1.1,0.9
23,1,0.0,0.0,0,0,1,1,0,0.4,1,1.1,0.9
24,1,0.0,0.0,0,0,1,1,0,0.4,1,1.1,0.9
105,1,0.004274713063207705,0.0010713440809722325,0,0,1,1,0,0.4,1,1.1,0.9
39,1,0.03118197669947408,0.0078149400149276,0,0,1,1,0,0.4,1,1.1,0.9
41,1,0.00874467697379887,0.002191622636973794,0,0,1,1,0,0.4,1,1.1,0.9
28,1,0.0,0.0,0,0,1,1,0,0.4,1,1.1,0.9
27,1,0.0084967122047824,0.0021294768078509154,0,0,1,1,0,0.4,1,1.1,0.9
38,1,0.005731439493806454,0.0014364341387003824,0,0,1,1,0,0.4,1,1.1,0.9
29,1,0.04600730411707653,0.011530517304553973,0,0,1,1,0,0.4,1,1.1,0.9
30,1,0.0,0.0,0,0,1,1,0,0.4,1,1.1,0.9
32,1,0.06121120528565329,0.015340974119734617,0,0,1,1,0,0.4,1,1.1,0.9
33,1,0.0,0.0,0,0,1,1,0,0.4,1,1.1,0.9
31,1,0.0,0.0,0,0,1,1,0,0.4,1,1.1,0.9
42,1,0.0,0.0,0,0,1,1,0,0.4,1,1.1,0.9
40,1,0.006701742540930186,0.0016796150050917467,0,0,1,1,0,0.4,1,1.1,0.9
35,1,0.0,0.0,0,0,1,1,0,0.4,1,1.1,0.9
36,1,0.004919908656525932,0.0012330453389865332,0,0,1,1,0,0.4,1,1.1,0.9
34,1,0.0027484977479419206,0.0006888384671165501,0,0,1,1,0,0.4,1,1.1,0.9
37,1,0.003051947528311504,0.0007648901508820391,0,0,1,1,0,0.4,1,1.1,0.9
103,1,0.004065893538105541,0.001019008974755358,0,0,1,1,0,0.4,1,1.1,0.9
