F_BUS,T_BUS,BR_R,BR_X,BR_B,RATE_A,RATE_B,RATE_C,TAP,SHIFT,BR_STATUS,ANGMIN,ANGMAX
1,2,2.981330694289968,1.9080516443455795,5.006456923041619e-09,0,0,0,0,0,1,-90,90
2,3,2.4960121291734323,1.5974477626709966,4.191476386041188e-09,0,0,0,0,0,1,-90,90
2,4,0.6892187499999999,0.44109999999999994,1.1573838450851122e-09,0,0,0,0,0,1,-90,90
4,6,0.4285869749902065,0.2742956639937322,2.1591387686459287e-09,0,0,0,0,0,1,-90,90
4,9,0.32738168610478724,0.2095242791070639,1.6492859836201757e-09,0,0,0,0,0,1,-90,90
6,8,1.6033994796768583,1.0261756669931894,8.077618267041652e-09,0,0,0,0,0,1,-90,90
6,5,1.9783610819589796,1.266151092453747,3.322200906467543e-09,0,0,0,0,0,1,-90,90
9,7,0.2911936267773117,0.18636392113747952,1.4669774991922557e-09,0,0,0,0,0,1,-90,90
7,10,0.23193004809719586,0.14843523078220536,1.168418985369337e-09,0,0,0,0,0,1,-90,90
8,17,2.228147267530516,1.4260142512195304,1.1224977491879125e-08,0,0,0,0,0,1,-90,90
17,16,0.055349814021520366,0.03542388097377303,1.858944800238621e-10,0,0,0,0,0,1,-90,90
16,15,1.1805475407182953,0.7555504260597089,1.9824571690516455e-09,0,0,0,0,0,1,-90,90
11,12,2.9978459973958125,1.9186214383333198,5.034190563502486e-09,0,0,0,0,0,1,-90,90
12,14,2.6685156249999995,1.7078499999999999,4.481156200019516e-09,0,0,0,0,0,1,-90,90
14,15,2.3096609999744624,1.4781830399836557,3.878542667322339e-09,0,0,0,0,0,1,-90,90
