BUS_I,BUS_TYPE,Pd,Qd,Gs,Bs,area,Vm,Va,baseKV,zone,Vmax,Vmin
1,1,0.06084450233561404,0.015249069697334671,0,0,1,1,0,0.4,1,1.1,0.9
2,1,0.0,0.0,0,0,1,1,0,0.4,1,1.1,0.9
3,1,0.0321806404821408,0.008065228751650078,0,0,1,1,0,0.4,1,1.1,0.9
4,3,0.053095515119425736,0.013306990436144864,0,0,1,1,0,0.4,1,1.1,0.9
5,1,0.06457335047714892,0.01618360713322984,0,0,1,1,0,0.4,1,1.1,0.9
6,1,0.0,0.0,0,0,1,1,0,0.4,1,1.1,0.9
7,1,0.0,0.0,0,0,1,1,0,0.4,1,1.1,0.9
9,1,0.057093473418788884,0.014308973235145286,0,0,1,1,0,0.4,1,1.1,0.9
8,1,0.05272976339659921,0.013215324413756556,0,0,1,1,0,0.4,1,1.1,0.9
