BUS_I,BUS_TYPE,Pd,Qd,Gs,Bs,area,Vm,Va,baseKV,zone,Vmax,Vmin
1,1,0.001306900287578685,0.0003275400867415603,0,0,1,1,0,0.4,1,1.1,0.9
2,1,0.0,0.0,0,0,1,1,0,0.4,1,1.1,0.9
6,1,0.0,0.0,0,0,1,1,0,0.4,1,1.1,0.9
3,1,0.0,0.0,0,0,1,1,0,0.4,1,1.1,0.9
5,1,0.0,0.0,0,0,1,1,0,0.4,1,1.1,0.9
4,1,0.0,0.0,0,0,1,1,0,0.4,1,1.1,0.9
9,1,0.0,0.0,0,0,1,1,0,0.4,1,1.1,0.9
16,1,0.006093045045204348,0.0015270610325780571,0,0,1,1,0,0.4,1,1.1,0.9
29,1,0.0008657153599144555,0.0002169687211602283,0,0,1,1,0,0.4,1,1.1,0.9
28,1,0.0002533472830255167,6.349481429195897e-05,0,0,1,1,0,0.4,1,1.1,0.9
8,1,0.0,0.0,0,0,1,1,0,0.4,1,1.1,0.9
11,3,0.0,0.0,0,0,1,1,0,0.4,1,1.1,0.9
23,1,0.05131880972650109,0.012861706091161735,0,0,1,1,0,0.4,1,1.1,0.9
18,1,0.0009926814107656026,0.0002487894129943896,0,0,1,1,0,0.4,1,1.1,0.9
12,1,0.0,0.0,0,0,1,1,0,0.4,1,1.1,0.9
10,1,0.0,0.0,0,0,1,1,0,0.4,1,1.1,0.9
21,1,0.006791436360904749,0.0017020943953358792,0,0,1,1,0,0.4,1,1.1,0.9
17,1,0.0,0.0,0,0,1,1,0,0.4,1,1.1,0.9
25,1,0.0008957615398820543,0.0002244990036816845,0,0,1,1,0,0.4,1,1.1,0.9
14,1,0.0,0.0,0,0,1,1,0,0.4,1,1.1,0.9
27,1,0.020865569702650813,0.005229404703078271,0,0,1,1,0,0.4,1,1.1,0.9
15,1,0.0,0.0,0,0,1,1,0,0.4,1,1.1,0.9
20,1,0.0,0.0,0,0,1,1,0,0.4,1,1.1,0.9
22,1,0.025873247641665147,0.006484447097748951,0,0,1,1,0,0.4,1,1.1,0.9
26,1,0.04596239766411444,0.011519262686555756,0,0,1,1,0,0.4,1,1.1,0.9
24,1,0.0015647456107850592,0.0003921622161661333,0,0,1,1,0,0.4,1,1.1,0.9
19,1,0.0014107101684288465,0.00035355729532392954,0,0,1,1,0,0.4,1,1.1,0.9
