F_BUS,T_BUS,BR_R,BR_X,BR_B,RATE_A,RATE_B,RATE_C,TAP,SHIFT,BR_STATUS,ANGMIN,ANGMAX
69,70,1.1558127012075907,0.4445433466183042,1.1664186982908562e-09,0,0,0,0,0,1,-90,90
70,71,2.2575799999999995,0.8682999999999997,2.2782960614087573e-09,0,0,0,0,0,1,-90,90
