BUS_I,BUS_TYPE,Pd,Qd,Gs,Bs,area,Vm,Va,baseKV,zone,Vmax,Vmin
1,1,0.043471519263148475,0.010894989713881894,0,0,1,1,0,0.4,1,1.1,0.9
2,1,0.035777657117143924,0.008966726097574278,0,0,1,1,0,0.4,1,1.1,0.9
3,1,0.024087684188862507,0.00603694271369446,0,0,1,1,0,0.4,1,1.1,0.9
8,1,0.0,0.0,0,0,1,1,0,0.4,1,1.1,0.9
9,1,0.0,0.0,0,0,1,1,0,0.4,1,1.1,0.9
10,3,0.05903634059810772,0.014795901649263574,0,0,1,1,0,0.4,1,1.1,0.9
12,1,0.0,0.0,0,0,1,1,0,0.4,1,1.1,0.9
4,1,0.052951575162018934,0.013270915682330287,0,0,1,1,0,0.4,1,1.1,0.9
5,1,0.012058754212317151,0.00302220868587858,0,0,1,1,0,0.4,1,1.1,0.9
6,1,0.017929330943996822,0.004493513903417279,0,0,1,1,0,0.4,1,1.1,0.9
7,1,0.0,0.0,0,0,1,1,0,0.4,1,1.1,0.9
14,1,0.0,0.0,0,0,1,1,0,0.4,1,1.1,0.9
13,1,0.0,0.0,0,0,1,1,0,0.4,1,1.1,0.9
37,1,0.040880662501614706,0.010245659802125611,0,0,1,1,0,0.4,1,1.1,0.9
11,1,0.0,0.0,0,0,1,1,0,0.4,1,1.1,0.9
32,1,0.004906353316863698,0.0012296480506310417,0,0,1,1,0,0.4,1,1.1,0.9
16,1,0.031162794426484047,0.0078101324841475,0,0,1,1,0,0.4,1,1.1,0.9
25,1,0.00511691664019827,0.0012824201938810636,0,0,1,1,0,0.4,1,1.1,0.9
33,1,0.002766887732451494,0.0006934474316861436,0,0,1,1,0,0.4,1,1.1,0.9
18,1,0.005674535760614864,0.0014221727188486635,0,0,1,1,0,0.4,1,1.1,0.9
17,1,0.003224748044247403,0.0008081980424760434,0,0,1,1,0,0.4,1,1.1,0.9
26,1,0.0034174727538567114,0.0008564994077007981,0,0,1,1,0,0.4,1,1.1,0.9
19,1,0.004862261625451279,0.0012185976311253866,0,0,1,1,0,0.4,1,1.1,0.9
20,1,0.0033127232865784793,0.0008302467165624324,0,0,1,1,0,0.4,1,1.1,0.9
21,1,0.0,0.0,0,0,1,1,0,0.4,1,1.1,0.9
22,1,0.0043556448900935905,0.0010916275087519208,0,0,1,1,0,0.4,1,1.1,0.9
23,1,0.0,0.0,0,0,1,1,0,0.4,1,1.1,0.9
24,1,0.002757308306583596,0.0006910466012559056,0,0,1,1,0,0.4,1,1.1,0.9
34,1,0.006639127179974394,0.0016639221163888052,0,0,1,1,0,0.4,1,1.1,0.9
28,1,0.0,0.0,0,0,1,1,0,0.4,1,1.1,0.9
30,1,0.01032655425540618,0.0025880784545726306,0,0,1,1,0,0.4,1,1.1,0.9
35,1,0.003476407963140219,0.0008712699634534609,0,0,1,1,0,0.4,1,1.1,0.9
36,1,0.006245741349835506,0.0015653303338700993,0,0,1,1,0,0.4,1,1.1,0.9
27,1,0.0,0.0,0,0,1,1,0,0.4,1,1.1,0.9
31,1,0.0024073651913215166,0.0006033425893913797,0,0,1,1,0,0.4,1,1.1,0.9
29,1,0.006977853419842439,0.001748814914288157,0,0,1,1,0,0.4,1,1.1,0.9
