F_BUS,T_BUS,BR_R,BR_X,BR_B,RATE_A,RATE_B,RATE_C,TAP,SHIFT,BR_STATUS,ANGMIN,ANGMAX
1,2,0.12261252813600862,0.07847201800704552,6.176983400538373e-10,0,0,0,0,0,1,-90,90
1,3,0.3963383541797707,0.2536565466750533,1.9966764179672487e-09,0,0,0,0,0,1,-90,90
2,4,0.11646057738392696,0.07453476952571325,5.867059950999954e-10,0,0,0,0,0,1,-90,90
4,23,0.5291996309211185,0.3386877637895159,2.6660059828020055e-09,0,0,0,0,0,1,-90,90
23,28,0.46947243110191644,0.3004623559052266,2.3651118348283107e-09,0,0,0,0,0,1,-90,90
23,21,4.501691704882307,2.8810826911246767,7.559552398689733e-09,0,0,0,0,0,1,-90,90
28,27,0.32168898913399974,0.20588095304575985,1.620607270908336e-09,0,0,0,0,0,1,-90,90
21,19,0.989696698947311,0.633405887326279,1.6619672214310506e-09,0,0,0,0,0,1,-90,90
5,6,0.16384595177612105,0.10486140913671749,8.254243997349617e-10,0,0,0,0,0,1,-90,90
5,7,0.007223109588427042,0.004622790136593308,3.6388637202302604e-11,0,0,0,0,0,1,-90,90
6,8,0.025231249734398484,0.016147999830015032,1.2711018454112358e-10,0,0,0,0,0,1,-90,90
7,9,1.0150992423112206,0.6496635150791813,5.113874793202353e-09,0,0,0,0,0,1,-90,90
8,27,0.3076840396949687,0.19691778540478003,1.5500530285928087e-09,0,0,0,0,0,1,-90,90
9,10,0.6824122836433296,0.436743861531731,2.291907911026591e-09,0,0,0,0,0,1,-90,90
10,18,2.910156343264709,1.8625000596894137,4.886936024834697e-09,0,0,0,0,0,1,-90,90
18,16,1.224036764067858,0.7833835290034291,2.055487284004383e-09,0,0,0,0,0,1,-90,90
16,17,2.803529004368973,1.7942585627961427,4.7078800147038936e-09,0,0,0,0,0,1,-90,90
11,12,2.5684775553979446,1.6438256354546845,4.313165347114081e-09,0,0,0,0,0,1,-90,90
11,13,1.9167336626521247,1.2267095440973597,3.2187118770120326e-09,0,0,0,0,0,1,-90,90
12,30,5.868489282593122,3.7558331408595977,9.854773525427739e-09,0,0,0,0,0,1,-90,90
13,15,1.7037137433378577,1.0903767957362291,2.8609940794395397e-09,0,0,0,0,0,1,-90,90
30,29,0.1697909328514763,0.10866619702494483,2.851246904182885e-10,0,0,0,0,0,1,-90,90
15,17,1.4712660702147955,0.9416102849374691,2.4706518525337027e-09,0,0,0,0,0,1,-90,90
24,26,0.8788319330589724,0.5624524371577424,1.4757954305035602e-09,0,0,0,0,0,1,-90,90
26,25,1.9221570376097967,1.23018050407027,3.2278191837442543e-09,0,0,0,0,0,1,-90,90
19,20,1.4059656498549562,0.899818015907172,2.3609948653990015e-09,0,0,0,0,0,1,-90,90
20,22,0.5450357426679682,0.34882287530749967,9.152617562390357e-10,0,0,0,0,0,1,-90,90
22,25,0.5810623601684285,0.3718799105077943,9.757601467545192e-10,0,0,0,0,0,1,-90,90
