BUS_I,BUS_TYPE,Pd,Qd,Gs,Bs,area,Vm,Va,baseKV,zone,Vmax,Vmin
15,1,0.012069782285951378,0.003024972581662427,0,0,1,1,0,0.4,1,1.1,0.9
16,1,0.0009564408384198903,0.00023970666940446308,0,0,1,1,0,0.4,1,1.1,0.9
17,1,0.0,0.0,0,0,1,1,0,0.4,1,1.1,0.9
18,1,0.0019308068100605655,0.000483905800663738,0,0,1,1,0,0.4,1,1.1,0.9
19,1,0.0,0.0,0,0,1,1,0,0.4,1,1.1,0.9
20,1,0.0,0.0,0,0,1,1,0,0.4,1,1.1,0.9
21,1,0.025711601246494315,0.006443934692327564,0,0,1,1,0,0.4,1,1.1,0.9
22,1,0.0017103095429114336,0.0004286439764107876,0,0,1,1,0,0.4,1,1.1,0.9
23,3,0.08954567289555937,0.02244226108625524,0,0,1,1,0,0.4,1,1.1,0.9
32,1,0.0009922382226922454,0.00024867833959317455,0,0,1,1,0,0.4,1,1.1,0.9
24,1,0.0,0.0,0,0,1,1,0,0.4,1,1.1,0.9
25,1,0.0,0.0,0,0,1,1,0,0.4,1,1.1,0.9
26,1,0.002215900921641498,0.0005553571201899835,0,0,1,1,0,0.4,1,1.1,0.9
27,1,0.047191257608424145,0.011827244019621456,0,0,1,1,0,0.4,1,1.1,0.9
31,1,0.05542811389886613,0.013891594796410693,0,0,1,1,0,0.4,1,1.1,0.9
28,1,0.0021260333661568018,0.0005328341877226224,0,0,1,1,0,0.4,1,1.1,0.9
30,1,0.008862011586454109,0.0022210294628595604,0,0,1,1,0,0.4,1,1.1,0.9
29,1,0.008041141390802538,0.0020152999993016227,0,0,1,1,0,0.4,1,1.1,0.9
