BUS_I,BUS_TYPE,Pd,Qd,Gs,Bs,area,Vm,Va,baseKV,zone,Vmax,Vmin
1,1,0.09593253207778259,0.024042958882739253,0,0,1,1,0,0.4,1,1.1,0.9
2,1,0.05362545405393235,0.013439805652596927,0,0,1,1,0,0.4,1,1.1,0.9
4,1,0.0,0.0,0,0,1,1,0,0.4,1,1.1,0.9
14,1,0.0,0.0,0,0,1,1,0,0.4,1,1.1,0.9
6,1,0.0,0.0,0,0,1,1,0,0.4,1,1.1,0.9
10,1,0.0,0.0,0,0,1,1,0,0.4,1,1.1,0.9
28,1,0.009494753119322033,0.0023796094391058888,0,0,1,1,0,0.4,1,1.1,0.9
8,1,0.0,0.0,0,0,1,1,0,0.4,1,1.1,0.9
11,1,0.0,0.0,0,0,1,1,0,0.4,1,1.1,0.9
21,1,0.00795831506277148,0.0019945417647785897,0,0,1,1,0,0.4,1,1.1,0.9
30,1,0.02878964079632811,0.007215364120210228,0,0,1,1,0,0.4,1,1.1,0.9
18,1,0.006458446536055009,0.0016186392785592105,0,0,1,1,0,0.4,1,1.1,0.9
15,1,0.03895373180404797,0.00976272544682348,0,0,1,1,0,0.4,1,1.1,0.9
12,1,0.0,0.0,0,0,1,1,0,0.4,1,1.1,0.9
36,1,0.008830903216657667,0.002213232970473448,0,0,1,1,0,0.4,1,1.1,0.9
17,1,0.02061791035606015,0.005167335420030708,0,0,1,1,0,0.4,1,1.1,0.9
35,1,0.008004669282419946,0.0020061592273109647,0,0,1,1,0,0.4,1,1.1,0.9
13,1,0.0,0.0,0,0,1,1,0,0.4,1,1.1,0.9
25,1,0.006642780802138548,0.001664837800417604,0,0,1,1,0,0.4,1,1.1,0.9
22,1,0.008658210307016235,0.002169952047558966,0,0,1,1,0,0.4,1,1.1,0.9
34,1,0.012642434044861128,0.0031684926409727768,0,0,1,1,0,0.4,1,1.1,0.9
29,1,0.00974451417301126,0.002442205459603824,0,0,1,1,0,0.4,1,1.1,0.9
27,1,0.009490596191906888,0.002378567614890931,0,0,1,1,0,0.4,1,1.1,0.9
26,1,0.009474421803446702,0.002374513931033338,0,0,1,1,0,0.4,1,1.1,0.9
20,1,0.036017453511797755,0.009026824739109316,0,0,1,1,0,0.4,1,1.1,0.9
19,1,0.006230839410695202,0.0015615955558728615,0,0,1,1,0,0.4,1,1.1,0.9
31,1,0.013709677913996366,0.003435969167524469,0,0,1,1,0,0.4,1,1.1,0.9
33,1,0.008732795362275825,0.0021886448244307286,0,0,1,1,0,0.4,1,1.1,0.9
16,1,0.019768981556489755,0.004954573807464336,0,0,1,1,0,0.4,1,1.1,0.9
24,1,0.020539371940251797,0.005147651837609839,0,0,1,1,0,0.4,1,1.1,0.9
23,1,0.008065489022660294,0.0020214020910422374,0,0,1,1,0,0.4,1,1.1,0.9
37,3,0.020798439054599667,0.0052125801767584955,0,0,1,1,0,0.4,1,1.1,0.9
32,1,0.006451630523656272,0.001616931024828201,0,0,1,1,0,0.4,1,1.1,0.9
