BUS_I,BUS_TYPE,Pd,Qd,Gs,Bs,area,Vm,Va,baseKV,zone,Vmax,Vmin
104,1,0.004052537204632691,0.001015661562052319,0,0,1,1,0,0.4,1,1.1,0.9
105,1,0.004611212684570821,0.0011556788356718265,0,0,1,1,0,0.4,1,1.1,0.9
95,1,0.004297502193816816,0.0010770555754813526,0,0,1,1,0,0.4,1,1.1,0.9
93,1,0.004574875012878959,0.0011465717566918458,0,0,1,1,0,0.4,1,1.1,0.9
94,3,0.0,0.0,0,0,1,1,0,0.4,1,1.1,0.9
