F_BUS,T_BUS,BR_R,BR_X,BR_B,RATE_A,RATE_B,RATE_C,TAP,SHIFT,BR_STATUS,ANGMIN,ANGMAX
1,2,0.06295520453301952,0.040291330901132495,1.0571873834039748e-10,0,0,0,0,0,1,-90,90
1,3,1.069896136914245,0.6847335276251167,1.796643670508843e-09,0,0,0,0,0,1,-90,90
2,4,0.5130067071716036,0.32832429258982626,1.7229527644183296e-09,0,0,0,0,0,1,-90,90
3,5,1.4850790371703035,0.9504505837889943,2.493847543026742e-09,0,0,0,0,0,1,-90,90
4,10,0.5643584276353344,0.36118939368661407,2.843129240097305e-09,0,0,0,0,0,1,-90,90
5,14,0.30900643533533945,0.19776411861461726,5.189050011835274e-10,0,0,0,0,0,1,-90,90
10,7,0.40366545384737545,0.2583458904623203,2.0335889371925925e-09,0,0,0,0,0,1,-90,90
6,12,0.09616068048072983,0.0615428355076671,4.844390178914372e-10,0,0,0,0,0,1,-90,90
12,13,0.9705075962754944,0.6211248616163164,1.6297435516106339e-09,0,0,0,0,0,1,-90,90
12,11,0.33941674093005253,0.21722671419523362,1.709916275655073e-09,0,0,0,0,0,1,-90,90
7,11,0.40361344275060046,0.25831260336038436,2.0333269152880558e-09,0,0,0,0,0,1,-90,90
13,15,0.9274209384969858,0.5935494006380709,1.5573894526376204e-09,0,0,0,0,0,1,-90,90
17,16,0.9774434480032161,0.6255638067220582,1.6413907140558962e-09,0,0,0,0,0,1,-90,90
16,15,0.6972154325029635,0.4462178768018966,1.1708124280178963e-09,0,0,0,0,0,1,-90,90
