BUS_I,BUS_TYPE,Pd,Qd,Gs,Bs,area,Vm,Va,baseKV,zone,Vmax,Vmin
1,3,0.03647017333499847,0.00914028702201654,0,0,1,1,0,0.4,1,1.1,0.9
2,1,0.03722625536565248,0.009329779040847579,0,0,1,1,0,0.4,1,1.1,0.9
3,1,0.0,0.0,0,0,1,1,0,0.4,1,1.1,0.9
4,1,0.030236556064268155,0.007577995268793733,0,0,1,1,0,0.4,1,1.1,0.9
5,1,0.0,0.0,0,0,1,1,0,0.4,1,1.1,0.9
9,1,0.0,0.0,0,0,1,1,0,0.4,1,1.1,0.9
6,1,0.0,0.0,0,0,1,1,0,0.4,1,1.1,0.9
14,1,0.0,0.0,0,0,1,1,0,0.4,1,1.1,0.9
13,1,0.007831585354329354,0.001962780305935566,0,0,1,1,0,0.4,1,1.1,0.9
18,1,0.007433287319930404,0.0018629574089816382,0,0,1,1,0,0.4,1,1.1,0.9
7,1,0.0,0.0,0,0,1,1,0,0.4,1,1.1,0.9
12,1,0.034646277386338846,0.008683175608919859,0,0,1,1,0,0.4,1,1.1,0.9
10,1,0.04195116595454755,0.010513953257382544,0,0,1,1,0,0.4,1,1.1,0.9
15,1,0.008131936441557675,0.0020380553839952323,0,0,1,1,0,0.4,1,1.1,0.9
16,1,0.0,0.0,0,0,1,1,0,0.4,1,1.1,0.9
17,1,0.0,0.0,0,0,1,1,0,0.4,1,1.1,0.9
22,1,0.0,0.0,0,0,1,1,0,0.4,1,1.1,0.9
19,1,0.012997142614984346,0.0032573909884062945,0,0,1,1,0,0.4,1,1.1,0.9
29,1,0.011605510501527737,0.002908615104365122,0,0,1,1,0,0.4,1,1.1,0.9
20,1,0.0,0.0,0,0,1,1,0,0.4,1,1.1,0.9
21,1,0.0022330671234741537,0.0005596593759096668,0,0,1,1,0,0.4,1,1.1,0.9
28,1,0.0,0.0,0,0,1,1,0,0.4,1,1.1,0.9
25,1,0.0032796504916943864,0.0008219578928410822,0,0,1,1,0,0.4,1,1.1,0.9
26,1,0.0017752042052425125,0.0004449081118853971,0,0,1,1,0,0.4,1,1.1,0.9
