F_BUS,T_BUS,BR_R,BR_X,BR_B,RATE_A,RATE_B,RATE_C,TAP,SHIFT,BR_STATUS,ANGMIN,ANGMAX
1,2,2.363814058076527,0.9091592531063565,2.3855049470753656e-09,0,0,0,0,0,1,-90,90
2,4,1.6124182786503733,0.6201608764039896,1.6272141911217473e-09,0,0,0,0,0,1,-90,90
4,6,0.8554403124150854,0.32901550477503283,8.632900249583919e-10,0,0,0,0,0,1,-90,90
6,7,1.5729317606775188,0.604973754106738,1.5873653359864696e-09,0,0,0,0,0,1,-90,90
7,8,2.2282502651977136,0.8570193327683515,2.248697190368878e-09,0,0,0,0,0,1,-90,90
11,9,4.08449858281348,1.5709609933898,4.121978859687633e-09,0,0,0,0,0,1,-90,90
9,10,2.007902901147959,0.7722703465953689,2.026327869389618e-09,0,0,0,0,0,1,-90,90
9,8,1.1592744585562123,0.44587479175238937,1.1699122215028434e-09,0,0,0,0,0,1,-90,90
10,12,0.8796554255542177,0.3383290098285453,8.87727341417367e-10,0,0,0,0,0,1,-90,90
12,13,1.7343641925548332,0.6670631509826281,1.7502791081361708e-09,0,0,0,0,0,1,-90,90
13,16,3.4573499999999995,1.3297499999999998,3.489075420543931e-09,0,0,0,0,0,1,-90,90
16,14,2.6772871127122095,1.029725812581619,2.7018545009047974e-09,0,0,0,0,0,1,-90,90
