F_BUS,T_BUS,BR_R,BR_X,BR_B,RATE_A,RATE_B,RATE_C,TAP,SHIFT,BR_STATUS,ANGMIN,ANGMAX
1,2,0.7951652376011341,0.30583278369274386,8.024618525127893e-10,0,0,0,0,0,1,-90,90
1,3,1.8229700253733345,0.7011423174512825,1.8396980079883286e-09,0,0,0,0,0,1,-90,90
2,4,2.7391270029896035,1.0535103857652321,2.764261847912184e-09,0,0,0,0,0,1,-90,90
3,5,3.389466272605656,1.3036408740790986,3.4205687768120243e-09,0,0,0,0,0,1,-90,90
4,33,1.7676435513156918,0.6798629043521893,5.351591537314908e-09,0,0,0,0,0,1,-90,90
4,34,1.9541781128823446,0.7516069664932095,1.9721100903937155e-09,0,0,0,0,0,1,-90,90
4,32,1.2393025254468522,0.47665481747955857,3.752023931758109e-09,0,0,0,0,0,1,-90,90
5,9,2.784129924716694,1.0708192018141132,2.809677726562206e-09,0,0,0,0,0,1,-90,90
33,30,2.694380426627139,1.0363001640873613,8.157314000728381e-09,0,0,0,0,0,1,-90,90
34,11,0.5368458659865597,0.2064791792255999,5.417720842941348e-10,0,0,0,0,0,1,-90,90
32,31,0.8559980244413605,0.3292300094005233,2.591558564026652e-09,0,0,0,0,0,1,-90,90
9,13,3.20967556041042,1.2344906001578537,3.2391282646386873e-09,0,0,0,0,0,1,-90,90
30,19,0.12571,0.04835,3.805906296295523e-10,0,0,0,0,0,1,-90,90
11,8,4.786182647644776,1.840839479863376,4.830101735181936e-09,0,0,0,0,0,1,-90,90
31,29,0.7963244214856368,0.3062786236483219,2.4108950199873323e-09,0,0,0,0,0,1,-90,90
6,8,2.286446076446746,0.8794023370949023,2.3074270194598326e-09,0,0,0,0,0,1,-90,90
8,12,3.012736722631406,1.1587448933197717,3.0403822718276483e-09,0,0,0,0,0,1,-90,90
19,16,5.863419965940905,2.255161525361887,1.7751672075570265e-08,0,0,0,0,0,1,-90,90
14,15,0.1892136395116117,0.07277447673523527,5.728497191649307e-10,0,0,0,0,0,1,-90,90
14,16,0.7204967431883121,0.2771141319955047,2.18132454964666e-09,0,0,0,0,0,1,-90,90
15,17,0.7449544325483698,0.2865209355955269,2.2553709054881073e-09,0,0,0,0,0,1,-90,90
16,18,1.3696890752270874,0.5268034904719567,1.3822576499811643e-09,0,0,0,0,0,1,-90,90
17,22,3.6298833133833965,1.3961089666859217,1.0989575815149093e-08,0,0,0,0,0,1,-90,90
22,24,1.0582407562366472,0.4070156754756335,3.2038542336787777e-09,0,0,0,0,0,1,-90,90
20,29,0.7278699999999999,0.2799499999999999,7.345490986886808e-10,0,0,0,0,0,1,-90,90
20,35,4.000957401363188,1.5388297697550726,4.037671085582779e-09,0,0,0,0,0,1,-90,90
29,28,2.007343287539853,0.7720551105922512,6.077289361923858e-09,0,0,0,0,0,1,-90,90
24,25,2.314780611656445,0.8903002352524787,4.67204311746404e-09,0,0,0,0,0,1,-90,90
