BUS_I,BUS_TYPE,Pd,Qd,Gs,Bs,area,Vm,Va,baseKV,zone,Vmax,Vmin
1,1,0.015281248136753344,0.0038298417926778106,0,0,1,1,0,0.4,1,1.1,0.9
2,1,0.01754480378643499,0.004397142313526795,0,0,1,1,0,0.4,1,1.1,0.9
3,1,0.0,0.0,0,0,1,1,0,0.4,1,1.1,0.9
4,1,0.0,0.0,0,0,1,1,0,0.4,1,1.1,0.9
5,1,0.0,0.0,0,0,1,1,0,0.4,1,1.1,0.9
17,1,0.0,0.0,0,0,1,1,0,0.4,1,1.1,0.9
25,3,0.002874648229071957,0.0007204547579112938,0,0,1,1,0,0.4,1,1.1,0.9
15,1,0.007391720566113672,0.0018525397984874806,0,0,1,1,0,0.4,1,1.1,0.9
7,1,0.0,0.0,0,0,1,1,0,0.4,1,1.1,0.9
26,1,0.03750976672554422,0.009400833685409027,0,0,1,1,0,0.4,1,1.1,0.9
21,1,0.005009268332218712,0.0012554409847797081,0,0,1,1,0,0.4,1,1.1,0.9
27,1,0.007497651672023801,0.0018790886361824484,0,0,1,1,0,0.4,1,1.1,0.9
20,1,0.0,0.0,0,0,1,1,0,0.4,1,1.1,0.9
30,1,0.01184855544720172,0.0029695279095307272,0,0,1,1,0,0.4,1,1.1,0.9
6,1,0.021651553316467335,0.005426390765055405,0,0,1,1,0,0.4,1,1.1,0.9
24,1,0.0,0.0,0,0,1,1,0,0.4,1,1.1,0.9
32,1,0.0021741332925815306,0.0005448891656143232,0,0,1,1,0,0.4,1,1.1,0.9
8,1,0.005995547799537804,0.0015026259195046274,0,0,1,1,0,0.4,1,1.1,0.9
9,1,0.012292440317903061,0.003080775944621568,0,0,1,1,0,0.4,1,1.1,0.9
10,1,0.0,0.0,0,0,1,1,0,0.4,1,1.1,0.9
11,1,0.016456298414433728,0.0041243371520676185,0,0,1,1,0,0.4,1,1.1,0.9
12,1,0.0,0.0,0,0,1,1,0,0.4,1,1.1,0.9
13,1,0.007439554901321323,0.001864528212945761,0,0,1,1,0,0.4,1,1.1,0.9
18,1,0.012125141268185941,0.0030388468504305723,0,0,1,1,0,0.4,1,1.1,0.9
14,1,0.00499346788793682,0.0012514810201673854,0,0,1,1,0,0.4,1,1.1,0.9
16,1,0.004512205666775802,0.0011308653380356106,0,0,1,1,0,0.4,1,1.1,0.9
19,1,0.013126828627804144,0.0032898933669671423,0,0,1,1,0,0.4,1,1.1,0.9
22,1,0.0,0.0,0,0,1,1,0,0.4,1,1.1,0.9
28,1,0.0178430586639529,0.004471892031911434,0,0,1,1,0,0.4,1,1.1,0.9
29,1,0.0036352932861582867,0.0009110903789648206,0,0,1,1,0,0.4,1,1.1,0.9
23,1,0.006646627504913822,0.0016658018750089535,0,0,1,1,0,0.4,1,1.1,0.9
