F_BUS,T_BUS,BR_R,BR_X,BR_B,RATE_A,RATE_B,RATE_C,TAP,SHIFT,BR_STATUS,ANGMIN,ANGMAX
1,2,0.5682282821135244,0.36366610055265564,2.8626248228388687e-09,0,0,0,0,0,1,-90,90
1,3,1.5030952931378876,0.9619809876082482,7.572305062367772e-09,0,0,0,0,0,1,-90,90
2,4,1.6217061584869263,1.037891941431633,8.16984379476533e-09,0,0,0,0,0,1,-90,90
3,5,7.625002998900422,4.88000191929627,3.8413298925716475e-08,0,0,0,0,0,1,-90,90
4,19,2.423088283412183,1.550776501383797,4.0690176151421836e-09,0,0,0,0,0,1,-90,90
4,14,8.337458545639459,5.335973469209254,1.4000837658276021e-08,0,0,0,0,0,1,-90,90
5,6,2.2439181777640704,1.4361076337690053,1.1304428305107596e-08,0,0,0,0,0,1,-90,90
5,26,1.8651579968180827,1.193701117963573,9.396307343852261e-09,0,0,0,0,0,1,-90,90
19,12,0.6294311161343608,0.4028359143259909,1.0569843107254415e-09,0,0,0,0,0,1,-90,90
14,13,1.0362208090840974,0.6631813178138223,1.7400937284061975e-09,0,0,0,0,0,1,-90,90
6,17,1.1154588129431524,0.7138936402836176,5.619467012286974e-09,0,0,0,0,0,1,-90,90
6,25,2.2252028295556845,1.4241298109156384,3.736714659845558e-09,0,0,0,0,0,1,-90,90
26,7,1.5951377184263555,1.0208881397928675,2.678665700828059e-09,0,0,0,0,0,1,-90,90
17,15,0.10051226332906418,0.06432784853060108,3.375743036880516e-10,0,0,0,0,0,1,-90,90
25,23,0.2789175715861255,0.1785072458151203,4.683776978849633e-10,0,0,0,0,0,1,-90,90
7,27,1.7498989530369493,1.1199353299436476,2.9385514813349416e-09,0,0,0,0,0,1,-90,90
27,28,2.7438763969166837,1.7560808940266774,4.60770722604647e-09,0,0,0,0,0,1,-90,90
12,10,2.517979574527203,1.6115069276974099,4.2283656412598606e-09,0,0,0,0,0,1,-90,90
15,16,3.336915674281529,2.1356260315401787,5.603579841414263e-09,0,0,0,0,0,1,-90,90
18,22,0.27554687499999997,0.17634999999999995,4.6271739079745984e-10,0,0,0,0,0,1,-90,90
18,16,1.930243591463385,1.2353558985365665,3.2413986848715147e-09,0,0,0,0,0,1,-90,90
22,20,1.4438400491775571,0.9240576314736366,2.424596179086827e-09,0,0,0,0,0,1,-90,90
8,9,1.2854804165898264,0.822707466617489,2.1586677195510793e-09,0,0,0,0,0,1,-90,90
8,10,0.13723127831668333,0.08782801812267735,2.3044826416012068e-10,0,0,0,0,0,1,-90,90
20,21,0.15678422207820983,0.10034190213005428,2.6328292112998473e-10,0,0,0,0,0,1,-90,90
