F_BUS,T_BUS,BR_R,BR_X,BR_B,RATE_A,RATE_B,RATE_C,TAP,SHIFT,BR_STATUS,ANGMIN,ANGMAX
1,2,3.857294269569128,1.4835747190650492,3.892689668607056e-09,0,0,0,0,0,1,-90,90
1,3,1.531221186245276,0.5889312254789524,1.545272015949937e-09,0,0,0,0,0,1,-90,90
2,4,1.7471661673601233,0.6719869874462012,1.763198556739165e-09,0,0,0,0,0,1,-90,90
3,10,0.75179,0.28914999999999996,7.586885939840403e-10,0,0,0,0,0,1,-90,90
4,11,2.0901795659193576,0.8039152176612915,2.1093595233263672e-09,0,0,0,0,0,1,-90,90
10,14,0.828089356947184,0.3184959065181477,8.356880909767451e-10,0,0,0,0,0,1,-90,90
5,6,5.686984130207087,2.187301588541187,5.7391691745784935e-09,0,0,0,0,0,1,-90,90
5,12,7.850067321752384,3.019256662212456,7.92210130358262e-09,0,0,0,0,0,1,-90,90
6,15,6.17990400557816,2.3768861559916004,1.2473224386992202e-08,0,0,0,0,0,1,-90,90
6,14,4.384295317285196,1.6862674297250753,4.4245265963658965e-09,0,0,0,0,0,1,-90,90
12,13,1.8617134433247504,0.7160436320479809,1.87879694424938e-09,0,0,0,0,0,1,-90,90
15,17,2.8867799999999995,1.1102999999999998,2.913269742004081e-09,0,0,0,0,0,1,-90,90
15,22,5.0814459992379115,1.954402307399197,5.128074489641574e-09,0,0,0,0,0,1,-90,90
17,19,3.8837089953608883,1.4937342289849571,3.919346781858661e-09,0,0,0,0,0,1,-90,90
17,16,2.5160856007343075,0.9677252310516568,2.539173767627398e-09,0,0,0,0,0,1,-90,90
19,21,2.7235831869753073,1.0475319949905029,2.748575398349097e-09,0,0,0,0,0,1,-90,90
