BUS_I,BUS_TYPE,Pd,Qd,Gs,Bs,area,Vm,Va,baseKV,zone,Vmax,Vmin
1,1,0.0019469751848399228,0.0004879579773508457,0,0,1,1,0,0.4,1,1.1,0.9
2,3,0.004285489888007781,0.00107404500786265,0,0,1,1,0,0.4,1,1.1,0.9
3,1,0.0,0.0,0,0,1,1,0,0.4,1,1.1,0.9
4,1,0.0,0.0,0,0,1,1,0,0.4,1,1.1,0.9
5,1,0.0,0.0,0,0,1,1,0,0.4,1,1.1,0.9
6,1,0.0012244227578747852,0.0003068692693194481,0,0,1,1,0,0.4,1,1.1,0.9
33,1,0.006805261440436524,0.0017055592868751076,0,0,1,1,0,0.4,1,1.1,0.9
17,1,0.0,0.0,0,0,1,1,0,0.4,1,1.1,0.9
28,1,0.0010168786698693526,0.00025485381777039137,0,0,1,1,0,0.4,1,1.1,0.9
10,1,0.0057256248693896465,0.001434976856454788,0,0,1,1,0,0.4,1,1.1,0.9
11,1,0.011250942018645795,0.0028197518661037383,0,0,1,1,0,0.4,1,1.1,0.9
12,1,0.002315295875361877,0.0005802678437338301,0,0,1,1,0,0.4,1,1.1,0.9
13,1,0.005841585963388066,0.0014640394461166652,0,0,1,1,0,0.4,1,1.1,0.9
14,1,0.011830689535908923,0.002965050290090149,0,0,1,1,0,0.4,1,1.1,0.9
15,1,0.005389049189775343,0.0013506230397606195,0,0,1,1,0,0.4,1,1.1,0.9
16,1,0.012561647272714539,0.003148245567337581,0,0,1,1,0,0.4,1,1.1,0.9
18,1,0.0018980766190188746,0.00047570284155908803,0,0,1,1,0,0.4,1,1.1,0.9
31,1,0.0018823668859258645,0.0004717656113136922,0,0,1,1,0,0.4,1,1.1,0.9
25,1,0.006578420152564011,0.0016487075011554896,0,0,1,1,0,0.4,1,1.1,0.9
26,1,0.0008361452491905586,0.0002095577528380719,0,0,1,1,0,0.4,1,1.1,0.9
27,1,0.0006286519409841966,0.00015755502790630217,0,0,1,1,0,0.4,1,1.1,0.9
29,1,0.0011406769981185413,0.00028588060348510344,0,0,1,1,0,0.4,1,1.1,0.9
