BUS_I,BUS_TYPE,Pd,Qd,Gs,Bs,area,Vm,Va,baseKV,zone,Vmax,Vmin
1,1,0.017488963040096728,0.004383147303292897,0,0,1,1,0,0.4,1,1.1,0.9
2,1,0.009864701143641751,0.0024723271537833015,0,0,1,1,0,0.4,1,1.1,0.9
3,1,0.0,0.0,0,0,1,1,0,0.4,1,1.1,0.9
4,1,0.004460359353437,0.0011178714270772745,0,0,1,1,0,0.4,1,1.1,0.9
5,1,0.03347187197119463,0.008388841867316076,0,0,1,1,0,0.4,1,1.1,0.9
6,1,0.03766680660917163,0.009440191590211776,0,0,1,1,0,0.4,1,1.1,0.9
19,3,0.03693219989787035,0.009256081793751068,0,0,1,1,0,0.4,1,1.1,0.9
7,1,0.0,0.0,0,0,1,1,0,0.4,1,1.1,0.9
16,1,0.01856379791885464,0.004652526316188727,0,0,1,1,0,0.4,1,1.1,0.9
18,1,0.01161334227652775,0.002910577932200746,0,0,1,1,0,0.4,1,1.1,0.9
8,1,0.029648300943961023,0.007430564638497873,0,0,1,1,0,0.4,1,1.1,0.9
9,1,0.03626042279758643,0.009087718582120248,0,0,1,1,0,0.4,1,1.1,0.9
11,1,0.0,0.0,0,0,1,1,0,0.4,1,1.1,0.9
17,1,0.018284863600036776,0.004582618786250027,0,0,1,1,0,0.4,1,1.1,0.9
13,1,0.0,0.0,0,0,1,1,0,0.4,1,1.1,0.9
21,1,0.06965946990540103,0.017458308818232973,0,0,1,1,0,0.4,1,1.1,0.9
14,1,0.0,0.0,0,0,1,1,0,0.4,1,1.1,0.9
22,1,0.012338678777764879,0.0030923643950166594,0,0,1,1,0,0.4,1,1.1,0.9
20,1,0.036347143936000116,0.009109452948137545,0,0,1,1,0,0.4,1,1.1,0.9
