BUS_I,BUS_TYPE,Pd,Qd,Gs,Bs,area,Vm,Va,baseKV,zone,Vmax,Vmin
37,1,0.002590263123744547,0.0006491811321019952,0,0,1,1,0,0.4,1,1.1,0.9
33,1,0.0,0.0,0,0,1,1,0,0.4,1,1.1,0.9
21,1,0.0006777842372719171,0.00016986874207473913,0,0,1,1,0,0.4,1,1.1,0.9
22,1,0.0005763889122646993,0.00014445667822893233,0,0,1,1,0,0.4,1,1.1,0.9
23,1,0.0004271650407114301,0.00010705765070019555,0,0,1,1,0,0.4,1,1.1,0.9
24,1,0.00035685859973065917,8.94371956462015e-05,0,0,1,1,0,0.4,1,1.1,0.9
25,1,0.000544421204066157,0.00013644481533793955,0,0,1,1,0,0.4,1,1.1,0.9
26,1,0.001245732266318473,0.000312209935558796,0,0,1,1,0,0.4,1,1.1,0.9
28,1,0.000533201815426891,0.00013363297149413659,0,0,1,1,0,0.4,1,1.1,0.9
27,1,0.00129027428134701,0.0003233732168012546,0,0,1,1,0,0.4,1,1.1,0.9
29,3,0.0017886901913857969,0.00044828801861060766,0,0,1,1,0,0.4,1,1.1,0.9
30,1,0.0002953211539206003,7.401445794382938e-05,0,0,1,1,0,0.4,1,1.1,0.9
39,1,0.0011528821073383897,0.0002889394921934118,0,0,1,1,0,0.4,1,1.1,0.9
40,1,0.001405399188000308,0.00035222623816005887,0,0,1,1,0,0.4,1,1.1,0.9
31,1,0.001968752981202955,0.0004934160076057807,0,0,1,1,0,0.4,1,1.1,0.9
34,1,0.001274703853599479,0.00031947089976643457,0,0,1,1,0,0.4,1,1.1,0.9
32,1,0.0034495722849493824,0.0008645443085232901,0,0,1,1,0,0.4,1,1.1,0.9
35,1,0.004070870032899097,0.0010202562019170954,0,0,1,1,0,0.4,1,1.1,0.9
36,1,0.0,0.0,0,0,1,1,0,0.4,1,1.1,0.9
45,1,0.003673465542805155,0.0009206572482754095,0,0,1,1,0,0.4,1,1.1,0.9
38,1,0.003730664608134259,0.0009349926853378204,0,0,1,1,0,0.4,1,1.1,0.9
43,1,0.004833637146101254,0.0012114236603654523,0,0,1,1,0,0.4,1,1.1,0.9
44,1,0.003273638889334257,0.0008204512432694147,0,0,1,1,0,0.4,1,1.1,0.9
41,1,0.0019404130711331289,0.00048631335663022946,0,0,1,1,0,0.4,1,1.1,0.9
