F_BUS,T_BUS,BR_R,BR_X,BR_B,RATE_A,RATE_B,RATE_C,TAP,SHIFT,BR_STATUS,ANGMIN,ANGMAX
1,3,4.554974507017423,1.7519132719297783,4.596771976698542e-09,0,0,0,0,0,1,-90,90
3,4,2.4990063914719127,0.9611563044122743,2.521937835702731e-09,0,0,0,0,0,1,-90,90
4,5,4.925172969992413,1.8942972961509286,4.970367463961672e-09,0,0,0,0,0,1,-90,90
5,6,15.636486458421395,6.014033253238998,1.5779970372032372e-08,0,0,0,0,0,1,-90,90
6,7,2.4285299999999994,0.9340499999999998,2.450814737025049e-09,0,0,0,0,0,1,-90,90
7,11,38.60639011133795,14.848611581283828,3.896065102271958e-08,0,0,0,0,0,1,-90,90
7,8,3.849477648043049,1.4805683261704035,3.884801320005283e-09,0,0,0,0,0,1,-90,90
11,23,18.13530005542199,6.975115405931534,1.830171364413839e-08,0,0,0,0,0,1,-90,90
8,9,5.404824298691905,2.0787785764199636,1.09088403620834e-08,0,0,0,0,0,1,-90,90
23,22,10.981275029217116,4.2235673189296605,1.108204167662351e-08,0,0,0,0,0,1,-90,90
9,10,2.73544743105718,1.052095165791223,2.7605485114008264e-09,0,0,0,0,0,1,-90,90
10,18,1.3678433335655567,0.5260935898329064,1.380394971379368e-09,0,0,0,0,0,1,-90,90
22,20,1.9113047510803867,0.7351172119539949,1.928843312989259e-09,0,0,0,0,0,1,-90,90
21,20,2.2726210587803592,0.8740850226078305,2.2934751403245485e-09,0,0,0,0,0,1,-90,90
