BUS_I,BUS_TYPE,Pd,Qd,Gs,Bs,area,Vm,Va,baseKV,zone,Vmax,Vmin
1,1,0.01353706591196416,0.0033927085219682494,0,0,1,1,0,0.4,1,1.1,0.9
2,1,0.0,0.0,0,0,1,1,0,0.4,1,1.1,0.9
3,1,0.003555366186078562,0.0008910587594587777,0,0,1,1,0,0.4,1,1.1,0.9
4,1,0.0,0.0,0,0,1,1,0,0.4,1,1.1,0.9
5,1,0.0,0.0,0,0,1,1,0,0.4,1,1.1,0.9
6,1,0.0,0.0,0,0,1,1,0,0.4,1,1.1,0.9
8,1,0.0943187233135054,0.02363850028122271,0,0,1,1,0,0.4,1,1.1,0.9
7,3,0.071475959698069,0.0179135640736725,0,0,1,1,0,0.4,1,1.1,0.9
14,1,0.08018806646136874,0.020097023846445045,0,0,1,1,0,0.4,1,1.1,0.9
15,1,0.0973200607086766,0.024390706337108117,0,0,1,1,0,0.4,1,1.1,0.9
11,1,0.0,0.0,0,0,1,1,0,0.4,1,1.1,0.9
13,1,0.0,0.0,0,0,1,1,0,0.4,1,1.1,0.9
9,1,0.035778425041264994,0.008966918557500729,0,0,1,1,0,0.4,1,1.1,0.9
10,1,0.020227258669709213,0.005069428878537641,0,0,1,1,0,0.4,1,1.1,0.9
