F_BUS,T_BUS,BR_R,BR_X,BR_B,RATE_A,RATE_B,RATE_C,TAP,SHIFT,BR_STATUS,ANGMIN,ANGMAX
1,2,0.7342115705949123,0.4698954051807439,1.232938904638214e-09,0,0,0,0,0,1,-90,90
2,4,1.6648235244756917,1.0654870556644427,5.5913738624952525e-09,0,0,0,0,0,1,-90,90
2,6,4.059187615268402,2.597880073771777,1.3632937786678644e-08,0,0,0,0,0,1,-90,90
4,7,1.1299646272846304,0.7231773614621635,1.897514838557209e-09,0,0,0,0,0,1,-90,90
6,9,0.8804364793452004,0.5634793467809283,1.4784898957228704e-09,0,0,0,0,0,1,-90,90
6,25,0.265886772123138,0.17016753415880836,1.3394864316030863e-09,0,0,0,0,0,1,-90,90
9,8,0.5563998980247722,0.35609593473585427,9.343452327448655e-10,0,0,0,0,0,1,-90,90
25,24,0.5601351943187625,0.358486524364008,2.821853402717842e-09,0,0,0,0,0,1,-90,90
8,10,0.24336253427400337,0.15575202193536217,4.086712174729771e-10,0,0,0,0,0,1,-90,90
24,23,0.23322329949839973,0.14926291167897585,1.174934137254223e-09,0,0,0,0,0,1,-90,90
10,11,0.2112560615401436,0.13520387938569192,3.547558054723098e-10,0,0,0,0,0,1,-90,90
10,12,0.4383593749999999,0.28054999999999997,7.361234135992479e-10,0,0,0,0,0,1,-90,90
11,27,0.4559840024040059,0.29182976153856377,7.657199082289149e-10,0,0,0,0,0,1,-90,90
12,29,2.3891485128590695,1.5290550482298046,4.012023602509664e-09,0,0,0,0,0,1,-90,90
29,28,1.5296061512462684,0.9789479367976118,2.568620555948668e-09,0,0,0,0,0,1,-90,90
15,22,1.3622658143645165,0.8718501211932905,2.2876110759569525e-09,0,0,0,0,0,1,-90,90
15,17,0.9625005840070576,0.6160003737645169,1.6162976222204553e-09,0,0,0,0,0,1,-90,90
15,13,1.1852602072947211,0.7585665326686215,1.9903710050620963e-09,0,0,0,0,0,1,-90,90
17,26,2.5986365853154116,1.6631274146018633,4.363810478300536e-09,0,0,0,0,0,1,-90,90
17,23,0.9391926835996947,0.6010833175038046,1.5771573820654473e-09,0,0,0,0,0,1,-90,90
