BUS_I,BUS_TYPE,Pd,Qd,Gs,Bs,area,Vm,Va,baseKV,zone,Vmax,Vmin
1,1,0.010361021049656726,0.0025967166474675477,0,0,1,1,0,0.4,1,1.1,0.9
2,1,0.009157263277771345,0.0022950265118339775,0,0,1,1,0,0.4,1,1.1,0.9
3,1,0.0,0.0,0,0,1,1,0,0.4,1,1.1,0.9
4,1,0.01554553421706973,0.0038960781279928753,0,0,1,1,0,0.4,1,1.1,0.9
5,1,0.03132736504640926,0.007851377769375254,0,0,1,1,0,0.4,1,1.1,0.9
6,1,0.016553063509225096,0.004148588770835138,0,0,1,1,0,0.4,1,1.1,0.9
15,1,0.017064183803765964,0.004276687591533583,0,0,1,1,0,0.4,1,1.1,0.9
16,1,0.07283324383924797,0.018253731544412257,0,0,1,1,0,0.4,1,1.1,0.9
14,3,0.05126244372874504,0.012847579440513816,0,0,1,1,0,0.4,1,1.1,0.9
9,1,0.055721335589348595,0.013965083079218458,0,0,1,1,0,0.4,1,1.1,0.9
7,1,0.021633286432293133,0.005421812652338021,0,0,1,1,0,0.4,1,1.1,0.9
25,1,0.036081647302846104,0.009042913219682843,0,0,1,1,0,0.4,1,1.1,0.9
12,1,0.0,0.0,0,0,1,1,0,0.4,1,1.1,0.9
8,1,0.022420538096663698,0.005619116517740873,0,0,1,1,0,0.4,1,1.1,0.9
24,1,0.01438016196052918,0.0036040083093377027,0,0,1,1,0,0.4,1,1.1,0.9
19,1,0.0006823933918353573,0.00017102390509663386,0,0,1,1,0,0.4,1,1.1,0.9
17,1,0.0017446065691772501,0.0004372396214380726,0,0,1,1,0,0.4,1,1.1,0.9
21,1,0.0025170079512178666,0.00063082165526072,0,0,1,1,0,0.4,1,1.1,0.9
18,1,0.0008625380547352241,0.00021617241342053228,0,0,1,1,0,0.4,1,1.1,0.9
10,1,0.049710840079414044,0.012458710910358413,0,0,1,1,0,0.4,1,1.1,0.9
11,1,0.029645709255578627,0.007429915100162283,0,0,1,1,0,0.4,1,1.1,0.9
13,1,0.0,0.0,0,0,1,1,0,0.4,1,1.1,0.9
23,1,0.04633511534828075,0.011612674543422147,0,0,1,1,0,0.4,1,1.1,0.9
33,1,0.041015492293225334,0.01027945133316989,0,0,1,1,0,0.4,1,1.1,0.9
31,1,0.0008983153120546011,0.0002251390393193412,0,0,1,1,0,0.4,1,1.1,0.9
20,1,0.0008333788763728075,0.0002088644344561742,0,0,1,1,0,0.4,1,1.1,0.9
22,1,0.0043535290760058735,0.001091097235756799,0,0,1,1,0,0.4,1,1.1,0.9
26,1,0.0,0.0,0,0,1,1,0,0.4,1,1.1,0.9
29,1,0.018174136953808106,0.004554868072859693,0,0,1,1,0,0.4,1,1.1,0.9
30,1,0.006234465012485876,0.0015625042173341027,0,0,1,1,0,0.4,1,1.1,0.9
27,1,0.002646998893774445,0.0006634004564173732,0,0,1,1,0,0.4,1,1.1,0.9
