F_BUS,T_BUS,BR_R,BR_X,BR_B,RATE_A,RATE_B,RATE_C,TAP,SHIFT,BR_STATUS,ANGMIN,ANGMAX
1,2,0.3866404302494438,0.24744987535964405,6.492733806610216e-10,0,0,0,0,0,1,-90,90
1,3,0.22520639770550213,0.14413209453152137,3.7818217585369103e-10,0,0,0,0,0,1,-90,90
2,4,1.1871524962465394,0.7597775975977852,1.9935486676881746e-09,0,0,0,0,0,1,-90,90
3,5,1.7578011539004124,1.124992738496264,2.951821404156963e-09,0,0,0,0,0,1,-90,90
4,6,2.2340899767141273,1.4298175850970416,3.751638572681759e-09,0,0,0,0,0,1,-90,90
5,7,2.456098582539623,1.571903092825359,4.124450795002027e-09,0,0,0,0,0,1,-90,90
6,8,2.27779330430602,1.457787714755853,3.825028226302353e-09,0,0,0,0,0,1,-90,90
7,10,4.340906880448675,2.778180403487152,7.2895513890910655e-09,0,0,0,0,0,1,-90,90
8,9,4.95240881536121,3.1695416418311746,8.31642777732928e-09,0,0,0,0,0,1,-90,90
10,12,7.993219374674498,5.115660399791679,1.3422767407981266e-08,0,0,0,0,0,1,-90,90
9,11,20.720647451681184,13.261214369075958,3.4795545855767564e-08,0,0,0,0,0,1,-90,90
12,258,23.322373729470232,14.92631918686095,3.916454475959377e-08,0,0,0,0,0,1,-90,90
