BUS_I,BUS_TYPE,Pd,Qd,Gs,Bs,area,Vm,Va,baseKV,zone,Vmax,Vmin
1,1,0.004769289081503308,0.001195296515195784,0,0,1,1,0,0.4,1,1.1,0.9
2,1,0.004128378804825726,0.0010346692587694642,0,0,1,1,0,0.4,1,1.1,0.9
3,1,0.0077693117579426055,0.0019471730715075936,0,0,1,1,0,0.4,1,1.1,0.9
4,1,0.010514916313905323,0.0026352864363643654,0,0,1,1,0,0.4,1,1.1,0.9
5,1,0.00704527833894979,0.001765713191886581,0,0,1,1,0,0.4,1,1.1,0.9
6,1,0.007470774551460434,0.0018723525948146722,0,0,1,1,0,0.4,1,1.1,0.9
7,1,0.00626108597997005,0.0015691760606887822,0,0,1,1,0,0.4,1,1.1,0.9
8,1,0.0,0.0,0,0,1,1,0,0.4,1,1.1,0.9
18,1,0.0,0.0,0,0,1,1,0,0.4,1,1.1,0.9
17,1,0.011815178310948917,0.00296116281067251,0,0,1,1,0,0.4,1,1.1,0.9
9,3,0.00604546364257933,0.0015151360090003535,0,0,1,1,0,0.4,1,1.1,0.9
10,1,0.004503542196158331,0.0011286940676299801,0,0,1,1,0,0.4,1,1.1,0.9
11,1,0.008694520121284582,0.0021790521448105007,0,0,1,1,0,0.4,1,1.1,0.9
12,1,0.00509201251246472,0.0012761786311271193,0,0,1,1,0,0.4,1,1.1,0.9
13,1,0.003952946662843887,0.0009907018195178833,0,0,1,1,0,0.4,1,1.1,0.9
14,1,0.0,0.0,0,0,1,1,0,0.4,1,1.1,0.9
15,1,0.008471851241309104,0.002123246063080319,0,0,1,1,0,0.4,1,1.1,0.9
16,1,0.003342899536453192,0.0008378095976754289,0,0,1,1,0,0.4,1,1.1,0.9
19,1,0.0021991827585134283,0.0005511671535542941,0,0,1,1,0,0.4,1,1.1,0.9
20,1,0.0008782662911632326,0.00022011428103880802,0,0,1,1,0,0.4,1,1.1,0.9
53,1,0.0020943498893150276,0.0005248935599244178,0,0,1,1,0,0.4,1,1.1,0.9
50,1,0.0006375914162086246,0.00015979547158686633,0,0,1,1,0,0.4,1,1.1,0.9
51,1,0.0,0.0,0,0,1,1,0,0.4,1,1.1,0.9
52,1,0.0,0.0,0,0,1,1,0,0.4,1,1.1,0.9
66,1,0.0003895057919584083,9.761935328728438e-05,0,0,1,1,0,0.4,1,1.1,0.9
57,1,0.0008656156163331945,0.00021694372306238667,0,0,1,1,0,0.4,1,1.1,0.9
94,1,0.0041871818755980315,0.0010494066974895328,0,0,1,1,0,0.4,1,1.1,0.9
54,1,0.002094055176105171,0.0005248196978316187,0,0,1,1,0,0.4,1,1.1,0.9
55,1,0.0005107974404722966,0.00012801790584164206,0,0,1,1,0,0.4,1,1.1,0.9
56,1,0.0018125557331763516,0.0004542692871913157,0,0,1,1,0,0.4,1,1.1,0.9
58,1,0.0,0.0,0,0,1,1,0,0.4,1,1.1,0.9
59,1,0.0012926749929569358,0.00032397489184596165,0,0,1,1,0,0.4,1,1.1,0.9
60,1,0.0007276257178903544,0.00018236019459047506,0,0,1,1,0,0.4,1,1.1,0.9
64,1,0.0004300736524386306,0.00010778661751310353,0,0,1,1,0,0.4,1,1.1,0.9
65,1,0.001204821940041365,0.00030195684131374424,0,0,1,1,0,0.4,1,1.1,0.9
