BUS_I,BUS_TYPE,Pd,Qd,Gs,Bs,area,Vm,Va,baseKV,zone,Vmax,Vmin
1,1,0.013339192676354212,0.0033431168144971365,0,0,1,1,0,0.4,1,1.1,0.9
2,1,0.0,0.0,0,0,1,1,0,0.4,1,1.1,0.9
3,1,0.0050803751513617155,0.0012732620335095743,0,0,1,1,0,0.4,1,1.1,0.9
4,1,0.004581434263125851,0.001148215659761763,0,0,1,1,0,0.4,1,1.1,0.9
26,1,0.008926822808966315,0.0022372726863443483,0,0,1,1,0,0.4,1,1.1,0.9
29,1,0.005224746377359599,0.0013094448734215177,0,0,1,1,0,0.4,1,1.1,0.9
25,1,0.005900200370465419,0.001478729601257721,0,0,1,1,0,0.4,1,1.1,0.9
17,1,0.0,0.0,0,0,1,1,0,0.4,1,1.1,0.9
5,1,0.036700153529471424,0.009197925491884869,0,0,1,1,0,0.4,1,1.1,0.9
6,1,0.0,0.0,0,0,1,1,0,0.4,1,1.1,0.9
7,1,0.0,0.0,0,0,1,1,0,0.4,1,1.1,0.9
8,1,0.06431115385409411,0.0161178944652666,0,0,1,1,0,0.4,1,1.1,0.9
9,1,0.0,0.0,0,0,1,1,0,0.4,1,1.1,0.9
10,1,0.01942699739816775,0.004868864498234204,0,0,1,1,0,0.4,1,1.1,0.9
24,1,0.0,0.0,0,0,1,1,0,0.4,1,1.1,0.9
11,3,0.03198781214199305,0.008016901414164184,0,0,1,1,0,0.4,1,1.1,0.9
27,1,0.013582401380342278,0.0034040706613649354,0,0,1,1,0,0.4,1,1.1,0.9
22,1,0.006308443221244699,0.0015810449041364163,0,0,1,1,0,0.4,1,1.1,0.9
28,1,0.00473041326315376,0.0011855533167013132,0,0,1,1,0,0.4,1,1.1,0.9
18,1,0.0,0.0,0,0,1,1,0,0.4,1,1.1,0.9
12,1,0.03889078574434102,0.009746949677200951,0,0,1,1,0,0.4,1,1.1,0.9
13,1,0.0,0.0,0,0,1,1,0,0.4,1,1.1,0.9
14,1,0.01535585801062843,0.00384854078968094,0,0,1,1,0,0.4,1,1.1,0.9
15,1,0.0459118520604848,0.011506594764178962,0,0,1,1,0,0.4,1,1.1,0.9
20,1,0.01003576555380222,0.0025151999362556065,0,0,1,1,0,0.4,1,1.1,0.9
21,1,0.0073210686482534084,0.0018348327587658178,0,0,1,1,0,0.4,1,1.1,0.9
23,1,0.011579697514729688,0.002902145760058406,0,0,1,1,0,0.4,1,1.1,0.9
