BUS_I,BUS_TYPE,Pd,Qd,Gs,Bs,area,Vm,Va,baseKV,zone,Vmax,Vmin
1,1,0.06712425195748442,0.01682292330760015,0,0,1,1,0,0.4,1,1.1,0.9
2,1,0.0145530279993037,0.003647332622503,0,0,1,1,0,0.4,1,1.1,0.9
3,1,0.02424538564808021,0.006076466424969431,0,0,1,1,0,0.4,1,1.1,0.9
4,1,0.0,0.0,0,0,1,1,0,0.4,1,1.1,0.9
5,1,0.019467463331966438,0.004879006217225679,0,0,1,1,0,0.4,1,1.1,0.9
6,1,0.0,0.0,0,0,1,1,0,0.4,1,1.1,0.9
12,1,0.02800950335020427,0.007019843245968813,0,0,1,1,0,0.4,1,1.1,0.9
8,1,0.027544637345716102,0.006903336843085273,0,0,1,1,0,0.4,1,1.1,0.9
13,1,0.031585544587441595,0.007916083661682694,0,0,1,1,0,0.4,1,1.1,0.9
15,1,0.0,0.0,0,0,1,1,0,0.4,1,1.1,0.9
16,1,0.0,0.0,0,0,1,1,0,0.4,1,1.1,0.9
14,1,0.04214470405364906,0.010562458477229844,0,0,1,1,0,0.4,1,1.1,0.9
9,1,0.0,0.0,0,0,1,1,0,0.4,1,1.1,0.9
10,1,0.0388151622082822,0.009727996632507466,0,0,1,1,0,0.4,1,1.1,0.9
11,1,0.040602821909320436,0.010176026385892307,0,0,1,1,0,0.4,1,1.1,0.9
21,1,0.014189274913721727,0.0035561675058246884,0,0,1,1,0,0.4,1,1.1,0.9
22,1,0.02504256698598033,0.0062762589011409065,0,0,1,1,0,0.4,1,1.1,0.9
20,1,0.04587245499891261,0.011496720929818864,0,0,1,1,0,0.4,1,1.1,0.9
23,1,0.017117814836115765,0.0042901287952389075,0,0,1,1,0,0.4,1,1.1,0.9
18,3,0.0015127994166123748,0.00037914327271120613,0,0,1,1,0,0.4,1,1.1,0.9
17,1,0.0,0.0,0,0,1,1,0,0.4,1,1.1,0.9
19,1,0.0,0.0,0,0,1,1,0,0.4,1,1.1,0.9
24,1,0.02111863919381595,0.005292829896167366,0,0,1,1,0,0.4,1,1.1,0.9
25,1,0.009174564115091686,0.002299362510387551,0,0,1,1,0,0.4,1,1.1,0.9
26,1,0.023336602574833054,0.005848703917401146,0,0,1,1,0,0.4,1,1.1,0.9
27,1,0.017824236712392014,0.004467174806193839,0,0,1,1,0,0.4,1,1.1,0.9
28,1,0.03148306131767596,0.007890398933178435,0,0,1,1,0,0.4,1,1.1,0.9
