F_BUS,T_BUS,BR_R,BR_X,BR_B,RATE_A,RATE_B,RATE_C,TAP,SHIFT,BR_STATUS,ANGMIN,ANGMAX
1,2,1.44411307646649,0.9242323689385537,2.4250546654142496e-09,0,0,0,0,0,1,-90,90
1,3,5.345810326600144,3.421318609024093,8.97705483331116e-09,0,0,0,0,0,1,-90,90
3,4,6.923828124999998,4.4312499999999995,1.1626971579082754e-08,0,0,0,0,0,1,-90,90
4,12,0.3667862243434468,0.23474318357980598,6.15932823439393e-10,0,0,0,0,0,1,-90,90
12,8,1.7486780753534361,1.1191539682261993,2.9365012989977333e-09,0,0,0,0,0,1,-90,90
8,9,2.238074004966019,1.4323673631782519,3.758328828768236e-09,0,0,0,0,0,1,-90,90
8,6,4.777093265350703,3.05733968982445,8.022025767264445e-09,0,0,0,0,0,1,-90,90
5,6,1.641974057868585,1.0508633970358945,2.7573165248710193e-09,0,0,0,0,0,1,-90,90
6,7,1.0133593749999998,0.6485499999999998,1.7017032254136238e-09,0,0,0,0,0,1,-90,90
6,18,2.9004196575397554,1.8562685808254435,4.870585508017312e-09,0,0,0,0,0,1,-90,90
7,22,1.3173437499999996,0.8430999999999998,2.2121748351649464e-09,0,0,0,0,0,1,-90,90
7,20,5.804269642004586,3.714732570882935,9.746931458515973e-09,0,0,0,0,0,1,-90,90
18,17,3.223521575305014,2.0630538081952094,5.4131606192393e-09,0,0,0,0,0,1,-90,90
20,21,1.2242968749999998,0.7835499999999999,2.0559240802911804e-09,0,0,0,0,0,1,-90,90
9,10,1.021033177113197,0.6534612333524461,1.7145896052403398e-09,0,0,0,0,0,1,-90,90
14,16,1.8292968749999996,1.1707499999999997,3.071881969243698e-09,0,0,0,0,0,1,-90,90
14,17,0.29937499999999995,0.19159999999999996,5.027312281077023e-10,0,0,0,0,0,1,-90,90
14,13,3.3681913523595957,2.155642465510141,5.656100125506414e-09,0,0,0,0,0,1,-90,90
10,11,0.983266134713638,0.6292903262167283,1.6511685727308587e-09,0,0,0,0,0,1,-90,90
11,19,1.4380677345124924,0.9203633500879952,2.414902908638085e-09,0,0,0,0,0,1,-90,90
