F_BUS,T_BUS,BR_R,BR_X,BR_B,RATE_A,RATE_B,RATE_C,TAP,SHIFT,BR_STATUS,ANGMIN,ANGMAX
6,7,4.557373725860242,1.7528360484077854,4.59919321131262e-09,0,0,0,0,0,1,-90,90
6,8,2.8229426706951766,1.0857471810366064,2.8488466270198802e-09,0,0,0,0,0,1,-90,90
6,24,43.274936391533124,16.64420630443582,4.367203693270867e-08,0,0,0,0,0,1,-90,90
7,9,6.4366443970064084,2.4756324603870805,6.495708492451408e-09,0,0,0,0,0,1,-90,90
8,10,0.9156835103529559,0.35218596552036774,9.240860280185355e-10,0,0,0,0,0,1,-90,90
8,11,18.838074050005893,7.245413096156114,1.9010936450825646e-08,0,0,0,0,0,1,-90,90
24,23,2.2912735771668356,0.8812590681410906,2.312298818411377e-09,0,0,0,0,0,1,-90,90
9,20,5.901089999999999,2.2696499999999995,5.955239727947007e-09,0,0,0,0,0,1,-90,90
10,22,0.1282836199124194,0.049339853812469005,1.2946077923693656e-10,0,0,0,0,0,1,-90,90
11,14,3.769159971067424,1.4496769119490092,3.80374662997655e-09,0,0,0,0,0,1,-90,90
20,17,20.734869999999997,7.974949999999998,2.0925137826709402e-08,0,0,0,0,0,1,-90,90
14,13,8.049859999999999,3.0960999999999994,8.12372732434372e-09,0,0,0,0,0,1,-90,90
12,13,6.932309029319761,2.6662727035845233,6.995921454817805e-09,0,0,0,0,0,1,-90,90
15,16,1.7471095449354774,0.6719652095905683,1.7631414147344262e-09,0,0,0,0,0,1,-90,90
15,17,4.048693909526535,1.5571899652025136,4.085845634672495e-09,0,0,0,0,0,1,-90,90
16,18,0.8070301199144464,0.3103961999670948,8.144356096525132e-10,0,0,0,0,0,1,-90,90
17,19,3.1901999999999995,1.2269999999999999,3.219473992109346e-09,0,0,0,0,0,1,-90,90
18,21,0.9924236461004006,0.3817014023463079,1.0015303484968247e-09,0,0,0,0,0,1,-90,90
19,28,7.126642691961184,2.741016419985071,7.19203836681875e-09,0,0,0,0,0,1,-90,90
28,27,4.499461070815562,1.7305619503136778,4.540749136730981e-09,0,0,0,0,0,1,-90,90
26,27,4.336971458766653,1.6680659456794824,4.3767684834868585e-09,0,0,0,0,0,1,-90,90
