F_BUS,T_BUS,BR_R,BR_X,BR_B,RATE_A,RATE_B,RATE_C,TAP,SHIFT,BR_STATUS,ANGMIN,ANGMAX
1,2,1.4071903577954998,0.90060182898912,2.3630514797690148e-09,0,0,0,0,0,1,-90,90
1,3,5.632685633679324,3.6049188055547674,9.458795711613257e-09,0,0,0,0,0,1,-90,90
2,4,0.5347695958044049,0.34225254131481914,1.7960442632377992e-09,0,0,0,0,0,1,-90,90
3,5,10.53047889975825,6.739506495845281,1.768350927711971e-08,0,0,0,0,0,1,-90,90
4,17,0.26033246331379156,0.16661277652082662,8.743365945589701e-10,0,0,0,0,0,1,-90,90
5,16,5.115400941914708,3.2738566028254135,8.590135441476674e-09,0,0,0,0,0,1,-90,90
17,20,0.1077835222697422,0.06898145425263501,3.619951066083767e-10,0,0,0,0,0,1,-90,90
16,10,3.1354417591173207,2.0066827258350854,5.2652508934320685e-09,0,0,0,0,0,1,-90,90
20,27,3.0017157880604715,1.9210981043587019,5.040688983922908e-09,0,0,0,0,0,1,-90,90
20,18,1.717604601111994,1.0992669447116763,2.884320569588219e-09,0,0,0,0,0,1,-90,90
27,26,1.4127202049646166,0.9041409311773546,2.3723375820106114e-09,0,0,0,0,0,1,-90,90
