BUS_I,BUS_TYPE,Pd,Qd,Gs,Bs,area,Vm,Va,baseKV,zone,Vmax,Vmin
1,1,0.0025297997822862975,0.0006340275903252075,0,0,1,1,0,0.4,1,1.1,0.9
2,1,0.0,0.0,0,0,1,1,0,0.4,1,1.1,0.9
3,1,0.0,0.0,0,0,1,1,0,0.4,1,1.1,0.9
4,1,0.0,0.0,0,0,1,1,0,0.4,1,1.1,0.9
5,1,0.005281698645625414,0.0013237184573094472,0,0,1,1,0,0.4,1,1.1,0.9
17,1,0.009259971043103428,0.0023207675042307497,0,0,1,1,0,0.4,1,1.1,0.9
11,1,0.014343910702977063,0.00359492288778262,0,0,1,1,0,0.4,1,1.1,0.9
15,1,0.013489288661291994,0.003380734414243147,0,0,1,1,0,0.4,1,1.1,0.9
9,1,0.01770447144715205,0.004437158801347745,0,0,1,1,0,0.4,1,1.1,0.9
6,1,0.010737316070172857,0.0026910250693354633,0,0,1,1,0,0.4,1,1.1,0.9
7,1,0.008342010277693665,0.002090704850189471,0,0,1,1,0,0.4,1,1.1,0.9
8,1,0.011525328692751748,0.0028885196488424663,0,0,1,1,0,0.4,1,1.1,0.9
10,1,0.0016372627571919296,0.0004103367262263943,0,0,1,1,0,0.4,1,1.1,0.9
12,1,0.005869610257966912,0.0014710629963939647,0,0,1,1,0,0.4,1,1.1,0.9
14,3,0.014508142616981004,0.003636083285304795,0,0,1,1,0,0.4,1,1.1,0.9
16,1,0.0,0.0,0,0,1,1,0,0.4,1,1.1,0.9
18,1,0.006135294678708335,0.001537649788854432,0,0,1,1,0,0.4,1,1.1,0.9
19,1,0.02495004967862536,0.00625307187825618,0,0,1,1,0,0.4,1,1.1,0.9
21,1,0.0,0.0,0,0,1,1,0,0.4,1,1.1,0.9
22,1,0.0,0.0,0,0,1,1,0,0.4,1,1.1,0.9
20,1,0.03296189110156902,0.00826102861341957,0,0,1,1,0,0.4,1,1.1,0.9
26,1,0.00425478057075452,0.001066348527471217,0,0,1,1,0,0.4,1,1.1,0.9
24,1,0.004163827331195072,0.0010435534969261391,0,0,1,1,0,0.4,1,1.1,0.9
23,1,0.007297084225951695,0.0018288216959205384,0,0,1,1,0,0.4,1,1.1,0.9
25,1,0.006252549129107204,0.0015670365241849706,0,0,1,1,0,0.4,1,1.1,0.9
