F_BUS,T_BUS,BR_R,BR_X,BR_B,RATE_A,RATE_B,RATE_C,TAP,SHIFT,BR_STATUS,ANGMIN,ANGMAX
1,3,6.236252239733418,2.398558553743623,6.293477491710678e-09,0,0,0,0,0,1,-90,90
3,5,2.5172372662404867,0.9681681793232643,2.540336001075067e-09,0,0,0,0,0,1,-90,90
3,6,5.65910879978455,2.1765803076094423,5.711038053859789e-09,0,0,0,0,0,1,-90,90
5,7,0.7136251681960011,0.2744712185369235,7.201735531069161e-10,0,0,0,0,0,1,-90,90
6,8,2.7828779366325693,1.0703376679356036,2.8084142499540716e-09,0,0,0,0,0,1,-90,90
8,9,2.9489199999999993,1.1341999999999997,2.975979952608329e-09,0,0,0,0,0,1,-90,90
8,10,0.24835597634159426,0.09552152936215164,2.506349465916516e-10,0,0,0,0,0,1,-90,90
9,19,2.0463299999999993,0.7870499999999998,2.065107583936154e-09,0,0,0,0,0,1,-90,90
9,16,0.22231386283890672,0.08550533186111797,2.243538648032176e-10,0,0,0,0,0,1,-90,90
10,14,2.6071465006446295,1.0027486540940882,2.6310702628187197e-09,0,0,0,0,0,1,-90,90
19,18,1.8752603743469252,0.7212539901334328,1.892468184954913e-09,0,0,0,0,0,1,-90,90
14,25,2.4447799999999997,0.9402999999999999,2.467213850676787e-09,0,0,0,0,0,1,-90,90
14,12,1.5421020484915042,0.5931161724967324,1.5562527234333097e-09,0,0,0,0,0,1,-90,90
25,29,10.207999813259173,3.9261537743304515,1.0301670713511685e-08,0,0,0,0,0,1,-90,90
25,23,7.0779758064428515,2.7222983870934043,7.142924903022363e-09,0,0,0,0,0,1,-90,90
12,11,2.990829334227066,1.150318974702718,3.01827385630423e-09,0,0,0,0,0,1,-90,90
11,13,3.4225734338278153,1.3163743976260829,3.4539797367854783e-09,0,0,0,0,0,1,-90,90
13,15,1.8730214472456714,0.7203928643252583,1.890208712955441e-09,0,0,0,0,0,1,-90,90
15,26,0.717658551829114,0.2760225199342746,7.242439479746379e-10,0,0,0,0,0,1,-90,90
26,27,1.5542821937502567,0.5978008437500989,1.5685446364421082e-09,0,0,0,0,0,1,-90,90
23,24,1.8549699999999996,0.7134499999999999,1.8719916215732785e-09,0,0,0,0,0,1,-90,90
23,21,1.77128926938836,0.6812651036109076,1.7875430177726134e-09,0,0,0,0,0,1,-90,90
22,21,0.7096129433347426,0.2729280551287472,7.161245111686941e-10,0,0,0,0,0,1,-90,90
24,28,8.508436758104347,3.27247567619398,8.586512085832899e-09,0,0,0,0,0,1,-90,90
