F_BUS,T_BUS,BR_R,BR_X,BR_B,RATE_A,RATE_B,RATE_C,TAP,SHIFT,BR_STATUS,ANGMIN,ANGMAX
1,2,0.6702205532242983,0.2577771358554994,6.763706476342445e-10,0,0,0,0,0,1,-90,90
1,3,3.3845920555399736,1.3017661752076821,3.4156498328352014e-09,0,0,0,0,0,1,-90,90
2,4,1.3382248423766827,0.5147018624525703,1.350504694259407e-09,0,0,0,0,0,1,-90,90
3,5,1.2735106046518074,0.4898117710199259,1.2851966241464305e-09,0,0,0,0,0,1,-90,90
4,15,1.0507635161615216,0.4041398139082775,1.0604055583159014e-09,0,0,0,0,0,1,-90,90
4,16,3.856308380094789,1.4831955308056881,3.8916947323893484e-09,0,0,0,0,0,1,-90,90
5,10,2.6227020426391063,1.008731554861195,2.6467685459622166e-09,0,0,0,0,0,1,-90,90
15,13,0.783537001774245,0.3013603852977866,7.90726913380828e-10,0,0,0,0,0,1,-90,90
10,9,1.3536847045173694,0.5206479632759113,1.3661064195692737e-09,0,0,0,0,0,1,-90,90
13,11,1.0844091061897143,0.4170804254575825,1.09435988783911e-09,0,0,0,0,0,1,-90,90
18,17,1.4978710402103674,0.5761042462347568,1.5116158414804877e-09,0,0,0,0,0,1,-90,90
17,14,0.6586135291670328,0.25331289583347416,6.646571149158714e-10,0,0,0,0,0,1,-90,90
11,12,1.023374136463121,0.3936054371012004,1.0327648475143814e-09,0,0,0,0,0,1,-90,90
12,14,1.1710682523494882,0.4504108662882647,1.1818142377982958e-09,0,0,0,0,0,1,-90,90
