BUS_I,BUS_TYPE,Pd,Qd,Gs,Bs,area,Vm,Va,baseKV,zone,Vmax,Vmin
1,1,0.055762040752193306,0.013975284754660498,0,0,1,1,0,0.4,1,1.1,0.9
2,1,0.018836328969586497,0.0047208290358720035,0,0,1,1,0,0.4,1,1.1,0.9
4,1,0.0,0.0,0,0,1,1,0,0.4,1,1.1,0.9
6,1,0.0,0.0,0,0,1,1,0,0.4,1,1.1,0.9
7,1,0.0,0.0,0,0,1,1,0,0.4,1,1.1,0.9
5,1,0.0,0.0,0,0,1,1,0,0.4,1,1.1,0.9
25,1,0.08015612185393217,0.020089017773150745,0,0,1,1,0,0.4,1,1.1,0.9
22,1,0.07641819191576164,0.01915220422446711,0,0,1,1,0,0.4,1,1.1,0.9
10,1,0.0,0.0,0,0,1,1,0,0.4,1,1.1,0.9
26,1,0.005436980752891637,0.001362635821829752,0,0,1,1,0,0.4,1,1.1,0.9
14,1,0.016144831510075817,0.0040462761876312835,0,0,1,1,0,0.4,1,1.1,0.9
8,1,0.0,0.0,0,0,1,1,0,0.4,1,1.1,0.9
9,1,0.0,0.0,0,0,1,1,0,0.4,1,1.1,0.9
20,1,0.010272016913991551,0.0025744101084046933,0,0,1,1,0,0.4,1,1.1,0.9
19,1,0.022685618563299988,0.0056855519450345685,0,0,1,1,0,0.4,1,1.1,0.9
13,1,0.0,0.0,0,0,1,1,0,0.4,1,1.1,0.9
15,1,0.039281438102511966,0.009844856387067984,0,0,1,1,0,0.4,1,1.1,0.9
12,1,0.0,0.0,0,0,1,1,0,0.4,1,1.1,0.9
21,1,0.06293250763203925,0.015772373152393996,0,0,1,1,0,0.4,1,1.1,0.9
18,1,0.024840156642206842,0.006225530087177763,0,0,1,1,0,0.4,1,1.1,0.9
23,3,0.05746792924059796,0.014402820710367333,0,0,1,1,0,0.4,1,1.1,0.9
24,1,0.0053233201037754165,0.001334149778001877,0,0,1,1,0,0.4,1,1.1,0.9
16,1,0.0,0.0,0,0,1,1,0,0.4,1,1.1,0.9
17,1,0.05805073558851543,0.014548885749578617,0,0,1,1,0,0.4,1,1.1,0.9
