F_BUS,T_BUS,BR_R,BR_X,BR_B,RATE_A,RATE_B,RATE_C,TAP,SHIFT,BR_STATUS,ANGMIN,ANGMAX
1,2,1.7837416069271255,1.1415946284333602,2.995382408942899e-09,0,0,0,0,0,1,-90,90
2,4,3.4966282467659093,2.237842077930182,5.8717802512992326e-09,0,0,0,0,0,1,-90,90
4,6,0.6309663335871145,0.40381845349575324,1.0595623541673964e-09,0,0,0,0,0,1,-90,90
4,7,4.376584792344629,2.801014267100563,7.349464209011805e-09,0,0,0,0,0,1,-90,90
6,10,1.013403273720921,0.6485780951813898,5.105330829555756e-09,0,0,0,0,0,1,-90,90
6,26,0.4681358246551724,0.29960692777931036,2.35837826856057e-09,0,0,0,0,0,1,-90,90
7,14,0.6497460069226745,0.4158374444305117,1.0910984818983275e-09,0,0,0,0,0,1,-90,90
5,25,3.884687499999999,2.4861999999999997,6.523436217752451e-09,0,0,0,0,0,1,-90,90
5,22,1.588751668939969,1.0168010681215802,2.6679418043736202e-09,0,0,0,0,0,1,-90,90
22,23,1.6234324111279277,1.0389967431218738,5.452360215757438e-09,0,0,0,0,0,1,-90,90
10,15,0.1291299538994449,0.08264317049564475,6.505318778390875e-10,0,0,0,0,0,1,-90,90
26,24,0.18278365621737888,0.1169815399791225,9.208289132510627e-10,0,0,0,0,0,1,-90,90
8,9,2.5573061662509917,1.6366759464006346,4.294405576974568e-09,0,0,0,0,0,1,-90,90
8,20,1.1162560237694314,0.7144038552124361,1.874494402379046e-09,0,0,0,0,0,1,-90,90
9,19,0.25953124999999994,0.16609999999999994,4.358228444086083e-10,0,0,0,0,0,1,-90,90
9,13,4.927193439846956,3.1534038015020522,8.274084372905136e-09,0,0,0,0,0,1,-90,90
20,12,0.4646847553884113,0.29739824344858323,7.803308150625246e-10,0,0,0,0,0,1,-90,90
13,18,0.5449737559979784,0.3487832038387062,9.151576639309595e-10,0,0,0,0,0,1,-90,90
15,16,0.6670807160754422,0.42693165828828306,3.3606243771815214e-09,0,0,0,0,0,1,-90,90
12,21,1.1545671435492184,0.7389229718714999,1.9388290872962025e-09,0,0,0,0,0,1,-90,90
21,17,2.606919747658795,1.6684286385016287,4.377720138016627e-09,0,0,0,0,0,1,-90,90
23,24,0.9375462646077979,0.6000296093489907,4.723177803898794e-09,0,0,0,0,0,1,-90,90
16,17,0.31611241754670044,0.2023119472298883,1.0616757170328018e-09,0,0,0,0,0,1,-90,90
