BUS_I,BUS_TYPE,Pd,Qd,Gs,Bs,area,Vm,Va,baseKV,zone,Vmax,Vmin
1,1,0.0004092483062232719,0.00010256729376619455,0,0,1,1,0,0.4,1,1.1,0.9
2,1,0.0031943421089091575,0.0008005775967597151,0,0,1,1,0,0.4,1,1.1,0.9
3,1,0.0,0.0,0,0,1,1,0,0.4,1,1.1,0.9
4,1,0.0007947755448116186,0.0001991895275881904,0,0,1,1,0,0.4,1,1.1,0.9
5,1,0.0,0.0,0,0,1,1,0,0.4,1,1.1,0.9
6,1,0.0,0.0,0,0,1,1,0,0.4,1,1.1,0.9
23,1,0.0015602481552046245,0.0003910350475481961,0,0,1,1,0,0.4,1,1.1,0.9
14,1,0.0,0.0,0,0,1,1,0,0.4,1,1.1,0.9
13,1,0.00024132989077648882,6.0482971891230324e-05,0,0,1,1,0,0.4,1,1.1,0.9
22,1,0.0,0.0,0,0,1,1,0,0.4,1,1.1,0.9
12,1,0.024730882600360105,0.006198143430762381,0,0,1,1,0,0.4,1,1.1,0.9
8,1,0.0003070068302091342,7.694316448828314e-05,0,0,1,1,0,0.4,1,1.1,0.9
9,1,0.00023963632649517263,6.005852467297128e-05,0,0,1,1,0,0.4,1,1.1,0.9
10,1,0.0009244342505136227,0.00023168506234020638,0,0,1,1,0,0.4,1,1.1,0.9
11,1,0.001152797095871422,0.00028891818631144873,0,0,1,1,0,0.4,1,1.1,0.9
21,1,0.04477819739857203,0.011222474124045177,0,0,1,1,0,0.4,1,1.1,0.9
15,1,0.0010703494104076787,0.00026825484856097056,0,0,1,1,0,0.4,1,1.1,0.9
16,1,0.003649641908152535,0.000914686482613497,0,0,1,1,0,0.4,1,1.1,0.9
17,1,0.0056731939351055746,0.0014218364256762754,0,0,1,1,0,0.4,1,1.1,0.9
18,1,0.03598253790713654,0.00901807406372263,0,0,1,1,0,0.4,1,1.1,0.9
19,1,0.0942684103117064,0.02362589065435974,0,0,1,1,0,0.4,1,1.1,0.9
20,3,0.011907230861792071,0.0029842333545958034,0,0,1,1,0,0.4,1,1.1,0.9
