F_BUS,T_BUS,BR_R,BR_X,BR_B,RATE_A,RATE_B,RATE_C,TAP,SHIFT,BR_STATUS,ANGMIN,ANGMAX
1,2,0.09266712006122305,0.03564120002354733,9.351745437928089e-11,0,0,0,0,0,1,-90,90
2,3,8.231259727353288,3.165869125905111,8.306791616359786e-09,0,0,0,0,0,1,-90,90
3,9,1.4479045952516114,0.5568863827890814,1.4611908931942115e-09,0,0,0,0,0,1,-90,90
9,10,3.417965965581725,1.3146022944545097,3.4493299893753606e-09,0,0,0,0,0,1,-90,90
10,11,3.146156607893906,1.2100602338053486,3.1750264479397516e-09,0,0,0,0,0,1,-90,90
4,5,2.4724320323988525,0.9509353970764818,2.495119624338963e-09,0,0,0,0,0,1,-90,90
4,6,4.997274061455217,1.9220284851750835,5.0431301712424665e-09,0,0,0,0,0,1,-90,90
5,7,1.6272839806625536,0.6258784541009821,1.6422163041562476e-09,0,0,0,0,0,1,-90,90
6,8,1.6141688783152022,0.6208341839673854,1.6289808546824994e-09,0,0,0,0,0,1,-90,90
8,27,2.3857289229550362,0.9175880472903986,2.407620907678761e-09,0,0,0,0,0,1,-90,90
8,26,0.07265431001248573,0.027943965389417593,7.332100228821001e-11,0,0,0,0,0,1,-90,90
26,20,2.9823225582064743,1.1470471377717208,3.0096890201952096e-09,0,0,0,0,0,1,-90,90
20,18,2.275354737845635,0.8751364376329365,2.296233904243246e-09,0,0,0,0,0,1,-90,90
11,22,2.60508339623467,1.0019551523979502,2.628988226899069e-09,0,0,0,0,0,1,-90,90
22,15,0.9320406296930795,0.3584771652665691,9.405932439615347e-10,0,0,0,0,0,1,-90,90
15,23,0.9403549999999998,0.36167499999999997,1.897967817597633e-09,0,0,0,0,0,1,-90,90
15,13,1.298996681031145,0.499614108088902,1.3109165664899166e-09,0,0,0,0,0,1,-90,90
12,13,0.008868830324116582,0.003411088586198686,8.950212704195364e-12,0,0,0,0,0,1,-90,90
23,24,2.6711330574824665,1.0273588682624872,2.695643974681312e-09,0,0,0,0,0,1,-90,90
23,21,1.1003817559429188,0.42322375228573794,2.220958212431723e-09,0,0,0,0,0,1,-90,90
21,19,3.644958365113595,1.4019070635052289,7.356810644351215e-09,0,0,0,0,0,1,-90,90
17,18,1.143739490712153,0.43989980412005886,1.1542347013027918e-09,0,0,0,0,0,1,-90,90
17,19,0.9754560878813594,0.37517541841590746,9.844070921505755e-10,0,0,0,0,0,1,-90,90
