BUS_I,BUS_TYPE,Pd,Qd,Gs,Bs,area,Vm,Va,baseKV,zone,Vmax,Vmin
1,1,0.05771529394346414,0.014464816148736773,0,0,1,1,0,0.4,1,1.1,0.9
2,1,0.0,0.0,0,0,1,1,0,0.4,1,1.1,0.9
3,1,0.0,0.0,0,0,1,1,0,0.4,1,1.1,0.9
4,1,0.0,0.0,0,0,1,1,0,0.4,1,1.1,0.9
5,1,0.03994556154451564,0.010011301411121045,0,0,1,1,0,0.4,1,1.1,0.9
8,1,0.09421484465169669,0.023612465834507223,0,0,1,1,0,0.4,1,1.1,0.9
6,1,0.011693515951957037,0.002930671349314572,0,0,1,1,0,0.4,1,1.1,0.9
37,1,0.012995012784653955,0.0032568572026096337,0,0,1,1,0,0.4,1,1.1,0.9
10,1,0.0,0.0,0,0,1,1,0,0.4,1,1.1,0.9
22,1,0.00318419993917789,0.0007980357294228567,0,0,1,1,0,0.4,1,1.1,0.9
20,1,0.003663597191108254,0.0009181840062067374,0,0,1,1,0,0.4,1,1.1,0.9
9,3,0.0,0.0,0,0,1,1,0,0.4,1,1.1,0.9
11,1,0.0,0.0,0,0,1,1,0,0.4,1,1.1,0.9
21,1,0.007813930968966482,0.00195835569989019,0,0,1,1,0,0.4,1,1.1,0.9
7,1,0.0,0.0,0,0,1,1,0,0.4,1,1.1,0.9
14,1,0.0,0.0,0,0,1,1,0,0.4,1,1.1,0.9
40,1,0.028623047399781155,0.007173611879374276,0,0,1,1,0,0.4,1,1.1,0.9
13,1,0.0,0.0,0,0,1,1,0,0.4,1,1.1,0.9
18,1,0.0014832319861480538,0.0003717329761254189,0,0,1,1,0,0.4,1,1.1,0.9
33,1,0.0015318607902089553,0.00038392050324713667,0,0,1,1,0,0.4,1,1.1,0.9
19,1,0.0014041412901172484,0.00035191097923353994,0,0,1,1,0,0.4,1,1.1,0.9
26,1,0.0,0.0,0,0,1,1,0,0.4,1,1.1,0.9
28,1,0.027421372167093894,0.006872443677262397,0,0,1,1,0,0.4,1,1.1,0.9
29,1,0.0,0.0,0,0,1,1,0,0.4,1,1.1,0.9
16,1,0.0013107975195306067,0.0003285168251382971,0,0,1,1,0,0.4,1,1.1,0.9
34,1,0.00156485375700871,0.00039218932016466484,0,0,1,1,0,0.4,1,1.1,0.9
15,1,0.0018756195543118805,0.0004700745706098808,0,0,1,1,0,0.4,1,1.1,0.9
17,1,0.0010992012253267119,0.00027548579498515416,0,0,1,1,0,0.4,1,1.1,0.9
27,1,0.0,0.0,0,0,1,1,0,0.4,1,1.1,0.9
25,1,0.0,0.0,0,0,1,1,0,0.4,1,1.1,0.9
23,1,0.0013994011966787258,0.0003507229998362033,0,0,1,1,0,0.4,1,1.1,0.9
31,1,0.0,0.0,0,0,1,1,0,0.4,1,1.1,0.9
41,1,0.038799825743847396,0.009724152952206046,0,0,1,1,0,0.4,1,1.1,0.9
30,1,0.03567799346395522,0.008941748031595817,0,0,1,1,0,0.4,1,1.1,0.9
35,1,0.001346234496416378,0.00033739816872153917,0,0,1,1,0,0.4,1,1.1,0.9
36,1,0.002652146570529596,0.0006646905858227493,0,0,1,1,0,0.4,1,1.1,0.9
