BUS_I,BUS_TYPE,Pd,Qd,Gs,Bs,area,Vm,Va,baseKV,zone,Vmax,Vmin
1,1,0.04797904025037428,0.012024680960549749,0,0,1,1,0,0.4,1,1.1,0.9
2,1,0.0,0.0,0,0,1,1,0,0.4,1,1.1,0.9
3,1,0.0,0.0,0,0,1,1,0,0.4,1,1.1,0.9
4,1,0.09430773912688166,0.023635747384560493,0,0,1,1,0,0.4,1,1.1,0.9
14,1,0.04177269442951162,0.010469224076934147,0,0,1,1,0,0.4,1,1.1,0.9
13,3,0.01940703561031295,0.004863861602613459,0,0,1,1,0,0.4,1,1.1,0.9
8,1,0.0,0.0,0,0,1,1,0,0.4,1,1.1,0.9
10,1,0.02182145671192726,0.0054689725698155315,0,0,1,1,0,0.4,1,1.1,0.9
11,1,0.0,0.0,0,0,1,1,0,0.4,1,1.1,0.9
7,1,0.0,0.0,0,0,1,1,0,0.4,1,1.1,0.9
5,1,0.05821526971256136,0.01459012188807683,0,0,1,1,0,0.4,1,1.1,0.9
12,1,0.03830405139712929,0.009599900188570083,0,0,1,1,0,0.4,1,1.1,0.9
