F_BUS,T_BUS,BR_R,BR_X,BR_B,RATE_A,RATE_B,RATE_C,TAP,SHIFT,BR_STATUS,ANGMIN,ANGMAX
49,50,0.8044221355900806,0.3093931290731079,8.118036938779146e-10,0,0,0,0,0,1,-90,90
49,51,1.7547746346320017,0.6749133210123084,1.7708768410165226e-09,0,0,0,0,0,1,-90,90
50,52,1.6352898716239421,0.6289576429322856,1.6502956589722007e-09,0,0,0,0,0,1,-90,90
51,53,1.6472384569438192,0.6335532526706997,1.6623538871960878e-09,0,0,0,0,0,1,-90,90
51,54,0.8287935277772649,0.3187667414527942,8.363987234366058e-10,0,0,0,0,0,1,-90,90
52,73,0.6101445714709288,0.2346709890272803,6.157433951718882e-10,0,0,0,0,0,1,-90,90
53,61,12.348812189799968,4.749543149923065,1.2462127665508078e-08,0,0,0,0,0,1,-90,90
54,72,1.5021386318755074,0.5777456276444259,1.5159225935257701e-09,0,0,0,0,0,1,-90,90
73,74,0.9753431483153951,0.3751319801213059,9.84293116225774e-10,0,0,0,0,0,1,-90,90
73,71,0.8299125185507319,0.3191971225195123,8.375279823208724e-10,0,0,0,0,0,1,-90,90
61,59,3.195416697365901,1.229006422063808,3.224738559062586e-09,0,0,0,0,0,1,-90,90
72,69,3.015952318209606,1.1599816608498486,3.0436273744334902e-09,0,0,0,0,0,1,-90,90
55,56,1.5416488828286177,0.5929418780110068,1.5557953994204644e-09,0,0,0,0,0,1,-90,90
55,57,0.11647387913284869,0.04479764582032642,1.175426696220594e-10,0,0,0,0,0,1,-90,90
56,58,1.311090357484495,0.5042655221094212,1.3231212172361225e-09,0,0,0,0,0,1,-90,90
57,59,22.04142108185318,8.47746964686661,2.224367811490094e-08,0,0,0,0,0,1,-90,90
58,60,0.11406093160881717,0.043869589080314304,1.1510758034930405e-10,0,0,0,0,0,1,-90,90
60,78,0.09277428691539524,0.03568241804438279,9.362560462058977e-11,0,0,0,0,0,1,-90,90
62,63,3.446071101771159,1.3254119622196765,3.4776930246103218e-09,0,0,0,0,0,1,-90,90
62,64,0.42133132723003336,0.16205051047308977,4.2519755817127616e-10,0,0,0,0,0,1,-90,90
64,65,3.853421230632123,1.4820850887046628,3.888781089794406e-09,0,0,0,0,0,1,-90,90
65,71,1.9432670382226216,0.7474103993163929,1.9610988932609524e-09,0,0,0,0,0,1,-90,90
66,67,4.449168133171161,1.7112185127581394,4.489994699788807e-09,0,0,0,0,0,1,-90,90
66,68,2.677251182710394,1.0297119933501517,2.701818241201211e-09,0,0,0,0,0,1,-90,90
67,69,5.723403788732095,2.2013091495123445,5.77592302807444e-09,0,0,0,0,0,1,-90,90
68,70,7.328619999999999,2.8186999999999993,7.395869064024951e-09,0,0,0,0,0,1,-90,90
70,79,5.351839999999998,2.0584,5.400949686518238e-09,0,0,0,0,0,1,-90,90
74,75,1.1011354259333066,0.42351362535896414,1.1112396920514479e-09,0,0,0,0,0,1,-90,90
