BUS_I,BUS_TYPE,Pd,Qd,Gs,Bs,area,Vm,Va,baseKV,zone,Vmax,Vmin
1,1,0.006465472082306398,0.0016204000464237966,0,0,1,1,0,0.4,1,1.1,0.9
2,1,0.008135993076438251,0.002039072072531681,0,0,1,1,0,0.4,1,1.1,0.9
3,1,0.005368299877082064,0.0013454227718105866,0,0,1,1,0,0.4,1,1.1,0.9
4,1,0.0,0.0,0,0,1,1,0,0.4,1,1.1,0.9
5,1,0.0,0.0,0,0,1,1,0,0.4,1,1.1,0.9
11,1,0.0024395167423401877,0.0006114005276362644,0,0,1,1,0,0.4,1,1.1,0.9
12,1,0.0,0.0,0,0,1,1,0,0.4,1,1.1,0.9
10,1,0.003216413972164665,0.0008061093271250446,0,0,1,1,0,0.4,1,1.1,0.9
6,1,0.00621645372589334,0.0015579901634090122,0,0,1,1,0,0.4,1,1.1,0.9
7,1,0.0035544759001825362,0.0008908356327808048,0,0,1,1,0,0.4,1,1.1,0.9
8,1,0.005003731999979174,0.0012540534491282103,0,0,1,1,0,0.4,1,1.1,0.9
9,1,0.005456733534927683,0.00136758633565469,0,0,1,1,0,0.4,1,1.1,0.9
18,1,0.0032900329572673045,0.0008245599839926921,0,0,1,1,0,0.4,1,1.1,0.9
16,1,0.0038046403450870633,0.000953532752647151,0,0,1,1,0,0.4,1,1.1,0.9
22,1,0.00021262081760642414,5.328779992151979e-05,0,0,1,1,0,0.4,1,1.1,0.9
23,1,0.00030719377471478406,7.699001719784207e-05,0,0,1,1,0,0.4,1,1.1,0.9
20,1,0.0023441341260001876,0.0005874953906288172,0,0,1,1,0,0.4,1,1.1,0.9
13,1,0.004377444775227802,0.0010970910749747462,0,0,1,1,0,0.4,1,1.1,0.9
14,1,0.0006507726065006015,0.00016309898927113433,0,0,1,1,0,0.4,1,1.1,0.9
15,1,0.0016325259625407874,0.00040914957358310694,0,0,1,1,0,0.4,1,1.1,0.9
27,1,0.0009811772148300613,0.00024590618971375176,0,0,1,1,0,0.4,1,1.1,0.9
17,1,0.0016854256670854903,0.000422407489263328,0,0,1,1,0,0.4,1,1.1,0.9
30,3,0.014673455027858943,0.003677514480869634,0,0,1,1,0,0.4,1,1.1,0.9
19,1,0.0006622101088955271,0.00016596549757490209,0,0,1,1,0,0.4,1,1.1,0.9
24,1,0.0004690859865304273,0.00011756403007767801,0,0,1,1,0,0.4,1,1.1,0.9
28,1,0.00012548418963229195,3.1449302404702946e-05,0,0,1,1,0,0.4,1,1.1,0.9
35,1,0.0,0.0,0,0,1,1,0,0.4,1,1.1,0.9
25,1,0.0009293633024883126,0.0002329203992107298,0,0,1,1,0,0.4,1,1.1,0.9
26,1,0.001729351915706736,0.00043341644489703615,0,0,1,1,0,0.4,1,1.1,0.9
29,1,0.004089035131875826,0.0010248088048593826,0,0,1,1,0,0.4,1,1.1,0.9
31,1,0.0002827462793514655,7.086289730352257e-05,0,0,1,1,0,0.4,1,1.1,0.9
32,1,0.0004287172752760641,0.00010744667735263085,0,0,1,1,0,0.4,1,1.1,0.9
33,1,0.0001526128229404756,3.824837880815616e-05,0,0,1,1,0,0.4,1,1.1,0.9
34,1,0.0,0.0,0,0,1,1,0,0.4,1,1.1,0.9
