BUS_I,BUS_TYPE,Pd,Qd,Gs,Bs,area,Vm,Va,baseKV,zone,Vmax,Vmin
1,1,0.007097199172724198,0.001778725779426577,0,0,1,1,0,0.4,1,1.1,0.9
2,1,0.015557077854663552,0.003898971236284862,0,0,1,1,0,0.4,1,1.1,0.9
3,1,0.0,0.0,0,0,1,1,0,0.4,1,1.1,0.9
4,1,0.0033231205548927343,0.0008328525176307265,0,0,1,1,0,0.4,1,1.1,0.9
5,1,0.0,0.0,0,0,1,1,0,0.4,1,1.1,0.9
6,1,0.0,0.0,0,0,1,1,0,0.4,1,1.1,0.9
11,1,0.0,0.0,0,0,1,1,0,0.4,1,1.1,0.9
28,1,0.009931337693452247,0.0024890278474112184,0,0,1,1,0,0.4,1,1.1,0.9
23,1,0.0,0.0,0,0,1,1,0,0.4,1,1.1,0.9
13,3,0.009759871767676547,0.0024460544356401897,0,0,1,1,0,0.4,1,1.1,0.9
9,1,0.010556942091817512,0.002645819089140992,0,0,1,1,0,0.4,1,1.1,0.9
24,1,0.0,0.0,0,0,1,1,0,0.4,1,1.1,0.9
22,1,0.0028972868701198553,0.0007261285361811552,0,0,1,1,0,0.4,1,1.1,0.9
12,1,0.007639749861119419,0.0019147017993476566,0,0,1,1,0,0.4,1,1.1,0.9
10,1,0.007808698427034831,0.001957044301266698,0,0,1,1,0,0.4,1,1.1,0.9
27,1,0.01185676650122097,0.002971585793648794,0,0,1,1,0,0.4,1,1.1,0.9
19,1,0.0070690023961266875,0.0017716590010806237,0,0,1,1,0,0.4,1,1.1,0.9
17,1,0.0030758818863146323,0.0007708886664313566,0,0,1,1,0,0.4,1,1.1,0.9
15,1,0.006188854606046407,0.0015510731719640082,0,0,1,1,0,0.4,1,1.1,0.9
18,1,0.0,0.0,0,0,1,1,0,0.4,1,1.1,0.9
20,1,0.0,0.0,0,0,1,1,0,0.4,1,1.1,0.9
16,1,0.013998948199075309,0.003508467134788715,0,0,1,1,0,0.4,1,1.1,0.9
26,1,0.002253587991632947,0.0005648023902625032,0,0,1,1,0,0.4,1,1.1,0.9
25,1,0.002199376597063396,0.0005512157340742264,0,0,1,1,0,0.4,1,1.1,0.9
