BUS_I,BUS_TYPE,Pd,Qd,Gs,Bs,area,Vm,Va,baseKV,zone,Vmax,Vmin
1,1,0.07752265662010342,0.01942900917163973,0,0,1,1,0,0.4,1,1.1,0.9
22,1,0.014233070929083349,0.0035671438219268582,0,0,1,1,0,0.4,1,1.1,0.9
23,3,0.058300736438882415,0.014611541868789041,0,0,1,1,0,0.4,1,1.1,0.9
2,1,0.018504621623471756,0.004637695338564056,0,0,1,1,0,0.4,1,1.1,0.9
3,1,0.013791776890204598,0.0034565451104974854,0,0,1,1,0,0.4,1,1.1,0.9
5,1,0.0,0.0,0,0,1,1,0,0.4,1,1.1,0.9
7,1,0.0,0.0,0,0,1,1,0,0.4,1,1.1,0.9
6,1,0.013101360524366456,0.00328351045857818,0,0,1,1,0,0.4,1,1.1,0.9
25,1,0.015779248934702252,0.003954652557590686,0,0,1,1,0,0.4,1,1.1,0.9
9,1,0.0,0.0,0,0,1,1,0,0.4,1,1.1,0.9
18,1,0.0,0.0,0,0,1,1,0,0.4,1,1.1,0.9
24,1,0.024325890645780255,0.006096642879271585,0,0,1,1,0,0.4,1,1.1,0.9
10,1,0.0,0.0,0,0,1,1,0,0.4,1,1.1,0.9
12,1,0.0,0.0,0,0,1,1,0,0.4,1,1.1,0.9
16,1,0.01808600806547933,0.004532780891456494,0,0,1,1,0,0.4,1,1.1,0.9
26,1,0.01097863758714622,0.002751505942553804,0,0,1,1,0,0.4,1,1.1,0.9
33,1,0.010975961000323739,0.002750835126663457,0,0,1,1,0,0.4,1,1.1,0.9
13,1,0.0,0.0,0,0,1,1,0,0.4,1,1.1,0.9
29,1,0.0068286896796807195,0.001711430957106708,0,0,1,1,0,0.4,1,1.1,0.9
14,1,0.0,0.0,0,0,1,1,0,0.4,1,1.1,0.9
27,1,0.0068604564501290695,0.001719392460250478,0,0,1,1,0,0.4,1,1.1,0.9
15,1,0.015868554094681343,0.003977034540458111,0,0,1,1,0,0.4,1,1.1,0.9
17,1,0.0024626649752094486,0.0006172020216553367,0,0,1,1,0,0.4,1,1.1,0.9
19,1,0.035268808969990434,0.008839196730689124,0,0,1,1,0,0.4,1,1.1,0.9
34,1,0.008218881406589837,0.0020598458462508782,0,0,1,1,0,0.4,1,1.1,0.9
30,1,0.0069823886251517055,0.0017499515438799526,0,0,1,1,0,0.4,1,1.1,0.9
28,1,0.006856209683833558,0.0017183281202897147,0,0,1,1,0,0.4,1,1.1,0.9
31,1,0.008218890673229015,0.002059848168689575,0,0,1,1,0,0.4,1,1.1,0.9
32,1,0.0,0.0,0,0,1,1,0,0.4,1,1.1,0.9
35,1,0.03511008286926731,0.0087994162200464,0,0,1,1,0,0.4,1,1.1,0.9
