BUS_I,BUS_TYPE,Pd,Qd,Gs,Bs,area,Vm,Va,baseKV,zone,Vmax,Vmin
1,1,0.004856121018707128,0.0012170586500074383,0,0,1,1,0,0.4,1,1.1,0.9
2,1,0.0,0.0,0,0,1,1,0,0.4,1,1.1,0.9
3,3,0.0,0.0,0,0,1,1,0,0.4,1,1.1,0.9
4,1,0.007686806695729971,0.0019264953537883548,0,0,1,1,0,0.4,1,1.1,0.9
5,1,0.0,0.0,0,0,1,1,0,0.4,1,1.1,0.9
8,1,0.0,0.0,0,0,1,1,0,0.4,1,1.1,0.9
9,1,0.03749758547501376,0.009397780776251925,0,0,1,1,0,0.4,1,1.1,0.9
19,1,0.0,0.0,0,0,1,1,0,0.4,1,1.1,0.9
26,1,0.017222209406772073,0.004316292540899616,0,0,1,1,0,0.4,1,1.1,0.9
7,1,0.0,0.0,0,0,1,1,0,0.4,1,1.1,0.9
16,1,0.0,0.0,0,0,1,1,0,0.4,1,1.1,0.9
13,1,0.01591287758752563,0.003988143054878752,0,0,1,1,0,0.4,1,1.1,0.9
10,1,0.018604824422820597,0.004662808527307226,0,0,1,1,0,0.4,1,1.1,0.9
22,1,0.0,0.0,0,0,1,1,0,0.4,1,1.1,0.9
25,1,0.011941733639802929,0.0029928805658711475,0,0,1,1,0,0.4,1,1.1,0.9
24,1,0.03931721483891447,0.009853822882412717,0,0,1,1,0,0.4,1,1.1,0.9
18,1,0.0,0.0,0,0,1,1,0,0.4,1,1.1,0.9
15,1,0.006511830316199792,0.0016320185150207848,0,0,1,1,0,0.4,1,1.1,0.9
31,1,0.0,0.0,0,0,1,1,0,0.4,1,1.1,0.9
11,1,0.01212758629121702,0.003039459630964249,0,0,1,1,0,0.4,1,1.1,0.9
12,1,0.003643981215655364,0.0009132677793435055,0,0,1,1,0,0.4,1,1.1,0.9
14,1,0.006163814286122831,0.0015447974762297912,0,0,1,1,0,0.4,1,1.1,0.9
20,1,0.0,0.0,0,0,1,1,0,0.4,1,1.1,0.9
29,1,0.0,0.0,0,0,1,1,0,0.4,1,1.1,0.9
27,1,0.013747915119723992,0.003445552314609076,0,0,1,1,0,0.4,1,1.1,0.9
23,1,0.008044745703496232,0.00201620332521222,0,0,1,1,0,0.4,1,1.1,0.9
28,1,0.022068451240730372,0.005530875233819645,0,0,1,1,0,0.4,1,1.1,0.9
30,1,0.016873387729519195,0.004228869587893444,0,0,1,1,0,0.4,1,1.1,0.9
