F_BUS,T_BUS,BR_R,BR_X,BR_B,RATE_A,RATE_B,RATE_C,TAP,SHIFT,BR_STATUS,ANGMIN,ANGMAX
1,2,6.391275727774749,2.4581829722210573,6.449923510115523e-09,0,0,0,0,0,1,-90,90
1,9,8.144806972384165,3.132618066301602,8.219545551483196e-09,0,0,0,0,0,1,-90,90
9,6,5.044649999999999,1.9402499999999998,5.090940842045769e-09,0,0,0,0,0,1,-90,90
6,10,5.834789999999999,2.2441499999999994,5.888331344247913e-09,0,0,0,0,0,1,-90,90
6,4,3.154926326281341,1.2134332024159005,3.183876639233862e-09,0,0,0,0,0,1,-90,90
4,5,3.6758321200434914,1.4137815846321122,3.7095623816187648e-09,0,0,0,0,0,1,-90,90
5,7,3.9479699999999993,1.5184499999999999,3.984197459917227e-09,0,0,0,0,0,1,-90,90
10,13,2.9867499999999993,1.1487499999999997,3.0141570891895776e-09,0,0,0,0,0,1,-90,90
10,14,4.450809999999999,1.7118499999999996,4.49165163275663e-09,0,0,0,0,0,1,-90,90
13,11,5.634296313075016,2.1670370434903905,5.685997882196287e-09,0,0,0,0,0,1,-90,90
12,11,2.8709853228492084,1.1042251241727725,2.8973301293463366e-09,0,0,0,0,0,1,-90,90
