F_BUS,T_BUS,BR_R,BR_X,BR_B,RATE_A,RATE_B,RATE_C,TAP,SHIFT,BR_STATUS,ANGMIN,ANGMAX
1,2,0.10280426303922476,0.06579472834510385,1.7263603645066133e-10,0,0,0,0,0,1,-90,90
1,3,0.9908480992607808,0.6341427835268997,1.6639007325580122e-09,0,0,0,0,0,1,-90,90
2,4,1.2300973999075215,0.7872623359408137,2.065664723332275e-09,0,0,0,0,0,1,-90,90
3,5,0.9346093749999999,0.59815,1.569460772926003e-09,0,0,0,0,0,1,-90,90
4,22,6.766339005110151,4.330456963270497,1.1362504944741797e-08,0,0,0,0,0,1,-90,90
5,6,2.26712778869181,1.4509617847627583,3.8071179540246615e-09,0,0,0,0,0,1,-90,90
6,7,2.925642116169453,1.87241095434845,4.912940806899329e-09,0,0,0,0,0,1,-90,90
7,8,2.6507379658222265,1.696472298126225,4.451302723839736e-09,0,0,0,0,0,1,-90,90
8,9,4.233834868719785,2.709654315980663,7.109748653550599e-09,0,0,0,0,0,1,-90,90
9,10,5.073594914263198,3.2471007451284475,8.519931865281106e-09,0,0,0,0,0,1,-90,90
10,11,6.065183963758553,3.8817177368054745,1.018507685277488e-08,0,0,0,0,0,1,-90,90
11,12,3.159161093095849,2.0218630995813434,5.305082041326589e-09,0,0,0,0,0,1,-90,90
12,13,1.4100381373564088,0.9024244079081017,2.367833668382078e-09,0,0,0,0,0,1,-90,90
13,14,4.016240294293367,2.570393788347755,6.744348778374095e-09,0,0,0,0,0,1,-90,90
14,15,3.461266669250074,2.2152106683200476,5.81239864197193e-09,0,0,0,0,0,1,-90,90
15,16,2.276837641859479,1.4571760907900664,3.823423411754024e-09,0,0,0,0,0,1,-90,90
16,17,3.3408218678663513,2.1381259954344647,5.610139392138686e-09,0,0,0,0,0,1,-90,90
17,18,2.127805402276832,1.3617954574571725,3.573158156361872e-09,0,0,0,0,0,1,-90,90
18,19,34.303573029404454,21.954286738818855,5.7604934939640116e-08,0,0,0,0,0,1,-90,90
19,20,0.4653448048049347,0.2978206750751582,7.814392157432112e-10,0,0,0,0,0,1,-90,90
20,21,0.2549329124162797,0.163157063946419,4.281009975586125e-10,0,0,0,0,0,1,-90,90
