BUS_I,BUS_TYPE,Pd,Qd,Gs,Bs,area,Vm,Va,baseKV,zone,Vmax,Vmin
1,1,0.07859460599524719,0.019697665009161695,0,0,1,1,0,0.4,1,1.1,0.9
2,1,0.0481618027976178,0.012070485572535993,0,0,1,1,0,0.4,1,1.1,0.9
3,1,0.0,0.0,0,0,1,1,0,0.4,1,1.1,0.9
5,1,0.07791746528462856,0.019527957550069173,0,0,1,1,0,0.4,1,1.1,0.9
6,1,0.0,0.0,0,0,1,1,0,0.4,1,1.1,0.9
11,1,0.07104826556814743,0.017806373820716852,0,0,1,1,0,0.4,1,1.1,0.9
7,1,0.0,0.0,0,0,1,1,0,0.4,1,1.1,0.9
12,3,0.03189639528456209,0.007993990190027833,0,0,1,1,0,0.4,1,1.1,0.9
17,1,0.08118285518218632,0.0203463414011223,0,0,1,1,0,0.4,1,1.1,0.9
9,1,0.0,0.0,0,0,1,1,0,0.4,1,1.1,0.9
15,1,0.03428553437135151,0.008592764887043535,0,0,1,1,0,0.4,1,1.1,0.9
13,1,0.02899433415972955,0.007266665112826999,0,0,1,1,0,0.4,1,1.1,0.9
16,1,0.021827210324040273,0.0054704145609364195,0,0,1,1,0,0.4,1,1.1,0.9
14,1,0.019590911179153007,0.00490994516410621,0,0,1,1,0,0.4,1,1.1,0.9
