BUS_I,BUS_TYPE,Pd,Qd,Gs,Bs,area,Vm,Va,baseKV,zone,Vmax,Vmin
1,1,0.09892923970906956,0.02479400461042009,0,0,1,1,0,0.4,1,1.1,0.9
3,1,0.0,0.0,0,0,1,1,0,0.4,1,1.1,0.9
7,1,0.06480088596267258,0.016240632901280805,0,0,1,1,0,0.4,1,1.1,0.9
8,3,0.08706883780432692,0.02182150769876471,0,0,1,1,0,0.4,1,1.1,0.9
6,1,0.0,0.0,0,0,1,1,0,0.4,1,1.1,0.9
13,1,0.022884474913534826,0.0057353900442561265,0,0,1,1,0,0.4,1,1.1,0.9
14,1,0.02385557173857871,0.005978769850146771,0,0,1,1,0,0.4,1,1.1,0.9
9,1,0.0,0.0,0,0,1,1,0,0.4,1,1.1,0.9
12,1,0.04108072909741331,0.010295801217476717,0,0,1,1,0,0.4,1,1.1,0.9
11,1,0.013029251407195689,0.0032654382102839134,0,0,1,1,0,0.4,1,1.1,0.9
10,1,0.053932033335064335,0.013516641663185907,0,0,1,1,0,0.4,1,1.1,0.9
