F_BUS,T_BUS,BR_R,BR_X,BR_B,RATE_A,RATE_B,RATE_C,TAP,SHIFT,BR_STATUS,ANGMIN,ANGMAX
1,3,0.8768735714289456,0.5611990857145253,1.472506814061498e-09,0,0,0,0,0,1,-90,90
3,7,0.3776939340980387,0.24172411782274478,1.2684996097732717e-09,0,0,0,0,0,1,-90,90
3,8,0.6047384313486283,0.38703259606312207,2.03103728952532e-09,0,0,0,0,0,1,-90,90
7,9,0.7798811989818898,0.49912396734840947,1.3096305066965274e-09,0,0,0,0,0,1,-90,90
8,12,0.39453345244665017,0.25250140956585615,6.625278900311524e-10,0,0,0,0,0,1,-90,90
6,13,3.2671108875583204,2.0909509680373253,5.486358810409153e-09,0,0,0,0,0,1,-90,90
6,14,5.799279133518462,3.711538645451816,9.738551051133557e-09,0,0,0,0,0,1,-90,90
13,10,0.048228432092716565,0.030866196539338604,8.098852240728292e-11,0,0,0,0,0,1,-90,90
9,10,1.1740569278124748,0.7513964337999839,1.9715576824635376e-09,0,0,0,0,0,1,-90,90
9,11,1.1268980459108047,0.7212147493829149,1.8923652227905095e-09,0,0,0,0,0,1,-90,90
