BUS_I,BUS_TYPE,Pd,Qd,Gs,Bs,area,Vm,Va,baseKV,zone,Vmax,Vmin
161,1,0.0034842054416686515,0.000873224195783075,0,0,1,1,0,0.4,1,1.1,0.9
159,1,0.0,0.0,0,0,1,1,0,0.4,1,1.1,0.9
156,3,0.0019539196965300764,0.0004896984360399971,0,0,1,1,0,0.4,1,1.1,0.9
92,1,0.0,0.0,0,0,1,1,0,0.4,1,1.1,0.9
160,1,0.0046715992741749235,0.0011708131416207522,0,0,1,1,0,0.4,1,1.1,0.9
157,1,0.0032519211842582975,0.000815008273310638,0,0,1,1,0,0.4,1,1.1,0.9
91,1,0.011701213498521133,0.0029326005363330956,0,0,1,1,0,0.4,1,1.1,0.9
158,1,0.00406793373386431,0.0010195202960108115,0,0,1,1,0,0.4,1,1.1,0.9
