BUS_I,BUS_TYPE,Pd,Qd,Gs,Bs,area,Vm,Va,baseKV,zone,Vmax,Vmin
1,1,0.020728452605464,0.005195039919220486,0,0,1,1,0,0.4,1,1.1,0.9
2,1,0.016149572176391163,0.004047464310605086,0,0,1,1,0,0.4,1,1.1,0.9
3,1,0.028405499485217266,0.007119089232555735,0,0,1,1,0,0.4,1,1.1,0.9
9,1,0.017586681499137106,0.004407637857663833,0,0,1,1,0,0.4,1,1.1,0.9
10,1,0.0,0.0,0,0,1,1,0,0.4,1,1.1,0.9
4,1,0.012318629013384695,0.0030873394504002645,0,0,1,1,0,0.4,1,1.1,0.9
5,1,0.01709613693982679,0.004284695802302606,0,0,1,1,0,0.4,1,1.1,0.9
6,1,0.0,0.0,0,0,1,1,0,0.4,1,1.1,0.9
7,1,0.0,0.0,0,0,1,1,0,0.4,1,1.1,0.9
8,1,0.0356526168893567,0.00893538806249626,0,0,1,1,0,0.4,1,1.1,0.9
12,1,0.0,0.0,0,0,1,1,0,0.4,1,1.1,0.9
17,1,0.0,0.0,0,0,1,1,0,0.4,1,1.1,0.9
13,1,0.013128487881134259,0.0032903092150504566,0,0,1,1,0,0.4,1,1.1,0.9
11,1,0.023284787426379988,0.005835717817099425,0,0,1,1,0,0.4,1,1.1,0.9
16,1,0.0,0.0,0,0,1,1,0,0.4,1,1.1,0.9
14,1,0.0,0.0,0,0,1,1,0,0.4,1,1.1,0.9
15,3,0.010219144479448217,0.0025611590272310515,0,0,1,1,0,0.4,1,1.1,0.9
