F_BUS,T_BUS,BR_R,BR_X,BR_B,RATE_A,RATE_B,RATE_C,TAP,SHIFT,BR_STATUS,ANGMIN,ANGMAX
1,2,1.5074065024447547,0.579771731709521,1.5212388032591694e-09,0,0,0,0,0,1,-90,90
1,3,3.7662048126449417,1.4485403125557468,3.8007643543562935e-09,0,0,0,0,0,1,-90,90
2,4,3.3675274359532037,1.2952028599820014,3.398428624464301e-09,0,0,0,0,0,1,-90,90
3,5,9.375136109003058,3.6058215803857916,9.461164464742198e-09,0,0,0,0,0,1,-90,90
3,6,5.949516415220514,2.2882755443155824,6.004110514836086e-09,0,0,0,0,0,1,-90,90
5,9,1.7596799999999997,0.6767999999999998,1.7758272191194827e-09,0,0,0,0,0,1,-90,90
5,8,2.845357003028154,1.0943680780877516,2.8714666383033472e-09,0,0,0,0,0,1,-90,90
6,7,1.878163721326472,0.7223706620486431,1.8953981736987913e-09,0,0,0,0,0,1,-90,90
9,11,1.8336499999999998,0.7052499999999999,1.8504759844621978e-09,0,0,0,0,0,1,-90,90
