BUS_I,BUS_TYPE,Pd,Qd,Gs,Bs,area,Vm,Va,baseKV,zone,Vmax,Vmin
52,1,0.005613737415684953,0.0014069352172876369,0,0,1,1,0,0.4,1,1.1,0.9
53,1,0.0019408381302084272,0.0004864198864762451,0,0,1,1,0,0.4,1,1.1,0.9
54,1,0.0,0.0,0,0,1,1,0,0.4,1,1.1,0.9
56,1,0.0,0.0,0,0,1,1,0,0.4,1,1.1,0.9
57,1,0.0014021791057508234,0.00035141920947597677,0,0,1,1,0,0.4,1,1.1,0.9
58,1,0.007404528932659692,0.001855749877733292,0,0,1,1,0,0.4,1,1.1,0.9
61,1,0.0,0.0,0,0,1,1,0,0.4,1,1.1,0.9
59,1,0.0025470291715225684,0.0006383456823009984,0,0,1,1,0,0.4,1,1.1,0.9
60,1,0.0006136352184689169,0.0001537914824836124,0,0,1,1,0,0.4,1,1.1,0.9
62,1,0.0,0.0,0,0,1,1,0,0.4,1,1.1,0.9
63,1,0.004254961274112467,0.0010663938160017188,0,0,1,1,0,0.4,1,1.1,0.9
64,1,0.014854512289752226,0.0037228917080608433,0,0,1,1,0,0.4,1,1.1,0.9
66,1,0.0,0.0,0,0,1,1,0,0.4,1,1.1,0.9
65,1,0.005897860759365079,0.0014781432394441762,0,0,1,1,0,0.4,1,1.1,0.9
67,1,0.0,0.0,0,0,1,1,0,0.4,1,1.1,0.9
71,1,0.006083039157949206,0.0015245533208493012,0,0,1,1,0,0.4,1,1.1,0.9
68,1,0.0013124123059164536,0.00032892152875487466,0,0,1,1,0,0.4,1,1.1,0.9
81,1,0.0,0.0,0,0,1,1,0,0.4,1,1.1,0.9
69,1,0.0022325058712446876,0.0005595187128417415,0,0,1,1,0,0.4,1,1.1,0.9
72,1,0.0,0.0,0,0,1,1,0,0.4,1,1.1,0.9
73,1,0.007583366680093666,0.0019005708421664046,0,0,1,1,0,0.4,1,1.1,0.9
74,1,0.0,0.0,0,0,1,1,0,0.4,1,1.1,0.9
75,1,0.0054738538284987825,0.0013718770856794744,0,0,1,1,0,0.4,1,1.1,0.9
76,1,0.005497025915987592,0.0013776845582297555,0,0,1,1,0,0.4,1,1.1,0.9
77,1,0.004491561630723267,0.0011256914548988404,0,0,1,1,0,0.4,1,1.1,0.9
80,3,0.005077082441633308,0.001272436802663497,0,0,1,1,0,0.4,1,1.1,0.9
90,1,0.009220252254329831,0.002310813037433381,0,0,1,1,0,0.4,1,1.1,0.9
78,1,0.006184386346519821,0.001549953320566903,0,0,1,1,0,0.4,1,1.1,0.9
79,1,0.0063342262576854625,0.001587506742176038,0,0,1,1,0,0.4,1,1.1,0.9
82,1,0.002657631408448813,0.0006660652157810548,0,0,1,1,0,0.4,1,1.1,0.9
83,1,0.0,0.0,0,0,1,1,0,0.4,1,1.1,0.9
84,1,0.003399971485039922,0.00085211317627915,0,0,1,1,0,0.4,1,1.1,0.9
85,1,0.004231200915199642,0.0010604389087350472,0,0,1,1,0,0.4,1,1.1,0.9
86,1,0.0,0.0,0,0,1,1,0,0.4,1,1.1,0.9
87,1,0.0032622925835494613,0.0008176075909906065,0,0,1,1,0,0.4,1,1.1,0.9
88,1,0.0,0.0,0,0,1,1,0,0.4,1,1.1,0.9
89,1,0.005716402037687755,0.0014326653969468578,0,0,1,1,0,0.4,1,1.1,0.9
91,1,0.00471228844404348,0.0011810108088451438,0,0,1,1,0,0.4,1,1.1,0.9
