F_BUS,T_BUS,BR_R,BR_X,BR_B,RATE_A,RATE_B,RATE_C,TAP,SHIFT,BR_STATUS,ANGMIN,ANGMAX
1,2,2.1160843864540495,0.8138786101746345,2.1355020523156786e-09,0,0,0,0,0,1,-90,90
1,3,1.7677650649943775,0.6799096403824529,1.7839864744871444e-09,0,0,0,0,0,1,-90,90
