BUS_I,BUS_TYPE,Pd,Qd,Gs,Bs,area,Vm,Va,baseKV,zone,Vmax,Vmin
1,1,0.015512268454566788,0.003887740942027506,0,0,1,1,0,0.4,1,1.1,0.9
2,1,0.0,0.0,0,0,1,1,0,0.4,1,1.1,0.9
4,1,0.0,0.0,0,0,1,1,0,0.4,1,1.1,0.9
15,1,0.015439149822934803,0.0038694156855601323,0,0,1,1,0,0.4,1,1.1,0.9
6,1,0.0,0.0,0,0,1,1,0,0.4,1,1.1,0.9
8,1,0.0,0.0,0,0,1,1,0,0.4,1,1.1,0.9
9,1,0.0,0.0,0,0,1,1,0,0.4,1,1.1,0.9
33,1,0.017144359379457057,0.00429678148489791,0,0,1,1,0,0.4,1,1.1,0.9
7,1,0.0,0.0,0,0,1,1,0,0.4,1,1.1,0.9
28,1,0.010865387055091848,0.002723122683750379,0,0,1,1,0,0.4,1,1.1,0.9
13,3,0.0,0.0,0,0,1,1,0,0.4,1,1.1,0.9
24,1,0.005230591156785438,0.001310909713224768,0,0,1,1,0,0.4,1,1.1,0.9
21,1,0.0052085978363090955,0.0013053976675354198,0,0,1,1,0,0.4,1,1.1,0.9
19,1,0.09927868222757803,0.024881583160911887,0,0,1,1,0,0.4,1,1.1,0.9
11,1,0.0,0.0,0,0,1,1,0,0.4,1,1.1,0.9
27,1,0.0,0.0,0,0,1,1,0,0.4,1,1.1,0.9
12,1,0.0,0.0,0,0,1,1,0,0.4,1,1.1,0.9
16,1,0.02832660435853068,0.007099316249961717,0,0,1,1,0,0.4,1,1.1,0.9
26,1,0.0,0.0,0,0,1,1,0,0.4,1,1.1,0.9
31,1,0.002203376009407287,0.0005522180812911364,0,0,1,1,0,0.4,1,1.1,0.9
30,1,0.01443313840109909,0.0036172854568786795,0,0,1,1,0,0.4,1,1.1,0.9
20,1,0.012302854817345206,0.0030833860642175853,0,0,1,1,0,0.4,1,1.1,0.9
17,1,0.029380011305691848,0.007363324916978372,0,0,1,1,0,0.4,1,1.1,0.9
18,1,0.05504833963671519,0.01379641439439426,0,0,1,1,0,0.4,1,1.1,0.9
22,1,0.006605742625399742,0.0016555551583238798,0,0,1,1,0,0.4,1,1.1,0.9
23,1,0.0,0.0,0,0,1,1,0,0.4,1,1.1,0.9
29,1,0.004991660281462521,0.0012510279912813919,0,0,1,1,0,0.4,1,1.1,0.9
