BUS_I,BUS_TYPE,Pd,Qd,Gs,Bs,area,Vm,Va,baseKV,zone,Vmax,Vmin
11,1,0.0,0.0,0,0,1,1,0,0.4,1,1.1,0.9
15,1,0.0,0.0,0,0,1,1,0,0.4,1,1.1,0.9
12,1,0.012643632726379665,0.0031687930588793984,0,0,1,1,0,0.4,1,1.1,0.9
18,3,0.0,0.0,0,0,1,1,0,0.4,1,1.1,0.9
19,1,0.0,0.0,0,0,1,1,0,0.4,1,1.1,0.9
16,1,0.0013415764298146209,0.00033623074718732696,0,0,1,1,0,0.4,1,1.1,0.9
13,1,0.008621944703923029,0.0021608630306723824,0,0,1,1,0,0.4,1,1.1,0.9
14,1,0.03167540841316946,0.00793860565938488,0,0,1,1,0,0.4,1,1.1,0.9
74,1,0.0020513961131782012,0.0005141283288693389,0,0,1,1,0,0.4,1,1.1,0.9
28,1,0.0,0.0,0,0,1,1,0,0.4,1,1.1,0.9
30,1,0.0009005724398668803,0.00022570472887228362,0,0,1,1,0,0.4,1,1.1,0.9
17,1,0.0,0.0,0,0,1,1,0,0.4,1,1.1,0.9
25,1,0.0,0.0,0,0,1,1,0,0.4,1,1.1,0.9
26,1,0.0,0.0,0,0,1,1,0,0.4,1,1.1,0.9
53,1,0.0009846349666392778,0.0002467727840042924,0,0,1,1,0,0.4,1,1.1,0.9
65,1,0.012220740029029804,0.0030628061583569616,0,0,1,1,0,0.4,1,1.1,0.9
29,1,0.0,0.0,0,0,1,1,0,0.4,1,1.1,0.9
27,1,0.001819252346108949,0.0004559476165953755,0,0,1,1,0,0.4,1,1.1,0.9
31,1,0.002587033464371799,0.0006483717031645701,0,0,1,1,0,0.4,1,1.1,0.9
48,1,0.0,0.0,0,0,1,1,0,0.4,1,1.1,0.9
49,1,0.0,0.0,0,0,1,1,0,0.4,1,1.1,0.9
72,1,0.001546092853933655,0.0003874873946398504,0,0,1,1,0,0.4,1,1.1,0.9
73,1,0.0015171054872177776,0.0003802224757330541,0,0,1,1,0,0.4,1,1.1,0.9
45,1,0.0,0.0,0,0,1,1,0,0.4,1,1.1,0.9
46,1,0.0,0.0,0,0,1,1,0,0.4,1,1.1,0.9
56,1,0.0009738035703500252,0.00024405818020947117,0,0,1,1,0,0.4,1,1.1,0.9
51,1,0.0,0.0,0,0,1,1,0,0.4,1,1.1,0.9
52,1,0.0,0.0,0,0,1,1,0,0.4,1,1.1,0.9
63,1,0.0007535830504570014,0.00018886571535687644,0,0,1,1,0,0.4,1,1.1,0.9
60,1,0.0010112486857826537,0.00025344281075353054,0,0,1,1,0,0.4,1,1.1,0.9
50,1,0.0,0.0,0,0,1,1,0,0.4,1,1.1,0.9
64,1,0.0011722939749497885,0.0002938045648096502,0,0,1,1,0,0.4,1,1.1,0.9
44,1,0.002153463053516659,0.0005397087153836324,0,0,1,1,0,0.4,1,1.1,0.9
39,1,0.0012087677784045278,0.00030294576162543307,0,0,1,1,0,0.4,1,1.1,0.9
40,1,0.012087728068200394,0.0030294702186515333,0,0,1,1,0,0.4,1,1.1,0.9
58,1,0.000260768016990461,6.53546255336162e-05,0,0,1,1,0,0.4,1,1.1,0.9
57,1,0.0002874253378256269,7.203557989687871e-05,0,0,1,1,0,0.4,1,1.1,0.9
59,1,0.0,0.0,0,0,1,1,0,0.4,1,1.1,0.9
61,1,0.0002389927254951561,5.9897223057709625e-05,0,0,1,1,0,0.4,1,1.1,0.9
