F_BUS,T_BUS,BR_R,BR_X,BR_B,RATE_A,RATE_B,RATE_C,TAP,SHIFT,BR_STATUS,ANGMIN,ANGMAX
1,2,0.09687363140335159,0.037259089001289075,9.776256561478207e-11,0,0,0,0,0,1,-90,90
1,3,4.126059757351342,1.5869460605197472,4.16392140890278e-09,0,0,0,0,0,1,-90,90
2,4,3.2650822577114846,1.255800868350571,3.2950433862453112e-09,0,0,0,0,0,1,-90,90
4,12,5.203330079742393,2.0012807999009206,5.251077005858846e-09,0,0,0,0,0,1,-90,90
12,11,7.651149999999999,2.9427499999999993,7.721358671784661e-09,0,0,0,0,0,1,-90,90
11,10,4.072546733091147,1.5663641281119796,4.109917337106399e-09,0,0,0,0,0,1,-90,90
11,8,4.293204135783524,1.6512323599167402,8.665199083425078e-09,0,0,0,0,0,1,-90,90
5,6,0.18534194350702082,0.07128536288731571,1.870426828311245e-10,0,0,0,0,0,1,-90,90
5,7,4.458451722700243,1.7147891241154782,4.499363477621637e-09,0,0,0,0,0,1,-90,90
6,8,5.312577955690024,2.0432992137269324,5.361327364866615e-09,0,0,0,0,0,1,-90,90
7,9,2.011336217123158,0.7735908527396763,2.0297926902437483e-09,0,0,0,0,0,1,-90,90
8,13,3.9292033864415497,1.5112320717082883,7.930517279390974e-09,0,0,0,0,0,1,-90,90
9,20,2.7547221259231542,1.059508509970444,2.7800000751983463e-09,0,0,0,0,0,1,-90,90
13,14,4.1870370744957714,1.6103988748060662,4.225458267612295e-09,0,0,0,0,0,1,-90,90
20,19,3.8810440127924584,1.4927092356894072,3.9166573448113016e-09,0,0,0,0,0,1,-90,90
19,21,20.565818256569205,7.909930098680464,2.0754534826491174e-08,0,0,0,0,0,1,-90,90
19,17,8.885759999999998,3.4175999999999993,8.967297730589163e-09,0,0,0,0,0,1,-90,90
15,16,2.4073750355203143,0.9259134752001208,2.4294656498373037e-09,0,0,0,0,0,1,-90,90
15,17,6.467172592289987,2.487374073957687,6.526516821315277e-09,0,0,0,0,0,1,-90,90
16,18,0.20391677181358026,0.07842952762060779,2.057879579364046e-10,0,0,0,0,0,1,-90,90
