F_BUS,T_BUS,BR_R,BR_X,BR_B,RATE_A,RATE_B,RATE_C,TAP,SHIFT,BR_STATUS,ANGMIN,ANGMAX
1,2,0.4460892107247596,0.28549709486384617,7.491038889461513e-10,0,0,0,0,0,1,-90,90
1,3,8.093804433849188,5.18003483766348,1.35916768036495e-08,0,0,0,0,0,1,-90,90
2,4,2.0283676697454767,1.2981553086371054,3.4061754310316564e-09,0,0,0,0,0,1,-90,90
3,20,22.10789323232791,14.149051668689864,3.712510502066697e-08,0,0,0,0,0,1,-90,90
4,5,7.8860566567027774,5.047076260289778,1.3242812352237524e-08,0,0,0,0,0,1,-90,90
20,15,5.931249999999999,3.7959999999999994,9.960165667520031e-09,0,0,0,0,0,1,-90,90
15,13,10.433749999999998,6.677599999999999,1.7521075411336083e-08,0,0,0,0,0,1,-90,90
6,7,19.03752735923562,12.184017509910799,3.19691340607683e-08,0,0,0,0,0,1,-90,90
6,8,3.4997541331495277,2.2398426452156976,5.877029456144533e-09,0,0,0,0,0,1,-90,90
7,9,6.558526431790535,4.197456916345943,1.1013531683109422e-08,0,0,0,0,0,1,-90,90
8,10,8.0605660134273,5.158762248593471,1.3535860546717374e-08,0,0,0,0,0,1,-90,90
9,14,11.697578124999998,7.486449999999999,1.96433831036895e-08,0,0,0,0,0,1,-90,90
10,11,1.4583593749999997,0.9333499999999998,2.4489780362960543e-09,0,0,0,0,0,1,-90,90
10,23,2.2246874999999995,1.4237999999999997,3.735849282775295e-09,0,0,0,0,0,1,-90,90
14,12,6.046450983640987,3.8697286295302322,2.0307238271057095e-08,0,0,0,0,0,1,-90,90
11,19,16.60693720148809,10.628439808952379,2.788751877882789e-08,0,0,0,0,0,1,-90,90
19,21,25.493540216029885,16.315865738259127,4.281051785091543e-08,0,0,0,0,0,1,-90,90
19,18,24.432370051300474,15.636716832832304,4.102852743706768e-08,0,0,0,0,0,1,-90,90
12,13,8.571074676883466,5.485487793205419,2.878628408192036e-08,0,0,0,0,0,1,-90,90
21,22,3.648906249999999,2.3352999999999997,6.1274960177448706e-09,0,0,0,0,0,1,-90,90
18,17,23.010859374999995,14.726949999999997,3.864142828695577e-08,0,0,0,0,0,1,-90,90
16,17,13.132564545869892,8.404841309356732,2.205311165711513e-08,0,0,0,0,0,1,-90,90
