BUS_I,BUS_TYPE,Pd,Qd,Gs,Bs,area,Vm,Va,baseKV,zone,Vmax,Vmin
1,1,0.0045023773454581795,0.0011284021285256777,0,0,1,1,0,0.4,1,1.1,0.9
2,3,0.0,0.0,0,0,1,1,0,0.4,1,1.1,0.9
3,1,0.0,0.0,0,0,1,1,0,0.4,1,1.1,0.9
4,1,0.001066050678798898,0.0002671774848650551,0,0,1,1,0,0.4,1,1.1,0.9
5,1,0.00047110479655948056,0.00011806999156404047,0,0,1,1,0,0.4,1,1.1,0.9
6,1,0.004978577673347988,0.0012477491806197314,0,0,1,1,0,0.4,1,1.1,0.9
7,1,0.0011291203862399783,0.00028298424353085164,0,0,1,1,0,0.4,1,1.1,0.9
22,1,0.01761065088632893,0.004413645152355379,0,0,1,1,0,0.4,1,1.1,0.9
24,1,0.0016645199293936566,0.00041716801751321775,0,0,1,1,0,0.4,1,1.1,0.9
9,1,0.0010332190322711239,0.0002589490986187724,0,0,1,1,0,0.4,1,1.1,0.9
10,1,0.003928316091421662,0.0009845288164381483,0,0,1,1,0,0.4,1,1.1,0.9
11,1,0.0,0.0,0,0,1,1,0,0.4,1,1.1,0.9
13,1,0.0,0.0,0,0,1,1,0,0.4,1,1.1,0.9
23,1,0.006048656317640373,0.001515936168795535,0,0,1,1,0,0.4,1,1.1,0.9
19,1,0.006849545365930028,0.0017166578847828884,0,0,1,1,0,0.4,1,1.1,0.9
21,1,0.005061799202526927,0.0012686064618867951,0,0,1,1,0,0.4,1,1.1,0.9
16,1,0.0,0.0,0,0,1,1,0,0.4,1,1.1,0.9
20,1,0.002258717066794275,0.0005660878576690166,0,0,1,1,0,0.4,1,1.1,0.9
17,1,0.005360415781212701,0.0013434468311290565,0,0,1,1,0,0.4,1,1.1,0.9
18,1,0.0031996542296636003,0.0008019089397161968,0,0,1,1,0,0.4,1,1.1,0.9
25,1,0.004332213677115738,0.0010857550932324134,0,0,1,1,0,0.4,1,1.1,0.9
