F_BUS,T_BUS,BR_R,BR_X,BR_B,RATE_A,RATE_B,RATE_C,TAP,SHIFT,BR_STATUS,ANGMIN,ANGMAX
1,2,1.9296541734237758,0.7421746820860677,1.9473611137555972e-09,0,0,0,0,0,1,-90,90
2,4,3.365234290737853,1.2943208810530207,3.3961144368331338e-09,0,0,0,0,0,1,-90,90
2,5,7.752058813860238,2.9815610822539376,1.5646386895194702e-08,0,0,0,0,0,1,-90,90
4,6,2.14158646330674,0.8236871012718231,2.1612381419564565e-09,0,0,0,0,0,1,-90,90
5,22,2.9159138170466283,1.1215053142487033,8.828012692508851e-09,0,0,0,0,0,1,-90,90
5,24,8.591174744551331,3.3042979786735898,8.670009294636598e-09,0,0,0,0,0,1,-90,90
6,7,0.11894724732499419,0.045748941278843915,1.2003873399655723e-10,0,0,0,0,0,1,-90,90
22,21,1.9320106766306362,0.7430810294733217,5.849217722296327e-09,0,0,0,0,0,1,-90,90
22,19,6.937189999999998,2.6681499999999994,7.000847214381868e-09,0,0,0,0,0,1,-90,90
7,14,3.552624362089431,1.366393985419012,3.5852240415901773e-09,0,0,0,0,0,1,-90,90
21,12,2.6440497072137297,1.0169421950822037,8.004936304512824e-09,0,0,0,0,0,1,-90,90
19,17,5.942193133499431,2.2854588974997814,5.996720033036225e-09,0,0,0,0,0,1,-90,90
14,15,2.0208499999999994,0.7772499999999999,2.039393773730228e-09,0,0,0,0,0,1,-90,90
8,9,0.9405391291074207,0.3617458188874695,2.8475091825489148e-09,0,0,0,0,0,1,-90,90
8,10,0.2757174332102061,0.10604516661931004,8.347424350116648e-10,0,0,0,0,0,1,-90,90
9,11,0.9002735422636541,0.3462590547167901,9.085346545990814e-10,0,0,0,0,0,1,-90,90
9,12,2.1829166666666664,0.8395833333333333,6.608842801650706e-09,0,0,0,0,0,1,-90,90
11,13,4.749116392111445,1.8265832277351715,4.792695351358214e-09,0,0,0,0,0,1,-90,90
12,23,6.160699999999999,2.3694999999999995,6.217231967647186e-09,0,0,0,0,0,1,-90,90
23,26,12.121199999999996,4.661999999999999,1.223242685510495e-08,0,0,0,0,0,1,-90,90
16,17,4.42676319751653,1.7026012298140498,4.467384171409717e-09,0,0,0,0,0,1,-90,90
16,18,5.225313188907541,2.009735841887516,5.273261836973789e-09,0,0,0,0,0,1,-90,90
18,20,4.79583,1.8445499999999997,4.839837613810346e-09,0,0,0,0,0,1,-90,90
