BUS_I,BUS_TYPE,Pd,Qd,Gs,Bs,area,Vm,Va,baseKV,zone,Vmax,Vmin
1,1,0.017002315871564113,0.0042611820261339,0,0,1,1,0,0.4,1,1.1,0.9
2,1,0.007375039763441085,0.0018483591952645519,0,0,1,1,0,0.4,1,1.1,0.9
3,1,0.0,0.0,0,0,1,1,0,0.4,1,1.1,0.9
4,1,0.0,0.0,0,0,1,1,0,0.4,1,1.1,0.9
5,1,0.012253796779733716,0.003071090961027725,0,0,1,1,0,0.4,1,1.1,0.9
6,1,0.005605058234494252,0.0014047600094412027,0,0,1,1,0,0.4,1,1.1,0.9
19,1,0.014269324115100962,0.003576229726800953,0,0,1,1,0,0.4,1,1.1,0.9
18,1,0.014197981079553784,0.003558349476659741,0,0,1,1,0,0.4,1,1.1,0.9
20,1,0.010685780426899279,0.002678109019634851,0,0,1,1,0,0.4,1,1.1,0.9
17,1,0.008848671958070898,0.0022176862368466312,0,0,1,1,0,0.4,1,1.1,0.9
7,1,0.003776834951439403,0.0009465640641145995,0,0,1,1,0,0.4,1,1.1,0.9
8,1,0.024552196173241475,0.006153360390775139,0,0,1,1,0,0.4,1,1.1,0.9
9,1,0.0,0.0,0,0,1,1,0,0.4,1,1.1,0.9
10,1,0.015418813746613217,0.0038643189844072877,0,0,1,1,0,0.4,1,1.1,0.9
11,1,0.0,0.0,0,0,1,1,0,0.4,1,1.1,0.9
24,1,0.007529814763288253,0.0018871494666855566,0,0,1,1,0,0.4,1,1.1,0.9
26,1,0.0,0.0,0,0,1,1,0,0.4,1,1.1,0.9
23,1,0.009020630850590947,0.0022607831977298144,0,0,1,1,0,0.4,1,1.1,0.9
25,1,0.004504370323916469,0.0011289016160101525,0,0,1,1,0,0.4,1,1.1,0.9
12,1,0.007417012289026526,0.0018588785017500439,0,0,1,1,0,0.4,1,1.1,0.9
13,1,0.004921755344568927,0.0012335081626369188,0,0,1,1,0,0.4,1,1.1,0.9
15,1,0.0095084328547767,0.002383037903985734,0,0,1,1,0,0.4,1,1.1,0.9
21,3,0.010938327822578062,0.0027414033632608974,0,0,1,1,0,0.4,1,1.1,0.9
