F_BUS,T_BUS,BR_R,BR_X,BR_B,RATE_A,RATE_B,RATE_C,TAP,SHIFT,BR_STATUS,ANGMIN,ANGMAX
1,2,0.1915222484818256,0.07366240326224063,1.93279699673231e-10,0,0,0,0,0,1,-90,90
1,3,2.262925033442558,0.8703557820932917,2.2836901420793337e-09,0,0,0,0,0,1,-90,90
2,4,2.33582319123458,0.8983935350902231,2.357257229749103e-09,0,0,0,0,0,1,-90,90
3,5,0.4020758673878997,0.15464456437996144,4.057654059024982e-10,0,0,0,0,0,1,-90,90
3,6,3.9746198339566923,1.5286999361371896,4.01109183873912e-09,0,0,0,0,0,1,-90,90
4,19,4.017602455657967,1.5452317137146026,4.054468878636283e-09,0,0,0,0,0,1,-90,90
5,18,0.8215892600978298,0.3159958692683961,8.29128347777984e-10,0,0,0,0,0,1,-90,90
19,20,0.5876308401890503,0.22601186161117323,5.930230728324279e-10,0,0,0,0,0,1,-90,90
18,17,2.0253645779564042,0.7789863761370784,2.0439497784684867e-09,0,0,0,0,0,1,-90,90
20,21,1.1067098512070415,0.4256576350796314,2.2337305390083856e-09,0,0,0,0,0,1,-90,90
17,15,2.0005910878439477,0.7694581107092107,2.018948961243601e-09,0,0,0,0,0,1,-90,90
7,8,1.058668938571425,0.40718036098900967,1.0683835226583634e-09,0,0,0,0,0,1,-90,90
7,9,3.523358520761631,1.3551378926006274,3.5556896503256635e-09,0,0,0,0,0,1,-90,90
9,10,7.556692310365569,2.906420119371373,7.626034217163388e-09,0,0,0,0,0,1,-90,90
9,11,1.7937399999999997,0.6898999999999998,1.8101997613335272e-09,0,0,0,0,0,1,-90,90
11,24,8.38634174455295,3.225516055597289,8.463296700999672e-09,0,0,0,0,0,1,-90,90
11,26,35.27823626122374,13.568552408162976,3.560195728496605e-08,0,0,0,0,0,1,-90,90
24,23,2.297770084947489,0.8837577249798035,2.318854939607337e-09,0,0,0,0,0,1,-90,90
26,25,1.553276379332848,0.5974139920510954,1.5675295924455757e-09,0,0,0,0,0,1,-90,90
23,21,0.9457086581557055,0.3637340992906559,9.543866933248456e-10,0,0,0,0,0,1,-90,90
12,13,1.021635335275207,0.3929366674135412,1.0310100906960197e-09,0,0,0,0,0,1,-90,90
13,15,1.8505048310129841,0.7117326273126862,1.867485479192215e-09,0,0,0,0,0,1,-90,90
