BUS_I,BUS_TYPE,Pd,Qd,Gs,Bs,area,Vm,Va,baseKV,zone,Vmax,Vmin
1,1,0.03783584555644043,0.009482556743833177,0,0,1,1,0,0.4,1,1.1,0.9
2,1,0.019639751424361793,0.004922185683374748,0,0,1,1,0,0.4,1,1.1,0.9
3,1,0.016610432885209744,0.004162966891771307,0,0,1,1,0,0.4,1,1.1,0.9
27,1,0.0,0.0,0,0,1,1,0,0.4,1,1.1,0.9
24,1,0.0,0.0,0,0,1,1,0,0.4,1,1.1,0.9
26,1,0.03862376020639764,0.009680026769086648,0,0,1,1,0,0.4,1,1.1,0.9
4,1,0.03629793887086405,0.009097120996376594,0,0,1,1,0,0.4,1,1.1,0.9
5,1,0.0,0.0,0,0,1,1,0,0.4,1,1.1,0.9
6,1,0.0,0.0,0,0,1,1,0,0.4,1,1.1,0.9
7,1,0.0,0.0,0,0,1,1,0,0.4,1,1.1,0.9
8,1,0.013112715104572683,0.003286356184622477,0,0,1,1,0,0.4,1,1.1,0.9
9,1,0.015416787519037961,0.003863811163908612,0,0,1,1,0,0.4,1,1.1,0.9
10,3,0.052428255072854,0.013139759304886792,0,0,1,1,0,0.4,1,1.1,0.9
22,1,0.02929814771147439,0.007342807966292991,0,0,1,1,0,0.4,1,1.1,0.9
17,1,0.0,0.0,0,0,1,1,0,0.4,1,1.1,0.9
12,1,0.0,0.0,0,0,1,1,0,0.4,1,1.1,0.9
23,1,0.0,0.0,0,0,1,1,0,0.4,1,1.1,0.9
28,1,0.007872146845121525,0.0019729459737670794,0,0,1,1,0,0.4,1,1.1,0.9
15,1,0.0,0.0,0,0,1,1,0,0.4,1,1.1,0.9
13,1,0.030213370540812263,0.007572184428872685,0,0,1,1,0,0.4,1,1.1,0.9
11,1,0.011103063321230146,0.002782689970992759,0,0,1,1,0,0.4,1,1.1,0.9
18,1,0.0,0.0,0,0,1,1,0,0.4,1,1.1,0.9
19,1,0.015930901911898002,0.003992660376379478,0,0,1,1,0,0.4,1,1.1,0.9
14,1,0.003895114281603888,0.0009762076585265232,0,0,1,1,0,0.4,1,1.1,0.9
16,1,0.017951455516853163,0.004499058844053807,0,0,1,1,0,0.4,1,1.1,0.9
20,1,0.0,0.0,0,0,1,1,0,0.4,1,1.1,0.9
21,1,0.011253213563454078,0.0028203211688964717,0,0,1,1,0,0.4,1,1.1,0.9
25,1,0.0,0.0,0,0,1,1,0,0.4,1,1.1,0.9
30,1,0.021709622125794224,0.0054409441805108,0,0,1,1,0,0.4,1,1.1,0.9
29,1,0.013916262617457518,0.0034877441746418896,0,0,1,1,0,0.4,1,1.1,0.9
