BUS_I,BUS_TYPE,Pd,Qd,Gs,Bs,area,Vm,Va,baseKV,zone,Vmax,Vmin
1,1,0.06123794273540559,0.015347675156297506,0,0,1,1,0,0.4,1,1.1,0.9
3,1,0.0,0.0,0,0,1,1,0,0.4,1,1.1,0.9
10,1,0.017747899126035638,0.004448042803626808,0,0,1,1,0,0.4,1,1.1,0.9
4,1,0.0,0.0,0,0,1,1,0,0.4,1,1.1,0.9
11,1,0.022003904694833314,0.005514698344547427,0,0,1,1,0,0.4,1,1.1,0.9
5,1,0.0,0.0,0,0,1,1,0,0.4,1,1.1,0.9
6,1,0.0,0.0,0,0,1,1,0,0.4,1,1.1,0.9
30,1,0.020667423304910507,0.005179744534724012,0,0,1,1,0,0.4,1,1.1,0.9
19,3,0.0,0.0,0,0,1,1,0,0.4,1,1.1,0.9
27,1,0.028887462230630497,0.007239880482614547,0,0,1,1,0,0.4,1,1.1,0.9
7,1,0.0,0.0,0,0,1,1,0,0.4,1,1.1,0.9
34,1,0.0,0.0,0,0,1,1,0,0.4,1,1.1,0.9
8,1,0.0,0.0,0,0,1,1,0,0.4,1,1.1,0.9
23,1,0.06022299696678449,0.015093305769243469,0,0,1,1,0,0.4,1,1.1,0.9
13,1,0.012154851026715523,0.0030462928177919226,0,0,1,1,0,0.4,1,1.1,0.9
16,1,0.01968868101480497,0.004934448594669748,0,0,1,1,0,0.4,1,1.1,0.9
12,1,0.030703773044655387,0.007695090881777864,0,0,1,1,0,0.4,1,1.1,0.9
31,1,0.025226765181463173,0.0063224233204921855,0,0,1,1,0,0.4,1,1.1,0.9
21,1,0.03885465593239767,0.0097378946927845,0,0,1,1,0,0.4,1,1.1,0.9
18,1,0.05506579390922344,0.013800788847430731,0,0,1,1,0,0.4,1,1.1,0.9
28,1,0.007834410510142165,0.0019634883567247355,0,0,1,1,0,0.4,1,1.1,0.9
35,1,0.02808193361920569,0.007037995982498845,0,0,1,1,0,0.4,1,1.1,0.9
20,1,0.0,0.0,0,0,1,1,0,0.4,1,1.1,0.9
15,1,0.0,0.0,0,0,1,1,0,0.4,1,1.1,0.9
14,1,0.030992277609118164,0.007767396941366044,0,0,1,1,0,0.4,1,1.1,0.9
22,1,0.0957517278564242,0.02399764507348401,0,0,1,1,0,0.4,1,1.1,0.9
26,1,0.0035866966540516266,0.0008989109148948772,0,0,1,1,0,0.4,1,1.1,0.9
24,1,0.0015427525453292706,0.0003866502343909605,0,0,1,1,0,0.4,1,1.1,0.9
25,1,0.014850590118079172,0.003721908719180806,0,0,1,1,0,0.4,1,1.1,0.9
29,1,0.014515980031592124,0.0036380475265601945,0,0,1,1,0,0.4,1,1.1,0.9
