BUS_I,BUS_TYPE,Pd,Qd,Gs,Bs,area,Vm,Va,baseKV,zone,Vmax,Vmin
1,1,0.027317113161405667,0.006846313907385325,0,0,1,1,0,0.4,1,1.1,0.9
2,1,0.0,0.0,0,0,1,1,0,0.4,1,1.1,0.9
3,1,0.0,0.0,0,0,1,1,0,0.4,1,1.1,0.9
42,1,0.0013241134182231786,0.0003318541039301531,0,0,1,1,0,0.4,1,1.1,0.9
4,3,0.0014750005345784529,0.00036966997989935544,0,0,1,1,0,0.4,1,1.1,0.9
5,1,0.0,0.0,0,0,1,1,0,0.4,1,1.1,0.9
6,1,0.0,0.0,0,0,1,1,0,0.4,1,1.1,0.9
7,1,0.00112931464603482,0.000283032929624701,0,0,1,1,0,0.4,1,1.1,0.9
19,1,0.003905933608097415,0.0009789192373453946,0,0,1,1,0,0.4,1,1.1,0.9
16,1,0.009889015710411219,0.00247842095863165,0,0,1,1,0,0.4,1,1.1,0.9
8,1,0.0015545363514194415,0.00038960353458195767,0,0,1,1,0,0.4,1,1.1,0.9
9,1,0.0004978149430177773,0.00012476418527643075,0,0,1,1,0,0.4,1,1.1,0.9
121,1,0.0007666462915537897,0.0001921396721863567,0,0,1,1,0,0.4,1,1.1,0.9
10,1,0.00047454411912015984,0.00011893196704951856,0,0,1,1,0,0.4,1,1.1,0.9
110,1,0.0002743566619912084,6.876026099375615e-05,0,0,1,1,0,0.4,1,1.1,0.9
11,1,0.009084916254962166,0.002276894638766358,0,0,1,1,0,0.4,1,1.1,0.9
12,1,0.00813378819060988,0.002038519476054089,0,0,1,1,0,0.4,1,1.1,0.9
13,1,0.0035109804875661844,0.0008799346548281451,0,0,1,1,0,0.4,1,1.1,0.9
14,1,0.006707802664087133,0.001681133815121369,0,0,1,1,0,0.4,1,1.1,0.9
15,1,0.0,0.0,0,0,1,1,0,0.4,1,1.1,0.9
112,1,0.004746229881891122,0.0011895173350142878,0,0,1,1,0,0.4,1,1.1,0.9
17,1,0.004272343088107525,0.0010707501092229981,0,0,1,1,0,0.4,1,1.1,0.9
18,1,0.00264535917506174,0.0006629895041706749,0,0,1,1,0,0.4,1,1.1,0.9
118,1,0.0024031558173260594,0.000602287620824379,0,0,1,1,0,0.4,1,1.1,0.9
43,1,0.008633263228911277,0.002163699720427273,0,0,1,1,0,0.4,1,1.1,0.9
107,1,0.000491374267407923,0.0001231499998118041,0,0,1,1,0,0.4,1,1.1,0.9
108,1,0.0,0.0,0,0,1,1,0,0.4,1,1.1,0.9
109,1,0.0,0.0,0,0,1,1,0,0.4,1,1.1,0.9
111,1,0.0010352824630744553,0.00025946624312530594,0,0,1,1,0,0.4,1,1.1,0.9
113,1,0.0026751786890555967,0.0006704629788442742,0,0,1,1,0,0.4,1,1.1,0.9
114,1,0.00031115636342364723,7.79831355418795e-05,0,0,1,1,0,0.4,1,1.1,0.9
115,1,0.0008819051718509191,0.00022102627050534586,0,0,1,1,0,0.4,1,1.1,0.9
116,1,0.0009187229003103877,0.00023025366305231973,0,0,1,1,0,0.4,1,1.1,0.9
117,1,0.0005024688663594189,0.00012593056841177618,0,0,1,1,0,0.4,1,1.1,0.9
119,1,0.0010580116507251849,0.00026516271451294186,0,0,1,1,0,0.4,1,1.1,0.9
120,1,0.0027167401865445177,0.0006808792719785052,0,0,1,1,0,0.4,1,1.1,0.9
