F_BUS,T_BUS,BR_R,BR_X,BR_B,RATE_A,RATE_B,RATE_C,TAP,SHIFT,BR_STATUS,ANGMIN,ANGMAX
1,2,2.7260555390241454,1.0484828996246713,2.7510704372559284e-09,0,0,0,0,0,1,-90,90
1,3,15.366632416231042,5.91024323701194,1.550764008850864e-08,0,0,0,0,0,1,-90,90
2,4,16.46711341471769,6.333505159506805,1.6618219347940112e-08,0,0,0,0,0,1,-90,90
3,5,0.9404199999999999,0.36169999999999997,9.490495052534232e-10,0,0,0,0,0,1,-90,90
3,6,1.3348399999999998,0.5133999999999999,1.3470887918084258e-09,0,0,0,0,0,1,-90,90
4,7,4.822007272335166,1.8546181816673717,4.8662550946790794e-09,0,0,0,0,0,1,-90,90
6,8,0.4933499999999999,0.18974999999999997,4.978770904667876e-10,0,0,0,0,0,1,-90,90
