BUS_I,BUS_TYPE,Pd,Qd,Gs,Bs,area,Vm,Va,baseKV,zone,Vmax,Vmin
1,1,0.0018801813311436438,0.000471217859652949,0,0,1,1,0,0.4,1,1.1,0.9
2,1,0.0011397178706929565,0.00028564022349348656,0,0,1,1,0,0.4,1,1.1,0.9
3,1,0.0012582633045379423,0.00031535050977427124,0,0,1,1,0,0.4,1,1.1,0.9
4,1,0.0,0.0,0,0,1,1,0,0.4,1,1.1,0.9
6,1,0.0,0.0,0,0,1,1,0,0.4,1,1.1,0.9
5,1,0.0020465588022616516,0.0005129159844753086,0,0,1,1,0,0.4,1,1.1,0.9
7,1,0.0,0.0,0,0,1,1,0,0.4,1,1.1,0.9
8,1,0.09569813100214135,0.023984212435609692,0,0,1,1,0,0.4,1,1.1,0.9
12,3,0.0,0.0,0,0,1,1,0,0.4,1,1.1,0.9
13,1,0.0,0.0,0,0,1,1,0,0.4,1,1.1,0.9
10,1,0.055664093652911056,0.013950736897643472,0,0,1,1,0,0.4,1,1.1,0.9
9,1,0.03502156038048876,0.008777230393071931,0,0,1,1,0,0.4,1,1.1,0.9
14,1,0.003239556099805796,0.0008119092910297155,0,0,1,1,0,0.4,1,1.1,0.9
15,1,0.002650031010606023,0.0006641603765271666,0,0,1,1,0,0.4,1,1.1,0.9
