F_BUS,T_BUS,BR_R,BR_X,BR_B,RATE_A,RATE_B,RATE_C,TAP,SHIFT,BR_STATUS,ANGMIN,ANGMAX
1,3,1.7904460634838688,1.145885480629676,3.00664099659573e-09,0,0,0,0,0,1,-90,90
3,8,1.0940187337577802,0.7001719896049793,1.837152005327373e-09,0,0,0,0,0,1,-90,90
8,20,0.5246182901374196,0.3357557056879486,2.6429260688622753e-09,0,0,0,0,0,1,-90,90
8,7,0.2637239583333333,0.1687833333333333,1.3285905916092646e-09,0,0,0,0,0,1,-90,90
4,11,2.7646971638945597,1.7694061848925187,1.3928012698628081e-08,0,0,0,0,0,1,-90,90
4,9,1.6641554568220378,1.0650594923661043,8.383695197363952e-09,0,0,0,0,0,1,-90,90
11,19,0.04380506710831792,0.028035242949323476,2.2068150498242995e-10,0,0,0,0,0,1,-90,90
9,10,0.5061202692018636,0.3239169722891927,2.549736596302836e-09,0,0,0,0,0,1,-90,90
6,20,0.08126094309931337,0.05200700358356055,4.093770059775325e-10,0,0,0,0,0,1,-90,90
6,10,0.28619122103594513,0.1831623814630049,1.441776340960771e-09,0,0,0,0,0,1,-90,90
7,12,0.18203783748117294,0.1165042159879507,9.170716218686974e-10,0,0,0,0,0,1,-90,90
12,13,1.1285503312005993,0.7222722119683836,3.790279709299919e-09,0,0,0,0,0,1,-90,90
19,18,0.548560367638682,0.3510786352887565,2.7635416515828708e-09,0,0,0,0,0,1,-90,90
14,13,2.71999678846322,1.740797944616461,4.5676069341565634e-09,0,0,0,0,0,1,-90,90
16,15,1.7608918745982003,1.1269707997428482,2.9570115563478163e-09,0,0,0,0,0,1,-90,90
15,17,0.10370547168084276,0.06637150187573938,5.224482251984833e-10,0,0,0,0,0,1,-90,90
18,17,0.0318629550595849,0.02039229123813434,1.6051944078409e-10,0,0,0,0,0,1,-90,90
