F_BUS,T_BUS,BR_R,BR_X,BR_B,RATE_A,RATE_B,RATE_C,TAP,SHIFT,BR_STATUS,ANGMIN,ANGMAX
39,24,7.494003847476426,2.882309172106318,7.562770510851274e-09,0,0,0,0,0,1,-90,90
39,40,8.113377277998337,3.120529722307053,8.187827451158729e-09,0,0,0,0,0,1,-90,90
24,23,26.084921786258004,10.032662225483847,2.6324282890434497e-08,0,0,0,0,0,1,-90,90
40,30,66.10467286967526,25.424874180644334,6.671126420312702e-08,0,0,0,0,0,1,-90,90
30,31,20.19747055549677,7.768257905960296,2.0382807084137727e-08,0,0,0,0,0,1,-90,90
30,29,54.947224390662285,21.13354784256242,5.545143246954222e-08,0,0,0,0,0,1,-90,90
41,22,60.41827508432552,23.23779810935597,6.097268675383807e-08,0,0,0,0,0,1,-90,90
22,23,10.565675496729684,4.063721344896033,1.0662628509431454e-08,0,0,0,0,0,1,-90,90
25,26,2.172095165147981,0.8354212173646082,2.1920267985017813e-09,0,0,0,0,0,1,-90,90
25,27,0.44110312588524125,0.16965504841740048,4.451507872941099e-10,0,0,0,0,0,1,-90,90
26,28,2.1601023797688237,0.8308086076033937,2.179923964628937e-09,0,0,0,0,0,1,-90,90
28,29,3.023806843630446,1.163002632165556,3.051553974744679e-09,0,0,0,0,0,1,-90,90
