F_BUS,T_BUS,BR_R,BR_X,BR_B,RATE_A,RATE_B,RATE_C,TAP,SHIFT,BR_STATUS,ANGMIN,ANGMAX
1,2,4.405177881110215,2.819313843910538,7.397479703393486e-09,0,0,0,0,0,1,-90,90
1,3,1.8890272311617637,1.2089774279435288,3.1721853189172316e-09,0,0,0,0,0,1,-90,90
2,4,0.24740484203113683,0.15833909889992756,8.309186810796194e-10,0,0,0,0,0,1,-90,90
3,5,3.2214062499999994,2.0616999999999996,5.409608418526356e-09,0,0,0,0,0,1,-90,90
4,14,1.6150877430281418,1.0336561555380108,5.4243343268758915e-09,0,0,0,0,0,1,-90,90
14,13,2.0497583235658436,1.31184532708214,6.884192195943161e-09,0,0,0,0,0,1,-90,90
13,12,1.6311760222307368,1.0439526542276716,5.4783674315884435e-09,0,0,0,0,0,1,-90,90
6,7,0.2638506426397812,0.16886441128945998,4.43076267595169e-10,0,0,0,0,0,1,-90,90
6,8,1.221855071894885,0.7819872460127264,2.05182363545166e-09,0,0,0,0,0,1,-90,90
8,10,0.019336868397969408,0.012375595774700422,3.2471808258766364e-11,0,0,0,0,0,1,-90,90
10,11,1.773619307635631,1.135116356886804,2.9783843431254905e-09,0,0,0,0,0,1,-90,90
11,12,0.9831773420447089,0.6292334989086137,3.302038931866743e-09,0,0,0,0,0,1,-90,90
