F_BUS,T_BUS,BR_R,BR_X,BR_B,RATE_A,RATE_B,RATE_C,TAP,SHIFT,BR_STATUS,ANGMIN,ANGMAX
1,2,0.7402412307780131,0.2847081656838512,7.470338506604056e-10,0,0,0,0,0,1,-90,90
1,3,6.152172973653468,2.3662203744821033,6.208626695390685e-09,0,0,0,0,0,1,-90,90
2,4,8.039518148182085,3.092122364685418,8.113290573369482e-09,0,0,0,0,0,1,-90,90
3,5,3.3497426168726614,1.2883625449510236,3.380480607887229e-09,0,0,0,0,0,1,-90,90
4,6,7.996429999999998,3.0755499999999993,8.069807038656804e-09,0,0,0,0,0,1,-90,90
5,7,8.8512263404357,3.4043178232445004,8.932447182404216e-09,0,0,0,0,0,1,-90,90
7,12,3.1529244281459725,1.212663241594605,3.1818563712313317e-09,0,0,0,0,0,1,-90,90
12,11,0.14366265537558948,0.055254867452149796,1.4498093618553015e-10,0,0,0,0,0,1,-90,90
11,13,5.800794999999999,2.2310749999999997,1.1708048796976953e-08,0,0,0,0,0,1,-90,90
11,10,4.633601122728858,1.7821542779726376,4.676120087904905e-09,0,0,0,0,0,1,-90,90
14,15,1.1911718653061074,0.45814302511773364,1.2021023260251369e-09,0,0,0,0,0,1,-90,90
15,16,1.7042999707508169,0.6554999887503142,1.7199390102767776e-09,0,0,0,0,0,1,-90,90
9,10,1.2561117276441873,0.48311989524776444,1.2676380911334717e-09,0,0,0,0,0,1,-90,90
13,24,5.284499999999999,2.0324999999999998,5.332991759545432e-09,0,0,0,0,0,1,-90,90
13,19,7.38544255811183,2.8405548300430117,7.453213038699316e-09,0,0,0,0,0,1,-90,90
19,17,0.8652074317804305,0.33277208914631945,8.731467696059238e-10,0,0,0,0,0,1,-90,90
17,18,1.8825132256977077,0.7240435483452723,1.8997875900995685e-09,0,0,0,0,0,1,-90,90
16,23,0.5416295925111263,0.20831907404274091,5.465997073683012e-10,0,0,0,0,0,1,-90,90
23,22,1.3486404511737435,0.5187078658360552,1.36101587902341e-09,0,0,0,0,0,1,-90,90
22,21,0.23127586642193768,0.08895225631612988,2.3339810574508927e-10,0,0,0,0,0,1,-90,90
18,20,0.8018969147212146,0.30842189027739025,8.092553010148823e-10,0,0,0,0,0,1,-90,90
20,21,1.2640370701398989,0.4861681038999612,1.2756361583529256e-09,0,0,0,0,0,1,-90,90
