F_BUS,T_BUS,BR_R,BR_X,BR_B,RATE_A,RATE_B,RATE_C,TAP,SHIFT,BR_STATUS,ANGMIN,ANGMAX
1,2,0.160241788368724,0.10255474455598335,2.690891058397767e-10,0,0,0,0,0,1,-90,90
2,4,3.224958181706144,2.063973236291932,5.415573068175741e-09,0,0,0,0,0,1,-90,90
4,7,0.18354801994792266,0.11747073276667051,3.0822654358298527e-10,0,0,0,0,0,1,-90,90
4,5,4.758708018629845,3.0455731319231005,7.991151988014207e-09,0,0,0,0,0,1,-90,90
11,19,1.0185232756002398,0.6518548963841535,1.7103748048393768e-09,0,0,0,0,0,1,-90,90
11,9,1.8455376189381116,1.1811440761203915,3.099154550940198e-09,0,0,0,0,0,1,-90,90
19,7,3.2292359404701108,2.066711001900871,5.422756576875391e-09,0,0,0,0,0,1,-90,90
9,8,0.9898566047539036,0.6335082270424983,1.6622357463330289e-09,0,0,0,0,0,1,-90,90
8,10,3.0748617536728187,1.967911522350604,5.163520753854997e-09,0,0,0,0,0,1,-90,90
10,12,1.4828704416916307,0.9490370826826436,2.490138716580358e-09,0,0,0,0,0,1,-90,90
12,16,0.4206454545588564,0.2692130909176681,1.4127539438383071e-09,0,0,0,0,0,1,-90,90
16,20,1.7020892552207647,1.0893371233412894,2.858266126517109e-09,0,0,0,0,0,1,-90,90
16,14,0.5735821837966998,0.36709259762988783,1.926397833358248e-09,0,0,0,0,0,1,-90,90
14,13,0.8444069462164513,0.5404204455785289,2.8359732181649845e-09,0,0,0,0,0,1,-90,90
13,15,1.0023143852027947,0.6414812065297887,3.3663114276276755e-09,0,0,0,0,0,1,-90,90
15,17,0.39435331408891394,0.25238612101690494,6.622253892284333e-10,0,0,0,0,0,1,-90,90
15,18,0.8383945902013096,0.5365725377288382,1.4078902445787332e-09,0,0,0,0,0,1,-90,90
17,22,0.8400802318338986,0.5376513483736951,1.4107208907185274e-09,0,0,0,0,0,1,-90,90
18,24,2.5171276357727903,1.6109616868945855,4.2269350067169675e-09,0,0,0,0,0,1,-90,90
24,25,0.7666963801448025,0.4906856832926736,1.2874896460156207e-09,0,0,0,0,0,1,-90,90
24,26,1.2579879597432684,0.8051122942356918,2.112500482493315e-09,0,0,0,0,0,1,-90,90
26,29,1.4466805351323806,0.9258755424847236,2.4293661197715566e-09,0,0,0,0,0,1,-90,90
29,30,2.0956489226449406,1.3412153104927618,3.519158769315656e-09,0,0,0,0,0,1,-90,90
30,31,2.7588593134705794,1.7656699606211708,4.632867576910019e-09,0,0,0,0,0,1,-90,90
28,31,1.6629785604154164,1.0643062786658666,2.7925887398561044e-09,0,0,0,0,0,1,-90,90
