BUS_I,BUS_TYPE,Pd,Qd,Gs,Bs,area,Vm,Va,baseKV,zone,Vmax,Vmin
1,1,0.000499264148379535,0.00012512739037662696,0,0,1,1,0,0.4,1,1.1,0.9
2,1,0.0,0.0,0,0,1,1,0,0.4,1,1.1,0.9
3,1,0.0,0.0,0,0,1,1,0,0.4,1,1.1,0.9
4,1,0.0,0.0,0,0,1,1,0,0.4,1,1.1,0.9
6,1,0.0,0.0,0,0,1,1,0,0.4,1,1.1,0.9
7,1,0.0,0.0,0,0,1,1,0,0.4,1,1.1,0.9
11,1,0.00023529272265982302,5.896991493700034e-05,0,0,1,1,0,0.4,1,1.1,0.9
8,1,0.0012070860128169944,0.0003025242714385725,0,0,1,1,0,0.4,1,1.1,0.9
37,1,0.0003255241892305716,8.158405211969018e-05,0,0,1,1,0,0.4,1,1.1,0.9
35,1,0.00019139492259068753,4.796808918252966e-05,0,0,1,1,0,0.4,1,1.1,0.9
16,1,0.0,0.0,0,0,1,1,0,0.4,1,1.1,0.9
29,1,0.0026440408639194276,0.000662659104254163,0,0,1,1,0,0.4,1,1.1,0.9
9,1,0.0002611367991948997,6.544705106628968e-05,0,0,1,1,0,0.4,1,1.1,0.9
10,1,0.0005384197368284009,0.0001349407058673745,0,0,1,1,0,0.4,1,1.1,0.9
12,1,0.00021607209037022057,5.4152770410214864e-05,0,0,1,1,0,0.4,1,1.1,0.9
13,1,0.0,0.0,0,0,1,1,0,0.4,1,1.1,0.9
26,1,0.00037765324122205517,9.464882406390619e-05,0,0,1,1,0,0.4,1,1.1,0.9
25,1,0.00018355371229483445,4.6002896638865224e-05,0,0,1,1,0,0.4,1,1.1,0.9
14,1,0.0009312860702478428,0.00023340229023541327,0,0,1,1,0,0.4,1,1.1,0.9
15,1,0.000992575985400449,0.000248762990907276,0,0,1,1,0,0.4,1,1.1,0.9
17,1,0.002344848711564606,0.0005876744826528824,0,0,1,1,0,0.4,1,1.1,0.9
33,1,0.0,0.0,0,0,1,1,0,0.4,1,1.1,0.9
19,3,0.038983224193167285,0.009770116936275403,0,0,1,1,0,0.4,1,1.1,0.9
20,1,0.05182932633706511,0.012989653614393939,0,0,1,1,0,0.4,1,1.1,0.9
21,1,0.0,0.0,0,0,1,1,0,0.4,1,1.1,0.9
22,1,0.02629182538343368,0.006589352568464671,0,0,1,1,0,0.4,1,1.1,0.9
24,1,0.0010346589129099494,0.0002593099667231113,0,0,1,1,0,0.4,1,1.1,0.9
43,1,0.0009739512613140403,0.0002440951950541569,0,0,1,1,0,0.4,1,1.1,0.9
39,1,0.0,0.0,0,0,1,1,0,0.4,1,1.1,0.9
27,1,0.0,0.0,0,0,1,1,0,0.4,1,1.1,0.9
44,1,0.004992251511323743,0.0012511761674520374,0,0,1,1,0,0.4,1,1.1,0.9
28,1,0.0002631341454235531,6.594763321720352e-05,0,0,1,1,0,0.4,1,1.1,0.9
31,1,0.003037899769540502,0.0007613694506648074,0,0,1,1,0,0.4,1,1.1,0.9
32,1,0.0,0.0,0,0,1,1,0,0.4,1,1.1,0.9
34,1,0.0005035976198302096,0.00012621346069762728,0,0,1,1,0,0.4,1,1.1,0.9
36,1,0.0007028229584991808,0.00017614403713789209,0,0,1,1,0,0.4,1,1.1,0.9
41,1,0.0008181726596389903,0.00020505339730564055,0,0,1,1,0,0.4,1,1.1,0.9
38,1,0.00027451945751104205,6.880106139696536e-05,0,0,1,1,0,0.4,1,1.1,0.9
40,1,0.00015394309897423994,3.858177740912873e-05,0,0,1,1,0,0.4,1,1.1,0.9
