BUS_I,BUS_TYPE,Pd,Qd,Gs,Bs,area,Vm,Va,baseKV,zone,Vmax,Vmin
1,1,0.006254190091028255,0.0015674477880090504,0,0,1,1,0,0.4,1,1.1,0.9
2,1,0.0047162760434343596,0.0011820101954569558,0,0,1,1,0,0.4,1,1.1,0.9
3,1,0.00649394031360182,0.001627534857729988,0,0,1,1,0,0.4,1,1.1,0.9
22,1,0.00480476207672337,0.0012041868858245091,0,0,1,1,0,0.4,1,1.1,0.9
4,1,0.0028848371060130923,0.0007230083311783725,0,0,1,1,0,0.4,1,1.1,0.9
6,1,0.006285761861847582,0.0015753604196390473,0,0,1,1,0,0.4,1,1.1,0.9
5,1,0.0,0.0,0,0,1,1,0,0.4,1,1.1,0.9
7,1,0.006840125896149056,0.0017142971431268932,0,0,1,1,0,0.4,1,1.1,0.9
16,1,0.004190504507854533,0.001050239427628051,0,0,1,1,0,0.4,1,1.1,0.9
8,1,0.004385833151933919,0.0010991934003472753,0,0,1,1,0,0.4,1,1.1,0.9
9,1,0.006044041842438709,0.0015147796722960048,0,0,1,1,0,0.4,1,1.1,0.9
10,1,0.002828119693493716,0.0007087936076888156,0,0,1,1,0,0.4,1,1.1,0.9
12,1,0.00523140981182203,0.001311114887517134,0,0,1,1,0,0.4,1,1.1,0.9
11,1,0.006480208921387081,0.0016240934464457112,0,0,1,1,0,0.4,1,1.1,0.9
13,3,0.0,0.0,0,0,1,1,0,0.4,1,1.1,0.9
14,1,0.005058576374499082,0.0012677987450457886,0,0,1,1,0,0.4,1,1.1,0.9
15,1,0.0046849438449636715,0.0011741576063172697,0,0,1,1,0,0.4,1,1.1,0.9
17,1,0.005024884469734008,0.001259354757762194,0,0,1,1,0,0.4,1,1.1,0.9
18,1,0.003752448304704174,0.0009404521943239887,0,0,1,1,0,0.4,1,1.1,0.9
21,1,0.0056451446255962505,0.0014148066060664364,0,0,1,1,0,0.4,1,1.1,0.9
20,1,0.008673112317611855,0.0021736868434645944,0,0,1,1,0,0.4,1,1.1,0.9
