F_BUS,T_BUS,BR_R,BR_X,BR_B,RATE_A,RATE_B,RATE_C,TAP,SHIFT,BR_STATUS,ANGMIN,ANGMAX
1,3,8.015842025449317,3.0830161636343525,2.4268191579641885e-08,0,0,0,0,0,1,-90,90
3,6,9.366706233268493,3.6025793204878824,2.8357971703720537e-08,0,0,0,0,0,1,-90,90
2,4,6.359686666666665,2.446033333333333,1.9254133742051827e-08,0,0,0,0,0,1,-90,90
2,20,18.998635127085997,7.307167356571538,5.7518912617292114e-08,0,0,0,0,0,1,-90,90
4,5,5.65179891156537,2.173768812140527,1.7110983265390842e-08,0,0,0,0,0,1,-90,90
4,10,0.6426302851942681,0.24716549430548782,6.4852720510462e-10,0,0,0,0,0,1,-90,90
20,19,12.357737535463627,4.752975975178319,3.7413404736447815e-08,0,0,0,0,0,1,-90,90
6,5,0.4532952698911983,0.17434433457353782,1.3723644274599398e-09,0,0,0,0,0,1,-90,90
19,21,4.751166783935269,1.827371839975104,1.4384293674114547e-08,0,0,0,0,0,1,-90,90
5,7,3.6810419009833444,1.4157853465320556,3.714819968679276e-09,0,0,0,0,0,1,-90,90
7,24,245.5610203254353,94.44654627901357,2.478143434309992e-07,0,0,0,0,0,1,-90,90
11,12,30.76066776314712,11.831026062748892,3.1042934563152324e-08,0,0,0,0,0,1,-90,90
11,23,125.17880556609082,48.14569444849647,1.2632747441644477e-07,0,0,0,0,0,1,-90,90
11,13,100.45562571175343,38.63677911990517,1.0137742910791209e-07,0,0,0,0,0,1,-90,90
12,15,2.9080092277219403,1.1184650875853617,2.934693773890281e-09,0,0,0,0,0,1,-90,90
13,14,20.947384724622026,8.056686432546933,2.1139602634201372e-08,0,0,0,0,0,1,-90,90
15,17,17.473237212886577,6.720475851110222,1.7633575564179534e-08,0,0,0,0,0,1,-90,90
17,18,3.629365746390408,1.3959099024578494,3.662669622079007e-09,0,0,0,0,0,1,-90,90
18,22,55.14897915368591,21.211145828340737,5.5655038579610163e-08,0,0,0,0,0,1,-90,90
18,21,4.201859999999999,1.6160999999999996,4.240417211611992e-09,0,0,0,0,0,1,-90,90
