BUS_I,BUS_TYPE,Pd,Qd,Gs,Bs,area,Vm,Va,baseKV,zone,Vmax,Vmin
1,1,0.007833770387396851,0.001963327926842274,0,0,1,1,0,0.4,1,1.1,0.9
2,1,0.0,0.0,0,0,1,1,0,0.4,1,1.1,0.9
4,1,0.0,0.0,0,0,1,1,0,0.4,1,1.1,0.9
5,1,0.0,0.0,0,0,1,1,0,0.4,1,1.1,0.9
11,1,0.0,0.0,0,0,1,1,0,0.4,1,1.1,0.9
13,3,0.024259826343633308,0.006080085604427134,0,0,1,1,0,0.4,1,1.1,0.9
21,1,0.0,0.0,0,0,1,1,0,0.4,1,1.1,0.9
29,1,0.00842175023055767,0.0021106895661820225,0,0,1,1,0,0.4,1,1.1,0.9
7,1,0.0,0.0,0,0,1,1,0,0.4,1,1.1,0.9
16,1,0.005180666807415178,0.0012983974918421046,0,0,1,1,0,0.4,1,1.1,0.9
8,1,0.0,0.0,0,0,1,1,0,0.4,1,1.1,0.9
9,1,0.0,0.0,0,0,1,1,0,0.4,1,1.1,0.9
22,1,0.0014105578489432226,0.0003535191204623828,0,0,1,1,0,0.4,1,1.1,0.9
15,1,0.0043537697003675395,0.0010911575419064274,0,0,1,1,0,0.4,1,1.1,0.9
10,1,0.0,0.0,0,0,1,1,0,0.4,1,1.1,0.9
14,1,0.0,0.0,0,0,1,1,0,0.4,1,1.1,0.9
26,1,0.0030523203267852554,0.0007649835829866841,0,0,1,1,0,0.4,1,1.1,0.9
28,1,0.008419022421395535,0.0021100059127632633,0,0,1,1,0,0.4,1,1.1,0.9
12,1,0.09402089284222037,0.023563856929066356,0,0,1,1,0,0.4,1,1.1,0.9
24,1,0.00017128280315794415,4.2927516916865686e-05,0,0,1,1,0,0.4,1,1.1,0.9
23,1,0.026209285632816253,0.0065686661570117,0,0,1,1,0,0.4,1,1.1,0.9
19,1,0.0,0.0,0,0,1,1,0,0.4,1,1.1,0.9
25,1,0.0022080187167487944,0.0005533816534318774,0,0,1,1,0,0.4,1,1.1,0.9
17,1,0.005482591057516516,0.001374066841682705,0,0,1,1,0,0.4,1,1.1,0.9
20,1,0.0001633743071304733,4.094546097927593e-05,0,0,1,1,0,0.4,1,1.1,0.9
