BUS_I,BUS_TYPE,Pd,Qd,Gs,Bs,area,Vm,Va,baseKV,zone,Vmax,Vmin
1,1,0.003947033338715289,0.0009892198007927973,0,0,1,1,0,0.4,1,1.1,0.9
2,1,0.00117843386780066,0.00029534336700907764,0,0,1,1,0,0.4,1,1.1,0.9
3,1,0.0,0.0,0,0,1,1,0,0.4,1,1.1,0.9
5,1,0.007489214554464949,0.0018769740952007524,0,0,1,1,0,0.4,1,1.1,0.9
6,1,0.0035507203553971156,0.000889894404535261,0,0,1,1,0,0.4,1,1.1,0.9
18,1,0.006724213187638461,0.0016852466800113407,0,0,1,1,0,0.4,1,1.1,0.9
41,1,0.007068969598622955,0.0017716507812513686,0,0,1,1,0,0.4,1,1.1,0.9
17,1,0.004959055466563609,0.0012428564544000526,0,0,1,1,0,0.4,1,1.1,0.9
7,1,0.009127553235511716,0.0022875804733631746,0,0,1,1,0,0.4,1,1.1,0.9
8,1,0.004466071633879914,0.001119303059505201,0,0,1,1,0,0.4,1,1.1,0.9
9,1,0.0,0.0,0,0,1,1,0,0.4,1,1.1,0.9
10,1,0.0046455486342054575,0.0011642842358148774,0,0,1,1,0,0.4,1,1.1,0.9
11,1,0.0,0.0,0,0,1,1,0,0.4,1,1.1,0.9
12,1,0.008035811559980463,0.0020139642177838036,0,0,1,1,0,0.4,1,1.1,0.9
16,1,0.004321319525694337,0.0010830247615189262,0,0,1,1,0,0.4,1,1.1,0.9
13,1,0.0,0.0,0,0,1,1,0,0.4,1,1.1,0.9
14,1,0.006297667741205929,0.0015783443142749513,0,0,1,1,0,0.4,1,1.1,0.9
19,1,0.006122217904142409,0.0015343724402178663,0,0,1,1,0,0.4,1,1.1,0.9
15,3,0.0,0.0,0,0,1,1,0,0.4,1,1.1,0.9
20,1,0.007838313640208512,0.0019644665733282865,0,0,1,1,0,0.4,1,1.1,0.9
21,1,0.004408939066352804,0.0011049842883629373,0,0,1,1,0,0.4,1,1.1,0.9
38,1,0.0,0.0,0,0,1,1,0,0.4,1,1.1,0.9
39,1,0.005012548483872601,0.001256263068275635,0,0,1,1,0,0.4,1,1.1,0.9
37,1,0.004785406139159625,0.0011993358305995238,0,0,1,1,0,0.4,1,1.1,0.9
22,1,0.004596275124082713,0.0011519351301232978,0,0,1,1,0,0.4,1,1.1,0.9
23,1,0.004701659672482707,0.0011783469875941577,0,0,1,1,0,0.4,1,1.1,0.9
24,1,0.0,0.0,0,0,1,1,0,0.4,1,1.1,0.9
25,1,0.012062596610510009,0.0030231716816398833,0,0,1,1,0,0.4,1,1.1,0.9
26,1,0.0,0.0,0,0,1,1,0,0.4,1,1.1,0.9
27,1,0.006607950782182383,0.001656108574579886,0,0,1,1,0,0.4,1,1.1,0.9
28,1,0.004373710694027185,0.0010961552260106173,0,0,1,1,0,0.4,1,1.1,0.9
29,1,0.0,0.0,0,0,1,1,0,0.4,1,1.1,0.9
30,1,0.0,0.0,0,0,1,1,0,0.4,1,1.1,0.9
31,1,0.004468982771927493,0.0011200326594736785,0,0,1,1,0,0.4,1,1.1,0.9
32,1,0.004549874601391334,0.001140306062954489,0,0,1,1,0,0.4,1,1.1,0.9
33,1,0.0037280525726456942,0.0009343380475367364,0,0,1,1,0,0.4,1,1.1,0.9
34,1,0.0,0.0,0,0,1,1,0,0.4,1,1.1,0.9
35,1,0.002552843547389158,0.0006398029022540363,0,0,1,1,0,0.4,1,1.1,0.9
36,1,0.055915752287463455,0.01401380849673484,0,0,1,1,0,0.4,1,1.1,0.9
