BUS_I,BUS_TYPE,Pd,Qd,Gs,Bs,area,Vm,Va,baseKV,zone,Vmax,Vmin
14,1,0.002094988432243084,0.0005250535938673527,0,0,1,1,0,0.4,1,1.1,0.9
16,1,0.0,0.0,0,0,1,1,0,0.4,1,1.1,0.9
17,1,0.0010944269191551232,0.0002742892410686575,0,0,1,1,0,0.4,1,1.1,0.9
27,1,0.0,0.0,0,0,1,1,0,0.4,1,1.1,0.9
18,1,0.009160895522287285,0.0022959368381191003,0,0,1,1,0,0.4,1,1.1,0.9
19,1,0.0015353699312608293,0.00038479997689592484,0,0,1,1,0,0.4,1,1.1,0.9
20,3,0.0016748219303241627,0.00041974994232451396,0,0,1,1,0,0.4,1,1.1,0.9
86,1,0.0067180056304279746,0.0016836909195248671,0,0,1,1,0,0.4,1,1.1,0.9
22,1,0.0,0.0,0,0,1,1,0,0.4,1,1.1,0.9
23,1,0.03949608836179396,0.00989865281301765,0,0,1,1,0,0.4,1,1.1,0.9
24,1,0.0005860934871918092,0.0001468888739699744,0,0,1,1,0,0.4,1,1.1,0.9
81,1,0.0017248369250008034,0.0004322848815623931,0,0,1,1,0,0.4,1,1.1,0.9
26,1,0.0,0.0,0,0,1,1,0,0.4,1,1.1,0.9
25,1,0.0009637489687434741,0.00024153825951340712,0,0,1,1,0,0.4,1,1.1,0.9
28,1,0.0013275250739995892,0.0003327091454658835,0,0,1,1,0,0.4,1,1.1,0.9
31,1,0.0,0.0,0,0,1,1,0,0.4,1,1.1,0.9
29,1,0.0018366022818608358,0.0004602959203758132,0,0,1,1,0,0.4,1,1.1,0.9
30,1,0.0,0.0,0,0,1,1,0,0.4,1,1.1,0.9
