BUS_I,BUS_TYPE,Pd,Qd,Gs,Bs,area,Vm,Va,baseKV,zone,Vmax,Vmin
1,1,0.005718814342323691,0.0014332699774777609,0,0,1,1,0,0.4,1,1.1,0.9
2,1,0.008666182061867648,0.0021719499576522846,0,0,1,1,0,0.4,1,1.1,0.9
3,1,0.0,0.0,0,0,1,1,0,0.4,1,1.1,0.9
6,1,0.00742905927949627,0.0018618977621641226,0,0,1,1,0,0.4,1,1.1,0.9
9,1,0.006221776457878612,0.0015593241657906232,0,0,1,1,0,0.4,1,1.1,0.9
5,1,0.008864230174743436,0.0022215854934975795,0,0,1,1,0,0.4,1,1.1,0.9
24,1,0.006979917830505643,0.0017493323043707232,0,0,1,1,0,0.4,1,1.1,0.9
23,1,0.0,0.0,0,0,1,1,0,0.4,1,1.1,0.9
4,1,0.009210497594262046,0.0023083682891728565,0,0,1,1,0,0.4,1,1.1,0.9
7,1,0.011222557290278564,0.0028126379826040543,0,0,1,1,0,0.4,1,1.1,0.9
8,3,0.0047414312289187095,0.0011883146792143274,0,0,1,1,0,0.4,1,1.1,0.9
10,1,0.0,0.0,0,0,1,1,0,0.4,1,1.1,0.9
16,1,0.012148765178879816,0.0030447675605500737,0,0,1,1,0,0.4,1,1.1,0.9
14,1,0.012261725381058757,0.0030730780558278605,0,0,1,1,0,0.4,1,1.1,0.9
13,1,0.0,0.0,0,0,1,1,0,0.4,1,1.1,0.9
11,1,0.0035640964300184402,0.0008932467648364797,0,0,1,1,0,0.4,1,1.1,0.9
12,1,0.011442630799891974,0.002867793603207555,0,0,1,1,0,0.4,1,1.1,0.9
15,1,0.0,0.0,0,0,1,1,0,0.4,1,1.1,0.9
20,1,0.0,0.0,0,0,1,1,0,0.4,1,1.1,0.9
17,1,0.013249509909515947,0.0033206401944300833,0,0,1,1,0,0.4,1,1.1,0.9
25,1,0.005980078526544971,0.0014987489542410502,0,0,1,1,0,0.4,1,1.1,0.9
18,1,0.012605929751411438,0.0031593438026439533,0,0,1,1,0,0.4,1,1.1,0.9
19,1,0.003826591220724638,0.0009590341606571722,0,0,1,1,0,0.4,1,1.1,0.9
21,1,0.0,0.0,0,0,1,1,0,0.4,1,1.1,0.9
22,1,0.0047451479211169075,0.0011892461700836459,0,0,1,1,0,0.4,1,1.1,0.9
