BUS_I,BUS_TYPE,Pd,Qd,Gs,Bs,area,Vm,Va,baseKV,zone,Vmax,Vmin
67,1,0.0014534763087116949,0.0003642755004012259,0,0,1,1,0,0.4,1,1.1,0.9
68,1,0.0004026650090323253,0.0001009173639640035,0,0,1,1,0,0.4,1,1.1,0.9
69,1,0.0006344543931556256,0.00015900925949964334,0,0,1,1,0,0.4,1,1.1,0.9
70,1,0.0002906397463232585,7.284118660470772e-05,0,0,1,1,0,0.4,1,1.1,0.9
71,1,0.0,0.0,0,0,1,1,0,0.4,1,1.1,0.9
72,1,0.0,0.0,0,0,1,1,0,0.4,1,1.1,0.9
88,1,0.0,0.0,0,0,1,1,0,0.4,1,1.1,0.9
73,1,0.00042629521833171413,0.00010683965266284738,0,0,1,1,0,0.4,1,1.1,0.9
74,1,0.0013426943368518086,0.0003365109211006772,0,0,1,1,0,0.4,1,1.1,0.9
75,1,0.0,0.0,0,0,1,1,0,0.4,1,1.1,0.9
77,1,0.0,0.0,0,0,1,1,0,0.4,1,1.1,0.9
76,1,0.0019717049232161584,0.000494155834012011,0,0,1,1,0,0.4,1,1.1,0.9
79,1,0.0004305718633534026,0.00010791148093825614,0,0,1,1,0,0.4,1,1.1,0.9
81,1,0.00027068023047001,6.783886040122608e-05,0,0,1,1,0,0.4,1,1.1,0.9
78,1,0.003877413465557357,0.0009717714158549276,0,0,1,1,0,0.4,1,1.1,0.9
80,1,0.0003692401671684377,9.254030895263445e-05,0,0,1,1,0,0.4,1,1.1,0.9
82,3,0.0,0.0,0,0,1,1,0,0.4,1,1.1,0.9
86,1,0.0,0.0,0,0,1,1,0,0.4,1,1.1,0.9
83,1,0.00414775749881917,0.0010395260172933378,0,0,1,1,0,0.4,1,1.1,0.9
84,1,0.0011639565208013685,0.00029171500183309233,0,0,1,1,0,0.4,1,1.1,0.9
85,1,0.0031660686998799354,0.0007934916125159834,0,0,1,1,0,0.4,1,1.1,0.9
87,1,0.003335235502663741,0.0008358888097499492,0,0,1,1,0,0.4,1,1.1,0.9
99,1,0.002827102721146473,0.0007085387303932823,0,0,1,1,0,0.4,1,1.1,0.9
