BUS_I,BUS_TYPE,Pd,Qd,Gs,Bs,area,Vm,Va,baseKV,zone,Vmax,Vmin
1,3,0.09695720317806017,0.024299765667661077,0,0,1,1,0,0.4,1,1.1,0.9
2,1,0.08834905479258758,0.022142360320321477,0,0,1,1,0,0.4,1,1.1,0.9
3,1,0.008693884363528352,0.0021788928088974234,0,0,1,1,0,0.4,1,1.1,0.9
4,1,0.0,0.0,0,0,1,1,0,0.4,1,1.1,0.9
7,1,0.0,0.0,0,0,1,1,0,0.4,1,1.1,0.9
5,1,0.01015579617990883,0.0025452824468038615,0,0,1,1,0,0.4,1,1.1,0.9
6,1,0.0,0.0,0,0,1,1,0,0.4,1,1.1,0.9
8,1,0.017679252579016765,0.004430838357213587,0,0,1,1,0,0.4,1,1.1,0.9
12,1,0.0,0.0,0,0,1,1,0,0.4,1,1.1,0.9
11,1,0.0,0.0,0,0,1,1,0,0.4,1,1.1,0.9
9,1,0.024652153759669865,0.006178412123367447,0,0,1,1,0,0.4,1,1.1,0.9
10,1,0.0,0.0,0,0,1,1,0,0.4,1,1.1,0.9
13,1,0.01436338576876777,0.003599803799355609,0,0,1,1,0,0.4,1,1.1,0.9
14,1,0.0,0.0,0,0,1,1,0,0.4,1,1.1,0.9
15,1,0.0,0.0,0,0,1,1,0,0.4,1,1.1,0.9
16,1,0.008288239043089979,0.0020772285084871343,0,0,1,1,0,0.4,1,1.1,0.9
19,1,0.01797319580921192,0.004504507474919263,0,0,1,1,0,0.4,1,1.1,0.9
17,1,0.004096161561134344,0.001026594856388851,0,0,1,1,0,0.4,1,1.1,0.9
18,1,0.0,0.0,0,0,1,1,0,0.4,1,1.1,0.9
20,1,0.0,0.0,0,0,1,1,0,0.4,1,1.1,0.9
27,1,0.01020316312914579,0.002557153723296195,0,0,1,1,0,0.4,1,1.1,0.9
22,1,0.0,0.0,0,0,1,1,0,0.4,1,1.1,0.9
23,1,0.0,0.0,0,0,1,1,0,0.4,1,1.1,0.9
21,1,0.007277453875792182,0.0018239018664162334,0,0,1,1,0,0.4,1,1.1,0.9
24,1,0.01683622547353443,0.004219555848609391,0,0,1,1,0,0.4,1,1.1,0.9
25,1,0.0,0.0,0,0,1,1,0,0.4,1,1.1,0.9
26,1,0.0008266044255777404,0.00020716659704491023,0,0,1,1,0,0.4,1,1.1,0.9
