BUS_I,BUS_TYPE,Pd,Qd,Gs,Bs,area,Vm,Va,baseKV,zone,Vmax,Vmin
1,1,0.015610601250199186,0.003912385463661707,0,0,1,1,0,0.4,1,1.1,0.9
2,1,0.0,0.0,0,0,1,1,0,0.4,1,1.1,0.9
3,1,0.0022316245425023987,0.0005592978310381022,0,0,1,1,0,0.4,1,1.1,0.9
4,1,0.004015215857927365,0.001006307950875278,0,0,1,1,0,0.4,1,1.1,0.9
5,1,0.0,0.0,0,0,1,1,0,0.4,1,1.1,0.9
6,1,0.0,0.0,0,0,1,1,0,0.4,1,1.1,0.9
10,1,0.0015665319779435264,0.0003926099219778144,0,0,1,1,0,0.4,1,1.1,0.9
11,1,0.001902541812628041,0.00047682192456485723,0,0,1,1,0,0.4,1,1.1,0.9
7,3,0.0,0.0,0,0,1,1,0,0.4,1,1.1,0.9
8,1,0.0024101571667912154,0.0006040423244027016,0,0,1,1,0,0.4,1,1.1,0.9
9,1,0.08245559636604036,0.020665320409483722,0,0,1,1,0,0.4,1,1.1,0.9
12,1,0.0031840618530542984,0.0007980011217780894,0,0,1,1,0,0.4,1,1.1,0.9
13,1,0.0942255716850309,0.023615154282480004,0,0,1,1,0,0.4,1,1.1,0.9
14,1,0.004852432587086448,0.0012161342419064834,0,0,1,1,0,0.4,1,1.1,0.9
15,1,0.003045575624140935,0.0007632932011647782,0,0,1,1,0,0.4,1,1.1,0.9
16,1,0.0,0.0,0,0,1,1,0,0.4,1,1.1,0.9
17,1,0.003496360544215905,0.0008762705516378557,0,0,1,1,0,0.4,1,1.1,0.9
19,1,0.0006631279459790157,0.000166195529231332,0,0,1,1,0,0.4,1,1.1,0.9
18,1,0.000864505360092964,0.00021666546661949906,0,0,1,1,0,0.4,1,1.1,0.9
