BUS_I,BUS_TYPE,Pd,Qd,Gs,Bs,area,Vm,Va,baseKV,zone,Vmax,Vmin
1,1,0.05215301430589021,0.013070777466300497,0,0,1,1,0,0.4,1,1.1,0.9
2,1,0.04228629546899255,0.010597944630920566,0,0,1,1,0,0.4,1,1.1,0.9
3,3,0.0,0.0,0,0,1,1,0,0.4,1,1.1,0.9
5,1,0.020440146199921377,0.005122783522939073,0,0,1,1,0,0.4,1,1.1,0.9
6,1,0.0,0.0,0,0,1,1,0,0.4,1,1.1,0.9
13,1,0.0,0.0,0,0,1,1,0,0.4,1,1.1,0.9
16,1,0.019454085024516767,0.0048756532973249275,0,0,1,1,0,0.4,1,1.1,0.9
7,1,0.0,0.0,0,0,1,1,0,0.4,1,1.1,0.9
21,1,0.0,0.0,0,0,1,1,0,0.4,1,1.1,0.9
26,1,0.02956820760052145,0.007410491354478461,0,0,1,1,0,0.4,1,1.1,0.9
9,1,0.0,0.0,0,0,1,1,0,0.4,1,1.1,0.9
10,1,0.0,0.0,0,0,1,1,0,0.4,1,1.1,0.9
31,1,0.09528759256541133,0.02388132180466001,0,0,1,1,0,0.4,1,1.1,0.9
32,1,0.03742092061642261,0.009378566751531266,0,0,1,1,0,0.4,1,1.1,0.9
11,1,0.0,0.0,0,0,1,1,0,0.4,1,1.1,0.9
12,1,0.0,0.0,0,0,1,1,0,0.4,1,1.1,0.9
35,1,0.004243441189536244,0.0010635066106523673,0,0,1,1,0,0.4,1,1.1,0.9
17,1,0.00977945157771613,0.0024509615985964625,0,0,1,1,0,0.4,1,1.1,0.9
19,1,0.007358281523881573,0.0018441591845283632,0,0,1,1,0,0.4,1,1.1,0.9
27,1,0.0,0.0,0,0,1,1,0,0.4,1,1.1,0.9
23,1,0.08129217798684517,0.020373740278650385,0,0,1,1,0,0.4,1,1.1,0.9
24,1,0.013539859562470632,0.003393408676783358,0,0,1,1,0,0.4,1,1.1,0.9
30,1,0.04466162987122683,0.011193259547860001,0,0,1,1,0,0.4,1,1.1,0.9
22,1,0.025405853962126034,0.006367307199782955,0,0,1,1,0,0.4,1,1.1,0.9
18,1,0.007592921762562313,0.0019029655715656932,0,0,1,1,0,0.4,1,1.1,0.9
28,1,0.0055243544551489224,0.0013845337357626538,0,0,1,1,0,0.4,1,1.1,0.9
20,1,0.011284671561395768,0.002828205286355522,0,0,1,1,0,0.4,1,1.1,0.9
25,1,0.010247732177474001,0.002568323779722196,0,0,1,1,0,0.4,1,1.1,0.9
34,1,0.009138113392677435,0.002290227098225789,0,0,1,1,0,0.4,1,1.1,0.9
33,1,0.011967716941922607,0.0029993925952210526,0,0,1,1,0,0.4,1,1.1,0.9
29,1,0.009124904984136362,0.0022869167590052844,0,0,1,1,0,0.4,1,1.1,0.9
