BUS_I,BUS_TYPE,Pd,Qd,Gs,Bs,area,Vm,Va,baseKV,zone,Vmax,Vmin
1,1,0.035429757636680326,0.008879534268869803,0,0,1,1,0,0.4,1,1.1,0.9
2,1,0.0,0.0,0,0,1,1,0,0.4,1,1.1,0.9
4,1,0.03988363925685452,0.009995782222959158,0,0,1,1,0,0.4,1,1.1,0.9
5,1,0.020592049689908663,0.005160854126151627,0,0,1,1,0,0.4,1,1.1,0.9
7,1,0.0,0.0,0,0,1,1,0,0.4,1,1.1,0.9
6,1,0.0,0.0,0,0,1,1,0,0.4,1,1.1,0.9
13,1,0.06761086363826228,0.016944879690689432,0,0,1,1,0,0.4,1,1.1,0.9
15,1,0.04808060825555787,0.012050136302127213,0,0,1,1,0,0.4,1,1.1,0.9
12,1,0.0,0.0,0,0,1,1,0,0.4,1,1.1,0.9
16,3,0.06391845015116797,0.016019473639942224,0,0,1,1,0,0.4,1,1.1,0.9
8,1,0.0,0.0,0,0,1,1,0,0.4,1,1.1,0.9
10,1,0.0,0.0,0,0,1,1,0,0.4,1,1.1,0.9
14,1,0.027023267314209207,0.006772669196159733,0,0,1,1,0,0.4,1,1.1,0.9
17,1,0.036820363734727635,0.009228053009210454,0,0,1,1,0,0.4,1,1.1,0.9
