F_BUS,T_BUS,BR_R,BR_X,BR_B,RATE_A,RATE_B,RATE_C,TAP,SHIFT,BR_STATUS,ANGMIN,ANGMAX
1,2,2.8134854218523806,1.0821097776355313,2.839302596336447e-09,0,0,0,0,0,1,-90,90
1,3,2.6924789233176627,1.0355688166606398,2.717185714978306e-09,0,0,0,0,0,1,-90,90
2,4,13.092866274145528,5.03571779774828,1.32130093573372e-08,0,0,0,0,0,1,-90,90
4,5,3.635233333333333,1.3981666666666666,1.1005773153954894e-08,0,0,0,0,0,1,-90,90
5,11,4.932433474388362,1.8970897978416779,1.4933083777132667e-08,0,0,0,0,0,1,-90,90
11,9,0.18378103113704744,0.07068501197578748,5.564023415354168e-10,0,0,0,0,0,1,-90,90
9,8,0.8975164155892208,0.3451986213804696,2.717256683732086e-09,0,0,0,0,0,1,-90,90
7,15,7.180916925491113,2.76189112518889,7.246810632912184e-09,0,0,0,0,0,1,-90,90
15,14,0.9479759704255286,0.3646061424713572,2.8700244328847176e-09,0,0,0,0,0,1,-90,90
14,13,1.013405503776269,0.38977134760625737,3.06811422124146e-09,0,0,0,0,0,1,-90,90
8,10,0.14856328461097293,0.057139724850374204,4.497796040881757e-10,0,0,0,0,0,1,-90,90
10,12,1.4378995833036552,0.5530383012706367,4.353282219024812e-09,0,0,0,0,0,1,-90,90
12,13,2.2969916550833336,0.8834583288782054,6.954208100087453e-09,0,0,0,0,0,1,-90,90
