BUS_I,BUS_TYPE,Pd,Qd,Gs,Bs,area,Vm,Va,baseKV,zone,Vmax,Vmin
1,1,0.030481476979818248,0.007639378236328867,0,0,1,1,0,0.4,1,1.1,0.9
2,1,0.026244007781391503,0.006577368347732969,0,0,1,1,0,0.4,1,1.1,0.9
3,1,0.0,0.0,0,0,1,1,0,0.4,1,1.1,0.9
4,1,0.004510400488350662,0.0011304129176760973,0,0,1,1,0,0.4,1,1.1,0.9
5,1,0.0,0.0,0,0,1,1,0,0.4,1,1.1,0.9
6,1,0.005055573727272604,0.0012670462107152339,0,0,1,1,0,0.4,1,1.1,0.9
17,1,0.009827621727098314,0.0024630341760202732,0,0,1,1,0,0.4,1,1.1,0.9
7,1,0.010753287735235293,0.0026950279459203703,0,0,1,1,0,0.4,1,1.1,0.9
8,1,0.0,0.0,0,0,1,1,0,0.4,1,1.1,0.9
13,1,0.0,0.0,0,0,1,1,0,0.4,1,1.1,0.9
18,3,0.010316551621262557,0.002585571558150474,0,0,1,1,0,0.4,1,1.1,0.9
15,1,0.0011513473316533442,0.00028855484114865605,0,0,1,1,0,0.4,1,1.1,0.9
12,1,0.0,0.0,0,0,1,1,0,0.4,1,1.1,0.9
9,1,0.06853882098057862,0.017177447723066164,0,0,1,1,0,0.4,1,1.1,0.9
11,1,0.0,0.0,0,0,1,1,0,0.4,1,1.1,0.9
14,1,0.0028830570734449676,0.0007225622129646819,0,0,1,1,0,0.4,1,1.1,0.9
