F_BUS,T_BUS,BR_R,BR_X,BR_B,RATE_A,RATE_B,RATE_C,TAP,SHIFT,BR_STATUS,ANGMIN,ANGMAX
1,2,1.6583336003282803,0.6378206155108771,3.347101684219143e-09,0,0,0,0,0,1,-90,90
2,4,0.7531386789324981,0.2896687226663454,1.520099297395003e-09,0,0,0,0,0,1,-90,90
4,7,1.8214949999999996,0.700575,3.676418894901394e-09,0,0,0,0,0,1,-90,90
4,8,2.5428524960147842,0.978020190774917,2.5661862819540887e-09,0,0,0,0,0,1,-90,90
3,5,1.6696249629604147,0.6421634472924672,1.68494581682264e-09,0,0,0,0,0,1,-90,90
3,6,0.47020779139690855,0.18084915053727255,4.745225237569821e-10,0,0,0,0,0,1,-90,90
5,16,1.9237214771562772,0.7398928758293374,3.882747955467876e-09,0,0,0,0,0,1,-90,90
6,11,4.962327465083344,1.908587486570517,5.007862897049003e-09,0,0,0,0,0,1,-90,90
7,28,3.292448436443301,1.266326321708962,3.322660683182964e-09,0,0,0,0,0,1,-90,90
7,26,0.003613998968911835,0.0013899996034276289,7.294323671194063e-12,0,0,0,0,0,1,-90,90
8,14,2.2154098510261813,0.8520807119331467,2.235738949671379e-09,0,0,0,0,0,1,-90,90
16,17,1.535012275090728,0.590389336573357,3.098195785357155e-09,0,0,0,0,0,1,-90,90
11,13,1.0395006573941807,0.39980794515160795,1.0490393490254947e-09,0,0,0,0,0,1,-90,90
11,9,5.672897882302875,2.1818838008857213,5.724953668098017e-09,0,0,0,0,0,1,-90,90
26,27,1.3880435628849022,0.5338629088018855,2.8015611250847826e-09,0,0,0,0,0,1,-90,90
14,12,2.2508199999999996,0.8656999999999999,2.271474030129634e-09,0,0,0,0,0,1,-90,90
17,25,0.34459310523239145,0.13253580970476594,3.477551690037877e-10,0,0,0,0,0,1,-90,90
17,22,1.0426506229902748,0.40101947038087493,2.1044364388275328e-09,0,0,0,0,0,1,-90,90
13,21,1.8160900597975145,0.698496176845198,1.832754910302303e-09,0,0,0,0,0,1,-90,90
27,24,0.7188401502428834,0.27647698086264744,1.4508727780019675e-09,0,0,0,0,0,1,-90,90
12,10,1.1861058910192375,0.4561945734689375,1.1969898652197725e-09,0,0,0,0,0,1,-90,90
22,23,1.3378054114437037,0.514540542862963,2.7001628290678633e-09,0,0,0,0,0,1,-90,90
23,24,1.7641649999999995,0.6785249999999998,3.5607067489747258e-09,0,0,0,0,0,1,-90,90
23,20,2.9484472102795056,1.1340181577998099,2.975502824463114e-09,0,0,0,0,0,1,-90,90
18,19,2.0670247059138953,0.795009502274575,2.085992189122079e-09,0,0,0,0,0,1,-90,90
19,20,2.225490600374479,0.8559579232209537,2.245912202241067e-09,0,0,0,0,0,1,-90,90
