BUS_I,BUS_TYPE,Pd,Qd,Gs,Bs,area,Vm,Va,baseKV,zone,Vmax,Vmin
1,1,0.0020180075681213226,0.0005057603706952949,0,0,1,1,0,0.4,1,1.1,0.9
2,1,0.001731123630181442,0.00043386047840000645,0,0,1,1,0,0.4,1,1.1,0.9
3,1,0.0,0.0,0,0,1,1,0,0.4,1,1.1,0.9
5,1,0.0,0.0,0,0,1,1,0,0.4,1,1.1,0.9
44,1,0.008743107349496007,0.002191229252042137,0,0,1,1,0,0.4,1,1.1,0.9
9,1,0.0018729406555985273,0.0004694031753050644,0,0,1,1,0,0.4,1,1.1,0.9
6,1,0.0013893570917286491,0.0003482057098502285,0,0,1,1,0,0.4,1,1.1,0.9
7,1,0.002023469510547489,0.0005071292625021506,0,0,1,1,0,0.4,1,1.1,0.9
8,1,0.0029028724141317254,0.0007275284054653958,0,0,1,1,0,0.4,1,1.1,0.9
10,1,0.0018554250942626098,0.00046501336184047123,0,0,1,1,0,0.4,1,1.1,0.9
11,1,0.0022735573794880016,0.0005698071906228572,0,0,1,1,0,0.4,1,1.1,0.9
12,1,0.002733767528023384,0.0006851467260130428,0,0,1,1,0,0.4,1,1.1,0.9
13,1,0.0038752831018174757,0.0009712374963732473,0,0,1,1,0,0.4,1,1.1,0.9
14,1,0.003022321969039181,0.000757465285843711,0,0,1,1,0,0.4,1,1.1,0.9
15,1,0.003970566850974428,0.0009951178549289495,0,0,1,1,0,0.4,1,1.1,0.9
37,1,0.006599159121889494,0.0016539051768131978,0,0,1,1,0,0.4,1,1.1,0.9
38,1,0.0,0.0,0,0,1,1,0,0.4,1,1.1,0.9
39,1,0.00343498213421265,0.0008608876720657869,0,0,1,1,0,0.4,1,1.1,0.9
40,1,0.0035936280412017948,0.0009006480842642495,0,0,1,1,0,0.4,1,1.1,0.9
42,1,0.004960022897166642,0.001243098915364095,0,0,1,1,0,0.4,1,1.1,0.9
54,1,0.0,0.0,0,0,1,1,0,0.4,1,1.1,0.9
43,3,0.0053354426871616905,0.0013371879837866722,0,0,1,1,0,0.4,1,1.1,0.9
46,1,0.005590255035118084,0.0014010499779615207,0,0,1,1,0,0.4,1,1.1,0.9
47,1,0.005399152375158985,0.0013531551366989828,0,0,1,1,0,0.4,1,1.1,0.9
45,1,0.0012505142904505472,0.00031340842377852214,0,0,1,1,0,0.4,1,1.1,0.9
48,1,0.0036069622890349856,0.0009039899617842311,0,0,1,1,0,0.4,1,1.1,0.9
49,1,0.001619266079019143,0.0004058263335164076,0,0,1,1,0,0.4,1,1.1,0.9
51,1,0.003992413940268199,0.0010005932516293282,0,0,1,1,0,0.4,1,1.1,0.9
52,1,0.002819641772608338,0.0007066688404295402,0,0,1,1,0,0.4,1,1.1,0.9
53,1,0.0038415981864015334,0.0009627952607856638,0,0,1,1,0,0.4,1,1.1,0.9
