BUS_I,BUS_TYPE,Pd,Qd,Gs,Bs,area,Vm,Va,baseKV,zone,Vmax,Vmin
1,1,0.019685418439347784,0.004933630916183942,0,0,1,1,0,0.4,1,1.1,0.9
2,1,0.010350001013297354,0.0025939547660146544,0,0,1,1,0,0.4,1,1.1,0.9
3,1,0.061310463550634194,0.015365850585851168,0,0,1,1,0,0.4,1,1.1,0.9
5,1,0.04866547497834258,0.012196717719955253,0,0,1,1,0,0.4,1,1.1,0.9
7,1,0.03297078547652676,0.008263257753907838,0,0,1,1,0,0.4,1,1.1,0.9
11,1,0.0,0.0,0,0,1,1,0,0.4,1,1.1,0.9
18,1,0.07465133793135384,0.01870938887519146,0,0,1,1,0,0.4,1,1.1,0.9
10,1,0.0,0.0,0,0,1,1,0,0.4,1,1.1,0.9
8,1,0.0,0.0,0,0,1,1,0,0.4,1,1.1,0.9
9,1,0.0,0.0,0,0,1,1,0,0.4,1,1.1,0.9
6,1,0.036786638149155934,0.009219600580721032,0,0,1,1,0,0.4,1,1.1,0.9
17,1,0.05466046574828396,0.013699204034683552,0,0,1,1,0,0.4,1,1.1,0.9
13,1,0.03217725618165967,0.008064380565997595,0,0,1,1,0,0.4,1,1.1,0.9
15,1,0.010692450817552346,0.0026797807771161766,0,0,1,1,0,0.4,1,1.1,0.9
16,3,0.042263655029218944,0.01059227040184755,0,0,1,1,0,0.4,1,1.1,0.9
14,1,0.04629108963206499,0.011601640658859397,0,0,1,1,0,0.4,1,1.1,0.9
