F_BUS,T_BUS,BR_R,BR_X,BR_B,RATE_A,RATE_B,RATE_C,TAP,SHIFT,BR_STATUS,ANGMIN,ANGMAX
1,2,1.0364792662395097,0.6633467303932862,1.740527747556606e-09,0,0,0,0,0,1,-90,90
2,4,3.5310750458555358,2.259888029347543,1.185925140271175e-08,0,0,0,0,0,1,-90,90
4,13,0.8746839938879228,0.5597977560882705,2.9376598477055564e-09,0,0,0,0,0,1,-90,90
13,14,0.1472681159302294,0.09425159419534682,4.946056336214562e-10,0,0,0,0,0,1,-90,90
14,12,1.0647663343905287,0.6814504540099384,3.5760587018681388e-09,0,0,0,0,0,1,-90,90
5,6,3.962277730032735,2.5358577472209505,6.6537311042109605e-09,0,0,0,0,0,1,-90,90
6,8,0.5650366031225714,0.36162342599844566,9.488485859327424e-10,0,0,0,0,0,1,-90,90
8,11,2.9402375702444066,1.8817520449564202,4.9374505039411354e-09,0,0,0,0,0,1,-90,90
11,9,7.806400718720001,4.996096459980801,1.3109048585963945e-08,0,0,0,0,0,1,-90,90
9,10,0.9974802657196734,0.638387370060591,1.6750379256733153e-09,0,0,0,0,0,1,-90,90
10,12,1.1048358744068256,0.7070949596203684,3.710633793723529e-09,0,0,0,0,0,1,-90,90
