BUS_I,BUS_TYPE,Pd,Qd,Gs,Bs,area,Vm,Va,baseKV,zone,Vmax,Vmin
1,1,0.01285539235635284,0.0032218650248350246,0,0,1,1,0,0.4,1,1.1,0.9
2,1,0.009299280716062399,0.0023306194369398766,0,0,1,1,0,0.4,1,1.1,0.9
4,1,0.0,0.0,0,0,1,1,0,0.4,1,1.1,0.9
8,1,0.0,0.0,0,0,1,1,0,0.4,1,1.1,0.9
16,1,0.0,0.0,0,0,1,1,0,0.4,1,1.1,0.9
13,1,0.0,0.0,0,0,1,1,0,0.4,1,1.1,0.9
38,1,0.006539133844085882,0.0016388614241372326,0,0,1,1,0,0.4,1,1.1,0.9
10,1,0.0,0.0,0,0,1,1,0,0.4,1,1.1,0.9
22,1,0.0,0.0,0,0,1,1,0,0.4,1,1.1,0.9
46,1,0.006679562263352467,0.0016740561035360525,0,0,1,1,0,0.4,1,1.1,0.9
11,1,0.0,0.0,0,0,1,1,0,0.4,1,1.1,0.9
15,1,0.0,0.0,0,0,1,1,0,0.4,1,1.1,0.9
33,1,0.020282816251469882,0.005083352921038814,0,0,1,1,0,0.4,1,1.1,0.9
12,1,0.0,0.0,0,0,1,1,0,0.4,1,1.1,0.9
41,1,0.015396622532508581,0.00385875734189958,0,0,1,1,0,0.4,1,1.1,0.9
27,1,0.00447519480470692,0.001121589541643461,0,0,1,1,0,0.4,1,1.1,0.9
17,1,0.0,0.0,0,0,1,1,0,0.4,1,1.1,0.9
35,1,0.00799802913069324,0.002004495048418961,0,0,1,1,0,0.4,1,1.1,0.9
48,1,0.013344114825692794,0.003344350421403981,0,0,1,1,0,0.4,1,1.1,0.9
45,1,0.011677752925427647,0.0029267207624749966,0,0,1,1,0,0.4,1,1.1,0.9
25,1,0.022726344457387786,0.005695758816215888,0,0,1,1,0,0.4,1,1.1,0.9
24,3,0.04413246194256928,0.011060637563688228,0,0,1,1,0,0.4,1,1.1,0.9
19,1,0.0,0.0,0,0,1,1,0,0.4,1,1.1,0.9
29,1,0.02933373219455714,0.0073517262784139345,0,0,1,1,0,0.4,1,1.1,0.9
28,1,0.003037680233608738,0.0007613144297739129,0,0,1,1,0,0.4,1,1.1,0.9
26,1,0.019737120852602087,0.0049465887623815555,0,0,1,1,0,0.4,1,1.1,0.9
49,1,0.00875408402502199,0.002193980266245811,0,0,1,1,0,0.4,1,1.1,0.9
40,1,0.009133149573036767,0.002288983047756808,0,0,1,1,0,0.4,1,1.1,0.9
39,1,0.0027838090715444543,0.0006976883190185353,0,0,1,1,0,0.4,1,1.1,0.9
34,1,0.03165051588470591,0.007932367003682023,0,0,1,1,0,0.4,1,1.1,0.9
32,1,0.012183403772050962,0.0030534488103131315,0,0,1,1,0,0.4,1,1.1,0.9
43,1,0.01202720045606828,0.003014300569125522,0,0,1,1,0,0.4,1,1.1,0.9
42,1,0.012639171151198466,0.003167674882737161,0,0,1,1,0,0.4,1,1.1,0.9
47,1,0.011378865305430958,0.0028518124638770444,0,0,1,1,0,0.4,1,1.1,0.9
31,1,0.017681796587127645,0.00443147594574672,0,0,1,1,0,0.4,1,1.1,0.9
44,1,0.011613106523121565,0.002910518846827634,0,0,1,1,0,0.4,1,1.1,0.9
30,1,0.004858308279766837,0.0012176068293016295,0,0,1,1,0,0.4,1,1.1,0.9
37,1,0.011826098049205671,0.002963899555051409,0,0,1,1,0,0.4,1,1.1,0.9
36,1,0.002265351837887779,0.0005677506880472263,0,0,1,1,0,0.4,1,1.1,0.9
