BUS_I,BUS_TYPE,Pd,Qd,Gs,Bs,area,Vm,Va,baseKV,zone,Vmax,Vmin
1,1,0.037508527597368245,0.009400523130614527,0,0,1,1,0,0.4,1,1.1,0.9
3,1,0.0,0.0,0,0,1,1,0,0.4,1,1.1,0.9
4,1,0.0,0.0,0,0,1,1,0,0.4,1,1.1,0.9
6,1,0.0,0.0,0,0,1,1,0,0.4,1,1.1,0.9
13,1,0.013580004697507987,0.0034034699960265795,0,0,1,1,0,0.4,1,1.1,0.9
5,1,0.0,0.0,0,0,1,1,0,0.4,1,1.1,0.9
7,1,0.0,0.0,0,0,1,1,0,0.4,1,1.1,0.9
16,1,0.06501144896833663,0.01629340496491509,0,0,1,1,0,0.4,1,1.1,0.9
14,1,0.0986128989707859,0.024714722148060787,0,0,1,1,0,0.4,1,1.1,0.9
12,1,0.08754922737418745,0.02194190467386476,0,0,1,1,0,0.4,1,1.1,0.9
17,3,0.06464089432600324,0.01620053521743249,0,0,1,1,0,0.4,1,1.1,0.9
11,1,0.0,0.0,0,0,1,1,0,0.4,1,1.1,0.9
9,1,0.039914694551295815,0.0100035654134074,0,0,1,1,0,0.4,1,1.1,0.9
10,1,0.0,0.0,0,0,1,1,0,0.4,1,1.1,0.9
