BUS_I,BUS_TYPE,Pd,Qd,Gs,Bs,area,Vm,Va,baseKV,zone,Vmax,Vmin
34,1,0.009060601180193766,0.002270800706601476,0,0,1,1,0,0.4,1,1.1,0.9
18,1,0.0,0.0,0,0,1,1,0,0.4,1,1.1,0.9
35,1,0.0005059793911120802,0.0001268103888486707,0,0,1,1,0,0.4,1,1.1,0.9
36,1,0.0,0.0,0,0,1,1,0,0.4,1,1.1,0.9
43,1,0.0,0.0,0,0,1,1,0,0.4,1,1.1,0.9
44,1,0.0057595626918036085,0.0014434824765108395,0,0,1,1,0,0.4,1,1.1,0.9
37,1,0.008511054095213551,0.002133071224410851,0,0,1,1,0,0.4,1,1.1,0.9
15,1,0.09097881595582637,0.022801440594236375,0,0,1,1,0,0.4,1,1.1,0.9
42,1,0.024022308121845276,0.0060205579268326264,0,0,1,1,0,0.4,1,1.1,0.9
16,1,0.0,0.0,0,0,1,1,0,0.4,1,1.1,0.9
17,3,0.0,0.0,0,0,1,1,0,0.4,1,1.1,0.9
