F_BUS,T_BUS,BR_R,BR_X,BR_B,RATE_A,RATE_B,RATE_C,TAP,SHIFT,BR_STATUS,ANGMIN,ANGMAX
1,2,1.4398254056084387,0.9214882595894008,9.671418046559683e-09,0,0,0,0,0,1,-90,90
1,3,0.8525102071304484,0.545606532563487,5.7263766634494145e-09,0,0,0,0,0,1,-90,90
2,4,1.9928169827380415,1.2754028689523467,1.3385905023810024e-08,0,0,0,0,0,1,-90,90
3,5,1.7879012312398996,1.144256787993536,1.2009470152370879e-08,0,0,0,0,0,1,-90,90
4,11,4.27807273599881,2.737966551039239,7.184035943224252e-09,0,0,0,0,0,1,-90,90
5,14,1.881938867258259,1.204440875045286,1.2641128189867062e-08,0,0,0,0,0,1,-90,90
5,20,10.750006009805661,6.880003846275623,1.8052154399915765e-08,0,0,0,0,0,1,-90,90
11,12,3.8616406249999993,2.4714499999999995,6.484734309534347e-09,0,0,0,0,0,1,-90,90
11,10,2.2185341377478034,1.4198618481585943,3.7255161308352925e-09,0,0,0,0,0,1,-90,90
14,13,2.2900524064028907,1.46563354009785,1.5382458237353477e-08,0,0,0,0,0,1,-90,90
12,18,12.548510648103036,8.031046814785944,2.1072327913297437e-08,0,0,0,0,0,1,-90,90
10,9,0.37338081952422697,0.2389637244955053,6.270069242631316e-10,0,0,0,0,0,1,-90,90
6,7,1.4597496564259718,0.934239780112622,9.805250772507062e-09,0,0,0,0,0,1,-90,90
6,13,2.126024508253055,1.3606556852819551,1.4280670223246864e-08,0,0,0,0,0,1,-90,90
7,8,0.8549719159695188,0.5471820262204921,2.871456075577129e-09,0,0,0,0,0,1,-90,90
18,17,1.5988273433292515,1.0232494997307209,2.684861574427022e-09,0,0,0,0,0,1,-90,90
16,17,1.2575388255168263,0.8048248483307688,2.1117462652031457e-09,0,0,0,0,0,1,-90,90
