BUS_I,BUS_TYPE,Pd,Qd,Gs,Bs,area,Vm,Va,baseKV,zone,Vmax,Vmin
75,1,0.0025736543675876585,0.0006450185854379529,0,0,1,1,0,0.4,1,1.1,0.9
76,1,0.000914532553959877,0.00022920346326265839,0,0,1,1,0,0.4,1,1.1,0.9
80,1,0.0,0.0,0,0,1,1,0,0.4,1,1.1,0.9
81,1,0.0014050597174313285,0.0003521411588156999,0,0,1,1,0,0.4,1,1.1,0.9
82,1,0.0,0.0,0,0,1,1,0,0.4,1,1.1,0.9
83,1,0.0008729227178906635,0.00021877505533823843,0,0,1,1,0,0.4,1,1.1,0.9
84,1,0.0011931948887831255,0.0002990428275868607,0,0,1,1,0,0.4,1,1.1,0.9
85,1,0.0,0.0,0,0,1,1,0,0.4,1,1.1,0.9
93,1,0.0010403095130327503,0.0002607261406056598,0,0,1,1,0,0.4,1,1.1,0.9
94,1,0.0014139797867910929,0.00035437673892812837,0,0,1,1,0,0.4,1,1.1,0.9
86,1,0.0011106390531496384,0.00027835238484886696,0,0,1,1,0,0.4,1,1.1,0.9
97,1,0.006970728891406062,0.0017470293391496229,0,0,1,1,0,0.4,1,1.1,0.9
87,3,0.0,0.0,0,0,1,1,0,0.4,1,1.1,0.9
88,1,0.0012568619003598142,0.00031499928477996464,0,0,1,1,0,0.4,1,1.1,0.9
90,1,0.0012616704209245642,0.0003162044136316805,0,0,1,1,0,0.4,1,1.1,0.9
89,1,0.0,0.0,0,0,1,1,0,0.4,1,1.1,0.9
91,1,0.0,0.0,0,0,1,1,0,0.4,1,1.1,0.9
92,1,0.0,0.0,0,0,1,1,0,0.4,1,1.1,0.9
95,1,0.0,0.0,0,0,1,1,0,0.4,1,1.1,0.9
96,1,0.003453955954578553,0.000865642959693721,0,0,1,1,0,0.4,1,1.1,0.9
