BUS_I,BUS_TYPE,Pd,Qd,Gs,Bs,area,Vm,Va,baseKV,zone,Vmax,Vmin
1,1,0.0030998400420613995,0.0007768931462574362,0,0,1,1,0,0.4,1,1.1,0.9
3,1,0.0,0.0,0,0,1,1,0,0.4,1,1.1,0.9
5,1,0.0027504494191365526,0.0006893276020248951,0,0,1,1,0,0.4,1,1.1,0.9
6,1,0.0057477085645107765,0.0014405115521651626,0,0,1,1,0,0.4,1,1.1,0.9
4,1,0.004593929024564896,0.0011513471421590487,0,0,1,1,0,0.4,1,1.1,0.9
7,1,0.0,0.0,0,0,1,1,0,0.4,1,1.1,0.9
8,1,0.002863952606060401,0.0007177741821074191,0,0,1,1,0,0.4,1,1.1,0.9
21,1,0.004683555662516308,0.0011738096950010476,0,0,1,1,0,0.4,1,1.1,0.9
9,1,0.0,0.0,0,0,1,1,0,0.4,1,1.1,0.9
22,1,0.0013166650779776411,0.0003299873739023987,0,0,1,1,0,0.4,1,1.1,0.9
26,1,0.0025535469532779027,0.0006399791923872651,0,0,1,1,0,0.4,1,1.1,0.9
16,1,0.0,0.0,0,0,1,1,0,0.4,1,1.1,0.9
10,1,0.0015663799295044976,0.0003925718150469477,0,0,1,1,0,0.4,1,1.1,0.9
11,1,0.0,0.0,0,0,1,1,0,0.4,1,1.1,0.9
12,1,0.0019497614726262833,0.0004886562868943552,0,0,1,1,0,0.4,1,1.1,0.9
19,1,0.0015091374954505105,0.0003782255087575231,0,0,1,1,0,0.4,1,1.1,0.9
18,1,0.0013828564568864883,0.0003465764971854877,0,0,1,1,0,0.4,1,1.1,0.9
13,1,0.002153052649508047,0.000539605858443545,0,0,1,1,0,0.4,1,1.1,0.9
14,1,0.0009778274310075215,0.00024506665475134624,0,0,1,1,0,0.4,1,1.1,0.9
15,1,0.0016450912280399862,0.0004122987259634797,0,0,1,1,0,0.4,1,1.1,0.9
17,1,0.001172788981266936,0.00029392862508693165,0,0,1,1,0,0.4,1,1.1,0.9
20,1,0.0006094757241791694,0.00015274901494923834,0,0,1,1,0,0.4,1,1.1,0.9
23,1,0.005396482760646775,0.0013524860682343062,0,0,1,1,0,0.4,1,1.1,0.9
24,1,0.002670803357468885,0.0006693664173842643,0,0,1,1,0,0.4,1,1.1,0.9
25,1,0.0034152722795981927,0.0008559479168668316,0,0,1,1,0,0.4,1,1.1,0.9
27,1,0.01058425421406926,0.0026526641522085104,0,0,1,1,0,0.4,1,1.1,0.9
28,3,0.0019917309657058488,0.0004991748333622337,0,0,1,1,0,0.4,1,1.1,0.9
29,1,0.0029620184003685142,0.0007423517869020203,0,0,1,1,0,0.4,1,1.1,0.9
30,1,0.035340266811006535,0.008857105753793053,0,0,1,1,0,0.4,1,1.1,0.9
31,1,0.0377396215041466,0.00945844072309732,0,0,1,1,0,0.4,1,1.1,0.9
32,1,0.0,0.0,0,0,1,1,0,0.4,1,1.1,0.9
37,1,0.009153951087017477,0.002294196398582693,0,0,1,1,0,0.4,1,1.1,0.9
36,1,0.02692340634739985,0.006747641678726529,0,0,1,1,0,0.4,1,1.1,0.9
33,1,0.01817774797629931,0.004555773080404061,0,0,1,1,0,0.4,1,1.1,0.9
34,1,0.024094059270017606,0.006038540459639099,0,0,1,1,0,0.4,1,1.1,0.9
