F_BUS,T_BUS,BR_R,BR_X,BR_B,RATE_A,RATE_B,RATE_C,TAP,SHIFT,BR_STATUS,ANGMIN,ANGMAX
1,3,0.1452960386792049,0.09298946475469115,2.4399116814824525e-10,0,0,0,0,0,1,-90,90
3,10,1.7242591742977587,1.1035258715505656,2.895495389630681e-09,0,0,0,0,0,1,-90,90
10,19,0.539970616420275,0.34558119450897595,9.067560455450119e-10,0,0,0,0,0,1,-90,90
6,9,1.5003371864482191,0.9602157993268603,2.5194700837370127e-09,0,0,0,0,0,1,-90,90
6,27,0.5564215320214567,0.3561097804937323,1.868763124099983e-09,0,0,0,0,0,1,-90,90
6,30,1.3380357183840756,0.8563428597658085,2.246922221144712e-09,0,0,0,0,0,1,-90,90
9,34,1.4139439132407188,0.90492410447406,2.37439251767488e-09,0,0,0,0,0,1,-90,90
9,32,2.0829596716760768,1.3330941898726891,3.4978501005111673e-09,0,0,0,0,0,1,-90,90
27,26,0.15997679010407864,0.10238514566661033,1.0745764096234032e-09,0,0,0,0,0,1,-90,90
30,31,3.4497237018911786,2.2078231692103545,5.793014891971614e-09,0,0,0,0,0,1,-90,90
32,33,1.4241110272125836,0.9114310574160536,2.3914658394064428e-09,0,0,0,0,0,1,-90,90
19,20,1.28422084376397,0.8219013400089408,2.1565525576516754e-09,0,0,0,0,0,1,-90,90
11,23,1.8506109919315756,1.1843910348362083,3.107674110140708e-09,0,0,0,0,0,1,-90,90
11,21,1.401659247752012,0.8970619185612877,2.3537632568213356e-09,0,0,0,0,0,1,-90,90
21,22,1.807012388041498,1.1564879283465588,3.0344603158110545e-09,0,0,0,0,0,1,-90,90
26,17,0.3336580044470892,0.21354112284613708,2.2412064914391696e-09,0,0,0,0,0,1,-90,90
20,18,0.18192164967698526,0.11642985579327059,1.2219817200700127e-09,0,0,0,0,0,1,-90,90
22,24,0.8357903515557056,0.5349058249956515,1.403517026732921e-09,0,0,0,0,0,1,-90,90
22,25,1.491402180658829,0.9544973956216506,2.5044658033740913e-09,0,0,0,0,0,1,-90,90
15,16,1.2324402802870924,0.7887617793837393,2.069599050281857e-09,0,0,0,0,0,1,-90,90
16,17,0.22535815417942137,0.14422921867482968,1.5137480633280062e-09,0,0,0,0,0,1,-90,90
16,18,0.1353515625,0.086625,9.091668608523949e-10,0,0,0,0,0,1,-90,90
28,24,1.0278978634074665,0.6578546325807785,1.7261172617624014e-09,0,0,0,0,0,1,-90,90
18,29,1.2966864672139677,0.8298793390169394,2.1774856956429762e-09,0,0,0,0,0,1,-90,90
29,25,0.048994956689536705,0.03135677228130349,8.227572358284585e-11,0,0,0,0,0,1,-90,90
