BUS_I,BUS_TYPE,Pd,Qd,Gs,Bs,area,Vm,Va,baseKV,zone,Vmax,Vmin
1,1,0.02060328865234887,0.0051636708756523635,0,0,1,1,0,0.4,1,1.1,0.9
2,1,0.0043158956269764735,0.0010816654043641293,0,0,1,1,0,0.4,1,1.1,0.9
3,1,0.0038721242234303218,0.000970445806822967,0,0,1,1,0,0.4,1,1.1,0.9
4,1,0.0,0.0,0,0,1,1,0,0.4,1,1.1,0.9
5,1,0.00438158348194932,0.0010981283326534292,0,0,1,1,0,0.4,1,1.1,0.9
6,1,0.0023317240832193085,0.0005843851407286917,0,0,1,1,0,0.4,1,1.1,0.9
24,1,0.003700725422528281,0.0009274892181310589,0,0,1,1,0,0.4,1,1.1,0.9
15,1,0.007111331888476284,0.0017822677718703221,0,0,1,1,0,0.4,1,1.1,0.9
23,1,0.0,0.0,0,0,1,1,0,0.4,1,1.1,0.9
13,1,0.021700774345804415,0.005438726717822273,0,0,1,1,0,0.4,1,1.1,0.9
8,1,0.0,0.0,0,0,1,1,0,0.4,1,1.1,0.9
14,3,0.0,0.0,0,0,1,1,0,0.4,1,1.1,0.9
10,1,0.005657290344973161,0.0014178506102770579,0,0,1,1,0,0.4,1,1.1,0.9
7,1,0.0044083962436190964,0.0011048482441620342,0,0,1,1,0,0.4,1,1.1,0.9
9,1,0.0,0.0,0,0,1,1,0,0.4,1,1.1,0.9
11,1,0.004562149518229778,0.0011433824471011773,0,0,1,1,0,0.4,1,1.1,0.9
12,1,0.004193550467320203,0.001051002817028971,0,0,1,1,0,0.4,1,1.1,0.9
30,1,0.0032476581096959373,0.0008139398461129302,0,0,1,1,0,0.4,1,1.1,0.9
28,1,0.0033646997257187707,0.0008432732401207597,0,0,1,1,0,0.4,1,1.1,0.9
26,1,0.005193151819666641,0.0013015265308626638,0,0,1,1,0,0.4,1,1.1,0.9
37,1,0.0036148729799866572,0.0009059725678216793,0,0,1,1,0,0.4,1,1.1,0.9
31,1,0.002494908325947882,0.000625282967078703,0,0,1,1,0,0.4,1,1.1,0.9
36,1,0.004491655067134709,0.0011257148722709227,0,0,1,1,0,0.4,1,1.1,0.9
25,1,0.0,0.0,0,0,1,1,0,0.4,1,1.1,0.9
35,1,0.00274142616120575,0.0006870661604188011,0,0,1,1,0,0.4,1,1.1,0.9
27,1,0.003585283194122567,0.0008985566684445779,0,0,1,1,0,0.4,1,1.1,0.9
29,1,0.0021512099345388793,0.0005391440305393217,0,0,1,1,0,0.4,1,1.1,0.9
16,1,0.003528349246780741,0.00088428767621302,0,0,1,1,0,0.4,1,1.1,0.9
17,1,0.003770788593448358,0.0009450487039607451,0,0,1,1,0,0.4,1,1.1,0.9
18,1,0.0,0.0,0,0,1,1,0,0.4,1,1.1,0.9
20,1,0.0020630638747209753,0.0005170525455552809,0,0,1,1,0,0.4,1,1.1,0.9
21,1,0.0029168633652402417,0.0007310348683403644,0,0,1,1,0,0.4,1,1.1,0.9
22,1,0.006181107179110203,0.0015491314837458431,0,0,1,1,0,0.4,1,1.1,0.9
33,1,0.0060438757037825225,0.001514738034023846,0,0,1,1,0,0.4,1,1.1,0.9
34,1,0.0023445926355907913,0.0005876103039642151,0,0,1,1,0,0.4,1,1.1,0.9
