F_BUS,T_BUS,BR_R,BR_X,BR_B,RATE_A,RATE_B,RATE_C,TAP,SHIFT,BR_STATUS,ANGMIN,ANGMAX
1,2,3.0660224813653394,1.9622543880738175,5.148677235783289e-09,0,0,0,0,0,1,-90,90
1,3,1.4755786130313402,0.9443703123400577,4.955787546045634e-09,0,0,0,0,0,1,-90,90
2,4,2.279002734275736,1.4585617499364711,3.827059184845937e-09,0,0,0,0,0,1,-90,90
3,5,4.59067270479075,2.93803053106608,7.70897545459695e-09,0,0,0,0,0,1,-90,90
5,16,3.3132031249999994,2.1204499999999995,5.5637600868527e-09,0,0,0,0,0,1,-90,90
5,17,0.5166406249999999,0.33064999999999994,8.675787086315856e-10,0,0,0,0,0,1,-90,90
5,15,2.6709564512191712,1.7094121287802697,4.4852550044045245e-09,0,0,0,0,0,1,-90,90
16,26,2.4510156249999993,1.5686499999999999,4.1159151407679916e-09,0,0,0,0,0,1,-90,90
17,19,5.6989510892817155,3.6473286971402983,9.5700732527443e-09,0,0,0,0,0,1,-90,90
15,14,1.200487134655512,0.7683117661795277,2.015941115767389e-09,0,0,0,0,0,1,-90,90
19,18,2.697345761920442,1.7263012876290829,4.529569762075557e-09,0,0,0,0,0,1,-90,90
14,11,1.5400781249999997,0.9856499999999998,2.586205819333804e-09,0,0,0,0,0,1,-90,90
6,7,4.028112222647294,2.5779918224942677,6.764284942453848e-09,0,0,0,0,0,1,-90,90
7,8,5.0166706041108755,3.2106691866309602,8.424340622351463e-09,0,0,0,0,0,1,-90,90
8,11,2.0952904924981572,1.3409859151988208,3.5185568685962127e-09,0,0,0,0,0,1,-90,90
11,12,0.8390090393584361,0.5369657851893991,1.4089220701465727e-09,0,0,0,0,0,1,-90,90
12,13,1.800706896952074,1.1524524140493273,3.0238716985944923e-09,0,0,0,0,0,1,-90,90
10,20,2.9756197449919077,1.9043966367948209,4.996866701565963e-09,0,0,0,0,0,1,-90,90
10,18,1.3976424600486432,0.8944911744311318,2.347017988795741e-09,0,0,0,0,0,1,-90,90
20,21,1.3813505106130282,0.884064326792338,2.31965941928247e-09,0,0,0,0,0,1,-90,90
21,22,1.2643204786694695,0.8091651063484605,2.123134486724745e-09,0,0,0,0,0,1,-90,90
21,23,1.3853977327681812,0.886654548971636,2.32645579494672e-09,0,0,0,0,0,1,-90,90
22,24,0.5434881665214202,0.3478324265737089,9.126629592227709e-10,0,0,0,0,0,1,-90,90
23,25,0.7063076599111515,0.4520369023431369,1.1860807258088037e-09,0,0,0,0,0,1,-90,90
