F_BUS,T_BUS,BR_R,BR_X,BR_B,RATE_A,RATE_B,RATE_C,TAP,SHIFT,BR_STATUS,ANGMIN,ANGMAX
1,2,1.2079748673060855,0.7731039150758948,4.057030069738804e-09,0,0,0,0,0,1,-90,90
1,3,1.2950044888123924,0.828802872839931,4.349322402108669e-09,0,0,0,0,0,1,-90,90
2,4,1.9529476869649578,1.249886519657573,6.559049948045027e-09,0,0,0,0,0,1,-90,90
3,5,2.6673437499999992,1.7070999999999996,4.479188306381308e-09,0,0,0,0,0,1,-90,90
3,6,1.415056467280274,0.9056361390593752,2.3762607954490484e-09,0,0,0,0,0,1,-90,90
4,24,4.301090905288934,2.752698179384918,1.4445379293653615e-08,0,0,0,0,0,1,-90,90
4,26,0.4295312499999999,0.2748999999999999,7.212986148580761e-10,0,0,0,0,0,1,-90,90
5,10,4.138074618950525,2.648367756128336,6.948941411895816e-09,0,0,0,0,0,1,-90,90
24,19,2.2094845863023096,1.4140701352334781,7.420638994951475e-09,0,0,0,0,0,1,-90,90
24,23,15.61830919473919,9.995717884633082,2.622734617933045e-08,0,0,0,0,0,1,-90,90
26,25,1.9656758163829402,1.2580325224850817,3.300898930210626e-09,0,0,0,0,0,1,-90,90
10,14,2.599566729875872,1.6637227071205583,4.3653724414477525e-09,0,0,0,0,0,1,-90,90
10,9,1.5335282368786953,0.981458071602365,2.575206793699761e-09,0,0,0,0,0,1,-90,90
7,28,5.733359374999998,3.6693499999999992,9.627854028481197e-09,0,0,0,0,0,1,-90,90
7,27,3.8974103105837807,2.4943425987736196,6.544801242185907e-09,0,0,0,0,0,1,-90,90
27,8,2.370092481785557,1.5168591883427562,3.980023395730723e-09,0,0,0,0,0,1,-90,90
8,9,0.32796875,0.20989999999999998,5.507478328799933e-10,0,0,0,0,0,1,-90,90
9,12,1.1123599378218396,0.7119103602059773,1.867951825098892e-09,0,0,0,0,0,1,-90,90
12,11,1.0756941835640854,0.6884442774810148,1.8063801518880498e-09,0,0,0,0,0,1,-90,90
19,17,2.0459675958257195,1.3094192613284608,6.871460890976383e-09,0,0,0,0,0,1,-90,90
23,22,6.128565761847993,3.9222820875827153,1.0291511956551677e-08,0,0,0,0,0,1,-90,90
15,16,1.2681250978918974,0.8116000626508144,2.1295234667470364e-09,0,0,0,0,0,1,-90,90
15,17,0.24796924637195195,0.15870031767804926,4.164071273870993e-10,0,0,0,0,0,1,-90,90
17,18,1.8396847429949554,1.1773982355167716,3.0893259964153877e-09,0,0,0,0,0,1,-90,90
18,20,2.0605826617130147,1.3187729034963296,3.4602730760431635e-09,0,0,0,0,0,1,-90,90
20,21,1.1725113172063157,0.7504072430120422,1.968962186118784e-09,0,0,0,0,0,1,-90,90
