F_BUS,T_BUS,BR_R,BR_X,BR_B,RATE_A,RATE_B,RATE_C,TAP,SHIFT,BR_STATUS,ANGMIN,ANGMAX
1,2,7.04675785770685,2.7102914837334042,7.111420491373387e-09,0,0,0,0,0,1,-90,90
1,3,3.404610675379711,1.309465644376812,3.43585214802922e-09,0,0,0,0,0,1,-90,90
3,4,9.63289056894631,3.7049579111331963,9.721284137533088e-09,0,0,0,0,0,1,-90,90
4,17,0.5471776115444597,0.21045292751709987,5.521986362710486e-10,0,0,0,0,0,1,-90,90
17,14,4.446050088706725,1.7100192648872024,4.486848043447671e-09,0,0,0,0,0,1,-90,90
14,12,3.1667946542979277,1.2179979439607413,3.1958538736954074e-09,0,0,0,0,0,1,-90,90
5,6,2.932529413945075,1.1278959284404133,2.9594389628524333e-09,0,0,0,0,0,1,-90,90
5,7,16.959358575891933,6.522830221496897,1.7114981461331795e-08,0,0,0,0,0,1,-90,90
6,8,4.305112805892886,1.65581261765111,4.344617488454969e-09,0,0,0,0,0,1,-90,90
7,9,3.2748299999999992,1.2595499999999997,3.304880576007601e-09,0,0,0,0,0,1,-90,90
8,20,5.651599520956512,2.173692123444812,5.703459868201722e-09,0,0,0,0,0,1,-90,90
8,18,2.9445055296114395,1.1325021267736308,2.9715249740474544e-09,0,0,0,0,0,1,-90,90
9,30,7.069577979252744,2.7190684535587475,7.134450015482778e-09,0,0,0,0,0,1,-90,90
20,26,0.4913183070987811,0.18896857965337735,4.958267542949405e-10,0,0,0,0,0,1,-90,90
18,19,0.2704420127698612,0.10401615875763892,2.729236494534111e-10,0,0,0,0,0,1,-90,90
26,16,3.3936759655762945,1.3052599867601131,3.4248170988713733e-09,0,0,0,0,0,1,-90,90
11,12,6.618317055544009,2.545506559824619,6.679048220129662e-09,0,0,0,0,0,1,-90,90
11,13,52.76092378181811,20.292662993006964,5.32450698750006e-08,0,0,0,0,0,1,-90,90
12,15,20.954022648272566,8.059239480104834,2.114630146893102e-08,0,0,0,0,0,1,-90,90
12,16,2.835620810848026,1.0906233887877024,2.8616411046358345e-09,0,0,0,0,0,1,-90,90
13,25,99.08677014459126,38.11029620945818,9.999601261445314e-08,0,0,0,0,0,1,-90,90
25,23,26.261433691535963,10.100551419821523,2.650241450862146e-08,0,0,0,0,0,1,-90,90
