F_BUS,T_BUS,BR_R,BR_X,BR_B,RATE_A,RATE_B,RATE_C,TAP,SHIFT,BR_STATUS,ANGMIN,ANGMAX
1,2,0.24446544208551546,0.09402517003289056,2.467087119189489e-10,0,0,0,0,0,1,-90,90
1,3,5.131724880696084,1.9737403387292631,5.178814741414797e-09,0,0,0,0,0,1,-90,90
2,4,2.0610285556320096,0.7927032906276961,2.079941016817738e-09,0,0,0,0,0,1,-90,90
3,5,0.6719699999999998,0.25844999999999996,6.781361477266997e-10,0,0,0,0,0,1,-90,90
4,6,3.252441183143655,1.2509389165937135,3.2822863143365148e-09,0,0,0,0,0,1,-90,90
4,7,1.19935568826691,0.461290649333427,1.210361245584516e-09,0,0,0,0,0,1,-90,90
5,8,4.929863414540854,1.8961013132849442,4.975100949083337e-09,0,0,0,0,0,1,-90,90
7,9,0.890428592164901,0.34247253544803885,8.985993650258414e-10,0,0,0,0,0,1,-90,90
8,26,1.7524031718129283,0.6740012199280494,1.7684836171217009e-09,0,0,0,0,0,1,-90,90
26,25,3.5188399999999995,1.3533999999999997,3.5511296666021107e-09,0,0,0,0,0,1,-90,90
25,24,1.4661485999601314,0.5639033076769736,2.959204617979546e-09,0,0,0,0,0,1,-90,90
25,21,2.7274454345444443,1.0490174748247865,2.7524730867698626e-09,0,0,0,0,0,1,-90,90
11,12,2.4640052160028385,0.9476943138472456,2.486615481582005e-09,0,0,0,0,0,1,-90,90
12,13,4.198349533753144,1.614749820674286,4.236874532537976e-09,0,0,0,0,0,1,-90,90
13,14,0.9521638267330657,0.3662168564357945,9.609010959796927e-10,0,0,0,0,0,1,-90,90
14,15,4.487868808581028,1.72610338791578,4.529050501293142e-09,0,0,0,0,0,1,-90,90
15,16,4.0024989056691185,1.539422656026584,4.0392267350786305e-09,0,0,0,0,0,1,-90,90
16,17,4.154033111866249,1.5977050430254804,4.192151453204954e-09,0,0,0,0,0,1,-90,90
17,18,4.446524428092542,1.710201703112516,4.487326735478286e-09,0,0,0,0,0,1,-90,90
18,19,4.150795499486803,1.596459807494924,4.18888413176675e-09,0,0,0,0,0,1,-90,90
19,20,4.272319999999999,1.6431999999999998,4.311523768405932e-09,0,0,0,0,0,1,-90,90
20,21,4.531773358756106,1.7429897533677332,4.573357929486961e-09,0,0,0,0,0,1,-90,90
24,23,0.7990030705788755,0.3073088732995675,1.612669804616763e-09,0,0,0,0,0,1,-90,90
