BUS_I,BUS_TYPE,Pd,Qd,Gs,Bs,area,Vm,Va,baseKV,zone,Vmax,Vmin
1,1,0.0022121594204577515,0.0005544194116027902,0,0,1,1,0,0.4,1,1.1,0.9
3,1,0.0,0.0,0,0,1,1,0,0.4,1,1.1,0.9
2,1,0.0,0.0,0,0,1,1,0,0.4,1,1.1,0.9
4,1,0.0,0.0,0,0,1,1,0,0.4,1,1.1,0.9
5,1,0.0,0.0,0,0,1,1,0,0.4,1,1.1,0.9
11,1,0.002162085140940721,0.0005418696141833433,0,0,1,1,0,0.4,1,1.1,0.9
12,1,0.003988663973765538,0.0009996534214332272,0,0,1,1,0,0.4,1,1.1,0.9
41,1,0.0012832867164347425,0.000321621967957537,0,0,1,1,0,0.4,1,1.1,0.9
8,1,0.0,0.0,0,0,1,1,0,0.4,1,1.1,0.9
17,1,0.0,0.0,0,0,1,1,0,0.4,1,1.1,0.9
16,1,0.014215971457518569,0.003562858290388764,0,0,1,1,0,0.4,1,1.1,0.9
10,1,0.0,0.0,0,0,1,1,0,0.4,1,1.1,0.9
34,1,0.0,0.0,0,0,1,1,0,0.4,1,1.1,0.9
38,1,0.005162362855278211,0.0012938100890175456,0,0,1,1,0,0.4,1,1.1,0.9
13,1,0.0014163268250762169,0.0003549649621696425,0,0,1,1,0,0.4,1,1.1,0.9
33,1,0.0,0.0,0,0,1,1,0,0.4,1,1.1,0.9
35,1,0.01647297776635277,0.004128517391697436,0,0,1,1,0,0.4,1,1.1,0.9
31,1,0.01633911990931273,0.004094969450417872,0,0,1,1,0,0.4,1,1.1,0.9
36,1,0.01614222205924987,0.004045622197607713,0,0,1,1,0,0.4,1,1.1,0.9
37,1,0.005414569074576069,0.0013570189257824604,0,0,1,1,0,0.4,1,1.1,0.9
28,1,0.020074880550437657,0.005031239322013639,0,0,1,1,0,0.4,1,1.1,0.9
39,1,0.0031472600967692096,0.0007887777322353474,0,0,1,1,0,0.4,1,1.1,0.9
32,1,0.006669256605699011,0.0016714732622635975,0,0,1,1,0,0.4,1,1.1,0.9
14,1,0.0017631158057946636,0.00044187847340314474,0,0,1,1,0,0.4,1,1.1,0.9
15,1,0.0019367389999792469,0.00048539254760151103,0,0,1,1,0,0.4,1,1.1,0.9
25,1,0.000809084865381427,0.0002027757813714314,0,0,1,1,0,0.4,1,1.1,0.9
26,1,0.001015277317900951,0.000254452481136205,0,0,1,1,0,0.4,1,1.1,0.9
23,1,0.011762306132858157,0.0029479117937719415,0,0,1,1,0,0.4,1,1.1,0.9
18,1,0.013921108232765095,0.003488958600312497,0,0,1,1,0,0.4,1,1.1,0.9
19,1,0.008197298453182093,0.0020544366482435775,0,0,1,1,0,0.4,1,1.1,0.9
20,1,0.006129662901972466,0.001536238332557339,0,0,1,1,0,0.4,1,1.1,0.9
21,1,0.009942687138291191,0.0024918722864111544,0,0,1,1,0,0.4,1,1.1,0.9
22,1,0.006002120569179783,0.0015042732108543405,0,0,1,1,0,0.4,1,1.1,0.9
24,3,0.005057811684327063,0.0012676070956233697,0,0,1,1,0,0.4,1,1.1,0.9
29,1,0.017354185885223042,0.004349368964258405,0,0,1,1,0,0.4,1,1.1,0.9
30,1,0.0,0.0,0,0,1,1,0,0.4,1,1.1,0.9
27,1,0.002666480476515701,0.0006682830012921288,0,0,1,1,0,0.4,1,1.1,0.9
40,1,0.0009637605851079363,0.00024154117084877044,0,0,1,1,0,0.4,1,1.1,0.9
