BUS_I,BUS_TYPE,Pd,Qd,Gs,Bs,area,Vm,Va,baseKV,zone,Vmax,Vmin
1,1,0.008318418849983406,0.0020847922810730527,0,0,1,1,0,0.4,1,1.1,0.9
2,1,0.0,0.0,0,0,1,1,0,0.4,1,1.1,0.9
3,1,0.0,0.0,0,0,1,1,0,0.4,1,1.1,0.9
4,1,0.0,0.0,0,0,1,1,0,0.4,1,1.1,0.9
11,1,0.0,0.0,0,0,1,1,0,0.4,1,1.1,0.9
17,1,0.012925693477143656,0.00323948414652373,0,0,1,1,0,0.4,1,1.1,0.9
5,1,0.0,0.0,0,0,1,1,0,0.4,1,1.1,0.9
6,1,0.0,0.0,0,0,1,1,0,0.4,1,1.1,0.9
27,1,0.022967081088187548,0.005756093103141567,0,0,1,1,0,0.4,1,1.1,0.9
23,1,0.07556875862452236,0.018939316174370228,0,0,1,1,0,0.4,1,1.1,0.9
24,1,0.01854485479389893,0.004647778721555745,0,0,1,1,0,0.4,1,1.1,0.9
7,1,0.0,0.0,0,0,1,1,0,0.4,1,1.1,0.9
8,1,0.0,0.0,0,0,1,1,0,0.4,1,1.1,0.9
28,1,0.04975567499800353,0.012469947600152902,0,0,1,1,0,0.4,1,1.1,0.9
18,1,0.0038356037381458547,0.0009612929104378264,0,0,1,1,0,0.4,1,1.1,0.9
16,3,0.0,0.0,0,0,1,1,0,0.4,1,1.1,0.9
22,1,0.0,0.0,0,0,1,1,0,0.4,1,1.1,0.9
25,1,0.018535407252941265,0.0046454109445997075,0,0,1,1,0,0.4,1,1.1,0.9
15,1,0.0,0.0,0,0,1,1,0,0.4,1,1.1,0.9
12,1,0.007113009763845741,0.001782688287076629,0,0,1,1,0,0.4,1,1.1,0.9
13,1,0.0964583461882481,0.024174740320840313,0,0,1,1,0,0.4,1,1.1,0.9
19,1,0.008499949325144834,0.0021302881066886173,0,0,1,1,0,0.4,1,1.1,0.9
20,1,0.024666912602359134,0.006182111038013494,0,0,1,1,0,0.4,1,1.1,0.9
21,1,0.0,0.0,0,0,1,1,0,0.4,1,1.1,0.9
