BUS_I,BUS_TYPE,Pd,Qd,Gs,Bs,area,Vm,Va,baseKV,zone,Vmax,Vmin
1,1,0.019255877177769363,0.0048259777283977965,0,0,1,1,0,0.4,1,1.1,0.9
2,1,0.0,0.0,0,0,1,1,0,0.4,1,1.1,0.9
3,1,0.0,0.0,0,0,1,1,0,0.4,1,1.1,0.9
4,1,0.037165777904401,0.009314621960317038,0,0,1,1,0,0.4,1,1.1,0.9
6,1,0.0,0.0,0,0,1,1,0,0.4,1,1.1,0.9
10,1,0.0,0.0,0,0,1,1,0,0.4,1,1.1,0.9
18,1,0.09293631056376671,0.023292034987530755,0,0,1,1,0,0.4,1,1.1,0.9
8,1,0.0,0.0,0,0,1,1,0,0.4,1,1.1,0.9
12,1,0.0,0.0,0,0,1,1,0,0.4,1,1.1,0.9
15,1,0.044813143200779136,0.011231232367650262,0,0,1,1,0,0.4,1,1.1,0.9
16,1,0.04415656824857511,0.011066679173469185,0,0,1,1,0,0.4,1,1.1,0.9
13,1,0.0,0.0,0,0,1,1,0,0.4,1,1.1,0.9
17,3,0.04713012949493762,0.011811923870269574,0,0,1,1,0,0.4,1,1.1,0.9
14,1,0.07192120198682822,0.01802515230979677,0,0,1,1,0,0.4,1,1.1,0.9
