BUS_I,BUS_TYPE,Pd,Qd,Gs,Bs,area,Vm,Va,baseKV,zone,Vmax,Vmin
1,3,0.010497374385866723,0.002630890014781184,0,0,1,1,0,0.4,1,1.1,0.9
2,1,0.010501582616761217,0.0026319446968600785,0,0,1,1,0,0.4,1,1.1,0.9
3,1,0.010500020006770094,0.002631553069880652,0,0,1,1,0,0.4,1,1.1,0.9
4,1,0.0,0.0,0,0,1,1,0,0.4,1,1.1,0.9
5,1,0.021775771061117537,0.005457522666428652,0,0,1,1,0,0.4,1,1.1,0.9
12,1,0.013241481224324,0.0033186280162484844,0,0,1,1,0,0.4,1,1.1,0.9
10,1,0.010499946440349139,0.0026315346323976013,0,0,1,1,0,0.4,1,1.1,0.9
8,1,0.0,0.0,0,0,1,1,0,0.4,1,1.1,0.9
11,1,0.010497257849292403,0.002630860807962558,0,0,1,1,0,0.4,1,1.1,0.9
13,1,0.0,0.0,0,0,1,1,0,0.4,1,1.1,0.9
14,1,0.0,0.0,0,0,1,1,0,0.4,1,1.1,0.9
15,1,0.010188856809259378,0.0025535682215551024,0,0,1,1,0,0.4,1,1.1,0.9
16,1,0.0,0.0,0,0,1,1,0,0.4,1,1.1,0.9
77,1,0.006764868854775544,0.0016954359506597448,0,0,1,1,0,0.4,1,1.1,0.9
76,1,0.007898043015844488,0.0019794361659305447,0,0,1,1,0,0.4,1,1.1,0.9
78,1,0.0,0.0,0,0,1,1,0,0.4,1,1.1,0.9
87,1,0.034197595287936464,0.008570725275235733,0,0,1,1,0,0.4,1,1.1,0.9
79,1,0.01612556102287753,0.004041446548286591,0,0,1,1,0,0.4,1,1.1,0.9
80,1,0.0,0.0,0,0,1,1,0,0.4,1,1.1,0.9
82,1,0.008988668115826085,0.0022527725812987965,0,0,1,1,0,0.4,1,1.1,0.9
83,1,0.0,0.0,0,0,1,1,0,0.4,1,1.1,0.9
85,1,0.0,0.0,0,0,1,1,0,0.4,1,1.1,0.9
84,1,0.023888897814542183,0.0059871221520902155,0,0,1,1,0,0.4,1,1.1,0.9
86,1,0.04439932191849568,0.011127518978049783,0,0,1,1,0,0.4,1,1.1,0.9
