F_BUS,T_BUS,BR_R,BR_X,BR_B,RATE_A,RATE_B,RATE_C,TAP,SHIFT,BR_STATUS,ANGMIN,ANGMAX
1,3,4.272930158278198,2.734675301298047,7.175400170654323e-09,0,0,0,0,0,1,-90,90
3,5,0.03848958333333333,0.024633333333333327,1.9390311981815868e-10,0,0,0,0,0,1,-90,90
3,4,0.6611698613792354,0.4231487112827107,3.3308466277977354e-09,0,0,0,0,0,1,-90,90
5,10,1.9709080934379,1.261381179800256,9.929055996340166e-09,0,0,0,0,0,1,-90,90
4,13,1.3334222266810907,0.8533902250758981,4.478349852896814e-09,0,0,0,0,0,1,-90,90
13,11,6.918080373721028,4.427571439181458,1.1617319557172661e-08,0,0,0,0,0,1,-90,90
10,7,0.324929352002846,0.20795478528182143,1.6369315959645667e-09,0,0,0,0,0,1,-90,90
6,7,3.6174772575163052,2.3151854448104356,1.8224154832462853e-08,0,0,0,0,0,1,-90,90
6,22,2.063354974113085,1.3205471834323748,1.0394785604923671e-08,0,0,0,0,0,1,-90,90
22,8,0.7299643414710589,0.4671771785414777,2.451613326848105e-09,0,0,0,0,0,1,-90,90
8,9,3.9658183918788645,2.538123770802473,6.659676828731106e-09,0,0,0,0,0,1,-90,90
9,17,4.237499999999999,2.7119999999999993,7.115903395762469e-09,0,0,0,0,0,1,-90,90
9,20,0.941823356784664,0.6027669483421849,1.5815749906200348e-09,0,0,0,0,0,1,-90,90
17,19,1.9938281249999996,1.27605,3.3481742360481917e-09,0,0,0,0,0,1,-90,90
17,16,4.566628188452295,2.922642040609469,7.668598237968684e-09,0,0,0,0,0,1,-90,90
20,21,0.5892384815332381,0.3771126281812724,9.89490055848092e-10,0,0,0,0,0,1,-90,90
11,12,3.325875096478664,2.128560061746345,5.5850397387408504e-09,0,0,0,0,0,1,-90,90
12,14,5.273501410241615,3.375040902554634,8.855628694441647e-09,0,0,0,0,0,1,-90,90
14,15,2.4560699091112084,1.5718847418311737,4.124402644595744e-09,0,0,0,0,0,1,-90,90
