F_BUS,T_BUS,BR_R,BR_X,BR_B,RATE_A,RATE_B,RATE_C,TAP,SHIFT,BR_STATUS,ANGMIN,ANGMAX
1,2,0.2306020828841091,0.14758533304582983,3.872429839917239e-10,0,0,0,0,0,1,-90,90
1,3,0.4281334172293858,0.27400538702680693,2.1568538318598064e-09,0,0,0,0,0,1,-90,90
2,4,1.5921704913693515,1.018989114476385,2.6736829277092546e-09,0,0,0,0,0,1,-90,90
3,5,0.04653285293670405,0.029781025879490594,2.344235654703065e-10,0,0,0,0,0,1,-90,90
4,14,9.959639829919082,6.374169491148213,1.6724916787325623e-08,0,0,0,0,0,1,-90,90
5,7,0.5670858328479078,0.36293493302266105,2.8568693831159046e-09,0,0,0,0,0,1,-90,90
14,15,3.2370797721174567,2.0717310541551726,5.435928482068344e-09,0,0,0,0,0,1,-90,90
7,6,0.3619850102544073,0.23167040656282073,1.8236108769447427e-09,0,0,0,0,0,1,-90,90
12,19,2.4299999999999997,1.5551999999999997,4.080624248189449e-09,0,0,0,0,0,1,-90,90
12,13,6.084045463561288,3.893789096679224,1.0216750389174986e-08,0,0,0,0,0,1,-90,90
12,18,7.440117947236222,4.761675486231183,1.2493961195424548e-08,0,0,0,0,0,1,-90,90
13,17,5.983471409135571,3.8294217018467656,1.0047859473443174e-08,0,0,0,0,0,1,-90,90
17,10,6.962202017900048,4.455809291456031,1.1691411676969737e-08,0,0,0,0,0,1,-90,90
10,11,4.488769268534361,2.872812331861991,1.507570429770283e-08,0,0,0,0,0,1,-90,90
11,9,0.7938565591804814,0.508068197875508,3.999296697501378e-09,0,0,0,0,0,1,-90,90
9,8,2.216118243809095,1.4183156760378206,1.1164377583385696e-08,0,0,0,0,0,1,-90,90
8,6,1.0416450401813746,0.6666528257160798,5.247607418481966e-09,0,0,0,0,0,1,-90,90
