BUS_I,BUS_TYPE,Pd,Qd,Gs,Bs,area,Vm,Va,baseKV,zone,Vmax,Vmin
1,1,0.004050754122981541,0.0010152146796663895,0,0,1,1,0,0.4,1,1.1,0.9
2,1,0.004439355317391755,0.0011126073194375643,0,0,1,1,0,0.4,1,1.1,0.9
3,1,0.0,0.0,0,0,1,1,0,0.4,1,1.1,0.9
4,1,0.0036270698339182558,0.0009090293875597264,0,0,1,1,0,0.4,1,1.1,0.9
5,1,0.0,0.0,0,0,1,1,0,0.4,1,1.1,0.9
12,1,0.00082131736520299,0.00020584153481161468,0,0,1,1,0,0.4,1,1.1,0.9
6,3,0.0,0.0,0,0,1,1,0,0.4,1,1.1,0.9
11,1,0.0,0.0,0,0,1,1,0,0.4,1,1.1,0.9
10,1,0.014069297746381444,0.003526098393306204,0,0,1,1,0,0.4,1,1.1,0.9
8,1,0.0030883108669032436,0.0007740036625934932,0,0,1,1,0,0.4,1,1.1,0.9
7,1,0.0014505389623014936,0.00036353933199791957,0,0,1,1,0,0.4,1,1.1,0.9
9,1,0.0031535175914153587,0.0007903460082229377,0,0,1,1,0,0.4,1,1.1,0.9
