BUS_I,BUS_TYPE,Pd,Qd,Gs,Bs,area,Vm,Va,baseKV,zone,Vmax,Vmin
1,1,0.009413356239149347,0.0023592094579859453,0,0,1,1,0,0.4,1,1.1,0.9
2,1,0.0,0.0,0,0,1,1,0,0.4,1,1.1,0.9
3,1,0.020382372727537196,0.005108304125898664,0,0,1,1,0,0.4,1,1.1,0.9
6,1,0.0,0.0,0,0,1,1,0,0.4,1,1.1,0.9
4,1,0.019584569993514978,0.00490835591317891,0,0,1,1,0,0.4,1,1.1,0.9
9,1,0.0,0.0,0,0,1,1,0,0.4,1,1.1,0.9
7,1,0.023571672012577847,0.005907617871863478,0,0,1,1,0,0.4,1,1.1,0.9
5,1,0.0075459552986619,0.0018911946661599054,0,0,1,1,0,0.4,1,1.1,0.9
8,1,0.023335573897730996,0.005848446106617538,0,0,1,1,0,0.4,1,1.1,0.9
12,3,0.03666572851344773,0.009189297769600584,0,0,1,1,0,0.4,1,1.1,0.9
13,1,0.0,0.0,0,0,1,1,0,0.4,1,1.1,0.9
10,1,0.0,0.0,0,0,1,1,0,0.4,1,1.1,0.9
11,1,0.03320673071076336,0.008322391203661144,0,0,1,1,0,0.4,1,1.1,0.9
