F_BUS,T_BUS,BR_R,BR_X,BR_B,RATE_A,RATE_B,RATE_C,TAP,SHIFT,BR_STATUS,ANGMIN,ANGMAX
1,2,4.670467923145846,1.7963338165945562,4.713325186367315e-09,0,0,0,0,0,1,-90,90
1,3,4.522905478784946,1.7395790303019025,4.5644086758563755e-09,0,0,0,0,0,1,-90,90
2,4,1.7731250682040685,0.6819711800784879,1.7893956622908e-09,0,0,0,0,0,1,-90,90
3,5,19.4341353484772,7.474667441722,1.9612467341720038e-08,0,0,0,0,0,1,-90,90
4,12,1.7889478807665835,0.6880568772179169,1.8053636685371289e-09,0,0,0,0,0,1,-90,90
4,9,1.6577130076516242,0.6375819260198554,3.345849109470106e-09,0,0,0,0,0,1,-90,90
5,18,7.781416557043898,2.9928525219399615,7.852820584029808e-09,0,0,0,0,0,1,-90,90
5,16,4.278328808333897,1.6455110801284218,4.317587714915415e-09,0,0,0,0,0,1,-90,90
9,15,4.404943918009676,1.6942091992344908,4.445364673290828e-09,0,0,0,0,0,1,-90,90
9,8,1.9013766608272809,0.7312987157028005,1.9188241203489266e-09,0,0,0,0,0,1,-90,90
18,19,0.45026993139004123,0.17318074284232357,4.5440170946620827e-10,0,0,0,0,0,1,-90,90
16,17,0.9757919331368987,0.375304589668038,9.847460191976518e-10,0,0,0,0,0,1,-90,90
15,14,2.4209841636441167,0.9311477552477374,2.4431996583790467e-09,0,0,0,0,0,1,-90,90
8,11,2.7249546176279353,1.0480594683184365,2.7499594135575846e-09,0,0,0,0,0,1,-90,90
8,6,0.5689943018756165,0.2188439622598525,5.742155214553828e-10,0,0,0,0,0,1,-90,90
11,20,0.6775599999999999,0.26059999999999994,6.837774428228978e-10,0,0,0,0,0,1,-90,90
