F_BUS,T_BUS,BR_R,BR_X,BR_B,RATE_A,RATE_B,RATE_C,TAP,SHIFT,BR_STATUS,ANGMIN,ANGMAX
1,2,1.5835782097501947,1.0134900542401246,2.659254173502504e-09,0,0,0,0,0,1,-90,90
1,3,4.591704286997802,2.9386907436785936,7.710707758863658e-09,0,0,0,0,0,1,-90,90
2,4,0.8412869163829525,0.5384236264850896,1.4127472389616489e-09,0,0,0,0,0,1,-90,90
3,14,1.8448437499999997,1.1806999999999999,3.0979893581772658e-09,0,0,0,0,0,1,-90,90
4,23,3.318217564816031,2.12365924148226,5.572180681381254e-09,0,0,0,0,0,1,-90,90
23,11,1.2413135168577278,0.7944406507889458,4.168999206991744e-09,0,0,0,0,0,1,-90,90
5,28,4.575546875,2.9283499999999996,7.683575113931055e-09,0,0,0,0,0,1,-90,90
5,11,9.657825712620246,6.181008456076958,1.6218089624570264e-08,0,0,0,0,0,1,-90,90
11,6,3.6694236617458795,2.348431143517363,1.2323900552263673e-08,0,0,0,0,0,1,-90,90
6,7,1.8341406249999999,1.1738499999999998,3.0800159296149604e-09,0,0,0,0,0,1,-90,90
6,9,4.46949049049043,2.860473913913875,7.505477889937206e-09,0,0,0,0,0,1,-90,90
6,16,3.4862247997418523,2.2311838718347854,5.8543100627432155e-09,0,0,0,0,0,1,-90,90
7,24,2.1167392121033117,1.3547130957461195,3.5545750436223076e-09,0,0,0,0,0,1,-90,90
9,19,1.0868749999999998,0.6955999999999999,1.825155752983913e-09,0,0,0,0,0,1,-90,90
9,18,0.881831627581079,0.5643722416518906,1.480832725237745e-09,0,0,0,0,0,1,-90,90
16,13,3.9159956563487857,2.5062372200632232,6.576011041605523e-09,0,0,0,0,0,1,-90,90
24,25,0.6252987571892279,0.40019120460110585,1.0500449674687618e-09,0,0,0,0,0,1,-90,90
19,20,1.1705527460808622,0.749153757491752,1.965673217877496e-09,0,0,0,0,0,1,-90,90
12,17,6.639950474044884,4.249568303388726,1.1150264572495717e-08,0,0,0,0,0,1,-90,90
12,15,1.897256957095939,1.214244452541401,3.186005244515153e-09,0,0,0,0,0,1,-90,90
15,13,2.8028145822689883,1.7938013326521525,4.706680307648486e-09,0,0,0,0,0,1,-90,90
25,26,0.7520256834656899,0.48129643741804157,1.2628535963832669e-09,0,0,0,0,0,1,-90,90
21,22,1.986780543973295,1.2715395481429088,3.336339450028171e-09,0,0,0,0,0,1,-90,90
21,20,0.3876956585139709,0.2481252214489414,6.510453930246447e-10,0,0,0,0,0,1,-90,90
27,26,0.3458045365501059,0.22131490339206777,5.806989205680153e-10,0,0,0,0,0,1,-90,90
