BUS_I,BUS_TYPE,Pd,Qd,Gs,Bs,area,Vm,Va,baseKV,zone,Vmax,Vmin
1,1,0.0036832574809469573,0.000923111339301953,0,0,1,1,0,0.4,1,1.1,0.9
2,1,0.020197785832639235,0.005062042289291184,0,0,1,1,0,0.4,1,1.1,0.9
3,1,0.0,0.0,0,0,1,1,0,0.4,1,1.1,0.9
4,1,0.0,0.0,0,0,1,1,0,0.4,1,1.1,0.9
5,1,0.0,0.0,0,0,1,1,0,0.4,1,1.1,0.9
11,3,0.0,0.0,0,0,1,1,0,0.4,1,1.1,0.9
19,1,0.0,0.0,0,0,1,1,0,0.4,1,1.1,0.9
10,1,0.05122191935731667,0.01283742307567179,0,0,1,1,0,0.4,1,1.1,0.9
22,1,0.013117192806611862,0.0032874784025363106,0,0,1,1,0,0.4,1,1.1,0.9
21,1,0.01169816801912877,0.0029318372672498877,0,0,1,1,0,0.4,1,1.1,0.9
17,1,0.019933480978138882,0.004995801248722089,0,0,1,1,0,0.4,1,1.1,0.9
34,1,0.0,0.0,0,0,1,1,0,0.4,1,1.1,0.9
35,1,0.0,0.0,0,0,1,1,0,0.4,1,1.1,0.9
33,1,0.04747578299786953,0.011898552803944841,0,0,1,1,0,0.4,1,1.1,0.9
36,1,0.03852461826375838,0.009655179456096953,0,0,1,1,0,0.4,1,1.1,0.9
27,1,0.006438154089190745,0.0016135535119790885,0,0,1,1,0,0.4,1,1.1,0.9
28,1,0.010598858613679546,0.0026563243597703466,0,0,1,1,0,0.4,1,1.1,0.9
29,1,0.019483608249468844,0.00488305251496502,0,0,1,1,0,0.4,1,1.1,0.9
31,1,0.004593903178767204,0.0011513406645915567,0,0,1,1,0,0.4,1,1.1,0.9
23,1,0.015249110324478543,0.0038217872976867087,0,0,1,1,0,0.4,1,1.1,0.9
12,1,0.026982386076730137,0.006762423392254673,0,0,1,1,0,0.4,1,1.1,0.9
13,1,0.02808232350618,0.0070380936973854355,0,0,1,1,0,0.4,1,1.1,0.9
14,1,0.035852371812310366,0.008985451365269357,0,0,1,1,0,0.4,1,1.1,0.9
15,1,0.024513670381996314,0.006143704917342192,0,0,1,1,0,0.4,1,1.1,0.9
16,1,0.02687537742254117,0.006735604495504648,0,0,1,1,0,0.4,1,1.1,0.9
18,1,0.03089900590153117,0.007744020847960955,0,0,1,1,0,0.4,1,1.1,0.9
24,1,0.011416881476423968,0.0028613402144353536,0,0,1,1,0,0.4,1,1.1,0.9
25,1,0.010984150335859956,0.0027528875676165908,0,0,1,1,0,0.4,1,1.1,0.9
26,1,0.008613435720519752,0.00215873047841229,0,0,1,1,0,0.4,1,1.1,0.9
32,1,0.006857052188703598,0.0017185392719137795,0,0,1,1,0,0.4,1,1.1,0.9
