F_BUS,T_BUS,BR_R,BR_X,BR_B,RATE_A,RATE_B,RATE_C,TAP,SHIFT,BR_STATUS,ANGMIN,ANGMAX
1,2,0.6064422590328996,0.3881230457810558,1.0183798301796043e-09,0,0,0,0,0,1,-90,90
1,3,3.876453386476067,2.480930167344683,6.509608924210022e-09,0,0,0,0,0,1,-90,90
2,4,1.0741872597183653,0.6874798462197538,1.8038496210300168e-09,0,0,0,0,0,1,-90,90
3,5,0.8605299645985153,0.5507391773430498,1.4450614978742021e-09,0,0,0,0,0,1,-90,90
4,13,0.8564540525151042,0.5481305936096668,1.43821694409599e-09,0,0,0,0,0,1,-90,90
5,8,3.1286204390774084,2.0023170810095414,5.253796060526914e-09,0,0,0,0,0,1,-90,90
5,22,4.062718757894287,2.600140005052344,6.822398632525743e-09,0,0,0,0,0,1,-90,90
13,14,0.0601683653496314,0.0385077538237641,1.0103888502865344e-10,0,0,0,0,0,1,-90,90
8,15,4.050649919914275,2.592415948745136,6.80213180416825e-09,0,0,0,0,0,1,-90,90
22,21,0.7936126984236092,0.5079121269911098,1.33268939129977e-09,0,0,0,0,0,1,-90,90
6,12,3.913817316717772,2.504843082699374,6.5723530228733795e-09,0,0,0,0,0,1,-90,90
6,23,1.0721777303859077,0.6861937474469808,1.8004750802392866e-09,0,0,0,0,0,1,-90,90
12,19,1.222132246453513,0.7821646377302482,2.0522890861615027e-09,0,0,0,0,0,1,-90,90
12,16,1.4025387570007453,0.897624804480477,2.3552401896472154e-09,0,0,0,0,0,1,-90,90
12,17,1.0838318502210287,0.6936523841414584,1.8200454851736488e-09,0,0,0,0,0,1,-90,90
15,16,0.738689354559133,0.47276118691784513,2.480916619006924e-09,0,0,0,0,0,1,-90,90
17,18,0.8348961760132649,0.5343335526484896,1.4020154652511838e-09,0,0,0,0,0,1,-90,90
21,20,0.8416854383712957,0.5386786805576292,1.4134164646773155e-09,0,0,0,0,0,1,-90,90
