BUS_I,BUS_TYPE,Pd,Qd,Gs,Bs,area,Vm,Va,baseKV,zone,Vmax,Vmin
1,1,0.016400725615888727,0.004110409295880805,0,0,1,1,0,0.4,1,1.1,0.9
2,1,0.0,0.0,0,0,1,1,0,0.4,1,1.1,0.9
4,1,0.0,0.0,0,0,1,1,0,0.4,1,1.1,0.9
6,1,0.0,0.0,0,0,1,1,0,0.4,1,1.1,0.9
16,1,0.0,0.0,0,0,1,1,0,0.4,1,1.1,0.9
51,1,0.009240380052996398,0.002315857539285453,0,0,1,1,0,0.4,1,1.1,0.9
50,1,0.001960345454107316,0.0004913088826932217,0,0,1,1,0,0.4,1,1.1,0.9
15,3,0.0,0.0,0,0,1,1,0,0.4,1,1.1,0.9
49,1,0.05447485588342232,0.01365268581763617,0,0,1,1,0,0.4,1,1.1,0.9
13,1,0.0,0.0,0,0,1,1,0,0.4,1,1.1,0.9
38,1,0.029197273173974733,0.007317526424099847,0,0,1,1,0,0.4,1,1.1,0.9
37,1,0.06317952308234885,0.015834281059821893,0,0,1,1,0,0.4,1,1.1,0.9
42,1,0.00773787246260157,0.0019392936413621042,0,0,1,1,0,0.4,1,1.1,0.9
19,1,0.05491396703680192,0.013762737446390196,0,0,1,1,0,0.4,1,1.1,0.9
20,1,0.01901985461418631,0.004766824898083414,0,0,1,1,0,0.4,1,1.1,0.9
52,1,0.0,0.0,0,0,1,1,0,0.4,1,1.1,0.9
53,1,0.0,0.0,0,0,1,1,0,0.4,1,1.1,0.9
81,1,0.005340019363633962,0.001338335007031646,0,0,1,1,0,0.4,1,1.1,0.9
79,1,0.0021920734657404728,0.0005493853968329461,0,0,1,1,0,0.4,1,1.1,0.9
80,1,0.004575767665629378,0.0011467954765594446,0,0,1,1,0,0.4,1,1.1,0.9
