BUS_I,BUS_TYPE,Pd,Qd,Gs,Bs,area,Vm,Va,baseKV,zone,Vmax,Vmin
1,1,0.003260658988562796,0.0008171981734943227,0,0,1,1,0,0.4,1,1.1,0.9
2,1,0.00723432193476376,0.0018130919830302902,0,0,1,1,0,0.4,1,1.1,0.9
3,1,0.0,0.0,0,0,1,1,0,0.4,1,1.1,0.9
4,1,0.0034506666125915415,0.0008648185728831982,0,0,1,1,0,0.4,1,1.1,0.9
10,1,0.004132937220533761,0.0010358117054355216,0,0,1,1,0,0.4,1,1.1,0.9
8,1,0.006157119855611788,0.001543119693792131,0,0,1,1,0,0.4,1,1.1,0.9
5,3,0.004263218737888326,0.001068463331501192,0,0,1,1,0,0.4,1,1.1,0.9
6,1,0.004533809580663121,0.0011362797892342706,0,0,1,1,0,0.4,1,1.1,0.9
7,1,0.006626916354013442,0.0016608617949301222,0,0,1,1,0,0.4,1,1.1,0.9
9,1,0.0028888412852145703,0.0007240118730824077,0,0,1,1,0,0.4,1,1.1,0.9
11,1,0.009925974064937202,0.002487683595393092,0,0,1,1,0,0.4,1,1.1,0.9
