BUS_I,BUS_TYPE,Pd,Qd,Gs,Bs,area,Vm,Va,baseKV,zone,Vmax,Vmin
1,1,0.015401261999699432,0.00385992010198202,0,0,1,1,0,0.4,1,1.1,0.9
2,3,0.020402501059453106,0.005113348761395619,0,0,1,1,0,0.4,1,1.1,0.9
3,1,0.03117504406693004,0.007813202533433102,0,0,1,1,0,0.4,1,1.1,0.9
4,1,0.0,0.0,0,0,1,1,0,0.4,1,1.1,0.9
5,1,0.0,0.0,0,0,1,1,0,0.4,1,1.1,0.9
33,1,0.0,0.0,0,0,1,1,0,0.4,1,1.1,0.9
19,1,0.0,0.0,0,0,1,1,0,0.4,1,1.1,0.9
24,1,0.0179457164500884,0.0044976204983408164,0,0,1,1,0,0.4,1,1.1,0.9
6,1,0.013882186107099249,0.0034792037961105817,0,0,1,1,0,0.4,1,1.1,0.9
12,1,0.010473921834345586,0.0026250122513186203,0,0,1,1,0,0.4,1,1.1,0.9
17,1,0.0,0.0,0,0,1,1,0,0.4,1,1.1,0.9
25,1,0.018032590968852534,0.0045193933050974465,0,0,1,1,0,0.4,1,1.1,0.9
16,1,0.0,0.0,0,0,1,1,0,0.4,1,1.1,0.9
10,1,0.0,0.0,0,0,1,1,0,0.4,1,1.1,0.9
32,1,0.016034238548016104,0.004018558978651892,0,0,1,1,0,0.4,1,1.1,0.9
18,1,0.0,0.0,0,0,1,1,0,0.4,1,1.1,0.9
41,1,0.018030233751509476,0.00451880253074354,0,0,1,1,0,0.4,1,1.1,0.9
42,1,0.018112193708079823,0.004539343632111054,0,0,1,1,0,0.4,1,1.1,0.9
15,1,0.0,0.0,0,0,1,1,0,0.4,1,1.1,0.9
39,1,0.013651302400299452,0.003421338884708253,0,0,1,1,0,0.4,1,1.1,0.9
40,1,0.017614852748441896,0.0044146982382671646,0,0,1,1,0,0.4,1,1.1,0.9
14,1,0.023912044895560307,0.005992923357428181,0,0,1,1,0,0.4,1,1.1,0.9
13,1,0.014110933487246714,0.0035365332935845,0,0,1,1,0,0.4,1,1.1,0.9
7,1,0.014319238508302001,0.0035887394529324017,0,0,1,1,0,0.4,1,1.1,0.9
8,1,0.0,0.0,0,0,1,1,0,0.4,1,1.1,0.9
9,1,0.024138003075871214,0.006049553815530015,0,0,1,1,0,0.4,1,1.1,0.9
11,1,0.0,0.0,0,0,1,1,0,0.4,1,1.1,0.9
28,1,0.012070775146650031,0.0030252214160092013,0,0,1,1,0,0.4,1,1.1,0.9
30,1,0.0,0.0,0,0,1,1,0,0.4,1,1.1,0.9
34,1,0.01944330139557247,0.004872950665155225,0,0,1,1,0,0.4,1,1.1,0.9
31,1,0.0,0.0,0,0,1,1,0,0.4,1,1.1,0.9
36,1,0.0,0.0,0,0,1,1,0,0.4,1,1.1,0.9
35,1,0.02218709231734908,0.005560609490439023,0,0,1,1,0,0.4,1,1.1,0.9
22,1,0.0,0.0,0,0,1,1,0,0.4,1,1.1,0.9
26,1,0.008678998644598281,0.002175162096068062,0,0,1,1,0,0.4,1,1.1,0.9
23,1,0.004916548983216662,0.0012322033254851205,0,0,1,1,0,0.4,1,1.1,0.9
20,1,0.005351866544389841,0.0013413041904110552,0,0,1,1,0,0.4,1,1.1,0.9
21,1,0.0060929816460204836,0.001527045143244816,0,0,1,1,0,0.4,1,1.1,0.9
37,1,0.021252806729439026,0.005326455450215794,0,0,1,1,0,0.4,1,1.1,0.9
38,1,0.017028334204686364,0.004267702835080635,0,0,1,1,0,0.4,1,1.1,0.9
