F_BUS,T_BUS,BR_R,BR_X,BR_B,RATE_A,RATE_B,RATE_C,TAP,SHIFT,BR_STATUS,ANGMIN,ANGMAX
1,2,4.336737902880581,1.6679761164925315,4.376532784439491e-09,0,0,0,0,0,1,-90,90
1,3,19.049104411347898,7.326578619749191,1.9223903274186566e-08,0,0,0,0,0,1,-90,90
2,4,19.84415730816601,7.632368195448466,2.0026251755052065e-08,0,0,0,0,0,1,-90,90
2,5,7.983794337686229,3.0706901298793188,8.057055428666128e-09,0,0,0,0,0,1,-90,90
3,6,5.945604312442444,2.2867708894009398,6.0001625137237855e-09,0,0,0,0,0,1,-90,90
4,23,12.673309999999997,4.874349999999999,1.2789603140536424e-08,0,0,0,0,0,1,-90,90
5,9,20.931949310358714,8.050749734753351,2.1124025581108097e-08,0,0,0,0,0,1,-90,90
6,15,3.8177507402361135,1.468365669321582,3.852783278962565e-09,0,0,0,0,0,1,-90,90
9,10,3.38954060867224,1.3036694648739386,3.42064379500306e-09,0,0,0,0,0,1,-90,90
15,16,3.805679461125019,1.463722869663469,3.840601231081661e-09,0,0,0,0,0,1,-90,90
7,17,14.470749636671012,5.5656729371811595,1.4603536487238452e-08,0,0,0,0,0,1,-90,90
17,20,10.473672313659419,4.028335505253622,1.056978108447816e-08,0,0,0,0,0,1,-90,90
17,8,12.121589999999998,4.66215,1.223282043383259e-08,0,0,0,0,0,1,-90,90
8,18,10.439109428741792,4.015042087977612,1.0534901042761477e-08,0,0,0,0,0,1,-90,90
8,16,17.314072996606495,6.659258844848653,1.7472950821283104e-08,0,0,0,0,0,1,-90,90
18,22,5.574256954454845,2.143944982482633,5.6254075889292306e-09,0,0,0,0,0,1,-90,90
10,11,4.084575461238011,1.57099056201462,4.1220564435658635e-09,0,0,0,0,0,1,-90,90
20,21,1.2005130106505926,0.461735773327151,1.2115291878184672e-09,0,0,0,0,0,1,-90,90
11,12,22.62768267346307,8.702954874408872,2.2835319374621544e-08,0,0,0,0,0,1,-90,90
12,13,8.216239283012289,3.160092031927803,8.291633341046083e-09,0,0,0,0,0,1,-90,90
13,14,13.787799999999997,5.302999999999999,1.3914319951227271e-08,0,0,0,0,0,1,-90,90
14,24,9.574629999999997,3.6825499999999995,9.662488956513672e-09,0,0,0,0,0,1,-90,90
