BUS_I,BUS_TYPE,Pd,Qd,Gs,Bs,area,Vm,Va,baseKV,zone,Vmax,Vmin
1,1,0.0018135679678308535,0.0004545229771091231,0,0,1,1,0,0.4,1,1.1,0.9
2,1,0.0016076100320076888,0.0004029050527687625,0,0,1,1,0,0.4,1,1.1,0.9
3,1,0.0019303859698960467,0.0004838003281764328,0,0,1,1,0,0.4,1,1.1,0.9
4,1,0.0007196937111277489,0.00018037224630723463,0,0,1,1,0,0.4,1,1.1,0.9
5,1,0.0,0.0,0,0,1,1,0,0.4,1,1.1,0.9
15,1,0.0,0.0,0,0,1,1,0,0.4,1,1.1,0.9
14,1,0.007201243299954438,0.0018048016956857132,0,0,1,1,0,0.4,1,1.1,0.9
10,1,0.01798071264342343,0.004506391371153016,0,0,1,1,0,0.4,1,1.1,0.9
19,1,0.0,0.0,0,0,1,1,0,0.4,1,1.1,0.9
16,1,0.0021102624633389942,0.0005288816268990972,0,0,1,1,0,0.4,1,1.1,0.9
11,1,0.0,0.0,0,0,1,1,0,0.4,1,1.1,0.9
6,1,0.0015242468225770511,0.0003820122630835188,0,0,1,1,0,0.4,1,1.1,0.9
7,1,0.005651605912606751,0.001416425957234996,0,0,1,1,0,0.4,1,1.1,0.9
8,1,0.0013208237847164893,0.000331029644057912,0,0,1,1,0,0.4,1,1.1,0.9
9,1,0.0,0.0,0,0,1,1,0,0.4,1,1.1,0.9
17,1,0.09332887624213314,0.023390421220639727,0,0,1,1,0,0.4,1,1.1,0.9
12,3,0.046754492150247,0.011717780277500697,0,0,1,1,0,0.4,1,1.1,0.9
13,1,0.055764468280206106,0.013975893150529287,0,0,1,1,0,0.4,1,1.1,0.9
20,1,0.001933673041822797,0.0004846241460562255,0,0,1,1,0,0.4,1,1.1,0.9
