BUS_I,BUS_TYPE,Pd,Qd,Gs,Bs,area,Vm,Va,baseKV,zone,Vmax,Vmin
1,1,0.022957336806090925,0.005753650955845789,0,0,1,1,0,0.4,1,1.1,0.9
2,1,0.01111873014323245,0.002786616446705077,0,0,1,1,0,0.4,1,1.1,0.9
3,1,0.0,0.0,0,0,1,1,0,0.4,1,1.1,0.9
4,1,0.0,0.0,0,0,1,1,0,0.4,1,1.1,0.9
8,1,0.0,0.0,0,0,1,1,0,0.4,1,1.1,0.9
19,1,0.0,0.0,0,0,1,1,0,0.4,1,1.1,0.9
30,1,0.0,0.0,0,0,1,1,0,0.4,1,1.1,0.9
5,1,0.0,0.0,0,0,1,1,0,0.4,1,1.1,0.9
33,1,0.007449397051361247,0.0018669948882601972,0,0,1,1,0,0.4,1,1.1,0.9
31,1,0.030981115707159897,0.0077645995050425855,0,0,1,1,0,0.4,1,1.1,0.9
7,1,0.0,0.0,0,0,1,1,0,0.4,1,1.1,0.9
76,1,0.002144886907646099,0.0005375593306225686,0,0,1,1,0,0.4,1,1.1,0.9
75,1,0.005874730913680301,0.0014723463536879206,0,0,1,1,0,0.4,1,1.1,0.9
14,1,0.0,0.0,0,0,1,1,0,0.4,1,1.1,0.9
15,1,0.0,0.0,0,0,1,1,0,0.4,1,1.1,0.9
67,1,0.011537444159238774,0.002891556070964178,0,0,1,1,0,0.4,1,1.1,0.9
34,3,0.05491953211410552,0.013764132186233832,0,0,1,1,0,0.4,1,1.1,0.9
68,1,0.0016654329030519391,0.00041739683028039576,0,0,1,1,0,0.4,1,1.1,0.9
23,1,0.0,0.0,0,0,1,1,0,0.4,1,1.1,0.9
64,1,0.0008079923672643668,0.00020250197553373445,0,0,1,1,0,0.4,1,1.1,0.9
155,1,0.0036726531200113647,0.0009204536359303224,0,0,1,1,0,0.4,1,1.1,0.9
48,1,0.0010405016900010492,0.0002607743046939721,0,0,1,1,0,0.4,1,1.1,0.9
32,1,0.004153133981422662,0.0010408734908496982,0,0,1,1,0,0.4,1,1.1,0.9
35,1,0.0,0.0,0,0,1,1,0,0.4,1,1.1,0.9
66,1,0.005966203477240739,0.0014952715390963405,0,0,1,1,0,0.4,1,1.1,0.9
62,1,0.01457183872046962,0.0036520470336183055,0,0,1,1,0,0.4,1,1.1,0.9
50,1,0.0,0.0,0,0,1,1,0,0.4,1,1.1,0.9
63,1,0.0,0.0,0,0,1,1,0,0.4,1,1.1,0.9
69,1,0.0,0.0,0,0,1,1,0,0.4,1,1.1,0.9
70,1,0.0011185647636382666,0.0002803387551371032,0,0,1,1,0,0.4,1,1.1,0.9
72,1,0.0,0.0,0,0,1,1,0,0.4,1,1.1,0.9
73,1,0.001331995984807245,0.0003338296613366593,0,0,1,1,0,0.4,1,1.1,0.9
74,1,0.001619259967311452,0.000405824801778075,0,0,1,1,0,0.4,1,1.1,0.9
