F_BUS,T_BUS,BR_R,BR_X,BR_B,RATE_A,RATE_B,RATE_C,TAP,SHIFT,BR_STATUS,ANGMIN,ANGMAX
1,2,0.15429617405431095,0.09874955139475902,2.5910481862093884e-10,0,0,0,0,0,1,-90,90
2,4,0.6825679932289217,0.4368435156665099,2.292430867660865e-09,0,0,0,0,0,1,-90,90
2,10,5.163145621186103,3.3044131975591062,8.670311612652344e-09,0,0,0,0,0,1,-90,90
4,6,1.3488546889471211,0.8632670009261575,6.7952705567921744e-09,0,0,0,0,0,1,-90,90
10,17,1.0336304593553027,0.6615234939873939,1.7357438337911314e-09,0,0,0,0,0,1,-90,90
10,7,4.478161988051822,2.866023672353166,7.520039669038906e-09,0,0,0,0,0,1,-90,90
6,5,0.5780184134920061,0.36993178463488396,2.9119456222166376e-09,0,0,0,0,0,1,-90,90
5,12,0.17336369975763527,0.1109527678448866,8.733729839343731e-10,0,0,0,0,0,1,-90,90
12,13,0.7379409706284116,0.47228222120218344,3.717604714171303e-09,0,0,0,0,0,1,-90,90
7,11,0.826327379293161,0.528849522747623,1.3876261485129688e-09,0,0,0,0,0,1,-90,90
17,15,1.1474251780701248,0.7343521139648799,1.9268358043687447e-09,0,0,0,0,0,1,-90,90
13,14,0.10031173032876854,0.06419950741041187,5.053512088363138e-10,0,0,0,0,0,1,-90,90
16,15,0.789771028913116,0.5054534585043943,1.3262381938684745e-09,0,0,0,0,0,1,-90,90
14,18,0.2940902870594032,0.1882177837180181,1.4815703167056755e-09,0,0,0,0,0,1,-90,90
18,19,0.015113034225498947,0.009672341904319329,7.613656040035566e-11,0,0,0,0,0,1,-90,90
