BUS_I,BUS_TYPE,Pd,Qd,Gs,Bs,area,Vm,Va,baseKV,zone,Vmax,Vmin
1,1,0.0007322034262072473,0.00018350747644008776,0,0,1,1,0,0.4,1,1.1,0.9
2,1,0.0,0.0,0,0,1,1,0,0.4,1,1.1,0.9
3,1,0.0,0.0,0,0,1,1,0,0.4,1,1.1,0.9
4,1,0.0,0.0,0,0,1,1,0,0.4,1,1.1,0.9
20,1,0.0,0.0,0,0,1,1,0,0.4,1,1.1,0.9
5,1,0.0005185856300737919,0.0001299698101467208,0,0,1,1,0,0.4,1,1.1,0.9
38,1,0.0,0.0,0,0,1,1,0,0.4,1,1.1,0.9
13,1,0.003141024101128834,0.0007872148444065041,0,0,1,1,0,0.4,1,1.1,0.9
21,1,0.0003254332494027306,8.156126045043859e-05,0,0,1,1,0,0.4,1,1.1,0.9
6,1,0.00020826524018828898,5.219618932283463e-05,0,0,1,1,0,0.4,1,1.1,0.9
22,1,0.0006667140134531967,0.00016709428245888732,0,0,1,1,0,0.4,1,1.1,0.9
24,1,0.0006490781965318842,0.00016267433010363374,0,0,1,1,0,0.4,1,1.1,0.9
25,1,0.00018717301407290187,4.6909979168113433e-05,0,0,1,1,0,0.4,1,1.1,0.9
7,1,0.037200664225238,0.009323365296485564,0,0,1,1,0,0.4,1,1.1,0.9
8,1,0.03729915128843181,0.009348048481215124,0,0,1,1,0,0.4,1,1.1,0.9
9,3,0.010312586983310279,0.0025845779262176245,0,0,1,1,0,0.4,1,1.1,0.9
29,1,0.010677133235040865,0.002675941829070816,0,0,1,1,0,0.4,1,1.1,0.9
10,1,0.023607801244692937,0.0059166727109612694,0,0,1,1,0,0.4,1,1.1,0.9
17,1,0.00035836324899167645,8.981429629737843e-05,0,0,1,1,0,0.4,1,1.1,0.9
26,1,0.08563908987137361,0.021463179089896072,0,0,1,1,0,0.4,1,1.1,0.9
27,1,0.0,0.0,0,0,1,1,0,0.4,1,1.1,0.9
30,1,0.0,0.0,0,0,1,1,0,0.4,1,1.1,0.9
33,1,0.08419488395886499,0.02110122696979045,0,0,1,1,0,0.4,1,1.1,0.9
11,1,0.005868498333175506,0.0014707843217727343,0,0,1,1,0,0.4,1,1.1,0.9
18,1,0.018865614102075465,0.00472816858191606,0,0,1,1,0,0.4,1,1.1,0.9
16,1,0.00039351307503149275,9.862367309487111e-05,0,0,1,1,0,0.4,1,1.1,0.9
32,1,0.010016281202994786,0.002510316697638073,0,0,1,1,0,0.4,1,1.1,0.9
28,1,0.0,0.0,0,0,1,1,0,0.4,1,1.1,0.9
31,1,0.0,0.0,0,0,1,1,0,0.4,1,1.1,0.9
35,1,0.010094667196880945,0.002529962079524371,0,0,1,1,0,0.4,1,1.1,0.9
34,1,0.015475290469436433,0.003878473385372848,0,0,1,1,0,0.4,1,1.1,0.9
12,1,0.0,0.0,0,0,1,1,0,0.4,1,1.1,0.9
14,1,0.004600286743500698,0.00115294053672136,0,0,1,1,0,0.4,1,1.1,0.9
19,1,0.004504863181649639,0.0011290251378015302,0,0,1,1,0,0.4,1,1.1,0.9
15,1,0.016793411112597956,0.0042088255582971145,0,0,1,1,0,0.4,1,1.1,0.9
39,1,0.003664972593286713,0.0009185287144856465,0,0,1,1,0,0.4,1,1.1,0.9
23,1,0.00041518673456657673,0.00010405560420055697,0,0,1,1,0,0.4,1,1.1,0.9
