BUS_I,BUS_TYPE,Pd,Qd,Gs,Bs,area,Vm,Va,baseKV,zone,Vmax,Vmin
1,1,0.005570291608991413,0.0013960466717511417,0,0,1,1,0,0.4,1,1.1,0.9
2,1,0.0,0.0,0,0,1,1,0,0.4,1,1.1,0.9
3,3,0.0,0.0,0,0,1,1,0,0.4,1,1.1,0.9
7,1,0.007247909108340279,0.001816497249716757,0,0,1,1,0,0.4,1,1.1,0.9
4,1,0.0,0.0,0,0,1,1,0,0.4,1,1.1,0.9
87,1,0.0008829247122212966,0.00022128179140814454,0,0,1,1,0,0.4,1,1.1,0.9
5,1,0.007247912613160567,0.0018164981281075204,0,0,1,1,0,0.4,1,1.1,0.9
6,1,0.007249513134840552,0.0018168992566518145,0,0,1,1,0,0.4,1,1.1,0.9
8,1,0.0048688865864475635,0.0012202580028614757,0,0,1,1,0,0.4,1,1.1,0.9
9,1,0.004481233319107385,0.0011231029360082162,0,0,1,1,0,0.4,1,1.1,0.9
10,1,0.0,0.0,0,0,1,1,0,0.4,1,1.1,0.9
128,1,0.0015973623935728214,0.0004003367524831521,0,0,1,1,0,0.4,1,1.1,0.9
133,1,0.0020942612531751094,0.0005248713456137828,0,0,1,1,0,0.4,1,1.1,0.9
118,1,0.0,0.0,0,0,1,1,0,0.4,1,1.1,0.9
136,1,0.0030810145266045334,0.0007721750273433142,0,0,1,1,0,0.4,1,1.1,0.9
117,1,0.0,0.0,0,0,1,1,0,0.4,1,1.1,0.9
88,1,0.0,0.0,0,0,1,1,0,0.4,1,1.1,0.9
89,1,0.0,0.0,0,0,1,1,0,0.4,1,1.1,0.9
90,1,0.0006183961083128391,0.0001549846739514438,0,0,1,1,0,0.4,1,1.1,0.9
94,1,0.0014185700628952665,0.0003555271705621395,0,0,1,1,0,0.4,1,1.1,0.9
91,1,0.00844988102899552,0.0021177398088424735,0,0,1,1,0,0.4,1,1.1,0.9
92,1,0.0016313321636494517,0.00040885037937821124,0,0,1,1,0,0.4,1,1.1,0.9
93,1,0.0,0.0,0,0,1,1,0,0.4,1,1.1,0.9
95,1,0.0013139264097719256,0.00032930099895078064,0,0,1,1,0,0.4,1,1.1,0.9
96,1,0.0030801613781105464,0.0007719612081756395,0,0,1,1,0,0.4,1,1.1,0.9
112,1,0.0,0.0,0,0,1,1,0,0.4,1,1.1,0.9
109,1,0.002327825575544207,0.000583408082605588,0,0,1,1,0,0.4,1,1.1,0.9
110,1,0.0008947150016677611,0.00022423671648139393,0,0,1,1,0,0.4,1,1.1,0.9
