BUS_I,BUS_TYPE,Pd,Qd,Gs,Bs,area,Vm,Va,baseKV,zone,Vmax,Vmin
1,3,0.017922665523928637,0.004491843391681952,0,0,1,1,0,0.4,1,1.1,0.9
2,1,0.0,0.0,0,0,1,1,0,0.4,1,1.1,0.9
3,1,0.0,0.0,0,0,1,1,0,0.4,1,1.1,0.9
4,1,0.0,0.0,0,0,1,1,0,0.4,1,1.1,0.9
6,1,0.016031380861358278,0.0040178427748644415,0,0,1,1,0,0.4,1,1.1,0.9
5,1,0.0,0.0,0,0,1,1,0,0.4,1,1.1,0.9
10,1,0.017952464504538267,0.004499311720204376,0,0,1,1,0,0.4,1,1.1,0.9
7,1,0.018758113977934077,0.004701226511185297,0,0,1,1,0,0.4,1,1.1,0.9
24,1,0.04046743040474799,0.01014209407630969,0,0,1,1,0,0.4,1,1.1,0.9
22,1,0.025876279017085578,0.006485206832043596,0,0,1,1,0,0.4,1,1.1,0.9
29,1,0.019611367821774164,0.004915072082022028,0,0,1,1,0,0.4,1,1.1,0.9
9,1,0.0,0.0,0,0,1,1,0,0.4,1,1.1,0.9
20,1,0.0,0.0,0,0,1,1,0,0.4,1,1.1,0.9
34,1,0.0,0.0,0,0,1,1,0,0.4,1,1.1,0.9
36,1,0.0028008609646211977,0.0007019619262635165,0,0,1,1,0,0.4,1,1.1,0.9
14,1,0.0,0.0,0,0,1,1,0,0.4,1,1.1,0.9
11,1,0.0440323379011249,0.011035544113536522,0,0,1,1,0,0.4,1,1.1,0.9
12,1,0.04430088393476465,0.011102848093793064,0,0,1,1,0,0.4,1,1.1,0.9
13,1,0.0,0.0,0,0,1,1,0,0.4,1,1.1,0.9
32,1,0.06510563226903761,0.01631700952509034,0,0,1,1,0,0.4,1,1.1,0.9
15,1,0.01754937624283596,0.004398288279122205,0,0,1,1,0,0.4,1,1.1,0.9
16,1,0.050236330285111444,0.012590411170272545,0,0,1,1,0,0.4,1,1.1,0.9
18,1,0.026116251247469073,0.006545349542166493,0,0,1,1,0,0.4,1,1.1,0.9
19,1,0.0,0.0,0,0,1,1,0,0.4,1,1.1,0.9
21,1,0.017161884570416754,0.0043011737117737165,0,0,1,1,0,0.4,1,1.1,0.9
30,1,0.0,0.0,0,0,1,1,0,0.4,1,1.1,0.9
27,1,0.0,0.0,0,0,1,1,0,0.4,1,1.1,0.9
31,1,0.020039212532237165,0.0050223000740187256,0,0,1,1,0,0.4,1,1.1,0.9
28,1,0.015455945521280929,0.003873625084353186,0,0,1,1,0,0.4,1,1.1,0.9
25,1,0.01816208671360405,0.004551847997985423,0,0,1,1,0,0.4,1,1.1,0.9
