BUS_I,BUS_TYPE,Pd,Qd,Gs,Bs,area,Vm,Va,baseKV,zone,Vmax,Vmin
1,1,0.005827478403797146,0.0014605037584012064,0,0,1,1,0,0.4,1,1.1,0.9
2,1,0.013665990603254274,0.00342502009536803,0,0,1,1,0,0.4,1,1.1,0.9
3,1,0.0,0.0,0,0,1,1,0,0.4,1,1.1,0.9
4,1,0.005605857875924616,0.001404960418474664,0,0,1,1,0,0.4,1,1.1,0.9
5,1,0.0,0.0,0,0,1,1,0,0.4,1,1.1,0.9
6,1,0.038096115972604504,0.009547786658844204,0,0,1,1,0,0.4,1,1.1,0.9
10,1,0.0,0.0,0,0,1,1,0,0.4,1,1.1,0.9
13,1,0.02284948021875204,0.005726619547016521,0,0,1,1,0,0.4,1,1.1,0.9
12,1,0.01742022748826467,0.004365920550170811,0,0,1,1,0,0.4,1,1.1,0.9
7,1,0.01926485746524875,0.004828228400593616,0,0,1,1,0,0.4,1,1.1,0.9
11,1,0.0032887860789118485,0.0008242474868201198,0,0,1,1,0,0.4,1,1.1,0.9
36,1,0.031824275030687875,0.007975915150612587,0,0,1,1,0,0.4,1,1.1,0.9
8,3,0.019265770277828012,0.004828457172990587,0,0,1,1,0,0.4,1,1.1,0.9
9,1,0.012618208975292842,0.003162421266237358,0,0,1,1,0,0.4,1,1.1,0.9
24,1,0.010836996572167322,0.002716007358022689,0,0,1,1,0,0.4,1,1.1,0.9
22,1,0.010343414233048033,0.0025923039632757498,0,0,1,1,0,0.4,1,1.1,0.9
25,1,0.00946611936435979,0.002372433143658402,0,0,1,1,0,0.4,1,1.1,0.9
34,1,0.028781897364536912,0.007213423433269785,0,0,1,1,0,0.4,1,1.1,0.9
14,1,0.005346041330892516,0.0013398442542917229,0,0,1,1,0,0.4,1,1.1,0.9
15,1,0.010176960785833434,0.0025505867970486984,0,0,1,1,0,0.4,1,1.1,0.9
16,1,0.010174681541025942,0.002550015564454256,0,0,1,1,0,0.4,1,1.1,0.9
18,1,0.01017913099185956,0.0025511307019485596,0,0,1,1,0,0.4,1,1.1,0.9
20,1,0.013401429651347906,0.003358714870738852,0,0,1,1,0,0.4,1,1.1,0.9
19,1,0.013405845239079582,0.0033598215213398158,0,0,1,1,0,0.4,1,1.1,0.9
21,1,0.0,0.0,0,0,1,1,0,0.4,1,1.1,0.9
23,1,0.0,0.0,0,0,1,1,0,0.4,1,1.1,0.9
30,1,0.0,0.0,0,0,1,1,0,0.4,1,1.1,0.9
41,1,0.0044760391599201095,0.0011218011570072323,0,0,1,1,0,0.4,1,1.1,0.9
31,1,0.013389295055256588,0.0033556736542863807,0,0,1,1,0,0.4,1,1.1,0.9
29,1,0.004762398575831018,0.0011935695916905663,0,0,1,1,0,0.4,1,1.1,0.9
39,1,0.0011391255640043339,0.00028549177744445513,0,0,1,1,0,0.4,1,1.1,0.9
28,1,0.0047659096708315245,0.001194449555045043,0,0,1,1,0,0.4,1,1.1,0.9
33,1,0.008082139725538607,0.002025575150545633,0,0,1,1,0,0.4,1,1.1,0.9
37,1,0.013417299119142924,0.0033626921342742003,0,0,1,1,0,0.4,1,1.1,0.9
38,1,0.00599488191938346,0.0015024590342069604,0,0,1,1,0,0.4,1,1.1,0.9
40,1,0.007891142685841438,0.0019777067802159453,0,0,1,1,0,0.4,1,1.1,0.9
