F_BUS,T_BUS,BR_R,BR_X,BR_B,RATE_A,RATE_B,RATE_C,TAP,SHIFT,BR_STATUS,ANGMIN,ANGMAX
1,2,0.40224958066569516,0.25743973162604494,2.7019413871415215e-09,0,0,0,0,0,1,-90,90
1,3,0.29668975838846856,0.18988144536861987,1.9928879378921056e-09,0,0,0,0,0,1,-90,90
2,4,0.373202536251526,0.23884962320097666,2.5068301545905837e-09,0,0,0,0,0,1,-90,90
3,5,1.0181891301814272,0.6516410433161135,3.419627369433134e-09,0,0,0,0,0,1,-90,90
4,11,0.22482554210476452,0.1438883469470493,1.5101704670371036e-09,0,0,0,0,0,1,-90,90
5,21,1.3048355031116214,0.8350947219914377,2.191170120944759e-09,0,0,0,0,0,1,-90,90
11,13,0.41570105926131207,0.2660486779272397,2.7922960039831273e-09,0,0,0,0,0,1,-90,90
11,10,0.3318216929375931,0.21236588348005958,1.1144359228612483e-09,0,0,0,0,0,1,-90,90
21,20,0.006323703877448338,0.004047170481566937,1.0619201391228534e-11,0,0,0,0,0,1,-90,90
8,18,1.4898155920607508,0.9534819789188805,2.501801493948075e-09,0,0,0,0,0,1,-90,90
8,17,0.7234779978809731,0.4630259186438228,1.2149143461665248e-09,0,0,0,0,0,1,-90,90
18,19,1.0226918895685349,0.6545228093238624,1.7173750300411734e-09,0,0,0,0,0,1,-90,90
17,10,1.786865229052547,1.1435937465936303,3.000627811489062e-09,0,0,0,0,0,1,-90,90
10,15,0.7139320202739201,0.4569164929753089,1.198884079624955e-09,0,0,0,0,0,1,-90,90
15,14,1.1618443987517808,0.7435804152011397,1.9510495580944897e-09,0,0,0,0,0,1,-90,90
13,23,1.4105892740981703,0.9027771354228289,2.368759175358415e-09,0,0,0,0,0,1,-90,90
20,22,1.3070630326590105,0.8365203409017667,2.1949107427902872e-09,0,0,0,0,0,1,-90,90
24,23,0.01466545330158187,0.009385890113012397,2.4627244589763387e-11,0,0,0,0,0,1,-90,90
14,16,1.018944193629139,0.652124283922649,1.7110816395370009e-09,0,0,0,0,0,1,-90,90
