BUS_I,BUS_TYPE,Pd,Qd,Gs,Bs,area,Vm,Va,baseKV,zone,Vmax,Vmin
1,1,0.04886068044672913,0.012245640821935905,0,0,1,1,0,0.4,1,1.1,0.9
2,1,0.0,0.0,0,0,1,1,0,0.4,1,1.1,0.9
5,1,0.0,0.0,0,0,1,1,0,0.4,1,1.1,0.9
4,1,0.0,0.0,0,0,1,1,0,0.4,1,1.1,0.9
12,1,0.05136491231548054,0.012873260489103845,0,0,1,1,0,0.4,1,1.1,0.9
7,1,0.0943601398858209,0.023648880252684717,0,0,1,1,0,0.4,1,1.1,0.9
8,1,0.0549520838793976,0.013772290427630438,0,0,1,1,0,0.4,1,1.1,0.9
11,1,0.079188405508383,0.01984648519528312,0,0,1,1,0,0.4,1,1.1,0.9
10,1,0.043600734994118734,0.010927374228701143,0,0,1,1,0,0.4,1,1.1,0.9
9,3,0.08063403381597886,0.020208793801200765,0,0,1,1,0,0.4,1,1.1,0.9
