F_BUS,T_BUS,BR_R,BR_X,BR_B,RATE_A,RATE_B,RATE_C,TAP,SHIFT,BR_STATUS,ANGMIN,ANGMAX
1,2,0.5187265586616853,0.33198499754347854,8.710815528620331e-10,0,0,0,0,0,1,-90,90
1,3,0.40830645057166454,0.2613161283658653,6.856564620966674e-10,0,0,0,0,0,1,-90,90
2,4,0.9914974794744612,0.6345583868636551,1.6649912167745714e-09,0,0,0,0,0,1,-90,90
3,13,2.915114725533254,1.8656734243412825,4.895262483648202e-09,0,0,0,0,0,1,-90,90
4,15,1.3503042325296046,0.864194708818947,2.267524359544507e-09,0,0,0,0,0,1,-90,90
13,29,1.4598381535280187,0.9342964182579321,2.45146130358788e-09,0,0,0,0,0,1,-90,90
15,16,1.5251700832586466,0.9761088532855338,2.561171203439653e-09,0,0,0,0,0,1,-90,90
5,12,1.0426562499999998,0.6672999999999999,1.7509005663688401e-09,0,0,0,0,0,1,-90,90
5,26,0.5866413150992148,0.3754504416634975,9.851287141496315e-10,0,0,0,0,0,1,-90,90
12,24,0.48549638965047615,0.3107176893763048,8.152791522700276e-10,0,0,0,0,0,1,-90,90
26,27,2.1101029720440785,1.3504659021082102,3.5434310098352647e-09,0,0,0,0,0,1,-90,90
6,19,2.4848437499999996,1.5902999999999996,4.172721670457615e-09,0,0,0,0,0,1,-90,90
6,21,1.1819093193960195,0.7564219644134526,1.9847439620940278e-09,0,0,0,0,0,1,-90,90
19,17,0.12900003036375945,0.08256001943280607,2.1662578268293511e-10,0,0,0,0,0,1,-90,90
21,22,1.7134958044726496,1.0966373148624957,2.8774207937868248e-09,0,0,0,0,0,1,-90,90
7,14,3.292890624999999,2.1074499999999996,5.529649930457084e-09,0,0,0,0,0,1,-90,90
7,23,0.9584472585302765,0.6134062454593769,1.6094909974359464e-09,0,0,0,0,0,1,-90,90
14,20,0.6810518192211437,0.4358731643015319,2.287338738919619e-09,0,0,0,0,0,1,-90,90
14,10,0.7947355042297868,0.5086307227070636,1.3345748845502625e-09,0,0,0,0,0,1,-90,90
9,28,1.899208145252892,1.2154932129618508,3.189281814764553e-09,0,0,0,0,0,1,-90,90
9,29,1.5378613234759417,0.9842312470246027,2.582483212727839e-09,0,0,0,0,0,1,-90,90
28,30,0.29916047570605325,0.1914627044518741,5.023709840600872e-10,0,0,0,0,0,1,-90,90
10,25,0.9592894665227144,0.6139452585745372,1.610905291409593e-09,0,0,0,0,0,1,-90,90
10,24,1.5732886352558102,1.0069047265637185,2.641975207582612e-09,0,0,0,0,0,1,-90,90
20,18,1.1745461501950465,0.7517095361248296,3.9447584371222014e-09,0,0,0,0,0,1,-90,90
16,17,1.5232548940143245,0.9748831321691677,2.557955085056833e-09,0,0,0,0,0,1,-90,90
16,18,0.6127682837527897,0.3921717016017854,2.0580058577803024e-09,0,0,0,0,0,1,-90,90
