BUS_I,BUS_TYPE,Pd,Qd,Gs,Bs,area,Vm,Va,baseKV,zone,Vmax,Vmin
1,1,0.007112993467894232,0.0017826842029261994,0,0,1,1,0,0.4,1,1.1,0.9
3,1,0.0,0.0,0,0,1,1,0,0.4,1,1.1,0.9
5,1,0.004356787405909923,0.001091913850206691,0,0,1,1,0,0.4,1,1.1,0.9
6,1,0.025928144764172743,0.006498205613558381,0,0,1,1,0,0.4,1,1.1,0.9
16,3,0.0,0.0,0,0,1,1,0,0.4,1,1.1,0.9
17,1,0.004704321664132377,0.0011790141455893966,0,0,1,1,0,0.4,1,1.1,0.9
18,1,0.003953066027505394,0.00099073173512197,0,0,1,1,0,0.4,1,1.1,0.9
19,1,0.007590288871099347,0.0019023057067647153,0,0,1,1,0,0.4,1,1.1,0.9
10,1,0.0,0.0,0,0,1,1,0,0.4,1,1.1,0.9
7,1,0.011546180298762946,0.0028937455539145836,0,0,1,1,0,0.4,1,1.1,0.9
8,1,0.005872393031813618,0.0014717604252611823,0,0,1,1,0,0.4,1,1.1,0.9
9,1,0.0060979051993727005,0.0015282791020306463,0,0,1,1,0,0.4,1,1.1,0.9
14,1,0.027169535355783,0.0068093274228660395,0,0,1,1,0,0.4,1,1.1,0.9
12,1,0.011912212547000861,0.0029854818825982184,0,0,1,1,0,0.4,1,1.1,0.9
11,1,0.014125363212960068,0.0035401497237412074,0,0,1,1,0,0.4,1,1.1,0.9
21,1,0.08013098677962723,0.020082718329730045,0,0,1,1,0,0.4,1,1.1,0.9
