BUS_I,BUS_TYPE,Pd,Qd,Gs,Bs,area,Vm,Va,baseKV,zone,Vmax,Vmin
154,1,0.007146331051144326,0.0017910393888675234,0,0,1,1,0,0.4,1,1.1,0.9
153,1,0.0,0.0,0,0,1,1,0,0.4,1,1.1,0.9
13,1,0.0,0.0,0,0,1,1,0,0.4,1,1.1,0.9
14,1,0.0019363025458367835,0.0004852831618824628,0,0,1,1,0,0.4,1,1.1,0.9
15,1,0.0011061755481310634,0.00027723372504379176,0,0,1,1,0,0.4,1,1.1,0.9
143,3,0.0041166993142002315,0.0010317421024983002,0,0,1,1,0,0.4,1,1.1,0.9
142,1,0.008070635665452897,0.0020226919613121723,0,0,1,1,0,0.4,1,1.1,0.9
145,1,0.004566084612485072,0.0011443686746856116,0,0,1,1,0,0.4,1,1.1,0.9
147,1,0.0027483881195009096,0.0006888109916393317,0,0,1,1,0,0.4,1,1.1,0.9
144,1,0.002507797811148303,0.0006285133765756829,0,0,1,1,0,0.4,1,1.1,0.9
146,1,0.0,0.0,0,0,1,1,0,0.4,1,1.1,0.9
152,1,0.011663784317886842,0.002923219899425949,0,0,1,1,0,0.4,1,1.1,0.9
148,1,0.003201170525866716,0.0008022889593662151,0,0,1,1,0,0.4,1,1.1,0.9
149,1,0.001578832491073235,0.0003956927211597894,0,0,1,1,0,0.4,1,1.1,0.9
150,1,0.007555010622175135,0.0018934641441584856,0,0,1,1,0,0.4,1,1.1,0.9
151,1,0.0,0.0,0,0,1,1,0,0.4,1,1.1,0.9
