F_BUS,T_BUS,BR_R,BR_X,BR_B,RATE_A,RATE_B,RATE_C,TAP,SHIFT,BR_STATUS,ANGMIN,ANGMAX
1,2,1.283799986411739,0.821631991303513,2.1558458248465142e-09,0,0,0,0,0,1,-90,90
2,3,1.2519783068815853,0.8012661164042145,2.1024086573120044e-09,0,0,0,0,0,1,-90,90
3,20,0.42436589837088895,0.271594174957369,7.126245987641768e-10,0,0,0,0,0,1,-90,90
20,19,0.24959978169995603,0.15974386028797186,4.191452352047877e-10,0,0,0,0,0,1,-90,90
19,18,1.0566313899965525,0.6762440895977936,1.7743685890609286e-09,0,0,0,0,0,1,-90,90
4,5,0.855841613586708,0.547738632695493,1.4371884942434183e-09,0,0,0,0,0,1,-90,90
4,6,2.116121412679965,1.3543177041151777,3.553537592055465e-09,0,0,0,0,0,1,-90,90
5,7,1.918651213663072,1.2279367767443663,3.221931961436893e-09,0,0,0,0,0,1,-90,90
6,18,4.376639399134829,2.8010492154462905,7.34955590851477e-09,0,0,0,0,0,1,-90,90
7,15,1.658459311246962,1.0614139591980558,2.7849997037489423e-09,0,0,0,0,0,1,-90,90
15,17,5.918753343092572,3.788002139579246,9.939180415998323e-09,0,0,0,0,0,1,-90,90
17,16,0.16820490526388085,0.10765113936888374,5.649226461598367e-10,0,0,0,0,0,1,-90,90
16,12,1.009028733012425,0.6457783891279519,3.388861823086733e-09,0,0,0,0,0,1,-90,90
8,9,1.7191401445817673,1.100249692532331,2.886899160500526e-09,0,0,0,0,0,1,-90,90
8,10,0.28116528994626167,0.17994578556560745,9.443044443653769e-10,0,0,0,0,0,1,-90,90
9,11,0.2279070940605208,0.14586054019873332,3.827173721636852e-10,0,0,0,0,0,1,-90,90
10,12,0.08244284387471718,0.05276342007981899,2.768874632138832e-10,0,0,0,0,0,1,-90,90
11,13,0.6289286242640104,0.40251431952896666,1.0561404915852482e-09,0,0,0,0,0,1,-90,90
13,14,2.5813827374927754,1.6520849519953762,4.3348366224159184e-09,0,0,0,0,0,1,-90,90
