BUS_I,BUS_TYPE,Pd,Qd,Gs,Bs,area,Vm,Va,baseKV,zone,Vmax,Vmin
1,1,0.005380627128470087,0.001348512272231769,0,0,1,1,0,0.4,1,1.1,0.9
3,1,0.0,0.0,0,0,1,1,0,0.4,1,1.1,0.9
5,1,0.0008117785933125334,0.00020345089322854745,0,0,1,1,0,0.4,1,1.1,0.9
12,1,0.0,0.0,0,0,1,1,0,0.4,1,1.1,0.9
13,1,0.05079866191449598,0.012731344761317489,0,0,1,1,0,0.4,1,1.1,0.9
14,3,0.07762999277608194,0.019455910148075236,0,0,1,1,0,0.4,1,1.1,0.9
8,1,0.0,0.0,0,0,1,1,0,0.4,1,1.1,0.9
6,1,0.037184206236808945,0.009319240535775906,0,0,1,1,0,0.4,1,1.1,0.9
7,1,0.0,0.0,0,0,1,1,0,0.4,1,1.1,0.9
9,1,0.00606284507276612,0.0015194922060302136,0,0,1,1,0,0.4,1,1.1,0.9
11,1,0.001711621088410159,0.0004289726806971826,0,0,1,1,0,0.4,1,1.1,0.9
16,1,0.0,0.0,0,0,1,1,0,0.4,1,1.1,0.9
18,1,0.0,0.0,0,0,1,1,0,0.4,1,1.1,0.9
15,1,0.018709343270144296,0.004689003419636738,0,0,1,1,0,0.4,1,1.1,0.9
21,1,0.0,0.0,0,0,1,1,0,0.4,1,1.1,0.9
25,1,0.006867253122854345,0.001721095867002431,0,0,1,1,0,0.4,1,1.1,0.9
22,1,0.0,0.0,0,0,1,1,0,0.4,1,1.1,0.9
20,1,0.0014224064649051283,0.000356488663538328,0,0,1,1,0,0.4,1,1.1,0.9
23,1,0.009470710755818519,0.0023735838548266143,0,0,1,1,0,0.4,1,1.1,0.9
27,1,0.0012416322826859702,0.00031118238280102825,0,0,1,1,0,0.4,1,1.1,0.9
24,1,0.0033915730661311684,0.0008500083340933994,0,0,1,1,0,0.4,1,1.1,0.9
26,1,0.0036881871035394443,0.0009243468191827768,0,0,1,1,0,0.4,1,1.1,0.9
