F_BUS,T_BUS,BR_R,BR_X,BR_B,RATE_A,RATE_B,RATE_C,TAP,SHIFT,BR_STATUS,ANGMIN,ANGMAX
37,46,1.7527595143053027,0.6741382747328089,1.7688432294928634e-09,0,0,0,0,0,1,-90,90
37,43,2.351066899767373,0.904256499910528,2.372640817976995e-09,0,0,0,0,0,1,-90,90
46,47,1.4374925512446364,0.5528817504787064,1.4506833059316092e-09,0,0,0,0,0,1,-90,90
39,40,4.263766984191613,1.6399103785352358,4.302892268202434e-09,0,0,0,0,0,1,-90,90
39,41,4.8429749744270385,1.862682682471938,4.887415201117259e-09,0,0,0,0,0,1,-90,90
40,42,1.6934972962488426,0.6513451139418626,1.7090372080059702e-09,0,0,0,0,0,1,-90,90
42,44,1.5733116705363115,0.6051198732831967,1.5877487319835009e-09,0,0,0,0,0,1,-90,90
44,45,3.83726135090592,1.4758697503484308,3.8724729233803486e-09,0,0,0,0,0,1,-90,90
45,55,2.2678665780352563,0.8722563761674064,2.28867703139569e-09,0,0,0,0,0,1,-90,90
55,54,1.7890605745728083,0.6881002209895418,1.8054773964470445e-09,0,0,0,0,0,1,-90,90
47,48,7.8072352503035765,3.002782788578299,7.878876195420875e-09,0,0,0,0,0,1,-90,90
48,49,11.236939999999997,4.321899999999999,1.1340052686631934e-08,0,0,0,0,0,1,-90,90
48,50,24.659829999999996,9.484549999999999,2.4886114141695763e-08,0,0,0,0,0,1,-90,90
49,51,14.592109999999996,5.612349999999999,1.4726010480533731e-08,0,0,0,0,0,1,-90,90
49,52,5.649475899037904,2.1728753457838095,5.701316759451164e-09,0,0,0,0,0,1,-90,90
50,70,33.25587591679048,12.79072150645788,3.356103930754264e-08,0,0,0,0,0,1,-90,90
51,56,9.469236355911212,3.642013983042774,9.556128196662415e-09,0,0,0,0,0,1,-90,90
51,57,1.6009873420948613,0.6157643623441774,1.6156783617236147e-09,0,0,0,0,0,1,-90,90
52,53,5.643165086429845,2.1704481101653252,5.694948037408432e-09,0,0,0,0,0,1,-90,90
57,65,2.259959437841494,0.8692151684005748,2.2806973335065982e-09,0,0,0,0,0,1,-90,90
53,54,2.023210506054681,0.7781578869441081,2.0417759403189258e-09,0,0,0,0,0,1,-90,90
65,64,2.0337623668825646,0.7822162949548327,2.052424627393005e-09,0,0,0,0,0,1,-90,90
58,59,5.351932250382979,2.058435480916531,5.401042783411464e-09,0,0,0,0,0,1,-90,90
58,60,7.80302206626405,3.0011623331784807,7.874624350257804e-09,0,0,0,0,0,1,-90,90
59,61,4.326855256369102,1.6641750986035009,4.36655945254277e-09,0,0,0,0,0,1,-90,90
60,62,1.2715385524228633,0.48905328939340903,1.2832064759230695e-09,0,0,0,0,0,1,-90,90
62,64,2.0037871162154035,0.7706873523905398,2.022174317089612e-09,0,0,0,0,0,1,-90,90
