BUS_I,BUS_TYPE,Pd,Qd,Gs,Bs,area,Vm,Va,baseKV,zone,Vmax,Vmin
1,1,0.02516381456106961,0.006306646407853851,0,0,1,1,0,0.4,1,1.1,0.9
2,1,0.0,0.0,0,0,1,1,0,0.4,1,1.1,0.9
3,1,0.0,0.0,0,0,1,1,0,0.4,1,1.1,0.9
4,1,0.0,0.0,0,0,1,1,0,0.4,1,1.1,0.9
7,1,0.0,0.0,0,0,1,1,0,0.4,1,1.1,0.9
20,1,0.06125516117041517,0.015351990502885302,0,0,1,1,0,0.4,1,1.1,0.9
5,1,0.0,0.0,0,0,1,1,0,0.4,1,1.1,0.9
31,1,0.007136842634433149,0.0017886613674819923,0,0,1,1,0,0.4,1,1.1,0.9
14,1,0.0,0.0,0,0,1,1,0,0.4,1,1.1,0.9
29,1,0.007536712897383799,0.0018888783020538586,0,0,1,1,0,0.4,1,1.1,0.9
30,1,0.006330343282487425,0.0015865335768586314,0,0,1,1,0,0.4,1,1.1,0.9
8,1,0.0,0.0,0,0,1,1,0,0.4,1,1.1,0.9
15,1,0.0,0.0,0,0,1,1,0,0.4,1,1.1,0.9
34,1,0.06462430336642713,0.016196377131012026,0,0,1,1,0,0.4,1,1.1,0.9
9,1,0.0,0.0,0,0,1,1,0,0.4,1,1.1,0.9
36,1,0.0,0.0,0,0,1,1,0,0.4,1,1.1,0.9
17,1,0.0,0.0,0,0,1,1,0,0.4,1,1.1,0.9
35,1,0.058322979226648516,0.014617116436874706,0,0,1,1,0,0.4,1,1.1,0.9
10,1,0.0,0.0,0,0,1,1,0,0.4,1,1.1,0.9
22,1,0.039614245262759626,0.009928265723780038,0,0,1,1,0,0.4,1,1.1,0.9
21,1,0.05287837559670142,0.013252570141969315,0,0,1,1,0,0.4,1,1.1,0.9
11,1,0.0,0.0,0,0,1,1,0,0.4,1,1.1,0.9
25,1,0.0,0.0,0,0,1,1,0,0.4,1,1.1,0.9
37,3,0.06342541287674765,0.015895906851285647,0,0,1,1,0,0.4,1,1.1,0.9
27,1,0.013941018580472935,0.003493948603817174,0,0,1,1,0,0.4,1,1.1,0.9
26,1,0.009296779720470747,0.0023299926283602045,0,0,1,1,0,0.4,1,1.1,0.9
24,1,0.0764068414639694,0.019149359533100888,0,0,1,1,0,0.4,1,1.1,0.9
16,1,0.0,0.0,0,0,1,1,0,0.4,1,1.1,0.9
23,1,0.0,0.0,0,0,1,1,0,0.4,1,1.1,0.9
18,1,0.0,0.0,0,0,1,1,0,0.4,1,1.1,0.9
19,1,0.0,0.0,0,0,1,1,0,0.4,1,1.1,0.9
38,1,0.0649941365377673,0.016289066060819434,0,0,1,1,0,0.4,1,1.1,0.9
28,1,0.013341463979772695,0.003343686056791883,0,0,1,1,0,0.4,1,1.1,0.9
