F_BUS,T_BUS,BR_R,BR_X,BR_B,RATE_A,RATE_B,RATE_C,TAP,SHIFT,BR_STATUS,ANGMIN,ANGMAX
1,2,10.973300071057636,4.22050002732986,1.1073993538455804e-08,0,0,0,0,0,1,-90,90
2,4,9.536279999999998,3.6677999999999993,9.623787048295566e-09,0,0,0,0,0,1,-90,90
4,9,12.269478756381606,4.7190302909160025,1.2382066250676672e-08,0,0,0,0,0,1,-90,90
4,19,6.304096805431842,2.4246526174737855,6.361944614390142e-09,0,0,0,0,0,1,-90,90
9,8,2.2372419977121445,0.8604776914277479,2.2577714330415044e-09,0,0,0,0,0,1,-90,90
19,6,9.680722988254256,3.7233549954824063,9.76955547786962e-09,0,0,0,0,0,1,-90,90
5,11,48.09226113352568,18.497023512894494,9.706713305818891e-08,0,0,0,0,0,1,-90,90
5,7,5.442545868311692,2.0932868724275737,1.0984975784522396e-08,0,0,0,0,0,1,-90,90
11,20,15.187181945383761,5.8412238251476,1.5326542939814324e-08,0,0,0,0,0,1,-90,90
7,8,0.8126433852811259,0.3125551481850485,1.6402007672072477e-09,0,0,0,0,0,1,-90,90
6,14,9.615059999999998,3.6980999999999993,9.703289951279197e-09,0,0,0,0,0,1,-90,90
8,10,13.428867961007377,5.164949215772069,1.3552094271184793e-08,0,0,0,0,0,1,-90,90
10,12,10.757643371642379,4.137555142939377,1.0856357924703825e-08,0,0,0,0,0,1,-90,90
12,13,5.607039238176458,2.156553553144792,5.6584906902531854e-09,0,0,0,0,0,1,-90,90
13,15,3.6429899999999993,1.40115,3.676418894901394e-09,0,0,0,0,0,1,-90,90
15,16,4.477075572890637,1.7219521434194758,4.518158224446575e-09,0,0,0,0,0,1,-90,90
