BUS_I,BUS_TYPE,Pd,Qd,Gs,Bs,area,Vm,Va,baseKV,zone,Vmax,Vmin
1,1,0.0010253762077250658,0.000256983501505871,0,0,1,1,0,0.4,1,1.1,0.9
2,1,0.0010253789340039419,0.0002569841847757639,0,0,1,1,0,0.4,1,1.1,0.9
4,1,0.0,0.0,0,0,1,1,0,0.4,1,1.1,0.9
18,1,0.002562096578132126,0.0006421219303550931,0,0,1,1,0,0.4,1,1.1,0.9
21,1,0.003744905030078778,0.0009385616714978784,0,0,1,1,0,0.4,1,1.1,0.9
17,1,0.004010216609203422,0.0010050550210410386,0,0,1,1,0,0.4,1,1.1,0.9
5,1,0.008019756864517707,0.0020099405318190363,0,0,1,1,0,0.4,1,1.1,0.9
15,1,0.0029451854393110917,0.0007381330491932082,0,0,1,1,0,0.4,1,1.1,0.9
6,1,0.001971711489497044,0.0004941574796771251,0,0,1,1,0,0.4,1,1.1,0.9
14,1,0.004527436722282638,0.0011346826003694628,0,0,1,1,0,0.4,1,1.1,0.9
26,1,0.001805064511244226,0.0004523918099998502,0,0,1,1,0,0.4,1,1.1,0.9
7,1,0.0023121171902286673,0.0005794711901450666,0,0,1,1,0,0.4,1,1.1,0.9
8,1,0.0037465811499957018,0.0009389817467463089,0,0,1,1,0,0.4,1,1.1,0.9
9,1,0.0,0.0,0,0,1,1,0,0.4,1,1.1,0.9
10,1,0.004907138029053221,0.0012298447180440542,0,0,1,1,0,0.4,1,1.1,0.9
11,1,0.0,0.0,0,0,1,1,0,0.4,1,1.1,0.9
12,1,0.0,0.0,0,0,1,1,0,0.4,1,1.1,0.9
13,1,0.004661820559487956,0.0011683623647043859,0,0,1,1,0,0.4,1,1.1,0.9
19,1,0.0056258190715611466,0.0014099631656715199,0,0,1,1,0,0.4,1,1.1,0.9
20,1,0.005016436208453388,0.0012572374239005599,0,0,1,1,0,0.4,1,1.1,0.9
30,1,0.002883624842321533,0.0007227045092583217,0,0,1,1,0,0.4,1,1.1,0.9
31,1,0.0,0.0,0,0,1,1,0,0.4,1,1.1,0.9
22,3,0.0018626300334347323,0.0004668190898090349,0,0,1,1,0,0.4,1,1.1,0.9
23,1,0.008766741814886646,0.0021971526074179956,0,0,1,1,0,0.4,1,1.1,0.9
24,1,0.0016021690995022572,0.0004015414265443886,0,0,1,1,0,0.4,1,1.1,0.9
29,1,0.0,0.0,0,0,1,1,0,0.4,1,1.1,0.9
28,1,0.0012127840144794204,0.0003039523252667818,0,0,1,1,0,0.4,1,1.1,0.9
25,1,0.0032482643874726575,0.0008140917936466968,0,0,1,1,0,0.4,1,1.1,0.9
27,1,0.0011341282073107366,0.0002842393217977187,0,0,1,1,0,0.4,1,1.1,0.9
