F_BUS,T_BUS,BR_R,BR_X,BR_B,RATE_A,RATE_B,RATE_C,TAP,SHIFT,BR_STATUS,ANGMIN,ANGMAX
1,2,0.4422008569694374,0.17007725268055288,4.4625859140541945e-10,0,0,0,0,0,1,-90,90
1,3,6.87757574018015,2.645221438530827,6.940685920717255e-09,0,0,0,0,0,1,-90,90
2,4,4.744328410556786,1.824741696367995,4.7878634342088424e-09,0,0,0,0,0,1,-90,90
3,5,0.15105999999999997,0.05809999999999999,1.5244616050656314e-10,0,0,0,0,0,1,-90,90
4,6,2.51027884421404,0.9654918631592461,2.533313727004392e-09,0,0,0,0,0,1,-90,90
5,9,24.358349299740144,9.36859588451544,2.4581866986780865e-08,0,0,0,0,0,1,-90,90
6,7,3.0688050443045656,1.1803096324248328,3.0969650890202874e-09,0,0,0,0,0,1,-90,90
7,8,1.6874394611699082,0.6490151773730417,1.7029237848710206e-09,0,0,0,0,0,1,-90,90
