F_BUS,T_BUS,BR_R,BR_X,BR_B,RATE_A,RATE_B,RATE_C,TAP,SHIFT,BR_STATUS,ANGMIN,ANGMAX
1,2,1.4607374442812329,0.9348719643399891,2.4529714548857147e-09,0,0,0,0,0,1,-90,90
2,3,3.9400181231544584,2.521611598818853,6.616351231131677e-09,0,0,0,0,0,1,-90,90
3,5,0.23273437499999994,0.14894999999999997,3.908236765482373e-10,0,0,0,0,0,1,-90,90
3,4,1.3515899228344423,0.8650175506140432,2.269683379722936e-09,0,0,0,0,0,1,-90,90
5,20,2.2738281249999996,1.4552499999999997,3.8183696226708445e-09,0,0,0,0,0,1,-90,90
5,7,0.2686811331960595,0.1719559252454781,9.023759235809549e-10,0,0,0,0,0,1,-90,90
7,8,0.7798437499999998,0.49909999999999993,2.619135239546495e-09,0,0,0,0,0,1,-90,90
7,6,1.7230044040360184,1.1027228185830518,2.893388292529461e-09,0,0,0,0,0,1,-90,90
8,10,0.17296874999999995,0.11069999999999999,2.904611009995962e-10,0,0,0,0,0,1,-90,90
8,17,1.0702925880730207,0.6849872563667333,1.7973094187441202e-09,0,0,0,0,0,1,-90,90
10,11,1.8414062499999997,1.1784999999999999,3.092216870171854e-09,0,0,0,0,0,1,-90,90
10,9,1.5752856940886675,1.0081828442167473,2.645328807046982e-09,0,0,0,0,0,1,-90,90
11,13,0.8682031249999999,0.5556499999999999,1.4579468000941794e-09,0,0,0,0,0,1,-90,90
11,14,0.0870917154427501,0.05573869788336007,1.4625043862226408e-10,0,0,0,0,0,1,-90,90
13,12,1.3088784226480719,0.837682190494766,2.1979592713537787e-09,0,0,0,0,0,1,-90,90
14,15,3.8298121435634958,2.451079771880637,6.431285719767744e-09,0,0,0,0,0,1,-90,90
15,16,5.9190313120151945,3.7881800396897245,9.939647200659187e-09,0,0,0,0,0,1,-90,90
16,19,2.4142968749999993,1.5451499999999998,4.054254473437454e-09,0,0,0,0,0,1,-90,90
