F_BUS,T_BUS,BR_R,BR_X,BR_B,RATE_A,RATE_B,RATE_C,TAP,SHIFT,BR_STATUS,ANGMIN,ANGMAX
1,2,3.225984266899606,2.0646299308157476,5.417296141476626e-09,0,0,0,0,0,1,-90,90
2,4,4.406289493913732,2.820025276104789,7.39934640057893e-09,0,0,0,0,0,1,-90,90
4,25,1.5832812499999998,1.0132999999999996,2.658755498129096e-09,0,0,0,0,0,1,-90,90
4,24,4.278611237082421,2.738311191732749,7.184940231528554e-09,0,0,0,0,0,1,-90,90
25,26,3.9139682532053244,2.5049396820514076,6.572606485873809e-09,0,0,0,0,0,1,-90,90
24,23,0.9875734301751062,0.632046995312068,1.6584016814980121e-09,0,0,0,0,0,1,-90,90
23,8,1.1927099350955699,0.7633343584611647,2.0028811037890732e-09,0,0,0,0,0,1,-90,90
5,6,1.3415903074114532,0.8586177967433302,2.2528913331518993e-09,0,0,0,0,0,1,-90,90
6,7,1.6746414584401896,1.0717705334017213,2.8121738857343143e-09,0,0,0,0,0,1,-90,90
6,8,0.025006440503243518,0.016004121922075853,4.199254628742482e-11,0,0,0,0,0,1,-90,90
7,17,2.221417979378642,1.4217075068023308,3.7303588773730455e-09,0,0,0,0,0,1,-90,90
17,13,1.5708593749999997,1.0053499999999997,2.6378958255640843e-09,0,0,0,0,0,1,-90,90
13,14,1.9941585992877804,1.2762615035441796,3.348729191353591e-09,0,0,0,0,0,1,-90,90
9,10,2.0657184574086394,1.322059812741529,3.4688974597671604e-09,0,0,0,0,0,1,-90,90
10,12,0.6212506084988256,0.39760038943924847,1.0432470359023701e-09,0,0,0,0,0,1,-90,90
12,20,4.725345069864919,3.024220844713548,7.935126614466363e-09,0,0,0,0,0,1,-90,90
20,19,0.9407469000119738,0.6020780160076633,1.579767329875686e-09,0,0,0,0,0,1,-90,90
14,15,0.34563427182755685,0.22120593396963636,5.804130002571327e-10,0,0,0,0,0,1,-90,90
19,21,4.541381889231812,2.90648440910836,7.626202904315947e-09,0,0,0,0,0,1,-90,90
21,22,2.665546874999999,1.7059499999999996,4.476170869469387e-09,0,0,0,0,0,1,-90,90
22,31,2.104670603605758,1.346989186307685,3.5343086006276472e-09,0,0,0,0,0,1,-90,90
22,28,2.0793638939513346,1.330792892128854,3.491811821591545e-09,0,0,0,0,0,1,-90,90
15,16,2.2617767040117003,1.4475370905674882,3.798132042131752e-09,0,0,0,0,0,1,-90,90
16,18,0.028256183777747884,0.018083957617758648,9.489948039899211e-11,0,0,0,0,0,1,-90,90
18,30,1.767509599639289,1.131206143769145,5.936248996868898e-09,0,0,0,0,0,1,-90,90
30,29,0.8794969207219766,0.5628780292620651,2.953824247659303e-09,0,0,0,0,0,1,-90,90
28,29,3.1470760176199235,2.014128651276751,5.2847879458417085e-09,0,0,0,0,0,1,-90,90
