F_BUS,T_BUS,BR_R,BR_X,BR_B,RATE_A,RATE_B,RATE_C,TAP,SHIFT,BR_STATUS,ANGMIN,ANGMAX
1,3,1.6274938176335618,1.0415960432854794,2.733000302886392e-09,0,0,0,0,0,1,-90,90
3,5,2.5408955054083577,1.626173123461349,4.266847659047298e-09,0,0,0,0,0,1,-90,90
3,7,22.932437088035556,14.676759736342756,3.850973615288765e-08,0,0,0,0,0,1,-90,90
5,6,1.3862576138485578,0.8872048728630771,2.3278997667932815e-09,0,0,0,0,0,1,-90,90
