F_BUS,T_BUS,BR_R,BR_X,BR_B,RATE_A,RATE_B,RATE_C,TAP,SHIFT,BR_STATUS,ANGMIN,ANGMAX
1,2,2.2014043853951195,1.4088988066528765,3.6967506646559343e-09,0,0,0,0,0,1,-90,90
2,4,2.5169697021452873,1.610860609372984,1.2680009380904001e-08,0,0,0,0,0,1,-90,90
2,10,0.9637913888631494,0.6168264888724158,4.855395693322415e-09,0,0,0,0,0,1,-90,90
4,6,1.2965723863479885,0.8298063272627128,2.1772941231541003e-09,0,0,0,0,0,1,-90,90
4,19,0.44867415089028145,0.28715145656978014,2.260334098344068e-09,0,0,0,0,0,1,-90,90
10,18,0.7438926792433549,0.4760913147157472,3.74758827774204e-09,0,0,0,0,0,1,-90,90
10,17,1.5688778162637314,1.004081802408788,2.634568254935101e-09,0,0,0,0,0,1,-90,90
6,22,1.3747656249999998,0.8798499999999999,2.308601623437171e-09,0,0,0,0,0,1,-90,90
19,20,0.8381361576860176,0.5364071409190513,4.222368800417161e-09,0,0,0,0,0,1,-90,90
5,7,0.9655407261574833,0.6179460647407894,4.864208518237873e-09,0,0,0,0,0,1,-90,90
5,20,0.5088406780675779,0.3256580339632499,2.56344149307126e-09,0,0,0,0,0,1,-90,90
7,25,0.6480998226889525,0.4147838865209296,3.265002286063979e-09,0,0,0,0,0,1,-90,90
7,24,1.2324969188519825,0.7887980280652688,2.069694161681558e-09,0,0,0,0,0,1,-90,90
22,23,1.2995695452750846,0.8317245089760542,2.182327159941584e-09,0,0,0,0,0,1,-90,90
22,21,1.0199876905206957,0.6527921219332453,1.7128339517668756e-09,0,0,0,0,0,1,-90,90
25,26,0.6318946788651902,0.40441259447372174,3.183363887505162e-09,0,0,0,0,0,1,-90,90
24,8,1.5640968461616176,1.0010219815434354,2.6265397189151203e-09,0,0,0,0,0,1,-90,90
8,15,1.7581817380232627,1.125236312334888,2.9524605073669124e-09,0,0,0,0,0,1,-90,90
15,29,1.337300713707508,0.8558724567728051,2.2456879504016116e-09,0,0,0,0,0,1,-90,90
9,12,2.076276270661276,1.3288168132232168,3.4866268707822088e-09,0,0,0,0,0,1,-90,90
9,16,2.1758941407174444,1.3925722500591644,3.6539120955164413e-09,0,0,0,0,0,1,-90,90
12,17,1.2652181371013456,0.8097396077448612,2.1246418969155705e-09,0,0,0,0,0,1,-90,90
11,30,1.1442968749999998,0.7323499999999998,1.9215825412561367e-09,0,0,0,0,0,1,-90,90
11,14,12.358682552903534,7.909556833858263,2.075355543253254e-08,0,0,0,0,0,1,-90,90
14,27,0.4387499999999999,0.28079999999999994,7.367793781453174e-10,0,0,0,0,0,1,-90,90
14,26,2.902862232395574,1.8578318287331677,9.7493744976681e-09,0,0,0,0,0,1,-90,90
27,28,1.7115276468624776,1.0953776939919857,2.8741157272566495e-09,0,0,0,0,0,1,-90,90
