BUS_I,BUS_TYPE,Pd,Qd,Gs,Bs,area,Vm,Va,baseKV,zone,Vmax,Vmin
1,1,0.023477563401686906,0.00588403203071912,0,0,1,1,0,0.4,1,1.1,0.9
2,1,0.008120787610875042,0.0020352612236422475,0,0,1,1,0,0.4,1,1.1,0.9
3,1,0.0,0.0,0,0,1,1,0,0.4,1,1.1,0.9
4,1,0.0,0.0,0,0,1,1,0,0.4,1,1.1,0.9
5,1,0.011890034663004916,0.0029799235809306636,0,0,1,1,0,0.4,1,1.1,0.9
14,3,0.008122151750014602,0.0020356031091375267,0,0,1,1,0,0.4,1,1.1,0.9
20,1,0.0010451684857091068,0.0002619439139484427,0,0,1,1,0,0.4,1,1.1,0.9
10,1,0.0010004623008532515,0.00025073948786885213,0,0,1,1,0,0.4,1,1.1,0.9
19,1,0.005968302142756933,0.0014957975142543148,0,0,1,1,0,0.4,1,1.1,0.9
7,1,0.016548340803055048,0.004147405149098044,0,0,1,1,0,0.4,1,1.1,0.9
13,1,0.07801557707312051,0.019552546682092827,0,0,1,1,0,0.4,1,1.1,0.9
6,1,0.0008774969499812275,0.00021992146596340952,0,0,1,1,0,0.4,1,1.1,0.9
8,1,0.0,0.0,0,0,1,1,0,0.4,1,1.1,0.9
9,1,0.07360775636088886,0.01844784267969304,0,0,1,1,0,0.4,1,1.1,0.9
11,1,0.0713867483791573,0.017891205609593498,0,0,1,1,0,0.4,1,1.1,0.9
12,1,0.029623123692235357,0.0074242546244191274,0,0,1,1,0,0.4,1,1.1,0.9
17,1,0.01657635056932481,0.004154425058237865,0,0,1,1,0,0.4,1,1.1,0.9
15,1,0.005441079045633427,0.001363662950810361,0,0,1,1,0,0.4,1,1.1,0.9
16,1,0.004655345877559316,0.0011667396564528942,0,0,1,1,0,0.4,1,1.1,0.9
18,1,0.011567436048871317,0.002899072747045095,0,0,1,1,0,0.4,1,1.1,0.9
