BUS_I,BUS_TYPE,Pd,Qd,Gs,Bs,area,Vm,Va,baseKV,zone,Vmax,Vmin
1,1,0.02812463301998194,0.00704869746107911,0,0,1,1,0,0.4,1,1.1,0.9
2,1,0.00750114855973996,0.0018799650388558293,0,0,1,1,0,0.4,1,1.1,0.9
29,1,0.0,0.0,0,0,1,1,0,0.4,1,1.1,0.9
4,1,0.0,0.0,0,0,1,1,0,0.4,1,1.1,0.9
23,1,0.0,0.0,0,0,1,1,0,0.4,1,1.1,0.9
3,1,0.006781751902084996,0.0016996672411665706,0,0,1,1,0,0.4,1,1.1,0.9
5,1,0.0,0.0,0,0,1,1,0,0.4,1,1.1,0.9
28,1,0.006191691019729729,0.0015517840442414881,0,0,1,1,0,0.4,1,1.1,0.9
7,1,0.0,0.0,0,0,1,1,0,0.4,1,1.1,0.9
25,1,0.0,0.0,0,0,1,1,0,0.4,1,1.1,0.9
22,1,0.0012255156398302371,0.000307143171356114,0,0,1,1,0,0.4,1,1.1,0.9
34,1,0.0,0.0,0,0,1,1,0,0.4,1,1.1,0.9
35,1,0.004507445922425532,0.00112967243365555,0,0,1,1,0,0.4,1,1.1,0.9
10,1,0.0,0.0,0,0,1,1,0,0.4,1,1.1,0.9
32,1,0.002026027737972352,0.0005077704147312904,0,0,1,1,0,0.4,1,1.1,0.9
9,1,0.0006879476536946911,0.0001724159343344283,0,0,1,1,0,0.4,1,1.1,0.9
6,1,0.0304384219644369,0.007628587632327399,0,0,1,1,0,0.4,1,1.1,0.9
8,1,0.0,0.0,0,0,1,1,0,0.4,1,1.1,0.9
11,3,0.04453654533431118,0.011161910407867626,0,0,1,1,0,0.4,1,1.1,0.9
13,1,0.0,0.0,0,0,1,1,0,0.4,1,1.1,0.9
12,1,0.006254886656173236,0.001567622363690284,0,0,1,1,0,0.4,1,1.1,0.9
14,1,0.008309090536472977,0.0020824543853319635,0,0,1,1,0,0.4,1,1.1,0.9
33,1,0.014948946669124217,0.0037465591944826223,0,0,1,1,0,0.4,1,1.1,0.9
21,1,0.0,0.0,0,0,1,1,0,0.4,1,1.1,0.9
27,1,0.014122095899444477,0.003539330857786031,0,0,1,1,0,0.4,1,1.1,0.9
20,1,0.0,0.0,0,0,1,1,0,0.4,1,1.1,0.9
15,1,0.014609656279976702,0.003661525007446173,0,0,1,1,0,0.4,1,1.1,0.9
16,1,0.003810020919770526,0.0009548812517754249,0,0,1,1,0,0.4,1,1.1,0.9
17,1,0.0,0.0,0,0,1,1,0,0.4,1,1.1,0.9
18,1,0.02676682082858257,0.006708397648479275,0,0,1,1,0,0.4,1,1.1,0.9
19,1,0.0018745972940981352,0.00046981836805007956,0,0,1,1,0,0.4,1,1.1,0.9
36,1,0.0054280908485154645,0.00136040780177484,0,0,1,1,0,0.4,1,1.1,0.9
