BUS_I,BUS_TYPE,Pd,Qd,Gs,Bs,area,Vm,Va,baseKV,zone,Vmax,Vmin
72,1,0.0016899274555149616,0.0004235357437955946,0,0,1,1,0,0.4,1,1.1,0.9
73,1,0.0020105613031877515,0.0005038941607897471,0,0,1,1,0,0.4,1,1.1,0.9
74,1,0.004281332646323828,0.0010730031048845044,0,0,1,1,0,0.4,1,1.1,0.9
75,1,0.0,0.0,0,0,1,1,0,0.4,1,1.1,0.9
76,1,0.004572422043310177,0.0011459569845680888,0,0,1,1,0,0.4,1,1.1,0.9
77,1,0.0024602283586339156,0.0006165913479780169,0,0,1,1,0,0.4,1,1.1,0.9
78,1,0.0014825526067576446,0.00037156270760028347,0,0,1,1,0,0.4,1,1.1,0.9
79,3,0.003379958639308036,0.0008470974843481978,0,0,1,1,0,0.4,1,1.1,0.9
80,1,0.0028033338644418222,0.0007025816933792245,0,0,1,1,0,0.4,1,1.1,0.9
95,1,0.0,0.0,0,0,1,1,0,0.4,1,1.1,0.9
94,1,0.0014591316350206884,0.00036569285877768734,0,0,1,1,0,0.4,1,1.1,0.9
81,1,0.0,0.0,0,0,1,1,0,0.4,1,1.1,0.9
93,1,0.0,0.0,0,0,1,1,0,0.4,1,1.1,0.9
86,1,0.0013974637608462307,0.0003502374326459111,0,0,1,1,0,0.4,1,1.1,0.9
87,1,0.0019194558705446611,0.0004810609870624451,0,0,1,1,0,0.4,1,1.1,0.9
88,1,0.001985761006480259,0.000497678620543874,0,0,1,1,0,0.4,1,1.1,0.9
89,1,0.0008977679787906947,0.00022500186467301178,0,0,1,1,0,0.4,1,1.1,0.9
103,1,0.002191617193837325,0.0005492710443148885,0,0,1,1,0,0.4,1,1.1,0.9
90,1,0.005610160839257199,0.0014060388427405359,0,0,1,1,0,0.4,1,1.1,0.9
91,1,0.0011455664141507707,0.0002871060066520727,0,0,1,1,0,0.4,1,1.1,0.9
92,1,0.003131031943324385,0.0007847105736024412,0,0,1,1,0,0.4,1,1.1,0.9
106,1,0.0024970971332806697,0.0006258315339054577,0,0,1,1,0,0.4,1,1.1,0.9
96,1,0.0,0.0,0,0,1,1,0,0.4,1,1.1,0.9
97,1,0.0,0.0,0,0,1,1,0,0.4,1,1.1,0.9
100,1,0.0009297869597793657,0.0002330265777364973,0,0,1,1,0,0.4,1,1.1,0.9
102,1,0.0022457395638403516,0.0005628353888436465,0,0,1,1,0,0.4,1,1.1,0.9
98,1,0.0025218629297307066,0.0006320384275717662,0,0,1,1,0,0.4,1,1.1,0.9
99,1,0.0010943469208687438,0.000274269191608183,0,0,1,1,0,0.4,1,1.1,0.9
101,1,0.002035544354752094,0.0005101555037202122,0,0,1,1,0,0.4,1,1.1,0.9
105,1,0.0025099617161201565,0.0006290557022824853,0,0,1,1,0,0.4,1,1.1,0.9
104,1,0.0014032437402240502,0.00035168603202626855,0,0,1,1,0,0.4,1,1.1,0.9
