F_BUS,T_BUS,BR_R,BR_X,BR_B,RATE_A,RATE_B,RATE_C,TAP,SHIFT,BR_STATUS,ANGMIN,ANGMAX
1,2,3.7055764357761984,1.4252217060677685,3.739579637876848e-09,0,0,0,0,0,1,-90,90
2,3,2.129167928857877,0.8189107418684142,2.1487056522447684e-09,0,0,0,0,0,1,-90,90
3,6,0.5530199999999998,0.21269999999999997,5.580946357959722e-10,0,0,0,0,0,1,-90,90
3,9,4.737463735749312,1.8221014368266586,4.780935767602689e-09,0,0,0,0,0,1,-90,90
6,4,3.45472818511604,1.3287416096600158,3.4864295472974163e-09,0,0,0,0,0,1,-90,90
4,5,0.25054645557965366,0.09636402137678987,2.5284552615944917e-10,0,0,0,0,0,1,-90,90
5,7,1.032716831501549,0.39719878134674963,1.0421932732219948e-09,0,0,0,0,0,1,-90,90
