BUS_I,BUS_TYPE,Pd,Qd,Gs,Bs,area,Vm,Va,baseKV,zone,Vmax,Vmin
1,1,0.005347891819373612,0.0013403080304216794,0,0,1,1,0,0.4,1,1.1,0.9
2,1,0.0,0.0,0,0,1,1,0,0.4,1,1.1,0.9
4,1,0.002645592851209916,0.0006630480689338557,0,0,1,1,0,0.4,1,1.1,0.9
5,1,0.01981835460410469,0.004966947859602967,0,0,1,1,0,0.4,1,1.1,0.9
9,1,0.002776325329540982,0.0006958127164738987,0,0,1,1,0,0.4,1,1.1,0.9
27,1,0.0,0.0,0,0,1,1,0,0.4,1,1.1,0.9
6,1,0.01912423766494835,0.004792985756586469,0,0,1,1,0,0.4,1,1.1,0.9
21,1,0.0029289444389945076,0.0007340626708307401,0,0,1,1,0,0.4,1,1.1,0.9
7,1,0.003946766638267641,0.000989152959359991,0,0,1,1,0,0.4,1,1.1,0.9
8,1,0.003865483393654122,0.0009687814579957414,0,0,1,1,0,0.4,1,1.1,0.9
11,1,0.0021737308630498304,0.0005447883072665416,0,0,1,1,0,0.4,1,1.1,0.9
12,1,0.0021602873130673658,0.0005414190360457593,0,0,1,1,0,0.4,1,1.1,0.9
13,1,0.0,0.0,0,0,1,1,0,0.4,1,1.1,0.9
14,1,0.0,0.0,0,0,1,1,0,0.4,1,1.1,0.9
15,1,0.0008557120601138451,0.000214461657908705,0,0,1,1,0,0.4,1,1.1,0.9
16,1,0.0,0.0,0,0,1,1,0,0.4,1,1.1,0.9
24,1,0.0,0.0,0,0,1,1,0,0.4,1,1.1,0.9
22,1,0.0,0.0,0,0,1,1,0,0.4,1,1.1,0.9
32,1,0.000722203688371785,0.00018100130590117968,0,0,1,1,0,0.4,1,1.1,0.9
17,1,0.0028768771000620315,0.0007210133656370424,0,0,1,1,0,0.4,1,1.1,0.9
18,1,0.0006626877946400238,0.00016608521690748983,0,0,1,1,0,0.4,1,1.1,0.9
30,1,0.0013876770051267783,0.00034778464045683987,0,0,1,1,0,0.4,1,1.1,0.9
25,3,0.07798303369296893,0.019544390542210525,0,0,1,1,0,0.4,1,1.1,0.9
28,1,0.0008364613778984072,0.00020963698216059506,0,0,1,1,0,0.4,1,1.1,0.9
31,1,0.0018644795536131905,0.0004672826232594749,0,0,1,1,0,0.4,1,1.1,0.9
33,1,0.0,0.0,0,0,1,1,0,0.4,1,1.1,0.9
34,1,0.0015573844477566607,0.00039031733480849934,0,0,1,1,0,0.4,1,1.1,0.9
