F_BUS,T_BUS,BR_R,BR_X,BR_B,RATE_A,RATE_B,RATE_C,TAP,SHIFT,BR_STATUS,ANGMIN,ANGMAX
1,2,2.3943784450394157,0.9209147865536215,2.416349799721528e-09,0,0,0,0,0,1,-90,90
1,3,1.2574300853773008,0.48362695591434657,1.2689685464134087e-09,0,0,0,0,0,1,-90,90
2,5,42.480769684321004,16.338757570892696,4.287058277332414e-08,0,0,0,0,0,1,-90,90
3,6,54.947880960296885,21.133800369344957,1.6635628519202198e-07,0,0,0,0,0,1,-90,90
5,17,3.1255899999999994,1.2021499999999998,3.154271116230033e-09,0,0,0,0,0,1,-90,90
6,16,6.954154999999998,2.6746749999999992,1.403593577806857e-08,0,0,0,0,0,1,-90,90
6,13,26.564604939885275,10.217155746109722,8.042510317342496e-08,0,0,0,0,0,1,-90,90
13,14,27.509813754544325,10.580697597901667,8.328674996288081e-08,0,0,0,0,0,1,-90,90
13,12,1.9905802015810572,0.7656077698388682,2.008846212838692e-09,0,0,0,0,0,1,-90,90
14,7,66.05186978891558,25.404565303429074,1.3331595317886455e-07,0,0,0,0,0,1,-90,90
7,8,3.200034118504169,1.2307823532708344,6.458796701389714e-09,0,0,0,0,0,1,-90,90
8,9,3.2364879369172,1.2448030526604617,3.266186677537635e-09,0,0,0,0,0,1,-90,90
8,10,62.65428551316516,24.097802120448144,6.322921531685433e-08,0,0,0,0,0,1,-90,90
9,11,4.340343029049822,1.669362703480701,4.380170992056613e-09,0,0,0,0,0,1,-90,90
10,15,1.4349399999999999,0.5518999999999998,1.4481073319031364e-09,0,0,0,0,0,1,-90,90
