BUS_I,BUS_TYPE,Pd,Qd,Gs,Bs,area,Vm,Va,baseKV,zone,Vmax,Vmin
1,1,0.012153592078251868,0.003045977295565087,0,0,1,1,0,0.4,1,1.1,0.9
2,1,0.0,0.0,0,0,1,1,0,0.4,1,1.1,0.9
3,1,0.0,0.0,0,0,1,1,0,0.4,1,1.1,0.9
4,1,0.0,0.0,0,0,1,1,0,0.4,1,1.1,0.9
5,1,0.010331990854483022,0.002589440994737425,0,0,1,1,0,0.4,1,1.1,0.9
6,1,0.0,0.0,0,0,1,1,0,0.4,1,1.1,0.9
11,1,0.0,0.0,0,0,1,1,0,0.4,1,1.1,0.9
13,3,0.08455785757357014,0.021192196732652536,0,0,1,1,0,0.4,1,1.1,0.9
10,1,0.019208739521851943,0.004814163918228246,0,0,1,1,0,0.4,1,1.1,0.9
8,1,0.0,0.0,0,0,1,1,0,0.4,1,1.1,0.9
14,1,0.04105179589305351,0.010288549872935903,0,0,1,1,0,0.4,1,1.1,0.9
16,1,0.010169413717534838,0.002548695323438461,0,0,1,1,0,0.4,1,1.1,0.9
15,1,0.03240162550574553,0.008120612819193733,0,0,1,1,0,0.4,1,1.1,0.9
