F_BUS,T_BUS,BR_R,BR_X,BR_B,RATE_A,RATE_B,RATE_C,TAP,SHIFT,BR_STATUS,ANGMIN,ANGMAX
1,2,0.00256931875,0.000762135,5.514186257433877e-06,0,0,0,0,0,1,-90,90
2,4,0.028851404540684415,0.008558169436787288,6.191992271332911e-05,0,0,0,0,0,1,-90,90
2,5,0.009751823128245888,0.0028926756245583308,2.092903773761014e-05,0,0,0,0,0,1,-90,90
4,3,0.06719168073876565,0.01993101541015071,0.00014420454548256658,0,0,0,0,0,1,-90,90
5,28,0.011192267857929393,0.0033199536117902917,2.4020472201712285e-05,0,0,0,0,0,1,-90,90
3,6,0.1109861273914309,0.03292172767566041,0.00023819472707605234,0,0,0,0,0,1,-90,90
3,13,0.021406768397751852,0.006349872873040999,4.5942492777493285e-05,0,0,0,0,0,1,-90,90
3,9,0.00547470387516693,0.0034291797298570434,4.4019060450752795e-07,0,0,0,0,0,1,-90,90
6,7,0.08072746628388636,0.023946124830276406,0.00017325459722740234,0,0,0,0,0,1,-90,90
6,8,0.09782039761370195,0.02901638760676103,0.000209938876684021,0,0,0,0,0,1,-90,90
6,14,0.002072669371252473,0.0006148142854052279,4.448293915717736e-06,0,0,0,0,0,1,-90,90
7,10,0.024601792391525178,0.015409777352495987,1.9780938132409886e-06,0,0,0,0,0,1,-90,90
7,29,0.003426184056311617,0.0021460523134331057,2.754804762578832e-07,0,0,0,0,0,1,-90,90
8,30,0.00642413125,0.001905585,1.378725635139724e-05,0,0,0,0,0,1,-90,90
14,15,0.005350006731168043,0.0015869682887959138,1.1482006113171268e-05,0,0,0,0,0,1,-90,90
15,16,0.002736162150528218,0.0008116256266735388,5.872260002210089e-06,0,0,0,0,0,1,-90,90
16,17,0.0010084370914530778,0.0005678577796531895,2.4606590742652025e-05,0,0,0,0,0,1,-90,90
17,18,0.00039019174963925076,0.00021971962601045192,9.520959488605967e-06,0,0,0,0,0,1,-90,90
18,19,0.00047210148979983773,0.0002658435573630155,1.1519616094011395e-05,0,0,0,0,0,1,-90,90
19,20,3.376650980192297e-05,1.9014151150597404e-05,8.239271388822445e-07,0,0,0,0,0,1,-90,90
20,21,2.566017847182498e-05,1.4449420887047079e-05,6.261268207913657e-07,0,0,0,0,0,1,-90,90
21,22,2.5584568111934237e-05,1.4406844179535785e-05,6.242818735978276e-07,0,0,0,0,0,1,-90,90
22,23,9.364937877043804e-06,5.27346016377224e-06,2.2851122357938342e-07,0,0,0,0,0,1,-90,90
23,24,2.4659247102513234e-05,1.3885789630541434e-05,6.017033750703765e-07,0,0,0,0,0,1,-90,90
24,25,4.041976479027337e-05,2.9373369443863256e-05,3.445088701824736e-07,0,0,0,0,0,1,-90,90
25,26,0.00011053029468641205,3.278651437889077e-05,2.372164341189391e-07,0,0,0,0,0,1,-90,90
26,27,4.0659859285608784e-05,1.2060902080225527e-05,8.726283467238122e-08,0,0,0,0,0,1,-90,90
