BUS_I,BUS_TYPE,Pd,Qd,Gs,Bs,area,Vm,Va,baseKV,zone,Vmax,Vmin
1,1,0.01597798730579797,0.004004461088452799,0,0,1,1,0,0.4,1,1.1,0.9
2,1,0.0,0.0,0,0,1,1,0,0.4,1,1.1,0.9
7,1,0.0,0.0,0,0,1,1,0,0.4,1,1.1,0.9
4,1,0.0,0.0,0,0,1,1,0,0.4,1,1.1,0.9
9,1,0.0,0.0,0,0,1,1,0,0.4,1,1.1,0.9
5,1,0.0,0.0,0,0,1,1,0,0.4,1,1.1,0.9
20,1,0.013243451028463228,0.0033191216957011243,0,0,1,1,0,0.4,1,1.1,0.9
17,1,0.038808851484877095,0.009726415016135387,0,0,1,1,0,0.4,1,1.1,0.9
19,1,0.009288440257323803,0.0023279025618811555,0,0,1,1,0,0.4,1,1.1,0.9
18,1,0.027123655288522678,0.006797828794123677,0,0,1,1,0,0.4,1,1.1,0.9
8,3,0.0,0.0,0,0,1,1,0,0.4,1,1.1,0.9
15,1,0.026857141485963475,0.006731034138986065,0,0,1,1,0,0.4,1,1.1,0.9
13,1,0.055028743938083755,0.01379150324938151,0,0,1,1,0,0.4,1,1.1,0.9
25,1,0.03988681198311593,0.009996577383113874,0,0,1,1,0,0.4,1,1.1,0.9
12,1,0.0,0.0,0,0,1,1,0,0.4,1,1.1,0.9
14,1,0.019728009178314555,0.004944305161547686,0,0,1,1,0,0.4,1,1.1,0.9
16,1,0.047487973945793106,0.011901608143497751,0,0,1,1,0,0.4,1,1.1,0.9
21,1,0.07211161151831876,0.018072873436690375,0,0,1,1,0,0.4,1,1.1,0.9
24,1,0.02628692113490378,0.006588123447923378,0,0,1,1,0,0.4,1,1.1,0.9
23,1,0.006470788641569128,0.001621732501775312,0,0,1,1,0,0.4,1,1.1,0.9
22,1,0.017538483639536077,0.0043955583354045435,0,0,1,1,0,0.4,1,1.1,0.9
