BUS_I,BUS_TYPE,Pd,Qd,Gs,Bs,area,Vm,Va,baseKV,zone,Vmax,Vmin
1,3,0.006054046028680979,0.0015172869577107495,0,0,1,1,0,0.4,1,1.1,0.9
2,1,0.00823917253486945,0.002064931282362536,0,0,1,1,0,0.4,1,1.1,0.9
3,1,0.025364974179666627,0.0063570617605401974,0,0,1,1,0,0.4,1,1.1,0.9
4,1,0.006235518058612857,0.001562768135571058,0,0,1,1,0,0.4,1,1.1,0.9
5,1,0.014561619772357615,0.0036494859238053946,0,0,1,1,0,0.4,1,1.1,0.9
13,1,0.0,0.0,0,0,1,1,0,0.4,1,1.1,0.9
17,1,0.01678730788513537,0.004207295945310187,0,0,1,1,0,0.4,1,1.1,0.9
15,1,0.02011872909805027,0.005042228803938948,0,0,1,1,0,0.4,1,1.1,0.9
12,1,0.012698742184097177,0.0031826047909087156,0,0,1,1,0,0.4,1,1.1,0.9
6,1,0.00960455822490412,0.0024071291926393867,0,0,1,1,0,0.4,1,1.1,0.9
7,1,0.009019848415676485,0.0022605871010557316,0,0,1,1,0,0.4,1,1.1,0.9
8,1,0.0,0.0,0,0,1,1,0,0.4,1,1.1,0.9
9,1,0.010564991061062602,0.0026478363509855065,0,0,1,1,0,0.4,1,1.1,0.9
10,1,0.0,0.0,0,0,1,1,0,0.4,1,1.1,0.9
11,1,0.009291343260883714,0.0023286301231548513,0,0,1,1,0,0.4,1,1.1,0.9
16,1,0.006786304854984077,0.001700808318723649,0,0,1,1,0,0.4,1,1.1,0.9
14,1,0.0,0.0,0,0,1,1,0,0.4,1,1.1,0.9
19,1,0.031492466807650325,0.007892756171164632,0,0,1,1,0,0.4,1,1.1,0.9
