F_BUS,T_BUS,BR_R,BR_X,BR_B,RATE_A,RATE_B,RATE_C,TAP,SHIFT,BR_STATUS,ANGMIN,ANGMAX
1,2,2.1620162336471305,1.3836903895341635,3.6306073530863e-09,0,0,0,0,0,1,-90,90
1,3,0.6089209667061217,0.38970941869191794,1.022542247725087e-09,0,0,0,0,0,1,-90,90
2,4,1.8156249999999996,1.162,3.048923210131264e-09,0,0,0,0,0,1,-90,90
3,6,1.6614939083056293,1.0633561013156028,5.580191218478199e-09,0,0,0,0,0,1,-90,90
3,5,5.111989263580799,3.271673128691712,8.5844063150008e-09,0,0,0,0,0,1,-90,90
4,8,1.5396571174761304,0.9853805551847236,2.5854988343500293e-09,0,0,0,0,0,1,-90,90
6,7,2.0031459802071687,1.282013427332588,3.363821423661152e-09,0,0,0,0,0,1,-90,90
6,13,2.678980163079212,1.7145473043706958,4.498728976905169e-09,0,0,0,0,0,1,-90,90
5,16,2.7702125992530564,1.772936063521956,4.651932800474052e-09,0,0,0,0,0,1,-90,90
8,9,1.3832364465345275,0.8852713257820977,2.3228264134601663e-09,0,0,0,0,0,1,-90,90
16,15,1.1655131251953792,0.7459284001250428,1.9572103375536344e-09,0,0,0,0,0,1,-90,90
7,17,2.552502918213126,1.6336018676564006,4.286339630302394e-09,0,0,0,0,0,1,-90,90
13,11,0.11142560838244932,0.07131238936476757,1.8711359647517878e-10,0,0,0,0,0,1,-90,90
17,18,0.5242110213106339,0.3354950536388057,8.802914422750329e-10,0,0,0,0,0,1,-90,90
11,12,0.8284715742622104,0.5302218075278147,1.391226829164635e-09,0,0,0,0,0,1,-90,90
18,19,0.29546831630301845,0.1890997224339318,4.961708543530072e-10,0,0,0,0,0,1,-90,90
19,22,0.8476351111044653,0.5424864711068578,1.423407567073926e-09,0,0,0,0,0,1,-90,90
14,20,2.5890317697998046,1.656980332671875,4.3476814070691075e-09,0,0,0,0,0,1,-90,90
14,12,0.7438681375260061,0.47607560801664395,1.2491548804296895e-09,0,0,0,0,0,1,-90,90
