BUS_I,BUS_TYPE,Pd,Qd,Gs,Bs,area,Vm,Va,baseKV,zone,Vmax,Vmin
1,1,0.039540430897821055,0.009909766100109784,0,0,1,1,0,0.4,1,1.1,0.9
31,1,0.009572571436569446,0.002399112547815523,0,0,1,1,0,0.4,1,1.1,0.9
30,1,0.012966506053607935,0.003249712742356411,0,0,1,1,0,0.4,1,1.1,0.9
4,1,0.011904989441891743,0.0029836716018166853,0,0,1,1,0,0.4,1,1.1,0.9
5,1,0.04357773211201224,0.010921609163017038,0,0,1,1,0,0.4,1,1.1,0.9
6,1,0.0,0.0,0,0,1,1,0,0.4,1,1.1,0.9
7,1,0.0,0.0,0,0,1,1,0,0.4,1,1.1,0.9
8,1,0.00847355162755875,0.002123672220045006,0,0,1,1,0,0.4,1,1.1,0.9
12,1,0.04597808207451433,0.011523193570336024,0,0,1,1,0,0.4,1,1.1,0.9
9,1,0.011388005624450016,0.0028541032437573474,0,0,1,1,0,0.4,1,1.1,0.9
14,1,0.0,0.0,0,0,1,1,0,0.4,1,1.1,0.9
21,1,0.009221393116555081,0.002311098964459161,0,0,1,1,0,0.4,1,1.1,0.9
15,1,0.006983746018885668,0.001750291738817233,0,0,1,1,0,0.4,1,1.1,0.9
16,1,0.056038826232447644,0.014044653734890255,0,0,1,1,0,0.4,1,1.1,0.9
10,1,0.07771531218719203,0.01947729320811535,0,0,1,1,0,0.4,1,1.1,0.9
11,1,0.01674025514668764,0.0041955034174646615,0,0,1,1,0,0.4,1,1.1,0.9
13,3,0.0,0.0,0,0,1,1,0,0.4,1,1.1,0.9
17,1,0.0,0.0,0,0,1,1,0,0.4,1,1.1,0.9
18,1,0.0038325346589060763,0.0009605237266753251,0,0,1,1,0,0.4,1,1.1,0.9
22,1,0.0,0.0,0,0,1,1,0,0.4,1,1.1,0.9
20,1,0.027977358336056517,0.00701178694601821,0,0,1,1,0,0.4,1,1.1,0.9
19,1,0.007707119967537494,0.0019315863395912333,0,0,1,1,0,0.4,1,1.1,0.9
26,1,0.009421285806820417,0.002361196794975225,0,0,1,1,0,0.4,1,1.1,0.9
29,1,0.0060377048020885974,0.0015131914602757857,0,0,1,1,0,0.4,1,1.1,0.9
36,1,0.0025274573810223785,0.0006334405292307539,0,0,1,1,0,0.4,1,1.1,0.9
24,1,0.004936595550566516,0.0012372274688501866,0,0,1,1,0,0.4,1,1.1,0.9
35,1,0.004636338514762333,0.0011619759622993131,0,0,1,1,0,0.4,1,1.1,0.9
38,1,0.01017445482650789,0.002549958744440048,0,0,1,1,0,0.4,1,1.1,0.9
23,1,0.021410577142551332,0.005365996442965744,0,0,1,1,0,0.4,1,1.1,0.9
25,1,0.0,0.0,0,0,1,1,0,0.4,1,1.1,0.9
27,1,0.028425028879721977,0.007123983760187935,0,0,1,1,0,0.4,1,1.1,0.9
28,1,0.02007403451919098,0.00503102728659628,0,0,1,1,0,0.4,1,1.1,0.9
34,1,0.0,0.0,0,0,1,1,0,0.4,1,1.1,0.9
37,1,0.0021321014538794912,0.0005343549938605777,0,0,1,1,0,0.4,1,1.1,0.9
32,1,0.0,0.0,0,0,1,1,0,0.4,1,1.1,0.9
