F_BUS,T_BUS,BR_R,BR_X,BR_B,RATE_A,RATE_B,RATE_C,TAP,SHIFT,BR_STATUS,ANGMIN,ANGMAX
6,8,12.459631650101498,7.974164256064959,2.0923076146054694e-08,0,0,0,0,0,1,-90,90
8,9,2.9363448853559553,1.8792607266278112,4.930913637954973e-09,0,0,0,0,0,1,-90,90
9,13,5.309634141233012,3.3981658503891277,8.916305278078188e-09,0,0,0,0,0,1,-90,90
9,15,10.183654902811352,6.5175391377992655,1.7101098408068062e-08,0,0,0,0,0,1,-90,90
13,11,2.649058868697744,1.6953976759665563,4.448483067691082e-09,0,0,0,0,0,1,-90,90
10,11,3.0721907644627566,1.966202089256164,5.159035443839675e-09,0,0,0,0,0,1,-90,90
10,12,6.432397673560955,4.116734511079011,1.0801727539395164e-08,0,0,0,0,0,1,-90,90
12,28,11.282921260739002,7.221069606872961,1.8947062587236154e-08,0,0,0,0,0,1,-90,90
