BUS_I,BUS_TYPE,Pd,Qd,Gs,Bs,area,Vm,Va,baseKV,zone,Vmax,Vmin
1,1,0.06107695381478173,0.015307327529530002,0,0,1,1,0,0.4,1,1.1,0.9
3,1,0.0,0.0,0,0,1,1,0,0.4,1,1.1,0.9
2,1,0.0,0.0,0,0,1,1,0,0.4,1,1.1,0.9
5,1,0.0,0.0,0,0,1,1,0,0.4,1,1.1,0.9
4,1,0.0,0.0,0,0,1,1,0,0.4,1,1.1,0.9
11,3,0.028672838367078027,0.007186090672058283,0,0,1,1,0,0.4,1,1.1,0.9
15,1,0.0,0.0,0,0,1,1,0,0.4,1,1.1,0.9
12,1,0.019865033866781352,0.00497864678559714,0,0,1,1,0,0.4,1,1.1,0.9
9,1,0.0,0.0,0,0,1,1,0,0.4,1,1.1,0.9
16,1,0.017042385665301276,0.0042712244630674035,0,0,1,1,0,0.4,1,1.1,0.9
13,1,0.010962485420317625,0.00274745782796206,0,0,1,1,0,0.4,1,1.1,0.9
6,1,0.013071335601950155,0.003275985503701275,0,0,1,1,0,0.4,1,1.1,0.9
7,1,0.0,0.0,0,0,1,1,0,0.4,1,1.1,0.9
8,1,0.0,0.0,0,0,1,1,0,0.4,1,1.1,0.9
10,1,0.029609547491743778,0.007420852107846978,0,0,1,1,0,0.4,1,1.1,0.9
14,1,0.0224759288896711,0.005632998759040201,0,0,1,1,0,0.4,1,1.1,0.9
