BUS_I,BUS_TYPE,Pd,Qd,Gs,Bs,area,Vm,Va,baseKV,zone,Vmax,Vmin
1,1,0.010013474164692802,0.002509613187525131,0,0,1,1,0,0.4,1,1.1,0.9
2,1,0.010885573907262058,0.0027281819858055644,0,0,1,1,0,0.4,1,1.1,0.9
3,1,0.0,0.0,0,0,1,1,0,0.4,1,1.1,0.9
4,1,0.03546602762376576,0.008888624384488408,0,0,1,1,0,0.4,1,1.1,0.9
5,1,0.05115228281483115,0.012819970513006625,0,0,1,1,0,0.4,1,1.1,0.9
6,1,0.0,0.0,0,0,1,1,0,0.4,1,1.1,0.9
13,3,0.0,0.0,0,0,1,1,0,0.4,1,1.1,0.9
16,1,0.01740258709076817,0.004361499449815203,0,0,1,1,0,0.4,1,1.1,0.9
9,1,0.0,0.0,0,0,1,1,0,0.4,1,1.1,0.9
11,1,0.07493952114686535,0.01878161439714079,0,0,1,1,0,0.4,1,1.1,0.9
15,1,0.03593259917417041,0.009005558237471038,0,0,1,1,0,0.4,1,1.1,0.9
7,1,0.02533273177317213,0.006348981051766669,0,0,1,1,0,0.4,1,1.1,0.9
8,1,0.015897561748561526,0.003984304543807554,0,0,1,1,0,0.4,1,1.1,0.9
10,1,0.02495163496189666,0.006253469187695261,0,0,1,1,0,0.4,1,1.1,0.9
