F_BUS,T_BUS,BR_R,BR_X,BR_B,RATE_A,RATE_B,RATE_C,TAP,SHIFT,BR_STATUS,ANGMIN,ANGMAX
1,2,3.9468425585442883,1.5180163686708803,3.983059672805356e-09,0,0,0,0,0,1,-90,90
2,4,1.5602956068606246,0.6001136949463941,1.5746132299825251e-09,0,0,0,0,0,1,-90,90
4,6,0.5792391959971142,0.22278430615273626,5.845544250275963e-10,0,0,0,0,0,1,-90,90
6,7,2.6027732963427312,1.001066652439512,2.6266569290113904e-09,0,0,0,0,0,1,-90,90
7,11,0.4486756578661382,0.17256756071774546,4.52792806530181e-10,0,0,0,0,0,1,-90,90
8,9,1.8292336037852055,0.703551386071233,1.8460190624032735e-09,0,0,0,0,0,1,-90,90
9,10,1.300734260175496,0.5002824077598063,1.3126700900509694e-09,0,0,0,0,0,1,-90,90
11,12,15.512680252834395,5.966415481859383,1.565502809288088e-08,0,0,0,0,0,1,-90,90
12,15,7.041709999999998,2.7083499999999994,7.106326313389852e-09,0,0,0,0,0,1,-90,90
10,13,0.6245662096484325,0.24021777294170477,6.302973695421735e-10,0,0,0,0,0,1,-90,90
13,14,5.01032385021859,1.927047634699458,5.0562997078001125e-09,0,0,0,0,0,1,-90,90
14,15,11.305413272320356,4.348235873969368,1.1409154285086581e-08,0,0,0,0,0,1,-90,90
