F_BUS,T_BUS,BR_R,BR_X,BR_B,RATE_A,RATE_B,RATE_C,TAP,SHIFT,BR_STATUS,ANGMIN,ANGMAX
69,70,1.7801163129114324,0.684660120350551,1.7964510602306882e-09,0,0,0,0,0,1,-90,90
69,71,1.6872348974887188,0.6489364990341226,1.7027173440675223e-09,0,0,0,0,0,1,-90,90
70,72,2.1345256782504993,0.8209714147117307,2.1541125655498235e-09,0,0,0,0,0,1,-90,90
71,73,45.157614029750256,17.368313088365486,4.557199044401389e-08,0,0,0,0,0,1,-90,90
72,75,9.257966544976595,3.560756363452537,9.342919726465606e-09,0,0,0,0,0,1,-90,90
73,23,79.3760833591502,30.52926283044239,8.01044561376364e-08,0,0,0,0,0,1,-90,90
73,95,3.871789999999999,1.4891499999999998,3.907318415117875e-09,0,0,0,0,0,1,-90,90
75,74,3.1422214297250943,1.2085467037404212,3.1710551596917403e-09,0,0,0,0,0,1,-90,90
74,76,18.645944315123074,7.171517044278106,1.881704369031969e-08,0,0,0,0,0,1,-90,90
76,77,7.696779999999999,2.9602999999999997,7.767407382918742e-09,0,0,0,0,0,1,-90,90
77,93,3.986819480409875,1.533392107849952,4.023403431889691e-09,0,0,0,0,0,1,-90,90
93,92,40.72074843730929,15.661826322042035,4.1094411175833676e-08,0,0,0,0,0,1,-90,90
