BUS_I,BUS_TYPE,Pd,Qd,Gs,Bs,area,Vm,Va,baseKV,zone,Vmax,Vmin
1,1,0.00277616690188628,0.0006957730107608796,0,0,1,1,0,0.4,1,1.1,0.9
2,1,0.0,0.0,0,0,1,1,0,0.4,1,1.1,0.9
3,1,0.00288929896253543,0.000724126577831346,0,0,1,1,0,0.4,1,1.1,0.9
7,1,0.002910599018009576,0.0007294648749332063,0,0,1,1,0,0.4,1,1.1,0.9
5,1,0.0008013427023551145,0.00020083541241344157,0,0,1,1,0,0.4,1,1.1,0.9
4,1,0.00034964559466765165,8.762944617483064e-05,0,0,1,1,0,0.4,1,1.1,0.9
6,1,0.0,0.0,0,0,1,1,0,0.4,1,1.1,0.9
8,1,0.0,0.0,0,0,1,1,0,0.4,1,1.1,0.9
9,1,0.00033908141559197644,8.498181332656585e-05,0,0,1,1,0,0.4,1,1.1,0.9
10,1,0.0,0.0,0,0,1,1,0,0.4,1,1.1,0.9
17,1,0.0017422068313852367,0.00043663819045514025,0,0,1,1,0,0.4,1,1.1,0.9
14,1,0.0055921156283001575,0.0014015162865682594,0,0,1,1,0,0.4,1,1.1,0.9
12,1,0.0,0.0,0,0,1,1,0,0.4,1,1.1,0.9
33,1,0.0005298423114822964,0.00013279100043951252,0,0,1,1,0,0.4,1,1.1,0.9
21,1,0.0009111637602355817,0.0002283591639697763,0,0,1,1,0,0.4,1,1.1,0.9
15,1,0.0018844001233272185,0.00047227518864039055,0,0,1,1,0,0.4,1,1.1,0.9
11,3,0.008358237114480315,0.002094771678836733,0,0,1,1,0,0.4,1,1.1,0.9
13,1,0.09760451341069869,0.02446199690424603,0,0,1,1,0,0.4,1,1.1,0.9
16,1,0.0019199312465837948,0.0004811801275283035,0,0,1,1,0,0.4,1,1.1,0.9
18,1,0.0017768077632433403,0.00044531000140342553,0,0,1,1,0,0.4,1,1.1,0.9
19,1,0.001533122978358773,0.00038423683741585995,0,0,1,1,0,0.4,1,1.1,0.9
22,1,0.0017416925409502145,0.00043650929712234465,0,0,1,1,0,0.4,1,1.1,0.9
20,1,0.0,0.0,0,0,1,1,0,0.4,1,1.1,0.9
29,1,0.0016666182108983289,0.00041769389642883255,0,0,1,1,0,0.4,1,1.1,0.9
26,1,0.001444559142778573,0.0003620406479561056,0,0,1,1,0,0.4,1,1.1,0.9
30,1,0.0011062484326116438,0.00027725199161647394,0,0,1,1,0,0.4,1,1.1,0.9
25,1,0.0016760597280445918,0.0004200601636754244,0,0,1,1,0,0.4,1,1.1,0.9
23,1,0.0016307396796024826,0.0004087018888789882,0,0,1,1,0,0.4,1,1.1,0.9
24,1,0.0014873503895313238,0.00037276514530788356,0,0,1,1,0,0.4,1,1.1,0.9
27,1,0.0023860458353576713,0.000597999455130839,0,0,1,1,0,0.4,1,1.1,0.9
28,1,0.002428364783287154,0.0006086055832397517,0,0,1,1,0,0.4,1,1.1,0.9
31,1,0.0010595541421082118,0.0002655492992938901,0,0,1,1,0,0.4,1,1.1,0.9
32,1,0.0013037218607669242,0.0003267434978942546,0,0,1,1,0,0.4,1,1.1,0.9
