BUS_I,BUS_TYPE,Pd,Qd,Gs,Bs,area,Vm,Va,baseKV,zone,Vmax,Vmin
1,1,0.0779994507617756,0.019548505047496112,0,0,1,1,0,0.4,1,1.1,0.9
2,1,0.0,0.0,0,0,1,1,0,0.4,1,1.1,0.9
3,1,0.0,0.0,0,0,1,1,0,0.4,1,1.1,0.9
5,1,0.01088922285114975,0.0027290964973477605,0,0,1,1,0,0.4,1,1.1,0.9
4,1,0.0,0.0,0,0,1,1,0,0.4,1,1.1,0.9
12,1,0.029413320866246415,0.007371673079770179,0,0,1,1,0,0.4,1,1.1,0.9
9,1,0.011483710576920186,0.002878089165813998,0,0,1,1,0,0.4,1,1.1,0.9
11,1,0.016531499887787373,0.0041431844178762296,0,0,1,1,0,0.4,1,1.1,0.9
14,1,0.0,0.0,0,0,1,1,0,0.4,1,1.1,0.9
8,1,0.03854274332100134,0.009659722023634798,0,0,1,1,0,0.4,1,1.1,0.9
10,1,0.02027584106612528,0.005081604774807213,0,0,1,1,0,0.4,1,1.1,0.9
15,1,0.023211951677899138,0.0058174634578326565,0,0,1,1,0,0.4,1,1.1,0.9
16,3,0.03446358089824761,0.008637387552917783,0,0,1,1,0,0.4,1,1.1,0.9
22,1,0.04319654426356632,0.01082607448288002,0,0,1,1,0,0.4,1,1.1,0.9
25,1,0.0390236584407899,0.00978025071396259,0,0,1,1,0,0.4,1,1.1,0.9
20,1,0.0,0.0,0,0,1,1,0,0.4,1,1.1,0.9
19,1,0.03270987929518283,0.008197868501123199,0,0,1,1,0,0.4,1,1.1,0.9
23,1,0.007537680916073228,0.0018891209104062452,0,0,1,1,0,0.4,1,1.1,0.9
24,1,0.011932298267285563,0.00299051583861372,0,0,1,1,0,0.4,1,1.1,0.9
21,1,0.03718813143545017,0.009320224283285676,0,0,1,1,0,0.4,1,1.1,0.9
17,1,0.015456374076367541,0.0038737324903822274,0,0,1,1,0,0.4,1,1.1,0.9
26,1,0.03744005940685998,0.009383363384556422,0,0,1,1,0,0.4,1,1.1,0.9
