BUS_I,BUS_TYPE,Pd,Qd,Gs,Bs,area,Vm,Va,baseKV,zone,Vmax,Vmin
12,1,0.0015565512605364615,0.00039010851840760803,0,0,1,1,0,0.4,1,1.1,0.9
13,1,0.006414913562173029,0.0016077288868660239,0,0,1,1,0,0.4,1,1.1,0.9
14,1,0.0016265089356184874,0.0004076415644880077,0,0,1,1,0,0.4,1,1.1,0.9
29,1,0.006743979423434091,0.0016902005656662669,0,0,1,1,0,0.4,1,1.1,0.9
18,1,0.002331142597815681,0.000584239406749326,0,0,1,1,0,0.4,1,1.1,0.9
19,1,0.004505076254008289,0.0011290785387683044,0,0,1,1,0,0.4,1,1.1,0.9
20,1,0.0,0.0,0,0,1,1,0,0.4,1,1.1,0.9
21,1,0.004896890049269727,0.001227276332208414,0,0,1,1,0,0.4,1,1.1,0.9
22,1,0.003918414865160254,0.0009820473352269703,0,0,1,1,0,0.4,1,1.1,0.9
23,1,0.003640601409846939,0.0009124207201621872,0,0,1,1,0,0.4,1,1.1,0.9
24,1,0.00480231031541552,0.0012035724165194862,0,0,1,1,0,0.4,1,1.1,0.9
25,1,0.00529165000446236,0.0013262125029284047,0,0,1,1,0,0.4,1,1.1,0.9
26,1,0.0,0.0,0,0,1,1,0,0.4,1,1.1,0.9
27,1,0.003925310134155424,0.000983775452533432,0,0,1,1,0,0.4,1,1.1,0.9
30,1,0.0052384933455031455,0.001312890188401525,0,0,1,1,0,0.4,1,1.1,0.9
74,1,0.002514186049304039,0.0006301144199755066,0,0,1,1,0,0.4,1,1.1,0.9
73,1,0.0038878863366925277,0.0009743961647762109,0,0,1,1,0,0.4,1,1.1,0.9
28,1,0.004103108999271985,0.001028336048514878,0,0,1,1,0,0.4,1,1.1,0.9
31,3,0.0045972931523158775,0.0011521902720487876,0,0,1,1,0,0.4,1,1.1,0.9
76,1,0.0023621952236586295,0.0005920219283837779,0,0,1,1,0,0.4,1,1.1,0.9
75,1,0.00426909458689704,0.0010699359580759096,0,0,1,1,0,0.4,1,1.1,0.9
79,1,0.0034983837119796145,0.0008767776052754717,0,0,1,1,0,0.4,1,1.1,0.9
77,1,0.00227497010588102,0.0005701612532316953,0,0,1,1,0,0.4,1,1.1,0.9
