BUS_I,BUS_TYPE,Pd,Qd,Gs,Bs,area,Vm,Va,baseKV,zone,Vmax,Vmin
1,1,0.020677179302699092,0.005182189618248971,0,0,1,1,0,0.4,1,1.1,0.9
2,1,0.012369186724940905,0.003100010407309499,0,0,1,1,0,0.4,1,1.1,0.9
3,1,0.0,0.0,0,0,1,1,0,0.4,1,1.1,0.9
4,1,0.0,0.0,0,0,1,1,0,0.4,1,1.1,0.9
5,1,0.00610451568638559,0.0015299358462445582,0,0,1,1,0,0.4,1,1.1,0.9
6,1,0.006680989746670638,0.0016744138645789566,0,0,1,1,0,0.4,1,1.1,0.9
16,1,0.0,0.0,0,0,1,1,0,0.4,1,1.1,0.9
9,1,0.0,0.0,0,0,1,1,0,0.4,1,1.1,0.9
17,1,0.008510784728545369,0.002133003714760191,0,0,1,1,0,0.4,1,1.1,0.9
24,1,0.0,0.0,0,0,1,1,0,0.4,1,1.1,0.9
28,1,0.004142529680944982,0.0010382158026302488,0,0,1,1,0,0.4,1,1.1,0.9
8,1,0.008451866621841947,0.002118237445318135,0,0,1,1,0,0.4,1,1.1,0.9
15,3,0.003700044691831038,0.0009273186109365073,0,0,1,1,0,0.4,1,1.1,0.9
13,1,0.005233809758763926,0.0013117163709179679,0,0,1,1,0,0.4,1,1.1,0.9
18,1,0.007011555692615477,0.001757261500039485,0,0,1,1,0,0.4,1,1.1,0.9
10,1,0.009112433094869815,0.0022837910089147672,0,0,1,1,0,0.4,1,1.1,0.9
11,1,0.004786550341172914,0.0011996225946550871,0,0,1,1,0,0.4,1,1.1,0.9
12,1,0.0,0.0,0,0,1,1,0,0.4,1,1.1,0.9
14,1,0.0,0.0,0,0,1,1,0,0.4,1,1.1,0.9
29,1,0.0066761011416145806,0.001673188664661775,0,0,1,1,0,0.4,1,1.1,0.9
30,1,0.008734917670636314,0.0021891767250440297,0,0,1,1,0,0.4,1,1.1,0.9
25,1,0.014259803713136005,0.0035738436891551936,0,0,1,1,0,0.4,1,1.1,0.9
21,1,0.011997850808110543,0.0030069448539808553,0,0,1,1,0,0.4,1,1.1,0.9
26,1,0.004223051468441238,0.0010583964648519806,0,0,1,1,0,0.4,1,1.1,0.9
22,1,0.00404051984401803,0.00101264972757991,0,0,1,1,0,0.4,1,1.1,0.9
23,1,0.0,0.0,0,0,1,1,0,0.4,1,1.1,0.9
19,1,0.010744836401402343,0.0026929098420045354,0,0,1,1,0,0.4,1,1.1,0.9
20,1,0.0,0.0,0,0,1,1,0,0.4,1,1.1,0.9
27,1,0.007451188973449363,0.0018674439862684797,0,0,1,1,0,0.4,1,1.1,0.9
