F_BUS,T_BUS,BR_R,BR_X,BR_B,RATE_A,RATE_B,RATE_C,TAP,SHIFT,BR_STATUS,ANGMIN,ANGMAX
1,2,0.1798010424578955,0.06915424709919059,5.443528116864238e-10,0,0,0,0,0,1,-90,90
1,3,0.49469421763797006,0.19026700678383465,1.4977009288436388e-09,0,0,0,0,0,1,-90,90
2,4,1.9069007143789605,0.7334233516842156,3.8487977277147496e-09,0,0,0,0,0,1,-90,90
3,5,2.5771360555389395,0.9912061752072845,2.600784435124721e-09,0,0,0,0,0,1,-90,90
3,6,1.6938586712271957,0.6514841043181523,5.1282056971270014e-09,0,0,0,0,0,1,-90,90
4,16,1.2979199999999997,0.4991999999999999,1.3098300055916754e-09,0,0,0,0,0,1,-90,90
4,9,4.630859999999999,1.7810999999999995,4.673353812017895e-09,0,0,0,0,0,1,-90,90
6,17,1.1076017914655538,0.42600068902521304,3.3532961832208675e-09,0,0,0,0,0,1,-90,90
16,24,1.1943099999999998,0.4593499999999999,1.2052692569481892e-09,0,0,0,0,0,1,-90,90
16,28,2.9644731300624367,1.1401819731009373,2.9916758016873567e-09,0,0,0,0,0,1,-90,90
9,8,1.3570352271424757,0.5219366258240291,1.3694876873429255e-09,0,0,0,0,0,1,-90,90
17,18,0.12119678023531434,0.04661414624435167,3.6692672737914865e-10,0,0,0,0,0,1,-90,90
24,25,7.687011287374717,2.95654280283643,7.757549030391164e-09,0,0,0,0,0,1,-90,90
24,21,2.836902016413012,1.0911161601588508,2.862934066831e-09,0,0,0,0,0,1,-90,90
28,26,2.5203098448616896,0.9693499403314191,2.543436774368175e-09,0,0,0,0,0,1,-90,90
15,13,0.3359952403437508,0.12922893859375034,1.0172352245243887e-09,0,0,0,0,0,1,-90,90
13,11,0.0803228058824564,0.03089338687786785,2.4317959799869856e-10,0,0,0,0,0,1,-90,90
18,22,1.7153779470342847,0.6597607488593403,5.1933559216802755e-09,0,0,0,0,0,1,-90,90
10,11,1.327612500465324,0.5106201924866631,4.019384913341517e-09,0,0,0,0,0,1,-90,90
10,12,1.0596240591810206,0.40754771506962334,3.2080422230079285e-09,0,0,0,0,0,1,-90,90
12,14,1.240893333333333,0.47726666666666656,3.75684014824952e-09,0,0,0,0,0,1,-90,90
14,29,2.0903244770650016,0.8039709527173085,6.328517292627745e-09,0,0,0,0,0,1,-90,90
29,30,0.8744704138382481,0.33633477455317234,2.64748425260611e-09,0,0,0,0,0,1,-90,90
30,23,2.342655856175085,0.9010214831442637,7.092457778275666e-09,0,0,0,0,0,1,-90,90
21,20,2.270876889147794,0.8734141881337669,2.2917149657994802e-09,0,0,0,0,0,1,-90,90
26,27,5.458607570237511,2.0994644500913506,5.508696979973312e-09,0,0,0,0,0,1,-90,90
22,23,1.798835700460712,0.6918598847925816,5.446026663260355e-09,0,0,0,0,0,1,-90,90
19,20,6.046521954132018,2.325585366973853,6.1020061983719565e-09,0,0,0,0,0,1,-90,90
