F_BUS,T_BUS,BR_R,BR_X,BR_B,RATE_A,RATE_B,RATE_C,TAP,SHIFT,BR_STATUS,ANGMIN,ANGMAX
1,2,0.036227195894031526,0.023185405372180178,6.083521564160261e-11,0,0,0,0,0,1,-90,90
2,3,1.425241953977637,0.9121548505456879,2.393364969933358e-09,0,0,0,0,0,1,-90,90
3,8,2.0522082460425173,1.3134132774672111,3.4462101774219913e-09,0,0,0,0,0,1,-90,90
15,8,22.37940952463373,14.322822095765588,3.758105397793512e-08,0,0,0,0,0,1,-90,90
15,12,1.9406285522297018,1.242002273427009,3.258837830023584e-09,0,0,0,0,0,1,-90,90
12,11,0.31242187499999996,0.19994999999999996,5.246404439464252e-10,0,0,0,0,0,1,-90,90
4,5,2.2565011041232585,1.4441607066388855,3.789272889527422e-09,0,0,0,0,0,1,-90,90
4,6,10.446711973710897,6.685895663174975,1.7542842055051755e-08,0,0,0,0,0,1,-90,90
6,7,4.464112904729506,2.8570322590268837,7.496447475594513e-09,0,0,0,0,0,1,-90,90
7,11,4.6546875,2.978999999999999,7.816473530964746e-09,0,0,0,0,0,1,-90,90
11,13,2.33648402635483,1.4953497768670911,3.923585750391292e-09,0,0,0,0,0,1,-90,90
11,9,0.9334073919794467,0.597380730866846,3.1348846396301285e-09,0,0,0,0,0,1,-90,90
9,10,6.294592533953998,4.028539221730559,1.0570315607623441e-08,0,0,0,0,0,1,-90,90
