BUS_I,BUS_TYPE,Pd,Qd,Gs,Bs,area,Vm,Va,baseKV,zone,Vmax,Vmin
1,1,0.036699279397820396,0.009197706413842325,0,0,1,1,0,0.4,1,1.1,0.9
2,1,0.005305203417622095,0.0013296093084568573,0,0,1,1,0,0.4,1,1.1,0.9
3,3,0.0,0.0,0,0,1,1,0,0.4,1,1.1,0.9
4,1,0.0,0.0,0,0,1,1,0,0.4,1,1.1,0.9
5,1,0.004071126215806933,0.0010203204074059546,0,0,1,1,0,0.4,1,1.1,0.9
62,1,0.0,0.0,0,0,1,1,0,0.4,1,1.1,0.9
27,1,0.00031814238269890646,7.973399701244815e-05,0,0,1,1,0,0.4,1,1.1,0.9
6,1,0.0045425618844257346,0.0011384733233246994,0,0,1,1,0,0.4,1,1.1,0.9
7,1,0.008685408804515992,0.0021767686335793244,0,0,1,1,0,0.4,1,1.1,0.9
8,1,0.0015714869115563605,0.00039385174539829373,0,0,1,1,0,0.4,1,1.1,0.9
9,1,0.0013463930454978266,0.00033743790486696977,0,0,1,1,0,0.4,1,1.1,0.9
10,1,0.0,0.0,0,0,1,1,0,0.4,1,1.1,0.9
21,1,0.002902842596146323,0.0007275209323738234,0,0,1,1,0,0.4,1,1.1,0.9
25,1,0.002221987791914286,0.000556882633678719,0,0,1,1,0,0.4,1,1.1,0.9
12,1,0.0019849507985811614,0.0004974755633037223,0,0,1,1,0,0.4,1,1.1,0.9
24,1,0.00011219756510897273,2.8119360411245007e-05,0,0,1,1,0,0.4,1,1.1,0.9
11,1,0.011021856841910139,0.0027623377088245933,0,0,1,1,0,0.4,1,1.1,0.9
14,1,0.0015759300035954622,0.0003949652892284694,0,0,1,1,0,0.4,1,1.1,0.9
15,1,0.0004248782172903173,0.00010648451872613986,0,0,1,1,0,0.4,1,1.1,0.9
16,1,0.0002722870089488842,6.824155704713467e-05,0,0,1,1,0,0.4,1,1.1,0.9
17,1,0.0008290086930431511,0.0002077691632710066,0,0,1,1,0,0.4,1,1.1,0.9
18,1,0.0,0.0,0,0,1,1,0,0.4,1,1.1,0.9
19,1,0.0,0.0,0,0,1,1,0,0.4,1,1.1,0.9
20,1,0.0016688174384670296,0.00041824507481287836,0,0,1,1,0,0.4,1,1.1,0.9
100,1,0.0015991015820067571,0.00040077263419189873,0,0,1,1,0,0.4,1,1.1,0.9
22,1,0.0002609040267920416,6.538871280303592e-05,0,0,1,1,0,0.4,1,1.1,0.9
23,1,0.00011185704928177037,2.8034019100481833e-05,0,0,1,1,0,0.4,1,1.1,0.9
26,1,0.00020547986940136598,5.149810960104772e-05,0,0,1,1,0,0.4,1,1.1,0.9
108,1,0.018497058880841254,0.004635799936595947,0,0,1,1,0,0.4,1,1.1,0.9
