BUS_I,BUS_TYPE,Pd,Qd,Gs,Bs,area,Vm,Va,baseKV,zone,Vmax,Vmin
86,1,0.0002573433240992126,6.449631658891395e-05,0,0,1,1,0,0.4,1,1.1,0.9
87,1,0.0,0.0,0,0,1,1,0,0.4,1,1.1,0.9
88,1,0.00017029898392273746,4.2680948574429526e-05,0,0,1,1,0,0.4,1,1.1,0.9
89,1,0.0011190261135161817,0.00028045438031560135,0,0,1,1,0,0.4,1,1.1,0.9
90,1,0.0006612432580995068,0.0001657231819241944,0,0,1,1,0,0.4,1,1.1,0.9
91,1,0.0002293608735877506,5.7483253423439784e-05,0,0,1,1,0,0.4,1,1.1,0.9
92,1,0.00022752286021991854,5.702260385158359e-05,0,0,1,1,0,0.4,1,1.1,0.9
93,1,0.0,0.0,0,0,1,1,0,0.4,1,1.1,0.9
94,1,0.0,0.0,0,0,1,1,0,0.4,1,1.1,0.9
95,1,0.00041879863890143903,0.00010496083275577816,0,0,1,1,0,0.4,1,1.1,0.9
97,1,0.0015408273687960413,0.0003861677396706824,0,0,1,1,0,0.4,1,1.1,0.9
108,1,0.0001888211892278348,4.7323050799012065e-05,0,0,1,1,0,0.4,1,1.1,0.9
96,1,0.0018171908624682227,0.0004554309600937913,0,0,1,1,0,0.4,1,1.1,0.9
98,1,0.0032985123764858967,0.0008266851267696681,0,0,1,1,0,0.4,1,1.1,0.9
99,1,0.0007884366485189497,0.00019760085042492095,0,0,1,1,0,0.4,1,1.1,0.9
100,3,0.0008718851515624115,0.00021851501670454477,0,0,1,1,0,0.4,1,1.1,0.9
110,1,0.0018608441313154214,0.0004663715005471526,0,0,1,1,0,0.4,1,1.1,0.9
107,1,0.0001927684565710977,4.83123292468727e-05,0,0,1,1,0,0.4,1,1.1,0.9
109,1,0.0003696345560513219,9.26391521238676e-05,0,0,1,1,0,0.4,1,1.1,0.9
111,1,0.0,0.0,0,0,1,1,0,0.4,1,1.1,0.9
112,1,0.0010054086425418962,0.0002519791579501509,0,0,1,1,0,0.4,1,1.1,0.9
113,1,0.0018447221831561676,0.0004623309594678417,0,0,1,1,0,0.4,1,1.1,0.9
114,1,0.0011339720782578486,0.00028420019216861703,0,0,1,1,0,0.4,1,1.1,0.9
115,1,0.0020035097585734784,0.0005021268771212278,0,0,1,1,0,0.4,1,1.1,0.9
116,1,0.0024924152183267508,0.0006246581354107918,0,0,1,1,0,0.4,1,1.1,0.9
117,1,0.0022751823822110395,0.0005702144546948891,0,0,1,1,0,0.4,1,1.1,0.9
