BUS_I,BUS_TYPE,Pd,Qd,Gs,Bs,area,Vm,Va,baseKV,zone,Vmax,Vmin
1,1,0.004389325750495089,0.0011000687280570875,0,0,1,1,0,0.4,1,1.1,0.9
2,1,0.00484128925744862,0.0012133414602452856,0,0,1,1,0,0.4,1,1.1,0.9
3,1,0.005881849648632134,0.0014741304768423607,0,0,1,1,0,0.4,1,1.1,0.9
4,1,0.004615357531244279,0.001156717632167518,0,0,1,1,0,0.4,1,1.1,0.9
5,1,0.004865317996210982,0.0012193636298425514,0,0,1,1,0,0.4,1,1.1,0.9
6,1,0.004603796042660036,0.0011538200499956138,0,0,1,1,0,0.4,1,1.1,0.9
7,1,0.003926798945403284,0.000984148583804349,0,0,1,1,0,0.4,1,1.1,0.9
8,1,0.004798506908625145,0.0012026191929247919,0,0,1,1,0,0.4,1,1.1,0.9
9,1,0.005722065450272969,0.0014340847819351733,0,0,1,1,0,0.4,1,1.1,0.9
10,1,0.0,0.0,0,0,1,1,0,0.4,1,1.1,0.9
11,1,0.0,0.0,0,0,1,1,0,0.4,1,1.1,0.9
12,1,0.0026767756623619038,0.0006708632180822966,0,0,1,1,0,0.4,1,1.1,0.9
13,1,0.006859663278142453,0.0017191936726124566,0,0,1,1,0,0.4,1,1.1,0.9
14,1,0.0,0.0,0,0,1,1,0,0.4,1,1.1,0.9
15,1,0.007413296936403112,0.0018579473466098125,0,0,1,1,0,0.4,1,1.1,0.9
16,3,0.00897870536970489,0.002250275681757389,0,0,1,1,0,0.4,1,1.1,0.9
17,1,0.007435534567394755,0.0018635206222859732,0,0,1,1,0,0.4,1,1.1,0.9
18,1,0.0067739664024930955,0.0016977160110414461,0,0,1,1,0,0.4,1,1.1,0.9
19,1,0.007745936241774934,0.0019413146149245188,0,0,1,1,0,0.4,1,1.1,0.9
20,1,0.007922241650980148,0.001985500915572651,0,0,1,1,0,0.4,1,1.1,0.9
21,1,0.005197459026097082,0.0013026060185490993,0,0,1,1,0,0.4,1,1.1,0.9
22,1,0.008412732439060537,0.002108429494593347,0,0,1,1,0,0.4,1,1.1,0.9
23,1,0.004393792729099573,0.0011011882584248526,0,0,1,1,0,0.4,1,1.1,0.9
24,1,0.004229482215945901,0.001060008162098901,0,0,1,1,0,0.4,1,1.1,0.9
