BUS_I,BUS_TYPE,Pd,Qd,Gs,Bs,area,Vm,Va,baseKV,zone,Vmax,Vmin
1,1,0.00482211549197128,0.001208536061648851,0,0,1,1,0,0.4,1,1.1,0.9
2,1,0.0036316346757696485,0.0009101734447691228,0,0,1,1,0,0.4,1,1.1,0.9
3,1,0.0,0.0,0,0,1,1,0,0.4,1,1.1,0.9
4,3,0.04901160562139613,0.012283466236217129,0,0,1,1,0,0.4,1,1.1,0.9
5,1,0.0,0.0,0,0,1,1,0,0.4,1,1.1,0.9
6,1,0.0006206295459709278,0.00015554442619208152,0,0,1,1,0,0.4,1,1.1,0.9
