BUS_I,BUS_TYPE,Pd,Qd,Gs,Bs,area,Vm,Va,baseKV,zone,Vmax,Vmin
1,1,0.008556903874224565,0.002144562262202397,0,0,1,1,0,0.4,1,1.1,0.9
2,1,0.008578146383743943,0.0021498861369285065,0,0,1,1,0,0.4,1,1.1,0.9
3,1,0.0,0.0,0,0,1,1,0,0.4,1,1.1,0.9
4,1,0.0,0.0,0,0,1,1,0,0.4,1,1.1,0.9
5,1,0.0,0.0,0,0,1,1,0,0.4,1,1.1,0.9
6,1,0.008368180978779246,0.00209726384614741,0,0,1,1,0,0.4,1,1.1,0.9
37,1,0.0,0.0,0,0,1,1,0,0.4,1,1.1,0.9
21,1,0.0,0.0,0,0,1,1,0,0.4,1,1.1,0.9
33,1,0.008376673311593237,0.0020993922253764686,0,0,1,1,0,0.4,1,1.1,0.9
30,1,0.008096849507372219,0.0020292617693822216,0,0,1,1,0,0.4,1,1.1,0.9
18,3,0.008341503363835184,0.002090577805601023,0,0,1,1,0,0.4,1,1.1,0.9
42,1,0.04484618501864838,0.011239513427799878,0,0,1,1,0,0.4,1,1.1,0.9
41,1,0.0382608833775697,0.009589081263051897,0,0,1,1,0,0.4,1,1.1,0.9
22,1,0.0,0.0,0,0,1,1,0,0.4,1,1.1,0.9
34,1,0.01288014708652212,0.003228069145029942,0,0,1,1,0,0.4,1,1.1,0.9
19,1,0.0,0.0,0,0,1,1,0,0.4,1,1.1,0.9
36,1,0.006530734033601756,0.0016367562331898186,0,0,1,1,0,0.4,1,1.1,0.9
31,1,0.006497967629533631,0.0016285441982452351,0,0,1,1,0,0.4,1,1.1,0.9
17,1,0.008478709445631434,0.002124964891104138,0,0,1,1,0,0.4,1,1.1,0.9
7,1,0.006370664961037295,0.0015966391420768151,0,0,1,1,0,0.4,1,1.1,0.9
8,1,0.0,0.0,0,0,1,1,0,0.4,1,1.1,0.9
9,1,0.0,0.0,0,0,1,1,0,0.4,1,1.1,0.9
10,1,0.008190923204591574,0.0020528388603356673,0,0,1,1,0,0.4,1,1.1,0.9
11,1,0.0,0.0,0,0,1,1,0,0.4,1,1.1,0.9
12,1,0.0022271120663232224,0.0005581668979032684,0,0,1,1,0,0.4,1,1.1,0.9
13,1,0.021869728752144973,0.005481070683489832,0,0,1,1,0,0.4,1,1.1,0.9
14,1,0.008423811788345241,0.0021112062412665575,0,0,1,1,0,0.4,1,1.1,0.9
39,1,0.009720837944229612,0.0024362716373355457,0,0,1,1,0,0.4,1,1.1,0.9
27,1,0.006433875086329025,0.0016124810927732654,0,0,1,1,0,0.4,1,1.1,0.9
16,1,0.0,0.0,0,0,1,1,0,0.4,1,1.1,0.9
26,1,0.009184094850024287,0.0023017511377191116,0,0,1,1,0,0.4,1,1.1,0.9
15,1,0.01253839063817016,0.003142416905297805,0,0,1,1,0,0.4,1,1.1,0.9
20,1,0.0,0.0,0,0,1,1,0,0.4,1,1.1,0.9
40,1,0.03075596545951006,0.007708171533952503,0,0,1,1,0,0.4,1,1.1,0.9
23,1,0.002502157762059143,0.0006270998470314261,0,0,1,1,0,0.4,1,1.1,0.9
24,1,0.0,0.0,0,0,1,1,0,0.4,1,1.1,0.9
25,1,0.0,0.0,0,0,1,1,0,0.4,1,1.1,0.9
38,1,0.006528897452018358,0.0016362959424569667,0,0,1,1,0,0.4,1,1.1,0.9
29,1,0.0,0.0,0,0,1,1,0,0.4,1,1.1,0.9
28,1,0.00646875057244286,0.0016212217135042038,0,0,1,1,0,0.4,1,1.1,0.9
32,1,0.0064091186688857524,0.001606276549707625,0,0,1,1,0,0.4,1,1.1,0.9
