F_BUS,T_BUS,BR_R,BR_X,BR_B,RATE_A,RATE_B,RATE_C,TAP,SHIFT,BR_STATUS,ANGMIN,ANGMAX
8,9,0.09021999999999998,0.034699999999999995,9.104787899445339e-11,0,0,0,0,0,1,-90,90
8,10,6.579380573791915,2.530530989919967,6.639754448471112e-09,0,0,0,0,0,1,-90,90
9,19,3.698748911086527,1.4225957350332796,3.7326894622863276e-09,0,0,0,0,0,1,-90,90
10,18,3.9726840367041256,1.5279553987323562,4.009138278175947e-09,0,0,0,0,0,1,-90,90
19,20,3.2027239360839426,1.2318168984938243,3.232112850645205e-09,0,0,0,0,0,1,-90,90
18,16,46.8028092917764,18.001080496837076,4.7232282387476584e-08,0,0,0,0,0,1,-90,90
15,16,1.1994645645686441,0.4613325248340939,1.2104711209596617e-09,0,0,0,0,0,1,-90,90
