BUS_I,BUS_TYPE,Pd,Qd,Gs,Bs,area,Vm,Va,baseKV,zone,Vmax,Vmin
1,3,0.05298226993255974,0.013278608516971923,0,0,1,1,0,0.4,1,1.1,0.9
2,1,0.0,0.0,0,0,1,1,0,0.4,1,1.1,0.9
3,1,0.0,0.0,0,0,1,1,0,0.4,1,1.1,0.9
5,1,0.0,0.0,0,0,1,1,0,0.4,1,1.1,0.9
17,1,0.0,0.0,0,0,1,1,0,0.4,1,1.1,0.9
4,1,0.0,0.0,0,0,1,1,0,0.4,1,1.1,0.9
21,1,0.004599742536785192,0.0011528041456619223,0,0,1,1,0,0.4,1,1.1,0.9
18,1,0.005902827694974036,0.0014793880708484234,0,0,1,1,0,0.4,1,1.1,0.9
44,1,0.005296595574099171,0.0013274519795152746,0,0,1,1,0,0.4,1,1.1,0.9
37,1,0.03722124268412124,0.00932852274443449,0,0,1,1,0,0.4,1,1.1,0.9
39,1,0.0,0.0,0,0,1,1,0,0.4,1,1.1,0.9
16,1,0.016084876113908263,0.004031249948944223,0,0,1,1,0,0.4,1,1.1,0.9
19,1,0.0053555266920209356,0.0013422215098760288,0,0,1,1,0,0.4,1,1.1,0.9
11,1,0.0,0.0,0,0,1,1,0,0.4,1,1.1,0.9
14,1,0.012884597758180983,0.003229184588491893,0,0,1,1,0,0.4,1,1.1,0.9
12,1,0.0,0.0,0,0,1,1,0,0.4,1,1.1,0.9
13,1,0.0,0.0,0,0,1,1,0,0.4,1,1.1,0.9
38,1,0.009763143791613782,0.002446874482138311,0,0,1,1,0,0.4,1,1.1,0.9
15,1,0.0025392420988035367,0.0006363940579130505,0,0,1,1,0,0.4,1,1.1,0.9
20,1,0.007288261791213571,0.0018266105853508476,0,0,1,1,0,0.4,1,1.1,0.9
29,1,0.0,0.0,0,0,1,1,0,0.4,1,1.1,0.9
36,1,0.012955028462816143,0.003246836186953326,0,0,1,1,0,0.4,1,1.1,0.9
32,1,0.0027905105649153415,0.0006993678715757278,0,0,1,1,0,0.4,1,1.1,0.9
33,1,0.005994043324354232,0.0015022488624813707,0,0,1,1,0,0.4,1,1.1,0.9
34,1,0.00987269562256957,0.0024743307590670087,0,0,1,1,0,0.4,1,1.1,0.9
