BUS_I,BUS_TYPE,Pd,Qd,Gs,Bs,area,Vm,Va,baseKV,zone,Vmax,Vmin
1,1,0.09419305670761889,0.023607005260995236,0,0,1,1,0,0.4,1,1.1,0.9
3,1,0.0,0.0,0,0,1,1,0,0.4,1,1.1,0.9
4,1,0.0,0.0,0,0,1,1,0,0.4,1,1.1,0.9
6,1,0.0,0.0,0,0,1,1,0,0.4,1,1.1,0.9
11,3,0.02879946171709183,0.00721782547496652,0,0,1,1,0,0.4,1,1.1,0.9
5,1,0.0,0.0,0,0,1,1,0,0.4,1,1.1,0.9
7,1,0.051846822163243725,0.012994038481761882,0,0,1,1,0,0.4,1,1.1,0.9
10,1,0.03814965543152535,0.00956120491208487,0,0,1,1,0,0.4,1,1.1,0.9
8,1,0.06392355334712467,0.016020752621408677,0,0,1,1,0,0.4,1,1.1,0.9
