BUS_I,BUS_TYPE,Pd,Qd,Gs,Bs,area,Vm,Va,baseKV,zone,Vmax,Vmin
168,1,0.010601085686516238,0.0026568825168363777,0,0,1,1,0,0.4,1,1.1,0.9
169,1,0.004623282461651726,0.0011587038069489815,0,0,1,1,0,0.4,1,1.1,0.9
170,1,0.0,0.0,0,0,1,1,0,0.4,1,1.1,0.9
171,1,0.0,0.0,0,0,1,1,0,0.4,1,1.1,0.9
172,1,0.0,0.0,0,0,1,1,0,0.4,1,1.1,0.9
175,1,0.0,0.0,0,0,1,1,0,0.4,1,1.1,0.9
196,1,0.0004187998410295742,0.00010496113403748833,0,0,1,1,0,0.4,1,1.1,0.9
173,1,0.009644759040520872,0.002417204466751223,0,0,1,1,0,0.4,1,1.1,0.9
176,1,0.0,0.0,0,0,1,1,0,0.4,1,1.1,0.9
177,1,0.0,0.0,0,0,1,1,0,0.4,1,1.1,0.9
198,1,0.007206412478207619,0.0018060972138744544,0,0,1,1,0,0.4,1,1.1,0.9
195,1,0.02465921371398078,0.006180181514704618,0,0,1,1,0,0.4,1,1.1,0.9
178,1,0.0017707158489327116,0.00044378322375964504,0,0,1,1,0,0.4,1,1.1,0.9
179,1,0.000622423873126566,0.00015599412696710343,0,0,1,1,0,0.4,1,1.1,0.9
180,1,0.0,0.0,0,0,1,1,0,0.4,1,1.1,0.9
181,1,0.0027328785374969205,0.0006849239239852846,0,0,1,1,0,0.4,1,1.1,0.9
182,1,0.0,0.0,0,0,1,1,0,0.4,1,1.1,0.9
183,1,0.00023486336732930936,5.886230834793152e-05,0,0,1,1,0,0.4,1,1.1,0.9
186,1,0.0,0.0,0,0,1,1,0,0.4,1,1.1,0.9
184,1,0.02436321533284288,0.006105997327621078,0,0,1,1,0,0.4,1,1.1,0.9
188,1,0.00036323820950741234,9.10360765704122e-05,0,0,1,1,0,0.4,1,1.1,0.9
185,1,0.0,0.0,0,0,1,1,0,0.4,1,1.1,0.9
187,1,0.0,0.0,0,0,1,1,0,0.4,1,1.1,0.9
192,1,0.0020919430264416273,0.0005242903432277644,0,0,1,1,0,0.4,1,1.1,0.9
190,1,0.0024531672264884907,0.0006148216614476917,0,0,1,1,0,0.4,1,1.1,0.9
189,1,0.001246279099731192,0.00031234698493060915,0,0,1,1,0,0.4,1,1.1,0.9
197,3,0.0,0.0,0,0,1,1,0,0.4,1,1.1,0.9
191,1,0.0026762526856985267,0.0006707321477754688,0,0,1,1,0,0.4,1,1.1,0.9
193,1,0.0179496341525296,0.004498602367125767,0,0,1,1,0,0.4,1,1.1,0.9
194,1,0.021881297657257152,0.005483970124418847,0,0,1,1,0,0.4,1,1.1,0.9
