F_BUS,T_BUS,BR_R,BR_X,BR_B,RATE_A,RATE_B,RATE_C,TAP,SHIFT,BR_STATUS,ANGMIN,ANGMAX
1,2,4.312923011237784,1.6588165427837631,4.352499361999239e-09,0,0,0,0,0,1,-90,90
1,3,0.02343480236407736,0.009013385524645139,2.364984537689477e-11,0,0,0,0,0,1,-90,90
3,4,4.530031043292122,1.7423196320354315,4.571599626144742e-09,0,0,0,0,0,1,-90,90
4,7,9.083756997028532,3.49375269116482,9.167111592556787e-09,0,0,0,0,0,1,-90,90
7,6,4.876525418276265,1.875586699337025,4.921273511378782e-09,0,0,0,0,0,1,-90,90
