F_BUS,T_BUS,BR_R,BR_X,BR_B,RATE_A,RATE_B,RATE_C,TAP,SHIFT,BR_STATUS,ANGMIN,ANGMAX
203,204,1.2373812738037842,0.47591587453991696,1.2487357624394765e-09,0,0,0,0,0,1,-90,90
203,206,62.900105897224655,24.192348422009484,6.347729140399929e-08,0,0,0,0,0,1,-90,90
204,205,1.4438853476764277,0.5553405183370876,1.4571347641000632e-09,0,0,0,0,0,1,-90,90
206,207,19.27929006944047,7.415111565169412,1.945620116760567e-08,0,0,0,0,0,1,-90,90
206,213,57.540727009543055,22.13104884982425,5.8068733651271927e-08,0,0,0,0,0,1,-90,90
205,208,1.1227947962903622,0.43184415241937013,1.133097813658245e-09,0,0,0,0,0,1,-90,90
208,209,62.911891400732316,24.196881307973968,6.348918505393561e-08,0,0,0,0,0,1,-90,90
207,229,1.3196370933917567,0.5075527282275987,1.3317463799127118e-09,0,0,0,0,0,1,-90,90
229,230,0.8839468513510733,0.3399795582119513,8.920581463017139e-10,0,0,0,0,0,1,-90,90
209,210,6.740895882210813,2.592652262388774,6.802751857656167e-09,0,0,0,0,0,1,-90,90
210,211,5.020811292197464,1.931081266229794,5.0668833849033475e-09,0,0,0,0,0,1,-90,90
211,214,4.665571647248796,1.7944506335572292,4.70838398114233e-09,0,0,0,0,0,1,-90,90
214,215,2.6219529026549035,1.00844342409804,2.6460125317011705e-09,0,0,0,0,0,1,-90,90
215,218,38.02761803781542,14.626006937621318,3.837656800658737e-08,0,0,0,0,0,1,-90,90
218,220,13.963039999999996,5.370399999999999,1.4091167992847623e-08,0,0,0,0,0,1,-90,90
218,216,13.742891152144978,5.285727366209608,1.3868999009692311e-08,0,0,0,0,0,1,-90,90
216,217,6.440768540300207,2.4772186693462332,6.4998704798108576e-09,0,0,0,0,0,1,-90,90
217,219,0.2161435449191502,0.08313213266121162,2.1812692665962086e-10,0,0,0,0,0,1,-90,90
220,225,13.932619999999996,5.358699999999999,1.4060468852091569e-08,0,0,0,0,0,1,-90,90
220,224,0.9945826550629582,0.38253179040883006,1.0037091690108002e-09,0,0,0,0,0,1,-90,90
