F_BUS,T_BUS,BR_R,BR_X,BR_B,RATE_A,RATE_B,RATE_C,TAP,SHIFT,BR_STATUS,ANGMIN,ANGMAX
1,15,4.019738129932186,2.572632403156599,6.7502225861617265e-09,0,0,0,0,0,1,-90,90
15,13,2.603111966901,1.6659916588166397,4.3713258489252496e-09,0,0,0,0,0,1,-90,90
11,12,3.6597593148499135,2.3422459615039446,6.145721235684678e-09,0,0,0,0,0,1,-90,90
12,13,6.415419388159169,4.105868408421868,1.077321642700701e-08,0,0,0,0,0,1,-90,90
13,14,4.539152869773437,2.9050578366549997,7.622459780508733e-09,0,0,0,0,0,1,-90,90
14,19,0.5944531249999999,0.3804499999999999,9.982468462086396e-10,0,0,0,0,0,1,-90,90
14,20,0.778984375,0.49854999999999994,1.3081244977718945e-09,0,0,0,0,0,1,-90,90
