BUS_I,BUS_TYPE,Pd,Qd,Gs,Bs,area,Vm,Va,baseKV,zone,Vmax,Vmin
1,1,0.0033118718134751393,0.0008300333172872339,0,0,1,1,0,0.4,1,1.1,0.9
2,1,0.005356131494571493,0.0013423730876832678,0,0,1,1,0,0.4,1,1.1,0.9
3,1,0.004108759069238305,0.0010297520895276879,0,0,1,1,0,0.4,1,1.1,0.9
6,1,0.0014382813268540543,0.0003604672789760788,0,0,1,1,0,0.4,1,1.1,0.9
4,1,0.0,0.0,0,0,1,1,0,0.4,1,1.1,0.9
8,1,0.0,0.0,0,0,1,1,0,0.4,1,1.1,0.9
5,1,0.001185451116209519,0.00029710205523829445,0,0,1,1,0,0.4,1,1.1,0.9
38,1,0.0015615447145101405,0.0003913599959405337,0,0,1,1,0,0.4,1,1.1,0.9
7,1,0.006757842115975356,0.0016936748839142565,0,0,1,1,0,0.4,1,1.1,0.9
9,3,0.005914027403426227,0.0014821949823724135,0,0,1,1,0,0.4,1,1.1,0.9
16,1,0.001402421929923137,0.0003514800669501226,0,0,1,1,0,0.4,1,1.1,0.9
27,1,0.0,0.0,0,0,1,1,0,0.4,1,1.1,0.9
36,1,0.002445692272832818,0.0006129482614706329,0,0,1,1,0,0.4,1,1.1,0.9
32,1,0.0022707297711216127,0.0005690985251658206,0,0,1,1,0,0.4,1,1.1,0.9
17,1,0.0,0.0,0,0,1,1,0,0.4,1,1.1,0.9
30,1,0.0048677769826863245,0.0012199799099452378,0,0,1,1,0,0.4,1,1.1,0.9
26,1,0.0,0.0,0,0,1,1,0,0.4,1,1.1,0.9
31,1,0.003945504643392033,0.0009888366736303506,0,0,1,1,0,0.4,1,1.1,0.9
22,1,0.0,0.0,0,0,1,1,0,0.4,1,1.1,0.9
10,1,0.006276809052360244,0.0015731166340771845,0,0,1,1,0,0.4,1,1.1,0.9
11,1,0.0053055235753656695,0.0013296895475509167,0,0,1,1,0,0.4,1,1.1,0.9
12,1,0.0,0.0,0,0,1,1,0,0.4,1,1.1,0.9
13,1,0.0038736568958497434,0.000970829930739669,0,0,1,1,0,0.4,1,1.1,0.9
14,1,0.0,0.0,0,0,1,1,0,0.4,1,1.1,0.9
15,1,0.0,0.0,0,0,1,1,0,0.4,1,1.1,0.9
39,1,0.006814966026211864,0.0017079914853349724,0,0,1,1,0,0.4,1,1.1,0.9
40,1,0.007685405852458594,0.0019261442693705312,0,0,1,1,0,0.4,1,1.1,0.9
24,1,0.006114647957012929,0.001532475232632112,0,0,1,1,0,0.4,1,1.1,0.9
18,1,0.0008430785778331668,0.00021129540879131605,0,0,1,1,0,0.4,1,1.1,0.9
34,1,0.0,0.0,0,0,1,1,0,0.4,1,1.1,0.9
35,1,0.011335720823813109,0.0028409994375231274,0,0,1,1,0,0.4,1,1.1,0.9
19,1,0.0030350332001342654,0.0007606510206507556,0,0,1,1,0,0.4,1,1.1,0.9
20,1,0.00656628717154164,0.0016456666894774513,0,0,1,1,0,0.4,1,1.1,0.9
21,1,0.005950121093836954,0.001491240913879442,0,0,1,1,0,0.4,1,1.1,0.9
23,1,0.0028993313538110983,0.000726640932093786,0,0,1,1,0,0.4,1,1.1,0.9
29,1,0.0,0.0,0,0,1,1,0,0.4,1,1.1,0.9
28,1,0.0023625555899297046,0.0005921122446847295,0,0,1,1,0,0.4,1,1.1,0.9
