BUS_I,BUS_TYPE,Pd,Qd,Gs,Bs,area,Vm,Va,baseKV,zone,Vmax,Vmin
1,1,0.008447618356421088,0.002117172729641144,0,0,1,1,0,0.4,1,1.1,0.9
2,1,0.0,0.0,0,0,1,1,0,0.4,1,1.1,0.9
4,1,0.0,0.0,0,0,1,1,0,0.4,1,1.1,0.9
33,1,0.0009895568820722789,0.00024800633228887236,0,0,1,1,0,0.4,1,1.1,0.9
31,1,0.0023983015576908317,0.0006010710286810454,0,0,1,1,0,0.4,1,1.1,0.9
5,1,0.0,0.0,0,0,1,1,0,0.4,1,1.1,0.9
7,1,0.0,0.0,0,0,1,1,0,0.4,1,1.1,0.9
34,1,0.01180661752794316,0.0029590172762083036,0,0,1,1,0,0.4,1,1.1,0.9
10,1,0.0,0.0,0,0,1,1,0,0.4,1,1.1,0.9
21,1,0.005501606073866346,0.0013788324539974399,0,0,1,1,0,0.4,1,1.1,0.9
8,1,0.0,0.0,0,0,1,1,0,0.4,1,1.1,0.9
13,1,0.0,0.0,0,0,1,1,0,0.4,1,1.1,0.9
30,1,0.05130687026245535,0.012858713779409755,0,0,1,1,0,0.4,1,1.1,0.9
32,1,0.0009368650426568086,0.00023480051252071626,0,0,1,1,0,0.4,1,1.1,0.9
11,1,0.0,0.0,0,0,1,1,0,0.4,1,1.1,0.9
12,1,0.0,0.0,0,0,1,1,0,0.4,1,1.1,0.9
27,1,0.060204662196267605,0.015088710642604839,0,0,1,1,0,0.4,1,1.1,0.9
22,1,0.026091210641881475,0.006539073774838123,0,0,1,1,0,0.4,1,1.1,0.9
19,1,0.006816270605299382,0.0017083184436741418,0,0,1,1,0,0.4,1,1.1,0.9
29,1,0.0,0.0,0,0,1,1,0,0.4,1,1.1,0.9
16,1,0.0,0.0,0,0,1,1,0,0.4,1,1.1,0.9
17,1,0.005879140727926637,0.001473451557317063,0,0,1,1,0,0.4,1,1.1,0.9
25,1,0.0,0.0,0,0,1,1,0,0.4,1,1.1,0.9
14,1,0.015567409276917955,0.0039015605347749865,0,0,1,1,0,0.4,1,1.1,0.9
15,1,0.0,0.0,0,0,1,1,0,0.4,1,1.1,0.9
20,1,0.009450202773384212,0.002368444069940751,0,0,1,1,0,0.4,1,1.1,0.9
18,1,0.012134766107840962,0.0030412590626287344,0,0,1,1,0,0.4,1,1.1,0.9
23,1,0.021873768284401077,0.005482083085704549,0,0,1,1,0,0.4,1,1.1,0.9
24,3,0.046350269863273896,0.011616472622895049,0,0,1,1,0,0.4,1,1.1,0.9
26,1,0.01260245960053427,0.003158474100854064,0,0,1,1,0,0.4,1,1.1,0.9
28,1,0.020200977851405556,0.005062842284603404,0,0,1,1,0,0.4,1,1.1,0.9
