F_BUS,T_BUS,BR_R,BR_X,BR_B,RATE_A,RATE_B,RATE_C,TAP,SHIFT,BR_STATUS,ANGMIN,ANGMAX
1,10,6.471547976520199,2.489056914046231,6.530932355054432e-09,0,0,0,0,0,1,-90,90
10,9,6.951295625751863,2.673575240673794,7.015082276525481e-09,0,0,0,0,0,1,-90,90
9,6,1.9462030595940736,0.7485396383054129,1.9640618562242985e-09,0,0,0,0,0,1,-90,90
3,4,4.562680230713953,1.754877011813059,4.60454840984736e-09,0,0,0,0,0,1,-90,90
3,5,0.7689364094139947,0.2957447728515364,7.75992342704e-10,0,0,0,0,0,1,-90,90
4,6,3.1329999999999996,1.2049999999999998,3.161749112055226e-09,0,0,0,0,0,1,-90,90
4,7,5.745490732628387,2.2098041279339946,5.798212646731355e-09,0,0,0,0,0,1,-90,90
5,8,2.737806028593551,1.0530023186898274,2.762928751958221e-09,0,0,0,0,0,1,-90,90
8,11,4.136871974028794,1.59110460539569,4.174832840910211e-09,0,0,0,0,0,1,-90,90
