F_BUS,T_BUS,BR_R,BR_X,BR_B,RATE_A,RATE_B,RATE_C,TAP,SHIFT,BR_STATUS,ANGMIN,ANGMAX
1,3,4.664900801319441,1.794192615892093,4.707706979379974e-09,0,0,0,0,0,1,-90,90
3,4,1.6876599999999995,0.6490999999999999,1.7031463474149768e-09,0,0,0,0,0,1,-90,90
3,5,3.1802814993884714,1.223185192072489,3.209464477107298e-09,0,0,0,0,0,1,-90,90
4,9,5.055179999999999,1.9442999999999995,5.1015674676920965e-09,0,0,0,0,0,1,-90,90
4,21,7.935632385467393,3.052166302102844,8.008451531550665e-09,0,0,0,0,0,1,-90,90
5,22,2.0427121142434013,0.7856585054782314,2.0614564996468337e-09,0,0,0,0,0,1,-90,90
9,13,2.090915685431668,0.8041983405506417,2.1101023976367453e-09,0,0,0,0,0,1,-90,90
9,7,0.5097314314502367,0.19605055055778337,5.144088416132861e-10,0,0,0,0,0,1,-90,90
21,20,0.22433274611108195,0.08628182542733923,2.2639127380198661e-10,0,0,0,0,0,1,-90,90
22,23,3.534328401913535,1.359357077659052,3.566760193572195e-09,0,0,0,0,0,1,-90,90
13,14,0.7968401575664947,0.3064769836794211,8.041521419201442e-10,0,0,0,0,0,1,-90,90
7,6,1.5741430924888953,0.6054396509572675,1.5885877832507607e-09,0,0,0,0,0,1,-90,90
23,24,1.913969539042018,0.7361421304007763,1.9315325536440638e-09,0,0,0,0,0,1,-90,90
23,25,1.668508642491144,0.6417340932658246,1.6838192527458813e-09,0,0,0,0,0,1,-90,90
6,8,0.3489281473040388,0.1342031335784765,3.521299903956655e-10,0,0,0,0,0,1,-90,90
8,10,0.13731306307518193,0.05281271656737767,1.3857307859927858e-10,0,0,0,0,0,1,-90,90
10,11,2.9979516120571317,1.153058312329666,3.025461489756199e-09,0,0,0,0,0,1,-90,90
11,12,2.2220899999999997,0.8546499999999998,2.24248039719336e-09,0,0,0,0,0,1,-90,90
14,15,1.0176423160286105,0.3914008907802348,1.0269804306074957e-09,0,0,0,0,0,1,-90,90
15,17,2.25784,0.8683999999999998,2.278558447227185e-09,0,0,0,0,0,1,-90,90
15,19,4.517903875934529,1.7376553368978958,4.55936117717423e-09,0,0,0,0,0,1,-90,90
17,18,1.1911150071026513,0.4581211565779429,1.2020449460780284e-09,0,0,0,0,0,1,-90,90
17,16,2.2328951880867605,0.8588058415718309,2.2533847361141726e-09,0,0,0,0,0,1,-90,90
18,26,3.1137040361822037,1.1975784754546939,3.1422760841372033e-09,0,0,0,0,0,1,-90,90
26,27,0.8956347213656759,0.34447489283295235,9.038532668380966e-10,0,0,0,0,0,1,-90,90
