F_BUS,T_BUS,BR_R,BR_X,BR_B,RATE_A,RATE_B,RATE_C,TAP,SHIFT,BR_STATUS,ANGMIN,ANGMAX
1,2,5.149431204482931,3.2956359708690757,8.647281414566444e-09,0,0,0,0,0,1,-90,90
2,3,2.49920078374139,1.5994885015944895,4.19683099556757e-09,0,0,0,0,0,1,-90,90
3,4,1.7443734905670407,1.1163990339629062,2.9292727421838432e-09,0,0,0,0,0,1,-90,90
3,5,4.463212515055388,2.8564560096354485,7.494935478912608e-09,0,0,0,0,0,1,-90,90
4,35,2.4091189791750325,1.5418361466720207,4.045559392261339e-09,0,0,0,0,0,1,-90,90
5,38,1.7907209898085699,1.1460614334774848,3.0071026719155e-09,0,0,0,0,0,1,-90,90
35,36,1.8698283396847863,1.1966901373982632,3.139945211057432e-09,0,0,0,0,0,1,-90,90
38,16,0.519453125,0.3324499999999999,8.723016533632863e-10,0,0,0,0,0,1,-90,90
16,37,0.8956314946952902,0.5732041566049857,1.5040064175702728e-09,0,0,0,0,0,1,-90,90
16,15,3.5364443616724546,2.263324391470371,1.1877284456472002e-08,0,0,0,0,0,1,-90,90
6,7,2.3789314903514764,1.522516153824945,3.994866470909343e-09,0,0,0,0,0,1,-90,90
7,9,0.4761944142179526,0.30476442509948964,7.996586310741352e-10,0,0,0,0,0,1,-90,90
9,8,2.315346751271209,1.481821920813574,7.776181149139066e-09,0,0,0,0,0,1,-90,90
8,10,4.2792223650008925,2.7387023136005717,1.437193295968498e-08,0,0,0,0,0,1,-90,90
10,20,1.3416933452599467,0.8586837409663659,4.506128722882436e-09,0,0,0,0,0,1,-90,90
10,11,9.459292598724385,6.053947263183607,3.1769398147385784e-08,0,0,0,0,0,1,-90,90
10,19,4.776261151415178,3.056807136905714,8.020628423930057e-09,0,0,0,0,0,1,-90,90
20,15,5.145288708537047,3.2929847734637105,1.7280650097112475e-08,0,0,0,0,0,1,-90,90
11,13,11.153998274512247,7.138558895687838,1.873056618240246e-08,0,0,0,0,0,1,-90,90
11,25,4.767063312995814,3.0509205203173213,8.005182776816897e-09,0,0,0,0,0,1,-90,90
13,29,7.606559024144864,4.868197775452713,1.277346057580651e-08,0,0,0,0,0,1,-90,90
29,30,4.235752311683275,2.710881479477296,7.1129685565346884e-09,0,0,0,0,0,1,-90,90
