BUS_I,BUS_TYPE,Pd,Qd,Gs,Bs,area,Vm,Va,baseKV,zone,Vmax,Vmin
1,1,0.0027937796429489525,0.0007001871797608056,0,0,1,1,0,0.4,1,1.1,0.9
2,1,0.00442847930980045,0.0011098815349965354,0,0,1,1,0,0.4,1,1.1,0.9
3,1,0.0,0.0,0,0,1,1,0,0.4,1,1.1,0.9
27,1,0.0,0.0,0,0,1,1,0,0.4,1,1.1,0.9
13,1,0.002305744112505984,0.0005778739463079214,0,0,1,1,0,0.4,1,1.1,0.9
21,1,0.007867164477377236,0.0019716972747051437,0,0,1,1,0,0.4,1,1.1,0.9
11,1,0.0,0.0,0,0,1,1,0,0.4,1,1.1,0.9
4,1,0.002510708220058862,0.0006292427938051978,0,0,1,1,0,0.4,1,1.1,0.9
5,1,0.002797080436076475,0.0007010144364976664,0,0,1,1,0,0.4,1,1.1,0.9
6,1,0.0,0.0,0,0,1,1,0,0.4,1,1.1,0.9
7,1,0.0,0.0,0,0,1,1,0,0.4,1,1.1,0.9
8,1,0.00353196348033667,0.0008851934885260669,0,0,1,1,0,0.4,1,1.1,0.9
17,1,0.001691905370884538,0.0004240314561141823,0,0,1,1,0,0.4,1,1.1,0.9
24,1,0.0,0.0,0,0,1,1,0,0.4,1,1.1,0.9
20,1,0.004773646793342687,0.0011963886607308572,0,0,1,1,0,0.4,1,1.1,0.9
26,1,0.002796652271671419,0.0007009071283826521,0,0,1,1,0,0.4,1,1.1,0.9
22,3,0.0029706023359329704,0.0007445031239444008,0,0,1,1,0,0.4,1,1.1,0.9
18,1,0.0045559346942958,0.001141824865402125,0,0,1,1,0,0.4,1,1.1,0.9
9,1,0.0028431273172429684,0.0007125548727457865,0,0,1,1,0,0.4,1,1.1,0.9
10,1,0.0035890063684932707,0.0008994897838994637,0,0,1,1,0,0.4,1,1.1,0.9
12,1,0.004388295389775264,0.0010998104953190934,0,0,1,1,0,0.4,1,1.1,0.9
14,1,0.0,0.0,0,0,1,1,0,0.4,1,1.1,0.9
15,1,0.004177885418668284,0.0010470767857601536,0,0,1,1,0,0.4,1,1.1,0.9
33,1,0.005563407578036612,0.001394321370963088,0,0,1,1,0,0.4,1,1.1,0.9
16,1,0.0049614039695289845,0.0012434450447250398,0,0,1,1,0,0.4,1,1.1,0.9
30,1,0.0025105164370373134,0.0006291947284492479,0,0,1,1,0,0.4,1,1.1,0.9
32,1,0.00516768982087974,0.001295145152443407,0,0,1,1,0,0.4,1,1.1,0.9
29,1,0.0034873979797893184,0.0008740243212577632,0,0,1,1,0,0.4,1,1.1,0.9
31,1,0.0008728952679423583,0.00021876817573270588,0,0,1,1,0,0.4,1,1.1,0.9
34,1,0.002846959377851809,0.0007135152776643162,0,0,1,1,0,0.4,1,1.1,0.9
19,1,0.003422520790071755,0.0008577645648328798,0,0,1,1,0,0.4,1,1.1,0.9
23,1,0.00568066243911504,0.001423708209219626,0,0,1,1,0,0.4,1,1.1,0.9
25,1,0.004256665545065867,0.0010668209465649402,0,0,1,1,0,0.4,1,1.1,0.9
