BUS_I,BUS_TYPE,Pd,Qd,Gs,Bs,area,Vm,Va,baseKV,zone,Vmax,Vmin
1,1,0.012830078075389688,0.0032155206679921372,0,0,1,1,0,0.4,1,1.1,0.9
2,1,0.009068807643974662,0.0022728574402973694,0,0,1,1,0,0.4,1,1.1,0.9
3,1,0.007989140800728567,0.0020022674229487653,0,0,1,1,0,0.4,1,1.1,0.9
4,3,0.009073604343811917,0.0022740596065955183,0,0,1,1,0,0.4,1,1.1,0.9
5,1,0.0,0.0,0,0,1,1,0,0.4,1,1.1,0.9
6,1,0.009070321194081401,0.0022732367717107614,0,0,1,1,0,0.4,1,1.1,0.9
14,1,0.007195107235977079,0.0018032638530924427,0,0,1,1,0,0.4,1,1.1,0.9
11,1,0.007990302815459118,0.0020025586512920877,0,0,1,1,0,0.4,1,1.1,0.9
15,1,0.009074660871636898,0.002274324397428245,0,0,1,1,0,0.4,1,1.1,0.9
17,1,0.007195861011801161,0.0018034527671214242,0,0,1,1,0,0.4,1,1.1,0.9
12,1,0.004843563744599123,0.00121391150045849,0,0,1,1,0,0.4,1,1.1,0.9
16,1,0.0167003773777573,0.004185509106484209,0,0,1,1,0,0.4,1,1.1,0.9
7,1,0.009077057762873151,0.002274925114997056,0,0,1,1,0,0.4,1,1.1,0.9
8,1,0.006336256736424704,0.0015880156281168395,0,0,1,1,0,0.4,1,1.1,0.9
9,1,0.0,0.0,0,0,1,1,0,0.4,1,1.1,0.9
10,1,0.0,0.0,0,0,1,1,0,0.4,1,1.1,0.9
13,1,0.010547868391753557,0.0026435450055446678,0,0,1,1,0,0.4,1,1.1,0.9
18,1,0.007195830202020827,0.0018034450454626114,0,0,1,1,0,0.4,1,1.1,0.9
19,1,0.00719576573656824,0.0018034288888972383,0,0,1,1,0,0.4,1,1.1,0.9
20,1,0.0,0.0,0,0,1,1,0,0.4,1,1.1,0.9
21,1,0.0,0.0,0,0,1,1,0,0.4,1,1.1,0.9
22,1,0.009930074357104506,0.00248871122547697,0,0,1,1,0,0.4,1,1.1,0.9
