F_BUS,T_BUS,BR_R,BR_X,BR_B,RATE_A,RATE_B,RATE_C,TAP,SHIFT,BR_STATUS,ANGMIN,ANGMAX
1,2,0.9029328069116233,0.3472818488121628,9.112183212570566e-10,0,0,0,0,0,1,-90,90
1,3,1.3481028858176745,0.5185011099298749,1.360473380846831e-09,0,0,0,0,0,1,-90,90
3,5,4.489562443953566,1.726754786135987,4.530759677844456e-09,0,0,0,0,0,1,-90,90
5,12,1.7983888626836222,0.6916880241090855,1.8148912830258385e-09,0,0,0,0,0,1,-90,90
12,13,1.5268314214477219,0.58724285440297,1.540841969684122e-09,0,0,0,0,0,1,-90,90
13,14,1.7157029649063176,0.659885755733199,1.731446640869157e-09,0,0,0,0,0,1,-90,90
32,24,1.3317379154941473,0.5122068905746721,1.34395824187804e-09,0,0,0,0,0,1,-90,90
24,11,1.6219797466588928,0.6238383640995742,1.636863397309389e-09,0,0,0,0,0,1,-90,90
7,8,0.35670475350360015,0.13719413596292315,7.199559129625831e-10,0,0,0,0,0,1,-90,90
7,9,4.217222448185236,1.6220086339173987,4.255920629074063e-09,0,0,0,0,0,1,-90,90
8,10,1.541004939996412,0.5926942076909278,3.110291095248244e-09,0,0,0,0,0,1,-90,90
9,11,1.2169628893692737,0.46806264975741296,1.2281300143209268e-09,0,0,0,0,0,1,-90,90
10,15,1.371220201294078,0.5273923851131069,1.3838028260050238e-09,0,0,0,0,0,1,-90,90
10,14,0.5175860095889476,0.19907154214959524,5.223354951260973e-10,0,0,0,0,0,1,-90,90
11,22,3.0970200216720176,1.19116154679693,3.1254389733606004e-09,0,0,0,0,0,1,-90,90
11,23,1.0292161685263426,0.39585237251013183,1.0386604873766506e-09,0,0,0,0,0,1,-90,90
15,18,2.462032092927191,0.9469354203566118,2.48462425268561e-09,0,0,0,0,0,1,-90,90
23,29,6.696572661638182,2.5756048698608396,6.758021917251142e-09,0,0,0,0,0,1,-90,90
18,20,0.7642314226901596,0.29393516257313834,7.712441819646713e-10,0,0,0,0,0,1,-90,90
18,16,1.8355855313810185,0.7059944351465456,1.852429276714126e-09,0,0,0,0,0,1,-90,90
29,30,1.425878485023496,0.548414801932114,1.4389626664288831e-09,0,0,0,0,0,1,-90,90
20,25,2.3189017197906723,0.8918852768425664,2.3401804830805924e-09,0,0,0,0,0,1,-90,90
16,17,1.2808412374505531,0.4926312451732897,1.292594524479095e-09,0,0,0,0,0,1,-90,90
17,19,0.17248233529518386,0.06633935972891689,1.7406507196449394e-10,0,0,0,0,0,1,-90,90
25,26,1.4147213391663802,0.5441235919870694,1.4277031400941219e-09,0,0,0,0,0,1,-90,90
26,27,0.3394379982065411,0.13055307623328505,3.425527575574002e-10,0,0,0,0,0,1,-90,90
27,28,1.1771499999999997,0.45274999999999993,1.1879517929319532e-09,0,0,0,0,0,1,-90,90
