F_BUS,T_BUS,BR_R,BR_X,BR_B,RATE_A,RATE_B,RATE_C,TAP,SHIFT,BR_STATUS,ANGMIN,ANGMAX
1,2,2.2654555375507393,0.8713290529041305,2.2862438666618723e-09,0,0,0,0,0,1,-90,90
1,3,2.6891573575630545,1.0342912913704057,5.427667339579806e-09,0,0,0,0,0,1,-90,90
2,4,3.785974080274761,1.4561438770287545,3.820715029228481e-09,0,0,0,0,0,1,-90,90
3,5,2.3486565778737596,0.9033294530283692,2.3702083784280326e-09,0,0,0,0,0,1,-90,90
3,6,2.2284846870931965,0.8571094950358449,2.248933763372353e-09,0,0,0,0,0,1,-90,90
4,10,5.319729999999999,2.0460499999999997,5.368545037942402e-09,0,0,0,0,0,1,-90,90
5,7,0.1185456191792675,0.04559446891510289,1.196334204207105e-10,0,0,0,0,0,1,-90,90
6,16,3.0101323291229516,1.1577432035088275,3.037753979819095e-09,0,0,0,0,0,1,-90,90
10,18,4.956899999999999,1.9064999999999996,5.00238562832638e-09,0,0,0,0,0,1,-90,90
7,8,5.073507382795793,1.951348993382997,5.120063026670996e-09,0,0,0,0,0,1,-90,90
16,15,1.9868606587461215,0.764177176440816,2.0050925386428385e-09,0,0,0,0,0,1,-90,90
8,9,2.9551494375018246,1.1365959375007018,2.9822665528285656e-09,0,0,0,0,0,1,-90,90
15,17,3.4067226658902605,1.3102779484193312,3.437983518639306e-09,0,0,0,0,0,1,-90,90
11,12,0.9127660613733896,0.351063869758996,9.211418078715164e-10,0,0,0,0,0,1,-90,90
11,13,0.2774823475807747,0.10672397983875953,2.800285879586704e-10,0,0,0,0,0,1,-90,90
12,14,4.795973352872562,1.8446051357202167,4.8399822821210825e-09,0,0,0,0,0,1,-90,90
14,17,2.5789399999999993,0.9918999999999999,2.6026049329855425e-09,0,0,0,0,0,1,-90,90
