BUS_I,BUS_TYPE,Pd,Qd,Gs,Bs,area,Vm,Va,baseKV,zone,Vmax,Vmin
1,1,0.007473437929826311,0.0018730201003537528,0,0,1,1,0,0.4,1,1.1,0.9
2,3,0.0060151494995099595,0.0015075385685951383,0,0,1,1,0,0.4,1,1.1,0.9
3,1,0.06221468992654165,0.015592471077417097,0,0,1,1,0,0.4,1,1.1,0.9
4,1,0.005493564434414281,0.0013768170291722196,0,0,1,1,0,0.4,1,1.1,0.9
5,1,0.003900608192791377,0.0009775845624602078,0,0,1,1,0,0.4,1,1.1,0.9
12,1,0.003340850163461494,0.0008372959763885974,0,0,1,1,0,0.4,1,1.1,0.9
13,1,0.0,0.0,0,0,1,1,0,0.4,1,1.1,0.9
6,1,0.040886819064724314,0.010247202782285702,0,0,1,1,0,0.4,1,1.1,0.9
7,1,0.010049306326886229,0.002518593573882469,0,0,1,1,0,0.4,1,1.1,0.9
8,1,0.0,0.0,0,0,1,1,0,0.4,1,1.1,0.9
9,1,0.0028950384066969404,0.000725565018128878,0,0,1,1,0,0.4,1,1.1,0.9
10,1,0.002164500399973208,0.0005424749351558176,0,0,1,1,0,0.4,1,1.1,0.9
11,1,0.0019897534851431747,0.0004986792300165278,0,0,1,1,0,0.4,1,1.1,0.9
14,1,0.00490312469170632,0.001228838880892421,0,0,1,1,0,0.4,1,1.1,0.9
15,1,0.0,0.0,0,0,1,1,0,0.4,1,1.1,0.9
16,1,0.003717529971486129,0.0009317008350965002,0,0,1,1,0,0.4,1,1.1,0.9
17,1,0.0027302121285962913,0.0006842556589226006,0,0,1,1,0,0.4,1,1.1,0.9
18,1,0.0,0.0,0,0,1,1,0,0.4,1,1.1,0.9
19,1,0.0023702800011184987,0.0005940481646128616,0,0,1,1,0,0.4,1,1.1,0.9
20,1,0.003272806932050179,0.0008202427351195718,0,0,1,1,0,0.4,1,1.1,0.9
