BUS_I,BUS_TYPE,Pd,Qd,Gs,Bs,area,Vm,Va,baseKV,zone,Vmax,Vmin
1,1,0.012585002262208584,0.0031540988794513157,0,0,1,1,0,0.4,1,1.1,0.9
2,1,0.01354986645993285,0.0033959166416938726,0,0,1,1,0,0.4,1,1.1,0.9
3,1,0.0,0.0,0,0,1,1,0,0.4,1,1.1,0.9
4,1,0.006218382081399026,0.0015584734548548893,0,0,1,1,0,0.4,1,1.1,0.9
5,1,0.0,0.0,0,0,1,1,0,0.4,1,1.1,0.9
9,1,0.005462059335823409,0.0013689211071777618,0,0,1,1,0,0.4,1,1.1,0.9
14,1,0.008010137805334832,0.0020075297683437537,0,0,1,1,0,0.4,1,1.1,0.9
6,1,0.0,0.0,0,0,1,1,0,0.4,1,1.1,0.9
25,1,0.005850791243372905,0.001466346506749654,0,0,1,1,0,0.4,1,1.1,0.9
24,1,0.0049841546686195375,0.0012491469073876893,0,0,1,1,0,0.4,1,1.1,0.9
7,1,0.0,0.0,0,0,1,1,0,0.4,1,1.1,0.9
23,1,0.0062163680893995606,0.0015579687008805644,0,0,1,1,0,0.4,1,1.1,0.9
22,1,0.003822604925715379,0.0009580351009542096,0,0,1,1,0,0.4,1,1.1,0.9
8,1,0.0,0.0,0,0,1,1,0,0.4,1,1.1,0.9
12,3,0.007664899036485056,0.0019210047768272935,0,0,1,1,0,0.4,1,1.1,0.9
17,1,0.007855038529008767,0.0019686582255763153,0,0,1,1,0,0.4,1,1.1,0.9
15,1,0.0077867277523286735,0.0019515379311423498,0,0,1,1,0,0.4,1,1.1,0.9
26,1,0.005172591275755333,0.0012963735728289331,0,0,1,1,0,0.4,1,1.1,0.9
19,1,0.009940218788334062,0.002491253659598726,0,0,1,1,0,0.4,1,1.1,0.9
10,1,0.007370809201865754,0.0018472989165894918,0,0,1,1,0,0.4,1,1.1,0.9
18,1,0.005998993073686985,0.0015034893865987864,0,0,1,1,0,0.4,1,1.1,0.9
11,1,0.009894273204089303,0.002479738610752267,0,0,1,1,0,0.4,1,1.1,0.9
13,1,0.0,0.0,0,0,1,1,0,0.4,1,1.1,0.9
16,1,0.010878216966399085,0.0027263381626223323,0,0,1,1,0,0.4,1,1.1,0.9
27,1,0.008464711932742118,0.002121456783691883,0,0,1,1,0,0.4,1,1.1,0.9
