BUS_I,BUS_TYPE,Pd,Qd,Gs,Bs,area,Vm,Va,baseKV,zone,Vmax,Vmin
14,1,0.00266118649973519,0.0006669562056441541,0,0,1,1,0,0.4,1,1.1,0.9
15,1,0.0006518210801094861,0.00016336176152703197,0,0,1,1,0,0.4,1,1.1,0.9
16,1,0.0011115355718149013,0.00027857707360605567,0,0,1,1,0,0.4,1,1.1,0.9
17,1,0.0,0.0,0,0,1,1,0,0.4,1,1.1,0.9
18,1,0.0018857129729035348,0.00047260421975943786,0,0,1,1,0,0.4,1,1.1,0.9
19,1,0.0,0.0,0,0,1,1,0,0.4,1,1.1,0.9
20,1,0.0,0.0,0,0,1,1,0,0.4,1,1.1,0.9
21,1,0.001132094552887173,0.0002837296399554028,0,0,1,1,0,0.4,1,1.1,0.9
26,1,0.0,0.0,0,0,1,1,0,0.4,1,1.1,0.9
27,1,0.004245058067685803,0.0010639118385143476,0,0,1,1,0,0.4,1,1.1,0.9
22,1,0.0021486045009520673,0.0005384910473307826,0,0,1,1,0,0.4,1,1.1,0.9
23,1,0.015193560135554129,0.0038078651080049523,0,0,1,1,0,0.4,1,1.1,0.9
24,3,0.002778618407634527,0.0006963874160166285,0,0,1,1,0,0.4,1,1.1,0.9
25,1,0.0025782619715379626,0.0006461733598395635,0,0,1,1,0,0.4,1,1.1,0.9
28,1,0.0018972432731054545,0.0004754939853859265,0,0,1,1,0,0.4,1,1.1,0.9
43,1,0.0018448742802172583,0.0004623690785845458,0,0,1,1,0,0.4,1,1.1,0.9
44,1,0.0012410774734478184,0.0003110433344989378,0,0,1,1,0,0.4,1,1.1,0.9
42,1,0.0012179051212078786,0.0003052357955957689,0,0,1,1,0,0.4,1,1.1,0.9
29,1,0.0007366695709551394,0.00018462679782369168,0,0,1,1,0,0.4,1,1.1,0.9
34,1,0.0005506799303211405,0.00013801339999579976,0,0,1,1,0,0.4,1,1.1,0.9
30,1,0.0010270461475428052,0.000257402027875445,0,0,1,1,0,0.4,1,1.1,0.9
31,1,0.0,0.0,0,0,1,1,0,0.4,1,1.1,0.9
32,1,0.0,0.0,0,0,1,1,0,0.4,1,1.1,0.9
33,1,0.0,0.0,0,0,1,1,0,0.4,1,1.1,0.9
35,1,0.002270995688145567,0.0005691651702541414,0,0,1,1,0,0.4,1,1.1,0.9
36,1,0.0002475511036265204,6.204215480357961e-05,0,0,1,1,0,0.4,1,1.1,0.9
40,1,0.0006333121543621145,0.00015872298747333645,0,0,1,1,0,0.4,1,1.1,0.9
294,1,0.0022712745076312554,0.0005692350490041849,0,0,1,1,0,0.4,1,1.1,0.9
45,1,0.003879100817951244,0.0009721943062274451,0,0,1,1,0,0.4,1,1.1,0.9
