BUS_I,BUS_TYPE,Pd,Qd,Gs,Bs,area,Vm,Va,baseKV,zone,Vmax,Vmin
1,1,0.009152774632759316,0.002293901551352627,0,0,1,1,0,0.4,1,1.1,0.9
2,1,0.004870694724175789,0.001220711164892254,0,0,1,1,0,0.4,1,1.1,0.9
3,3,0.005700497563605722,0.0014286793600089829,0,0,1,1,0,0.4,1,1.1,0.9
4,1,0.0038945900719866908,0.0009760762792123403,0,0,1,1,0,0.4,1,1.1,0.9
5,1,0.005733522051877803,0.0014369560769521505,0,0,1,1,0,0.4,1,1.1,0.9
17,1,0.006743168773660632,0.0016899973976819613,0,0,1,1,0,0.4,1,1.1,0.9
13,1,0.0,0.0,0,0,1,1,0,0.4,1,1.1,0.9
15,1,0.007951820772854864,0.001992914142302085,0,0,1,1,0,0.4,1,1.1,0.9
14,1,0.010819535439323399,0.0027116311856240274,0,0,1,1,0,0.4,1,1.1,0.9
12,1,0.005305876142390951,0.0013297779091766204,0,0,1,1,0,0.4,1,1.1,0.9
6,1,0.010832415926054948,0.002714859339892125,0,0,1,1,0,0.4,1,1.1,0.9
7,1,0.007230743982746957,0.0018121952637280762,0,0,1,1,0,0.4,1,1.1,0.9
8,1,0.0,0.0,0,0,1,1,0,0.4,1,1.1,0.9
10,1,0.006241970346493367,0.0015643852313450433,0,0,1,1,0,0.4,1,1.1,0.9
11,1,0.011542490123141777,0.002892820708725905,0,0,1,1,0,0.4,1,1.1,0.9
27,1,0.0036745993386633536,0.0009209414043026682,0,0,1,1,0,0.4,1,1.1,0.9
16,1,0.0053032942639626495,0.0013291308294472795,0,0,1,1,0,0.4,1,1.1,0.9
18,1,0.017541553659668595,0.0043963277549769935,0,0,1,1,0,0.4,1,1.1,0.9
22,1,0.0,0.0,0,0,1,1,0,0.4,1,1.1,0.9
24,1,0.005660068953981188,0.0014185469953373107,0,0,1,1,0,0.4,1,1.1,0.9
20,1,0.0017591150124053512,0.00044087578006362586,0,0,1,1,0,0.4,1,1.1,0.9
19,1,0.0045142699665580155,0.001131382700328781,0,0,1,1,0,0.4,1,1.1,0.9
21,1,0.0018690563037447824,0.0004684296649652147,0,0,1,1,0,0.4,1,1.1,0.9
23,1,0.0,0.0,0,0,1,1,0,0.4,1,1.1,0.9
25,1,0.0,0.0,0,0,1,1,0,0.4,1,1.1,0.9
29,1,0.009754983940694146,0.002444829430726648,0,0,1,1,0,0.4,1,1.1,0.9
30,1,0.0,0.0,0,0,1,1,0,0.4,1,1.1,0.9
31,1,0.005668076072135299,0.0014205537683097205,0,0,1,1,0,0.4,1,1.1,0.9
32,1,0.0037925072443932414,0.0009504919109766198,0,0,1,1,0,0.4,1,1.1,0.9
