BUS_I,BUS_TYPE,Pd,Qd,Gs,Bs,area,Vm,Va,baseKV,zone,Vmax,Vmin
1,1,0.004350553054871847,0.0010903513745540367,0,0,1,1,0,0.4,1,1.1,0.9
2,1,0.013553332712103674,0.003396785366375848,0,0,1,1,0,0.4,1,1.1,0.9
3,1,0.004427938550949751,0.0011097460080534722,0,0,1,1,0,0.4,1,1.1,0.9
4,1,0.013832254708558643,0.0034666898080392976,0,0,1,1,0,0.4,1,1.1,0.9
27,1,0.008057609195884493,0.0020194272202964086,0,0,1,1,0,0.4,1,1.1,0.9
28,1,0.011765965030214518,0.00294882879988853,0,0,1,1,0,0.4,1,1.1,0.9
5,1,0.003703781617352126,0.0009282551727545414,0,0,1,1,0,0.4,1,1.1,0.9
6,1,0.0015767483810289154,0.00039517039394693055,0,0,1,1,0,0.4,1,1.1,0.9
7,1,0.0017957013837325631,0.00045004518904759354,0,0,1,1,0,0.4,1,1.1,0.9
8,1,0.0018982907887745697,0.0004757565175594872,0,0,1,1,0,0.4,1,1.1,0.9
9,1,0.0019945391015874815,0.0004998786185545656,0,0,1,1,0,0.4,1,1.1,0.9
13,1,0.004877363201894145,0.0012223824429469486,0,0,1,1,0,0.4,1,1.1,0.9
15,1,0.0026478846161027917,0.0006636224393574742,0,0,1,1,0,0.4,1,1.1,0.9
11,1,0.007017829834677528,0.001758833948262785,0,0,1,1,0,0.4,1,1.1,0.9
16,1,0.0028645076933067073,0.0007179133000849208,0,0,1,1,0,0.4,1,1.1,0.9
10,3,0.006149578313198088,0.0015412296050991944,0,0,1,1,0,0.4,1,1.1,0.9
12,1,0.005755374051060789,0.0014424327041867595,0,0,1,1,0,0.4,1,1.1,0.9
14,1,0.0077067125323047846,0.0019314842266965225,0,0,1,1,0,0.4,1,1.1,0.9
17,1,0.002175758996976445,0.000545296605541904,0,0,1,1,0,0.4,1,1.1,0.9
18,1,0.0036889733045842384,0.0009245438597380935,0,0,1,1,0,0.4,1,1.1,0.9
19,1,0.007738856013709528,0.0019395401425055176,0,0,1,1,0,0.4,1,1.1,0.9
20,1,0.0,0.0,0,0,1,1,0,0.4,1,1.1,0.9
21,1,0.0,0.0,0,0,1,1,0,0.4,1,1.1,0.9
25,1,0.0,0.0,0,0,1,1,0,0.4,1,1.1,0.9
22,1,0.007172285254700908,0.0017975441254300818,0,0,1,1,0,0.4,1,1.1,0.9
31,1,0.0021405492745031644,0.0005364722172831707,0,0,1,1,0,0.4,1,1.1,0.9
23,1,0.0030872745235814075,0.0007737439304741001,0,0,1,1,0,0.4,1,1.1,0.9
24,1,0.004113938827424349,0.0010310502592975489,0,0,1,1,0,0.4,1,1.1,0.9
26,1,0.012518741579278847,0.003137492386943329,0,0,1,1,0,0.4,1,1.1,0.9
29,1,0.0,0.0,0,0,1,1,0,0.4,1,1.1,0.9
30,1,0.0,0.0,0,0,1,1,0,0.4,1,1.1,0.9
32,1,0.003401952793005433,0.0008526097388624267,0,0,1,1,0,0.4,1,1.1,0.9
