BUS_I,BUS_TYPE,Pd,Qd,Gs,Bs,area,Vm,Va,baseKV,zone,Vmax,Vmin
6,1,0.00889759728615297,0.002229948079893243,0,0,1,1,0,0.4,1,1.1,0.9
21,1,0.0,0.0,0,0,1,1,0,0.4,1,1.1,0.9
7,1,0.0,0.0,0,0,1,1,0,0.4,1,1.1,0.9
53,1,0.010390239334223962,0.002604039439843179,0,0,1,1,0,0.4,1,1.1,0.9
8,1,0.0,0.0,0,0,1,1,0,0.4,1,1.1,0.9
52,1,0.017009107664704988,0.004262884209946725,0,0,1,1,0,0.4,1,1.1,0.9
34,1,0.012096710041189706,0.0030317213132759597,0,0,1,1,0,0.4,1,1.1,0.9
9,1,0.0,0.0,0,0,1,1,0,0.4,1,1.1,0.9
18,1,0.0,0.0,0,0,1,1,0,0.4,1,1.1,0.9
11,1,0.0,0.0,0,0,1,1,0,0.4,1,1.1,0.9
43,1,0.042277520450753885,0.010595745404045825,0,0,1,1,0,0.4,1,1.1,0.9
40,1,0.0,0.0,0,0,1,1,0,0.4,1,1.1,0.9
12,1,0.0,0.0,0,0,1,1,0,0.4,1,1.1,0.9
41,1,0.0,0.0,0,0,1,1,0,0.4,1,1.1,0.9
50,1,0.02866024158399436,0.00718293362062666,0,0,1,1,0,0.4,1,1.1,0.9
17,1,0.0,0.0,0,0,1,1,0,0.4,1,1.1,0.9
57,1,0.006126853408922932,0.0015355342072266688,0,0,1,1,0,0.4,1,1.1,0.9
35,1,0.008208425808644913,0.002057225426399139,0,0,1,1,0,0.4,1,1.1,0.9
49,1,0.008481495690239916,0.002125663189826251,0,0,1,1,0,0.4,1,1.1,0.9
54,1,0.018956043243839392,0.004750832261172109,0,0,1,1,0,0.4,1,1.1,0.9
51,1,0.011837972353162661,0.0029668755361457843,0,0,1,1,0,0.4,1,1.1,0.9
44,1,0.0,0.0,0,0,1,1,0,0.4,1,1.1,0.9
39,1,0.05202029674526561,0.013037515310241408,0,0,1,1,0,0.4,1,1.1,0.9
42,1,0.049155685570231304,0.012319576075190863,0,0,1,1,0,0.4,1,1.1,0.9
47,1,0.0,0.0,0,0,1,1,0,0.4,1,1.1,0.9
55,1,0.0,0.0,0,0,1,1,0,0.4,1,1.1,0.9
70,1,0.0,0.0,0,0,1,1,0,0.4,1,1.1,0.9
85,1,0.0007090333234306772,0.0001777005013055814,0,0,1,1,0,0.4,1,1.1,0.9
84,1,0.00041222213003221374,0.0001033126042673802,0,0,1,1,0,0.4,1,1.1,0.9
68,1,0.0,0.0,0,0,1,1,0,0.4,1,1.1,0.9
69,1,0.0,0.0,0,0,1,1,0,0.4,1,1.1,0.9
82,1,0.0004635248012002094,0.00011617026565451746,0,0,1,1,0,0.4,1,1.1,0.9
88,1,0.0006579764151524122,0.00016490443390460003,0,0,1,1,0,0.4,1,1.1,0.9
45,3,0.015811411722922462,0.003962713312143748,0,0,1,1,0,0.4,1,1.1,0.9
46,1,0.013106710288812239,0.0032848512359330193,0,0,1,1,0,0.4,1,1.1,0.9
48,1,0.012380307457036747,0.003102797525492823,0,0,1,1,0,0.4,1,1.1,0.9
56,1,0.0,0.0,0,0,1,1,0,0.4,1,1.1,0.9
58,1,0.0,0.0,0,0,1,1,0,0.4,1,1.1,0.9
59,1,0.001338832693871731,0.00033554310214105104,0,0,1,1,0,0.4,1,1.1,0.9
87,1,0.0005825092549918505,0.00014599058070549633,0,0,1,1,0,0.4,1,1.1,0.9
83,1,0.00459092516208656,0.0011505943032576688,0,0,1,1,0,0.4,1,1.1,0.9
86,1,0.0013699550806981669,0.00034334310752602305,0,0,1,1,0,0.4,1,1.1,0.9
