BUS_I,BUS_TYPE,Pd,Qd,Gs,Bs,area,Vm,Va,baseKV,zone,Vmax,Vmin
1,1,0.006716571940324241,0.0016833316029148699,0,0,1,1,0,0.4,1,1.1,0.9
2,1,0.00851931605858309,0.0021351418676148004,0,0,1,1,0,0.4,1,1.1,0.9
4,1,0.0,0.0,0,0,1,1,0,0.4,1,1.1,0.9
17,1,0.0,0.0,0,0,1,1,0,0.4,1,1.1,0.9
12,1,0.0,0.0,0,0,1,1,0,0.4,1,1.1,0.9
7,1,0.0,0.0,0,0,1,1,0,0.4,1,1.1,0.9
24,1,0.04297080774999077,0.010769499579698801,0,0,1,1,0,0.4,1,1.1,0.9
8,1,0.0,0.0,0,0,1,1,0,0.4,1,1.1,0.9
43,1,0.011938188056147233,0.0029919919588449087,0,0,1,1,0,0.4,1,1.1,0.9
11,1,0.0,0.0,0,0,1,1,0,0.4,1,1.1,0.9
42,1,0.012900039979443157,0.0032330547739526875,0,0,1,1,0,0.4,1,1.1,0.9
13,1,0.0,0.0,0,0,1,1,0,0.4,1,1.1,0.9
33,1,0.05274296683161905,0.013218633506495141,0,0,1,1,0,0.4,1,1.1,0.9
32,1,0.02524337554293803,0.006326586269486835,0,0,1,1,0,0.4,1,1.1,0.9
30,3,0.04429665825056916,0.011101789037504617,0,0,1,1,0,0.4,1,1.1,0.9
27,1,0.030750285947289926,0.007706748114015332,0,0,1,1,0,0.4,1,1.1,0.9
15,1,0.0,0.0,0,0,1,1,0,0.4,1,1.1,0.9
16,1,0.0,0.0,0,0,1,1,0,0.4,1,1.1,0.9
31,1,0.00047629186751399667,0.0001193699940864399,0,0,1,1,0,0.4,1,1.1,0.9
34,1,0.047464201785668875,0.011895650278568705,0,0,1,1,0,0.4,1,1.1,0.9
22,1,0.0,0.0,0,0,1,1,0,0.4,1,1.1,0.9
21,1,0.005643435645775148,0.0014143782953497247,0,0,1,1,0,0.4,1,1.1,0.9
18,1,0.008058078751677378,0.002019544902071058,0,0,1,1,0,0.4,1,1.1,0.9
19,1,0.002165526033705963,0.0005427319831991799,0,0,1,1,0,0.4,1,1.1,0.9
25,1,0.055121838166553555,0.013814834862327003,0,0,1,1,0,0.4,1,1.1,0.9
44,1,0.0023454392201653178,0.0005878224780586047,0,0,1,1,0,0.4,1,1.1,0.9
36,1,0.0,0.0,0,0,1,1,0,0.4,1,1.1,0.9
28,1,0.024452348252692612,0.006128336143043025,0,0,1,1,0,0.4,1,1.1,0.9
47,1,0.010845338882086343,0.0027180981379700737,0,0,1,1,0,0.4,1,1.1,0.9
38,1,0.0,0.0,0,0,1,1,0,0.4,1,1.1,0.9
45,1,0.0015213227821440653,0.00038127942947244783,0,0,1,1,0,0.4,1,1.1,0.9
35,1,0.0,0.0,0,0,1,1,0,0.4,1,1.1,0.9
20,1,0.0,0.0,0,0,1,1,0,0.4,1,1.1,0.9
23,1,0.00680818562230807,0.0017062921559340232,0,0,1,1,0,0.4,1,1.1,0.9
26,1,0.03968775574804096,0.00994668918802923,0,0,1,1,0,0.4,1,1.1,0.9
46,1,0.0011741125161822334,0.0002942603342043618,0,0,1,1,0,0.4,1,1.1,0.9
41,1,0.0011333377981943519,0.00028404122660024834,0,0,1,1,0,0.4,1,1.1,0.9
29,1,0.06690589083048734,0.016768196850534232,0,0,1,1,0,0.4,1,1.1,0.9
37,1,0.0011400968487152094,0.00028573520433897387,0,0,1,1,0,0.4,1,1.1,0.9
40,1,0.0011026473827481739,0.00027634948344821354,0,0,1,1,0,0.4,1,1.1,0.9
