F_BUS,T_BUS,BR_R,BR_X,BR_B,RATE_A,RATE_B,RATE_C,TAP,SHIFT,BR_STATUS,ANGMIN,ANGMAX
1,2,2.1348493485624527,0.821095903293251,2.154439205933295e-09,0,0,0,0,0,1,-90,90
1,3,1.9686217940386235,0.7571622284763937,1.9866863100141032e-09,0,0,0,0,0,1,-90,90
2,4,3.2902522960994935,1.2654816523459593,3.32044439056184e-09,0,0,0,0,0,1,-90,90
3,5,2.920562608907476,1.12329331111826,2.9473623477226005e-09,0,0,0,0,0,1,-90,90
3,6,6.007866747253568,2.310717979712911,6.062996282628501e-09,0,0,0,0,0,1,-90,90
4,10,1.0630672144335669,0.40887200555137193,1.0728221580882075e-09,0,0,0,0,0,1,-90,90
6,13,12.324366380217725,4.7401409154683565,1.2437457535683588e-08,0,0,0,0,0,1,-90,90
6,12,5.639835323763491,2.1691674322167276,5.69158772009158e-09,0,0,0,0,0,1,-90,90
10,9,4.358964901836171,1.6765249622446814,4.398963743332401e-09,0,0,0,0,0,1,-90,90
13,19,7.959248837920515,3.061249553046352,8.03228469387864e-09,0,0,0,0,0,1,-90,90
13,16,6.093794835752451,2.3437672445201736,6.149712866577414e-09,0,0,0,0,0,1,-90,90
9,11,2.7305199999999994,1.0501999999999998,2.7555758651289614e-09,0,0,0,0,0,1,-90,90
9,7,1.8837260434969696,0.7245100167296037,1.901011536987504e-09,0,0,0,0,0,1,-90,90
19,21,1.0894416029930336,0.4190160011511668,1.099438563964011e-09,0,0,0,0,0,1,-90,90
16,17,2.5797365538346506,0.992206366859481,2.6034087961771834e-09,0,0,0,0,0,1,-90,90
7,8,4.660291075908561,1.7924196445802159,4.703054954092815e-09,0,0,0,0,0,1,-90,90
11,24,0.7413899999999999,0.28514999999999996,7.481931612469276e-10,0,0,0,0,0,1,-90,90
21,22,6.348767380773752,2.441833607989905,6.4070250969698675e-09,0,0,0,0,0,1,-90,90
17,18,1.79981607584784,0.6922369522491693,1.8163315926187776e-09,0,0,0,0,0,1,-90,90
14,23,7.030613258408638,2.7040820224648616,7.095127745603964e-09,0,0,0,0,0,1,-90,90
23,22,4.334317111239655,1.6670450427844832,4.3740897790704616e-09,0,0,0,0,0,1,-90,90
15,18,4.483365213918662,1.7243712361225625,4.524505580634095e-09,0,0,0,0,0,1,-90,90
18,20,5.408201505569042,2.0800775021419393,5.457828377928075e-09,0,0,0,0,0,1,-90,90
