BUS_I,BUS_TYPE,Pd,Qd,Gs,Bs,area,Vm,Va,baseKV,zone,Vmax,Vmin
1,3,0.0714408680480297,0.017904769277155105,0,0,1,1,0,0.4,1,1.1,0.9
2,1,0.022006676782660568,0.00551539309524572,0,0,1,1,0,0.4,1,1.1,0.9
3,1,0.013586212883441535,0.003405025914085906,0,0,1,1,0,0.4,1,1.1,0.9
4,1,0.0110159004081768,0.0027608448858141227,0,0,1,1,0,0.4,1,1.1,0.9
5,1,0.0,0.0,0,0,1,1,0,0.4,1,1.1,0.9
22,1,0.04016651371327168,0.010066677244463444,0,0,1,1,0,0.4,1,1.1,0.9
9,1,0.028415786131028783,0.007121667309011459,0,0,1,1,0,0.4,1,1.1,0.9
6,1,0.0042060676607894075,0.0010541399214229565,0,0,1,1,0,0.4,1,1.1,0.9
23,1,0.01882109960683016,0.004717012197781416,0,0,1,1,0,0.4,1,1.1,0.9
25,1,0.01836319677765457,0.0046022509311317225,0,0,1,1,0,0.4,1,1.1,0.9
7,1,0.0070459241186879625,0.0017658750395450956,0,0,1,1,0,0.4,1,1.1,0.9
8,1,0.0,0.0,0,0,1,1,0,0.4,1,1.1,0.9
12,1,0.0040018025297569055,0.0010029462539545547,0,0,1,1,0,0.4,1,1.1,0.9
11,1,0.0043178741750883095,0.0010821612752628753,0,0,1,1,0,0.4,1,1.1,0.9
21,1,0.012476313660799723,0.0031268589482403176,0,0,1,1,0,0.4,1,1.1,0.9
10,1,0.0077500449620570245,0.001942344357293071,0,0,1,1,0,0.4,1,1.1,0.9
26,1,0.012267729466658009,0.0030745828215216734,0,0,1,1,0,0.4,1,1.1,0.9
17,1,0.0,0.0,0,0,1,1,0,0.4,1,1.1,0.9
16,1,0.003594902213681038,0.0009009674219890489,0,0,1,1,0,0.4,1,1.1,0.9
19,1,0.010589744884220495,0.0026540402438619422,0,0,1,1,0,0.4,1,1.1,0.9
13,1,0.0054747687387154895,0.0013721063837939436,0,0,1,1,0,0.4,1,1.1,0.9
18,1,0.007212321824819855,0.0018075782357399738,0,0,1,1,0,0.4,1,1.1,0.9
20,1,0.01330703095635858,0.0033350563276663896,0,0,1,1,0,0.4,1,1.1,0.9
24,1,0.047734549367257864,0.011963405769301733,0,0,1,1,0,0.4,1,1.1,0.9
27,1,0.002135613165623297,0.0005352351117854949,0,0,1,1,0,0.4,1,1.1,0.9
28,1,0.0020909120629463637,0.0005240319594200054,0,0,1,1,0,0.4,1,1.1,0.9
29,1,0.02456388556610136,0.006156290028780175,0,0,1,1,0,0.4,1,1.1,0.9
