BUS_I,BUS_TYPE,Pd,Qd,Gs,Bs,area,Vm,Va,baseKV,zone,Vmax,Vmin
1,1,0.012967690535425616,0.0032500096014825386,0,0,1,1,0,0.4,1,1.1,0.9
2,1,0.012131744068861028,0.003040501668266646,0,0,1,1,0,0.4,1,1.1,0.9
3,1,0.0,0.0,0,0,1,1,0,0.4,1,1.1,0.9
4,1,0.0,0.0,0,0,1,1,0,0.4,1,1.1,0.9
5,1,0.0,0.0,0,0,1,1,0,0.4,1,1.1,0.9
10,1,0.0,0.0,0,0,1,1,0,0.4,1,1.1,0.9
11,1,0.01215074451260322,0.0030452636283416386,0,0,1,1,0,0.4,1,1.1,0.9
6,3,0.0,0.0,0,0,1,1,0,0.4,1,1.1,0.9
12,1,0.018345717208127336,0.004597870138064669,0,0,1,1,0,0.4,1,1.1,0.9
26,1,0.016835192351930678,0.00421929692392866,0,0,1,1,0,0.4,1,1.1,0.9
19,1,0.006998799992568433,0.0017540646202625291,0,0,1,1,0,0.4,1,1.1,0.9
14,1,0.04321550401302532,0.010830826244006268,0,0,1,1,0,0.4,1,1.1,0.9
13,1,0.018499082515123128,0.004636307107154037,0,0,1,1,0,0.4,1,1.1,0.9
28,1,0.043223467018702943,0.010832821961349942,0,0,1,1,0,0.4,1,1.1,0.9
16,1,0.0,0.0,0,0,1,1,0,0.4,1,1.1,0.9
27,1,0.0059788599499018165,0.0014984435501461904,0,0,1,1,0,0.4,1,1.1,0.9
15,1,0.02805201905943366,0.007030498687107841,0,0,1,1,0,0.4,1,1.1,0.9
18,1,0.0032935674824785786,0.0008254458195115103,0,0,1,1,0,0.4,1,1.1,0.9
22,1,0.007703043640888996,0.0019305647158325383,0,0,1,1,0,0.4,1,1.1,0.9
23,1,0.0,0.0,0,0,1,1,0,0.4,1,1.1,0.9
24,1,0.027796923647151788,0.006966565750325816,0,0,1,1,0,0.4,1,1.1,0.9
25,1,0.003270777797775495,0.0008197341861333506,0,0,1,1,0,0.4,1,1.1,0.9
