F_BUS,T_BUS,BR_R,BR_X,BR_B,RATE_A,RATE_B,RATE_C,TAP,SHIFT,BR_STATUS,ANGMIN,ANGMAX
1,2,3.597931753365902,2.3026763221541775,6.041896113627855e-09,0,0,0,0,0,1,-90,90
1,3,2.634113436440936,1.6858325993221994,4.423385663054538e-09,0,0,0,0,0,1,-90,90
2,4,1.9195312499999997,1.2285,3.2234097793857638e-09,0,0,0,0,0,1,-90,90
3,5,0.2802343749999999,0.17934999999999998,4.705889653502944e-10,0,0,0,0,0,1,-90,90
3,6,1.4647024322584399,0.9374095566454014,2.4596297372246322e-09,0,0,0,0,0,1,-90,90
3,7,0.8792259513103999,0.5627046088386559,1.4764570932323685e-09,0,0,0,0,0,1,-90,90
4,17,7.547401814353233,4.830337161186069,1.2674119693201174e-08,0,0,0,0,0,1,-90,90
5,8,2.4379270247066347,1.5602732958122463,4.093935856927678e-09,0,0,0,0,0,1,-90,90
6,13,1.7937734652013417,1.1480150177288588,3.012228599942145e-09,0,0,0,0,0,1,-90,90
7,14,1.789133069236821,1.1450451643115656,6.008872251494146e-09,0,0,0,0,0,1,-90,90
17,18,0.5679542505620491,0.3634907203597114,9.53748101525006e-10,0,0,0,0,0,1,-90,90
8,9,2.246842593281499,1.4379792597001595,3.773053649386565e-09,0,0,0,0,0,1,-90,90
13,12,0.62650480348242,0.4009630742287488,1.0520702439084486e-09,0,0,0,0,0,1,-90,90
14,15,3.3870607400200883,2.1677188736128565,5.6877869077434066e-09,0,0,0,0,0,1,-90,90
14,16,0.7854320950538157,0.5026765408344421,2.6379039114262074e-09,0,0,0,0,0,1,-90,90
19,26,3.8687499999999995,2.4759999999999995,6.496672864272811e-09,0,0,0,0,0,1,-90,90
19,18,1.03884713178231,0.6648621643406784,1.7445040313222043e-09,0,0,0,0,0,1,-90,90
12,11,3.153495110872776,2.0182368709585763,5.295567331676679e-09,0,0,0,0,0,1,-90,90
15,20,2.9686301466876945,1.8999232938801245,4.9851292841481534e-09,0,0,0,0,0,1,-90,90
16,23,1.2279548273952052,0.7858910895329313,2.0620667672222907e-09,0,0,0,0,0,1,-90,90
20,21,2.143102464063884,1.371585577000886,3.5988460416517068e-09,0,0,0,0,0,1,-90,90
23,22,0.9724028807787639,0.6223378436984089,1.6329262445741149e-09,0,0,0,0,0,1,-90,90
21,25,2.193542133273769,1.403866965295212,3.683547826527637e-09,0,0,0,0,0,1,-90,90
22,24,0.9778414682178406,0.6258185396594179,1.6420590971583926e-09,0,0,0,0,0,1,-90,90
