BUS_I,BUS_TYPE,Pd,Qd,Gs,Bs,area,Vm,Va,baseKV,zone,Vmax,Vmin
1,1,0.03377982779728717,0.008466022872592155,0,0,1,1,0,0.4,1,1.1,0.9
2,1,0.0,0.0,0,0,1,1,0,0.4,1,1.1,0.9
3,1,0.0,0.0,0,0,1,1,0,0.4,1,1.1,0.9
4,1,0.0,0.0,0,0,1,1,0,0.4,1,1.1,0.9
5,1,0.0,0.0,0,0,1,1,0,0.4,1,1.1,0.9
6,1,0.009042567671630166,0.0022662810833254574,0,0,1,1,0,0.4,1,1.1,0.9
7,1,0.0033249148660440563,0.0008333022143946887,0,0,1,1,0,0.4,1,1.1,0.9
17,1,0.009984540208086307,0.002502361654453525,0,0,1,1,0,0.4,1,1.1,0.9
8,1,0.00723436079274103,0.0018131017217573888,0,0,1,1,0,0.4,1,1.1,0.9
13,1,0.008213321198357874,0.002058452326711624,0,0,1,1,0,0.4,1,1.1,0.9
14,1,0.0,0.0,0,0,1,1,0,0.4,1,1.1,0.9
19,1,0.0,0.0,0,0,1,1,0,0.4,1,1.1,0.9
26,1,0.046176319277793226,0.011572876496703476,0,0,1,1,0,0.4,1,1.1,0.9
18,1,0.0,0.0,0,0,1,1,0,0.4,1,1.1,0.9
9,1,0.01038748806464164,0.002603349906688884,0,0,1,1,0,0.4,1,1.1,0.9
12,1,0.002703803136901966,0.0006776369417086481,0,0,1,1,0,0.4,1,1.1,0.9
15,1,0.031973327018378184,0.00801327109998462,0,0,1,1,0,0.4,1,1.1,0.9
16,3,0.011219720058043742,0.0028119269051782307,0,0,1,1,0,0.4,1,1.1,0.9
11,1,0.008431498669328566,0.002113132755238572,0,0,1,1,0,0.4,1,1.1,0.9
20,1,0.03790590918723556,0.009500116344918416,0,0,1,1,0,0.4,1,1.1,0.9
23,1,0.0076590357732300276,0.0019195353045397797,0,0,1,1,0,0.4,1,1.1,0.9
21,1,0.021246509652102983,0.005324877253871001,0,0,1,1,0,0.4,1,1.1,0.9
22,1,0.019289868768515274,0.0048344968240680766,0,0,1,1,0,0.4,1,1.1,0.9
25,1,0.027725850358330882,0.0069487531050868,0,0,1,1,0,0.4,1,1.1,0.9
24,1,0.03771645882375284,0.009452635608187295,0,0,1,1,0,0.4,1,1.1,0.9
