F_BUS,T_BUS,BR_R,BR_X,BR_B,RATE_A,RATE_B,RATE_C,TAP,SHIFT,BR_STATUS,ANGMIN,ANGMAX
1,2,0.8502252477044221,0.32700971065554707,8.58027105642002e-10,0,0,0,0,0,1,-90,90
1,3,4.577481923489647,1.7605699705729416,4.619485926282236e-09,0,0,0,0,0,1,-90,90
2,4,1.5312836894183244,0.588955265160894,1.545335092666147e-09,0,0,0,0,0,1,-90,90
3,5,3.6184199999999995,1.3917,3.651623435059965e-09,0,0,0,0,0,1,-90,90
3,6,1.750986326140511,0.6734562792848119,1.7670537701549963e-09,0,0,0,0,0,1,-90,90
4,7,0.5586143575657296,0.2148516759868191,5.637403284439025e-10,0,0,0,0,0,1,-90,90
5,26,3.074435,1.1824749999999997,6.20529341290872e-09,0,0,0,0,0,1,-90,90
5,20,3.6261305880006773,1.3946656107694912,3.6594047771488794e-09,0,0,0,0,0,1,-90,90
6,27,3.9575387940562177,1.5221303054062376,3.993854059378027e-09,0,0,0,0,0,1,-90,90
20,19,6.602189571965915,2.539303681525352,6.6627727471380496e-09,0,0,0,0,0,1,-90,90
19,18,2.8261621188195645,1.086985430315217,2.8520956175237397e-09,0,0,0,0,0,1,-90,90
9,10,1.4300484337710515,0.5500186283734814,1.443170879563227e-09,0,0,0,0,0,1,-90,90
9,11,2.4155909936169473,0.9290734590834413,2.4377569994117413e-09,0,0,0,0,0,1,-90,90
10,12,0.03722216796054371,0.014316218446362966,3.756372693840395e-11,0,0,0,0,0,1,-90,90
11,13,3.6552830100543936,1.4058780807901514,3.688824708378562e-09,0,0,0,0,0,1,-90,90
12,14,0.9924471952367411,0.38171045970643885,1.0015541137253324e-09,0,0,0,0,0,1,-90,90
13,16,1.7931879389447656,0.68968766882491,1.80964263444199e-09,0,0,0,0,0,1,-90,90
14,15,0.9222743861148801,0.35472091773649234,9.307373831375684e-10,0,0,0,0,0,1,-90,90
16,17,7.830157402950556,3.0115990011348295,7.902008686891664e-09,0,0,0,0,0,1,-90,90
15,23,1.444986186951782,0.5557639180583777,1.458245704923991e-09,0,0,0,0,0,1,-90,90
17,18,1.5425723269510738,0.5932970488273362,1.5567273172737067e-09,0,0,0,0,0,1,-90,90
23,21,0.5432673790838617,0.20894899195533148,5.482525226386754e-10,0,0,0,0,0,1,-90,90
21,22,0.7100992672016201,0.2731151027698539,7.166152976526618e-10,0,0,0,0,0,1,-90,90
22,24,4.22901866899997,1.6265456419230657,4.267825094661868e-09,0,0,0,0,0,1,-90,90
