BUS_I,BUS_TYPE,Pd,Qd,Gs,Bs,area,Vm,Va,baseKV,zone,Vmax,Vmin
129,1,0.004193510302483514,0.0010509927507720285,0,0,1,1,0,0.4,1,1.1,0.9
125,1,0.003188222090676774,0.0007990437756092058,0,0,1,1,0,0.4,1,1.1,0.9
130,1,0.001185577403345249,0.0002971337057779603,0,0,1,1,0,0.4,1,1.1,0.9
131,1,0.0017667732577982289,0.0004427951172801771,0,0,1,1,0,0.4,1,1.1,0.9
132,1,0.0029915491520763173,0.0007497528909249122,0,0,1,1,0,0.4,1,1.1,0.9
133,1,0.002923999779493043,0.0007328234223452892,0,0,1,1,0,0.4,1,1.1,0.9
128,1,0.0017424221649615288,0.00043669215813647557,0,0,1,1,0,0.4,1,1.1,0.9
134,1,0.004027155858570528,0.00100930039711125,0,0,1,1,0,0.4,1,1.1,0.9
120,1,0.003858560991777186,0.0009670465405481124,0,0,1,1,0,0.4,1,1.1,0.9
121,1,0.003114873122578842,0.0007806607913819152,0,0,1,1,0,0.4,1,1.1,0.9
122,1,0.0039254704925948255,0.0009838156421467107,0,0,1,1,0,0.4,1,1.1,0.9
123,1,0.0037723233732721226,0.0009454333560427617,0,0,1,1,0,0.4,1,1.1,0.9
124,3,0.000871640713632724,0.00021845375478467705,0,0,1,1,0,0.4,1,1.1,0.9
126,1,0.00306728197886942,0.0007687333264583331,0,0,1,1,0,0.4,1,1.1,0.9
127,1,0.0037500153552554646,0.0009398424397152843,0,0,1,1,0,0.4,1,1.1,0.9
