F_BUS,T_BUS,BR_R,BR_X,BR_B,RATE_A,RATE_B,RATE_C,TAP,SHIFT,BR_STATUS,ANGMIN,ANGMAX
1,2,0.45159713750408614,0.28902216800261515,2.2750595428544686e-09,0,0,0,0,0,1,-90,90
1,3,2.4197021447693126,1.54860937265236,4.063331376683819e-09,0,0,0,0,0,1,-90,90
2,4,0.7901985158013267,0.5057270501128491,3.980868178348406e-09,0,0,0,0,0,1,-90,90
3,5,1.9760937499999998,1.2646999999999997,3.3183934456566343e-09,0,0,0,0,0,1,-90,90
4,8,1.039889923679581,0.6655295511549321,5.238765479030589e-09,0,0,0,0,0,1,-90,90
4,9,1.1739290919821295,0.7513146188685629,1.9713430116861323e-09,0,0,0,0,0,1,-90,90
5,10,1.1580483717709449,0.7411509579334048,1.9446750067591893e-09,0,0,0,0,0,1,-90,90
8,14,1.0368294251140033,0.6635708320729623,5.223347275748803e-09,0,0,0,0,0,1,-90,90
14,13,1.2244400293547981,0.7836416187870707,4.1123289499909396e-09,0,0,0,0,0,1,-90,90
12,11,1.506454907323667,0.9641311406871469,2.5297433842094433e-09,0,0,0,0,0,1,-90,90
11,13,0.31061966611423236,0.1987965863131087,5.216140500042171e-10,0,0,0,0,0,1,-90,90
