F_BUS,T_BUS,BR_R,BR_X,BR_B,RATE_A,RATE_B,RATE_C,TAP,SHIFT,BR_STATUS,ANGMIN,ANGMAX
1,3,2.6020818572403788,1.000800714323223,2.625959145108453e-09,0,0,0,0,0,1,-90,90
1,14,6.092792749662435,2.3433818267932445,6.148701585120244e-09,0,0,0,0,0,1,-90,90
3,4,5.335069999999999,2.0519499999999997,5.384025801229644e-09,0,0,0,0,0,1,-90,90
4,5,0.8475362591810826,0.3259754843004164,8.553134423556963e-10,0,0,0,0,0,1,-90,90
5,6,3.1567835335609606,1.2141475129080619,3.185750888664835e-09,0,0,0,0,0,1,-90,90
5,10,5.847458858868586,2.2490226380263794,5.901116455412455e-09,0,0,0,0,0,1,-90,90
6,7,1.467146018414261,0.5642869301593312,1.48060887997978e-09,0,0,0,0,0,1,-90,90
10,9,4.419886711848302,1.6999564276339623,4.4604445855636975e-09,0,0,0,0,0,1,-90,90
9,8,5.124830537752207,1.9710886683662336,5.1718571344307535e-09,0,0,0,0,0,1,-90,90
9,11,3.9232857784935584,1.5089560686513688,3.959286730447146e-09,0,0,0,0,0,1,-90,90
