BUS_I,BUS_TYPE,Pd,Qd,Gs,Bs,area,Vm,Va,baseKV,zone,Vmax,Vmin
7,1,0.0105898526752984,0.00265406725885256,0,0,1,1,0,0.4,1,1.1,0.9
8,1,0.017056639224292233,0.004274796741681654,0,0,1,1,0,0.4,1,1.1,0.9
9,1,0.0,0.0,0,0,1,1,0,0.4,1,1.1,0.9
10,1,0.004064448683077145,0.0010186468599514764,0,0,1,1,0,0.4,1,1.1,0.9
11,1,0.008118060363720281,0.0020345777110758138,0,0,1,1,0,0.4,1,1.1,0.9
12,1,0.011663118931824932,0.0029230531379595185,0,0,1,1,0,0.4,1,1.1,0.9
13,1,0.0,0.0,0,0,1,1,0,0.4,1,1.1,0.9
19,1,0.0049119151917031275,0.0012310419878615,0,0,1,1,0,0.4,1,1.1,0.9
64,1,0.0,0.0,0,0,1,1,0,0.4,1,1.1,0.9
14,1,0.002852705242194854,0.0007149553270110135,0,0,1,1,0,0.4,1,1.1,0.9
32,1,0.0,0.0,0,0,1,1,0,0.4,1,1.1,0.9
48,1,0.01590130534434118,0.003985242777349966,0,0,1,1,0,0.4,1,1.1,0.9
36,1,0.0,0.0,0,0,1,1,0,0.4,1,1.1,0.9
34,1,0.0,0.0,0,0,1,1,0,0.4,1,1.1,0.9
35,1,0.0,0.0,0,0,1,1,0,0.4,1,1.1,0.9
47,1,0.0,0.0,0,0,1,1,0,0.4,1,1.1,0.9
53,1,0.012978339100448214,0.003252678383442666,0,0,1,1,0,0.4,1,1.1,0.9
46,1,0.0,0.0,0,0,1,1,0,0.4,1,1.1,0.9
45,1,0.016450950529811284,0.004122996845840918,0,0,1,1,0,0.4,1,1.1,0.9
59,1,0.005943575169913807,0.0014896003507010808,0,0,1,1,0,0.4,1,1.1,0.9
56,1,0.012020784944466843,0.003012692690355888,0,0,1,1,0,0.4,1,1.1,0.9
50,1,0.006135721869304308,0.0015377568529098844,0,0,1,1,0,0.4,1,1.1,0.9
54,1,0.00388762679784934,0.0009743311182106707,0,0,1,1,0,0.4,1,1.1,0.9
57,1,0.003844579112501792,0.0009635423512888405,0,0,1,1,0,0.4,1,1.1,0.9
58,1,0.005154381884948463,0.0012918098693076466,0,0,1,1,0,0.4,1,1.1,0.9
60,1,0.0,0.0,0,0,1,1,0,0.4,1,1.1,0.9
61,3,0.01822586803515012,0.0045678331039573535,0,0,1,1,0,0.4,1,1.1,0.9
62,1,0.02294085954544758,0.005749521365063937,0,0,1,1,0,0.4,1,1.1,0.9
63,1,0.0042444775385041735,0.0010637663441868048,0,0,1,1,0,0.4,1,1.1,0.9
69,1,0.007949934137080209,0.001992441306806406,0,0,1,1,0,0.4,1,1.1,0.9
65,1,0.002405199298267854,0.0006027997654243087,0,0,1,1,0,0.4,1,1.1,0.9
66,1,0.01848182020658283,0.004631980764822959,0,0,1,1,0,0.4,1,1.1,0.9
67,1,0.0056988013904330165,0.0014282542589409083,0,0,1,1,0,0.4,1,1.1,0.9
68,1,0.0,0.0,0,0,1,1,0,0.4,1,1.1,0.9
70,1,0.010008159718680973,0.0025082812618042153,0,0,1,1,0,0.4,1,1.1,0.9
71,1,0.002310624329349997,0.0005790970439409988,0,0,1,1,0,0.4,1,1.1,0.9
72,1,0.0071598078670119915,0.001794416997305022,0,0,1,1,0,0.4,1,1.1,0.9
