BUS_I,BUS_TYPE,Pd,Qd,Gs,Bs,area,Vm,Va,baseKV,zone,Vmax,Vmin
1,1,0.03518106236903519,0.008817205359533023,0,0,1,1,0,0.4,1,1.1,0.9
3,1,0.0,0.0,0,0,1,1,0,0.4,1,1.1,0.9
8,1,0.0010677417878527577,0.00026760131674531044,0,0,1,1,0,0.4,1,1.1,0.9
9,1,0.0,0.0,0,0,1,1,0,0.4,1,1.1,0.9
5,1,0.0,0.0,0,0,1,1,0,0.4,1,1.1,0.9
6,1,0.0,0.0,0,0,1,1,0,0.4,1,1.1,0.9
31,1,0.0038683688871290673,0.0009695046308284804,0,0,1,1,0,0.4,1,1.1,0.9
28,1,0.0,0.0,0,0,1,1,0,0.4,1,1.1,0.9
27,1,0.019433439562647196,0.004870479056844725,0,0,1,1,0,0.4,1,1.1,0.9
10,1,0.0,0.0,0,0,1,1,0,0.4,1,1.1,0.9
11,1,0.0,0.0,0,0,1,1,0,0.4,1,1.1,0.9
32,1,0.06510402577986799,0.016316606900952164,0,0,1,1,0,0.4,1,1.1,0.9
12,1,0.0,0.0,0,0,1,1,0,0.4,1,1.1,0.9
29,1,0.005268920117310586,0.0013205158562292815,0,0,1,1,0,0.4,1,1.1,0.9
13,1,0.0,0.0,0,0,1,1,0,0.4,1,1.1,0.9
22,1,0.002820664508471706,0.0007069251621983738,0,0,1,1,0,0.4,1,1.1,0.9
20,1,0.00385461222435998,0.0009660568861462834,0,0,1,1,0,0.4,1,1.1,0.9
15,1,0.0,0.0,0,0,1,1,0,0.4,1,1.1,0.9
23,1,0.0,0.0,0,0,1,1,0,0.4,1,1.1,0.9
26,1,0.002283824418134493,0.000572380353059818,0,0,1,1,0,0.4,1,1.1,0.9
30,3,0.07624426647046757,0.01910861439900022,0,0,1,1,0,0.4,1,1.1,0.9
25,1,0.0021923142033272356,0.0005494457313594587,0,0,1,1,0,0.4,1,1.1,0.9
24,1,0.0,0.0,0,0,1,1,0,0.4,1,1.1,0.9
21,1,0.0027358237576099826,0.000685662065724539,0,0,1,1,0,0.4,1,1.1,0.9
19,1,0.00235563590948802,0.0005903780092930668,0,0,1,1,0,0.4,1,1.1,0.9
16,1,0.003730167574090352,0.0009348681168643093,0,0,1,1,0,0.4,1,1.1,0.9
17,1,0.0026364484994774447,0.0006607562783603008,0,0,1,1,0,0.4,1,1.1,0.9
18,1,0.0022961303929028777,0.0005754645210574729,0,0,1,1,0,0.4,1,1.1,0.9
