BUS_I,BUS_TYPE,Pd,Qd,Gs,Bs,area,Vm,Va,baseKV,zone,Vmax,Vmin
1,1,0.015024488252935,0.003765491700006682,0,0,1,1,0,0.4,1,1.1,0.9
2,1,0.010494433761350895,0.0026301530248071642,0,0,1,1,0,0.4,1,1.1,0.9
3,1,0.0,0.0,0,0,1,1,0,0.4,1,1.1,0.9
4,1,0.014366514801837607,0.0036005880089642938,0,0,1,1,0,0.4,1,1.1,0.9
5,1,0.014533140772360831,0.0036423484136082385,0,0,1,1,0,0.4,1,1.1,0.9
6,1,0.0,0.0,0,0,1,1,0,0.4,1,1.1,0.9
14,1,0.0,0.0,0,0,1,1,0,0.4,1,1.1,0.9
28,1,0.006425420442971446,0.001610362159412373,0,0,1,1,0,0.4,1,1.1,0.9
30,1,0.0315957755961653,0.00791864779416982,0,0,1,1,0,0.4,1,1.1,0.9
10,1,0.0,0.0,0,0,1,1,0,0.4,1,1.1,0.9
11,1,0.0,0.0,0,0,1,1,0,0.4,1,1.1,0.9
25,1,0.03176361823109204,0.007960713123656196,0,0,1,1,0,0.4,1,1.1,0.9
12,1,0.0,0.0,0,0,1,1,0,0.4,1,1.1,0.9
20,1,0.0234523386168464,0.005877710103718856,0,0,1,1,0,0.4,1,1.1,0.9
19,1,0.01570908725475185,0.003937068383070788,0,0,1,1,0,0.4,1,1.1,0.9
22,1,0.013401272998940684,0.0033586756099447906,0,0,1,1,0,0.4,1,1.1,0.9
27,3,0.01504192227409007,0.0037698610775756206,0,0,1,1,0,0.4,1,1.1,0.9
31,1,0.022662774593724802,0.005679826706585015,0,0,1,1,0,0.4,1,1.1,0.9
32,1,0.018393772675169853,0.004609913973384863,0,0,1,1,0,0.4,1,1.1,0.9
16,1,0.0037709184678680957,0.0009450812535585307,0,0,1,1,0,0.4,1,1.1,0.9
15,1,0.01838646643448495,0.004608082856864013,0,0,1,1,0,0.4,1,1.1,0.9
33,1,0.005300985524181152,0.0013285522047155514,0,0,1,1,0,0.4,1,1.1,0.9
26,1,0.012072520058581483,0.0030256587321616396,0,0,1,1,0,0.4,1,1.1,0.9
29,1,0.007681228134427697,0.001925097234536101,0,0,1,1,0,0.4,1,1.1,0.9
24,1,0.003515527987334416,0.000881074365701806,0,0,1,1,0,0.4,1,1.1,0.9
18,1,0.011945960716516067,0.0029939399711574146,0,0,1,1,0,0.4,1,1.1,0.9
21,1,0.004778166993899727,0.001197521529777267,0,0,1,1,0,0.4,1,1.1,0.9
17,1,0.01751187534508303,0.004388889668210856,0,0,1,1,0,0.4,1,1.1,0.9
23,1,0.009023444650599613,0.0022614884024861922,0,0,1,1,0,0.4,1,1.1,0.9
