F_BUS,T_BUS,BR_R,BR_X,BR_B,RATE_A,RATE_B,RATE_C,TAP,SHIFT,BR_STATUS,ANGMIN,ANGMAX
1,2,7.229257492585852,4.626724795254946,1.213986972043255e-08,0,0,0,0,0,1,-90,90
2,3,0.6574999999999999,0.4207999999999999,1.1041195239442648e-09,0,0,0,0,0,1,-90,90
3,9,5.111531983060356,3.271380469158628,8.583638417889713e-09,0,0,0,0,0,1,-90,90
3,4,3.109269599413887,1.9899325436248876,5.221300790751691e-09,0,0,0,0,0,1,-90,90
3,8,1.0120617931364966,0.6477195476073578,1.6995242361065366e-09,0,0,0,0,0,1,-90,90
9,13,0.1881651489751174,0.12042569534407513,3.159799463259442e-10,0,0,0,0,0,1,-90,90
9,12,5.426470078422979,3.472940850190707,9.112504273286963e-09,0,0,0,0,0,1,-90,90
4,7,3.6017344499968322,2.3051100479979727,6.048281865101387e-09,0,0,0,0,0,1,-90,90
12,11,1.029478238940347,0.6588660729218221,1.7287711377791575e-09,0,0,0,0,0,1,-90,90
10,11,1.3063069511407348,0.8360364487300702,2.1936410783552735e-09,0,0,0,0,0,1,-90,90
