BUS_I,BUS_TYPE,Pd,Qd,Gs,Bs,area,Vm,Va,baseKV,zone,Vmax,Vmin
1,1,0.0010700659884251688,0.0002681838163164925,0,0,1,1,0,0.4,1,1.1,0.9
2,1,0.03494242445028093,0.008757397059426662,0,0,1,1,0,0.4,1,1.1,0.9
3,1,0.002112252755255671,0.0005293804410727763,0,0,1,1,0,0.4,1,1.1,0.9
4,1,0.005454558452359099,0.0013670412085780835,0,0,1,1,0,0.4,1,1.1,0.9
5,1,0.003046666908077999,0.0007635667027002838,0,0,1,1,0,0.4,1,1.1,0.9
24,1,0.030875318914540095,0.0077380843294312385,0,0,1,1,0,0.4,1,1.1,0.9
11,1,0.003610710898464735,0.0009049294518658006,0,0,1,1,0,0.4,1,1.1,0.9
25,1,0.0,0.0,0,0,1,1,0,0.4,1,1.1,0.9
9,3,0.0032654592854351626,0.0008184012412944479,0,0,1,1,0,0.4,1,1.1,0.9
6,1,0.08315225622228097,0.02083991982759631,0,0,1,1,0,0.4,1,1.1,0.9
7,1,0.002803974131330754,0.0007027421593874821,0,0,1,1,0,0.4,1,1.1,0.9
8,1,0.0028343572819696356,0.000710356894719876,0,0,1,1,0,0.4,1,1.1,0.9
10,1,0.0,0.0,0,0,1,1,0,0.4,1,1.1,0.9
12,1,0.0,0.0,0,0,1,1,0,0.4,1,1.1,0.9
14,1,0.00688002934898563,0.001724297891101013,0,0,1,1,0,0.4,1,1.1,0.9
13,1,0.009102622646636466,0.002281332278821993,0,0,1,1,0,0.4,1,1.1,0.9
23,1,0.0,0.0,0,0,1,1,0,0.4,1,1.1,0.9
15,1,0.012228984286229956,0.003064872363976566,0,0,1,1,0,0.4,1,1.1,0.9
16,1,0.020070745716704405,0.005030203034997312,0,0,1,1,0,0.4,1,1.1,0.9
18,1,0.0,0.0,0,0,1,1,0,0.4,1,1.1,0.9
19,1,0.0,0.0,0,0,1,1,0,0.4,1,1.1,0.9
21,1,0.004119015339757809,0.0010323225532176356,0,0,1,1,0,0.4,1,1.1,0.9
20,1,0.017341566565524442,0.004346206264618667,0,0,1,1,0,0.4,1,1.1,0.9
22,1,0.007454131169124986,0.0018681813700122615,0,0,1,1,0,0.4,1,1.1,0.9
28,1,0.025862907578835023,0.006481855633726423,0,0,1,1,0,0.4,1,1.1,0.9
27,1,0.0,0.0,0,0,1,1,0,0.4,1,1.1,0.9
