BUS_I,BUS_TYPE,Pd,Qd,Gs,Bs,area,Vm,Va,baseKV,zone,Vmax,Vmin
1,1,0.0038975039680468992,0.0009768065704039391,0,0,1,1,0,0.4,1,1.1,0.9
2,1,0.009211680229059166,0.0023086646853919973,0,0,1,1,0,0.4,1,1.1,0.9
3,1,0.003892676713853144,0.0009755967464622246,0,0,1,1,0,0.4,1,1.1,0.9
4,1,0.0,0.0,0,0,1,1,0,0.4,1,1.1,0.9
17,1,0.0,0.0,0,0,1,1,0,0.4,1,1.1,0.9
36,1,0.004366535601616856,0.0010943569783456696,0,0,1,1,0,0.4,1,1.1,0.9
19,1,0.0,0.0,0,0,1,1,0,0.4,1,1.1,0.9
15,1,0.0012582190683566193,0.00031533942314218046,0,0,1,1,0,0.4,1,1.1,0.9
12,1,0.005358333117013293,0.0013429248662790896,0,0,1,1,0,0.4,1,1.1,0.9
5,1,0.0022078103546824728,0.0005533294329756382,0,0,1,1,0,0.4,1,1.1,0.9
6,1,0.0042348337287555484,0.001061349377635029,0,0,1,1,0,0.4,1,1.1,0.9
7,1,0.005538995606801085,0.0013882031542544276,0,0,1,1,0,0.4,1,1.1,0.9
8,1,0.0,0.0,0,0,1,1,0,0.4,1,1.1,0.9
9,1,0.0048484413681556884,0.0012151339481524682,0,0,1,1,0,0.4,1,1.1,0.9
14,1,0.018478838871147048,0.00463123357173063,0,0,1,1,0,0.4,1,1.1,0.9
10,1,0.0034697343988227174,0.0008695974105768526,0,0,1,1,0,0.4,1,1.1,0.9
26,1,0.0,0.0,0,0,1,1,0,0.4,1,1.1,0.9
34,1,0.0030391443260691453,0.0007616813659327287,0,0,1,1,0,0.4,1,1.1,0.9
11,1,0.0,0.0,0,0,1,1,0,0.4,1,1.1,0.9
25,1,0.0,0.0,0,0,1,1,0,0.4,1,1.1,0.9
13,1,0.0,0.0,0,0,1,1,0,0.4,1,1.1,0.9
38,1,0.005120872888439937,0.0012834117231542322,0,0,1,1,0,0.4,1,1.1,0.9
35,1,0.0022501728895618764,0.0005639464850039145,0,0,1,1,0,0.4,1,1.1,0.9
16,1,0.0022348666240141544,0.0005601103732570278,0,0,1,1,0,0.4,1,1.1,0.9
18,1,0.0018856193081979937,0.00047258074517146116,0,0,1,1,0,0.4,1,1.1,0.9
20,1,0.0021474106314308726,0.0005381918354243757,0,0,1,1,0,0.4,1,1.1,0.9
41,1,0.020534039906324252,0.005146315503941741,0,0,1,1,0,0.4,1,1.1,0.9
28,3,0.0006088839067255972,0.00015260069151406844,0,0,1,1,0,0.4,1,1.1,0.9
21,1,0.0044271527558670636,0.00110954906924185,0,0,1,1,0,0.4,1,1.1,0.9
27,1,0.0008393353716295572,0.00021035727288586505,0,0,1,1,0,0.4,1,1.1,0.9
22,1,0.0027554077753655305,0.0006905702832338372,0,0,1,1,0,0.4,1,1.1,0.9
23,1,0.003604173603720675,0.0009032910513635774,0,0,1,1,0,0.4,1,1.1,0.9
29,1,0.0,0.0,0,0,1,1,0,0.4,1,1.1,0.9
30,1,0.0014034578742386727,0.00035173969906911054,0,0,1,1,0,0.4,1,1.1,0.9
32,1,0.0,0.0,0,0,1,1,0,0.4,1,1.1,0.9
31,1,0.0,0.0,0,0,1,1,0,0.4,1,1.1,0.9
37,1,0.06532226523610116,0.016371302864450252,0,0,1,1,0,0.4,1,1.1,0.9
39,1,0.005441582903164477,0.0013637892294109505,0,0,1,1,0,0.4,1,1.1,0.9
33,1,0.006645575173800674,0.0016655381359713564,0,0,1,1,0,0.4,1,1.1,0.9
