F_BUS,T_BUS,BR_R,BR_X,BR_B,RATE_A,RATE_B,RATE_C,TAP,SHIFT,BR_STATUS,ANGMIN,ANGMAX
18,32,1.983375168124869,1.2693601075999161,3.3306209071222924e-09,0,0,0,0,0,1,-90,90
32,34,0.5711199678508352,0.36551677942453453,9.59064193184073e-10,0,0,0,0,0,1,-90,90
32,31,4.678759259546287,2.9944059261096236,7.856896496273868e-09,0,0,0,0,0,1,-90,90
19,43,4.066103877227844,2.6023064814258206,6.828083159289334e-09,0,0,0,0,0,1,-90,90
43,44,2.1623532648315553,1.3839060894921957,3.6311733191865314e-09,0,0,0,0,0,1,-90,90
34,36,3.332702138414302,2.1329293685851534,5.59650418024948e-09,0,0,0,0,0,1,-90,90
31,29,0.5643575651716674,0.36118884170986715,9.477082983903968e-10,0,0,0,0,0,1,-90,90
44,47,3.562923517787866,2.280271051384234,5.983107860547171e-09,0,0,0,0,0,1,-90,90
23,25,3.0236785602371627,1.9351542785517841,5.077570391619068e-09,0,0,0,0,0,1,-90,90
25,26,1.1506781287488017,0.7364340023992332,1.9322983843759768e-09,0,0,0,0,0,1,-90,90
26,27,1.8650516884673676,1.193633080619115,3.1319239276076613e-09,0,0,0,0,0,1,-90,90
26,28,2.9497345966665462,1.88783014186659,4.95339856826372e-09,0,0,0,0,0,1,-90,90
27,30,0.5248773531894996,0.33592150604127974,8.814103929014693e-10,0,0,0,0,0,1,-90,90
30,29,0.14570825787401653,0.09325328503937058,2.4468339516138e-10,0,0,0,0,0,1,-90,90
36,37,0.1229441190456484,0.07868423618921498,2.0645627709875034e-10,0,0,0,0,0,1,-90,90
40,41,3.1613442428406846,2.023260315418038,5.308748137534904e-09,0,0,0,0,0,1,-90,90
41,42,1.2820895976311506,0.8205373424839363,2.152973621582358e-09,0,0,0,0,0,1,-90,90
38,37,2.303908561172178,1.4745014791501938,3.868882773798542e-09,0,0,0,0,0,1,-90,90
37,39,2.896294204368794,1.8536282907960282,4.863657761414763e-09,0,0,0,0,0,1,-90,90
39,45,2.6115411110984246,1.6713863111029919,4.385480651478128e-09,0,0,0,0,0,1,-90,90
45,46,3.0003152970515576,1.9202017901129966,5.03833718245363e-09,0,0,0,0,0,1,-90,90
46,48,11.554649548772387,7.394975711214328,1.9403367542408188e-08,0,0,0,0,0,1,-90,90
46,47,1.5391406249999997,0.9850499999999999,2.5846315044232367e-09,0,0,0,0,0,1,-90,90
42,51,4.298876501273559,2.751280960815078,7.218971066283422e-09,0,0,0,0,0,1,-90,90
51,50,4.564059701926984,2.92099820923327,7.664285057558671e-09,0,0,0,0,0,1,-90,90
50,49,2.296385765634518,1.4696868900060915,3.856249974668852e-09,0,0,0,0,0,1,-90,90
47,49,2.1996874999999996,1.4077999999999997,3.6938675518268443e-09,0,0,0,0,0,1,-90,90
48,52,6.967734374999999,4.459349999999999,1.1700701994060973e-08,0,0,0,0,0,1,-90,90
