BUS_I,BUS_TYPE,Pd,Qd,Gs,Bs,area,Vm,Va,baseKV,zone,Vmax,Vmin
1,1,0.0004276098401038908,0.00010716912793604428,0,0,1,1,0,0.4,1,1.1,0.9
2,1,0.0005359859049904789,0.00013433073011108766,0,0,1,1,0,0.4,1,1.1,0.9
3,1,0.0002586410227563556,6.482155052968577e-05,0,0,1,1,0,0.4,1,1.1,0.9
17,1,0.0,0.0,0,0,1,1,0,0.4,1,1.1,0.9
18,1,0.0005383165766304127,0.0001349148514846657,0,0,1,1,0,0.4,1,1.1,0.9
4,1,0.0002177804165657654,5.458091731292028e-05,0,0,1,1,0,0.4,1,1.1,0.9
5,1,0.0001796049981237492,4.501325558177194e-05,0,0,1,1,0,0.4,1,1.1,0.9
6,1,0.0,0.0,0,0,1,1,0,0.4,1,1.1,0.9
7,1,0.0007052374676309171,0.00017674917016752238,0,0,1,1,0,0.4,1,1.1,0.9
8,1,0.01036070164195505,0.002596636596351707,0,0,1,1,0,0.4,1,1.1,0.9
9,1,0.0004345919963187549,0.0001089190212324156,0,0,1,1,0,0.4,1,1.1,0.9
11,1,0.0001845665635739634,4.6256741097371566e-05,0,0,1,1,0,0.4,1,1.1,0.9
10,1,0.00018413232851276882,4.614791153251363e-05,0,0,1,1,0,0.4,1,1.1,0.9
12,1,0.0002601260345035541,6.519372955597613e-05,0,0,1,1,0,0.4,1,1.1,0.9
20,1,0.00022489361729807587,5.636365346120568e-05,0,0,1,1,0,0.4,1,1.1,0.9
21,3,0.0004942412812535314,0.00012386854121286203,0,0,1,1,0,0.4,1,1.1,0.9
13,1,0.00040104053479451566,0.00010051023234285482,0,0,1,1,0,0.4,1,1.1,0.9
14,1,0.0,0.0,0,0,1,1,0,0.4,1,1.1,0.9
15,1,0.00034047490494183485,8.533105467792533e-05,0,0,1,1,0,0.4,1,1.1,0.9
16,1,0.0009126172171454291,0.00022872343460836385,0,0,1,1,0,0.4,1,1.1,0.9
26,1,0.00018168574807145765,4.553474067503992e-05,0,0,1,1,0,0.4,1,1.1,0.9
23,1,0.0005935809428168827,0.0001487654072359161,0,0,1,1,0,0.4,1,1.1,0.9
24,1,0.0,0.0,0,0,1,1,0,0.4,1,1.1,0.9
19,1,0.00036159757250611404,9.062489417889842e-05,0,0,1,1,0,0.4,1,1.1,0.9
27,1,0.0,0.0,0,0,1,1,0,0.4,1,1.1,0.9
28,1,0.0,0.0,0,0,1,1,0,0.4,1,1.1,0.9
25,1,0.0011376971096849744,0.0002851337730457139,0,0,1,1,0,0.4,1,1.1,0.9
22,1,0.0,0.0,0,0,1,1,0,0.4,1,1.1,0.9
30,1,0.0,0.0,0,0,1,1,0,0.4,1,1.1,0.9
29,1,0.00029091086472258907,7.290913528057686e-05,0,0,1,1,0,0.4,1,1.1,0.9
