F_BUS,T_BUS,BR_R,BR_X,BR_B,RATE_A,RATE_B,RATE_C,TAP,SHIFT,BR_STATUS,ANGMIN,ANGMAX
1,2,4.884782731003058,1.8787625888473296,4.929606595062758e-09,0,0,0,0,0,1,-90,90
2,3,2.778685271103629,1.0687251042706267,2.8041831115840527e-09,0,0,0,0,0,1,-90,90
2,4,11.293489999999998,4.343649999999999,1.1397121602139986e-08,0,0,0,0,0,1,-90,90
3,5,8.979324495555787,3.453586344444534,9.061720794982207e-09,0,0,0,0,0,1,-90,90
4,12,13.655069999999997,5.251949999999999,1.3780371990919872e-08,0,0,0,0,0,1,-90,90
4,10,4.183139999999999,1.6088999999999998,4.221525432685189e-09,0,0,0,0,0,1,-90,90
12,7,33.06241763211181,12.71631447388916,3.3365805806169355e-08,0,0,0,0,0,1,-90,90
10,9,3.606868412502121,1.3872570817315852,3.639965847599306e-09,0,0,0,0,0,1,-90,90
7,6,0.01721247299917191,0.006620181922758427,1.7370418519440266e-11,0,0,0,0,0,1,-90,90
