BUS_I,BUS_TYPE,Pd,Qd,Gs,Bs,area,Vm,Va,baseKV,zone,Vmax,Vmin
1,1,0.0005372233627079545,0.00013464086624922556,0,0,1,1,0,0.4,1,1.1,0.9
2,1,0.0006290464354757988,0.00015765389754557498,0,0,1,1,0,0.4,1,1.1,0.9
3,1,0.0007042665563254498,0.00017650583685722043,0,0,1,1,0,0.4,1,1.1,0.9
33,1,0.0,0.0,0,0,1,1,0,0.4,1,1.1,0.9
29,1,0.0,0.0,0,0,1,1,0,0.4,1,1.1,0.9
4,1,0.0,0.0,0,0,1,1,0,0.4,1,1.1,0.9
6,1,0.0015519723269752535,0.00038896092948282436,0,0,1,1,0,0.4,1,1.1,0.9
27,1,0.001177437650413345,0.0002950936913968248,0,0,1,1,0,0.4,1,1.1,0.9
24,1,0.0017737179249623805,0.0004445356149347853,0,0,1,1,0,0.4,1,1.1,0.9
17,1,0.0005566782490114106,0.00013951672036598237,0,0,1,1,0,0.4,1,1.1,0.9
18,1,0.0036062183027949636,0.0009038035012562878,0,0,1,1,0,0.4,1,1.1,0.9
19,1,0.0,0.0,0,0,1,1,0,0.4,1,1.1,0.9
25,1,0.0,0.0,0,0,1,1,0,0.4,1,1.1,0.9
20,1,0.0025302035309555503,0.0006341287792800235,0,0,1,1,0,0.4,1,1.1,0.9
21,1,0.0,0.0,0,0,1,1,0,0.4,1,1.1,0.9
22,1,0.0005769883032204147,0.0001446068997626584,0,0,1,1,0,0.4,1,1.1,0.9
23,3,0.0,0.0,0,0,1,1,0,0.4,1,1.1,0.9
31,1,0.0010076999416478328,0.0002525534116365586,0,0,1,1,0,0.4,1,1.1,0.9
32,1,0.00040344322780523173,0.00010111240397340923,0,0,1,1,0,0.4,1,1.1,0.9
30,1,0.0002743251114357594,6.875235367919915e-05,0,0,1,1,0,0.4,1,1.1,0.9
26,1,0.0025381067294829415,0.0006361095075389433,0,0,1,1,0,0.4,1,1.1,0.9
28,1,0.000530238713357582,0.00013289034811419712,0,0,1,1,0,0.4,1,1.1,0.9
34,1,0.0004532562416149329,0.0001135967220343659,0,0,1,1,0,0.4,1,1.1,0.9
35,1,0.0005305070963005768,0.0001329576112200851,0,0,1,1,0,0.4,1,1.1,0.9
