F_BUS,T_BUS,BR_R,BR_X,BR_B,RATE_A,RATE_B,RATE_C,TAP,SHIFT,BR_STATUS,ANGMIN,ANGMAX
1,2,1.268495660331213,0.48788294628123574,1.28013566156978e-09,0,0,0,0,0,1,-90,90
2,4,3.131003258528717,1.204232022511045,3.15973404803549e-09,0,0,0,0,0,1,-90,90
4,5,1.3728539778659548,0.5280207607176749,1.3854515944778703e-09,0,0,0,0,0,1,-90,90
5,6,2.521681608013516,0.9698775415436601,2.544821125126949e-09,0,0,0,0,0,1,-90,90
6,7,0.30048568414959487,0.11557141698061342,3.032430083132106e-10,0,0,0,0,0,1,-90,90
7,8,3.515481197906924,1.3521081530411247,7.095480086772462e-09,0,0,0,0,0,1,-90,90
8,10,0.39246999999999993,0.15094999999999997,7.921427858335873e-10,0,0,0,0,0,1,-90,90
10,9,2.7505831257120157,1.057916586812314,5.5516461891822895e-09,0,0,0,0,0,1,-90,90
9,11,8.84624448182978,3.4024017237806845,8.927419609144193e-09,0,0,0,0,0,1,-90,90
11,12,14.612129999999997,5.620049999999999,1.4746214188552675e-08,0,0,0,0,0,1,-90,90
12,13,7.214939023830052,2.7749765476269435,7.28114492567101e-09,0,0,0,0,0,1,-90,90
