BUS_I,BUS_TYPE,Pd,Qd,Gs,Bs,area,Vm,Va,baseKV,zone,Vmax,Vmin
1,1,0.026515170080091622,0.0066453280258212104,0,0,1,1,0,0.4,1,1.1,0.9
2,1,0.0,0.0,0,0,1,1,0,0.4,1,1.1,0.9
3,1,0.0,0.0,0,0,1,1,0,0.4,1,1.1,0.9
4,1,0.0,0.0,0,0,1,1,0,0.4,1,1.1,0.9
21,1,0.024334961399867332,0.006098916224536507,0,0,1,1,0,0.4,1,1.1,0.9
7,1,0.0,0.0,0,0,1,1,0,0.4,1,1.1,0.9
36,1,0.026258714373528537,0.0065810541671562405,0,0,1,1,0,0.4,1,1.1,0.9
5,1,0.0,0.0,0,0,1,1,0,0.4,1,1.1,0.9
6,1,0.0,0.0,0,0,1,1,0,0.4,1,1.1,0.9
38,1,0.02417738255921448,0.006059423244370672,0,0,1,1,0,0.4,1,1.1,0.9
41,1,0.02579642282680736,0.006465192984209008,0,0,1,1,0,0.4,1,1.1,0.9
17,1,0.0,0.0,0,0,1,1,0,0.4,1,1.1,0.9
8,1,0.0,0.0,0,0,1,1,0,0.4,1,1.1,0.9
39,1,0.012810700889312786,0.0032106642873877727,0,0,1,1,0,0.4,1,1.1,0.9
40,1,0.026601166971842102,0.006666880878514849,0,0,1,1,0,0.4,1,1.1,0.9
9,1,0.0,0.0,0,0,1,1,0,0.4,1,1.1,0.9
35,1,0.01170549147904441,0.002933672699316753,0,0,1,1,0,0.4,1,1.1,0.9
33,1,0.0,0.0,0,0,1,1,0,0.4,1,1.1,0.9
10,1,0.0,0.0,0,0,1,1,0,0.4,1,1.1,0.9
37,1,0.007076396038946521,0.0017735120226413054,0,0,1,1,0,0.4,1,1.1,0.9
11,1,0.0,0.0,0,0,1,1,0,0.4,1,1.1,0.9
26,1,0.09013223063722899,0.022589266313365063,0,0,1,1,0,0.4,1,1.1,0.9
12,1,0.0,0.0,0,0,1,1,0,0.4,1,1.1,0.9
34,1,0.011978350283574175,0.003002057561844757,0,0,1,1,0,0.4,1,1.1,0.9
13,3,0.0,0.0,0,0,1,1,0,0.4,1,1.1,0.9
15,1,0.0,0.0,0,0,1,1,0,0.4,1,1.1,0.9
16,1,0.0,0.0,0,0,1,1,0,0.4,1,1.1,0.9
31,1,0.004754050398557997,0.0011914773412456565,0,0,1,1,0,0.4,1,1.1,0.9
14,1,0.0,0.0,0,0,1,1,0,0.4,1,1.1,0.9
32,1,0.010600436903375364,0.002656719916454192,0,0,1,1,0,0.4,1,1.1,0.9
43,1,0.015314654936742592,0.0038382143259691674,0,0,1,1,0,0.4,1,1.1,0.9
20,1,0.0,0.0,0,0,1,1,0,0.4,1,1.1,0.9
18,1,0.0,0.0,0,0,1,1,0,0.4,1,1.1,0.9
30,1,0.0019490929940484602,0.0004884887503703786,0,0,1,1,0,0.4,1,1.1,0.9
29,1,0.0023222765561321146,0.0005820173672489217,0,0,1,1,0,0.4,1,1.1,0.9
42,1,0.010485186338962527,0.0026278354022922644,0,0,1,1,0,0.4,1,1.1,0.9
22,1,0.0,0.0,0,0,1,1,0,0.4,1,1.1,0.9
28,1,0.0028396445764736888,0.000711682015631506,0,0,1,1,0,0.4,1,1.1,0.9
27,1,0.007663652494242265,0.0019206923638924954,0,0,1,1,0,0.4,1,1.1,0.9
23,1,0.0,0.0,0,0,1,1,0,0.4,1,1.1,0.9
24,1,0.03407469147977935,0.008539922677388555,0,0,1,1,0,0.4,1,1.1,0.9
25,1,0.03435315143510819,0.008609711320630374,0,0,1,1,0,0.4,1,1.1,0.9
