BUS_I,BUS_TYPE,Pd,Qd,Gs,Bs,area,Vm,Va,baseKV,zone,Vmax,Vmin
6,1,0.016092341324040964,0.004033120906964241,0,0,1,1,0,0.4,1,1.1,0.9
7,1,0.0209913202458767,0.00526092075998596,0,0,1,1,0,0.4,1,1.1,0.9
8,1,0.0,0.0,0,0,1,1,0,0.4,1,1.1,0.9
9,1,0.001868405778222302,0.00046826662790103624,0,0,1,1,0,0.4,1,1.1,0.9
10,3,0.0,0.0,0,0,1,1,0,0.4,1,1.1,0.9
11,1,0.0,0.0,0,0,1,1,0,0.4,1,1.1,0.9
29,1,0.005618827787736096,0.0014082109847804018,0,0,1,1,0,0.4,1,1.1,0.9
19,1,0.006756673996880116,0.001693382125672931,0,0,1,1,0,0.4,1,1.1,0.9
25,1,0.011240371781596798,0.002817102714984244,0,0,1,1,0,0.4,1,1.1,0.9
12,1,0.0,0.0,0,0,1,1,0,0.4,1,1.1,0.9
22,1,0.0013166365994361658,0.0003299802365071178,0,0,1,1,0,0.4,1,1.1,0.9
21,1,0.021440451647629106,0.005373483699704102,0,0,1,1,0,0.4,1,1.1,0.9
13,1,0.0,0.0,0,0,1,1,0,0.4,1,1.1,0.9
48,1,0.007184380376059362,0.0018005754485819325,0,0,1,1,0,0.4,1,1.1,0.9
17,1,0.0,0.0,0,0,1,1,0,0.4,1,1.1,0.9
27,1,0.0,0.0,0,0,1,1,0,0.4,1,1.1,0.9
14,1,0.0,0.0,0,0,1,1,0,0.4,1,1.1,0.9
26,1,0.0016118960858135507,0.0004039792391077616,0,0,1,1,0,0.4,1,1.1,0.9
18,1,0.08060791609449645,0.020202248083182987,0,0,1,1,0,0.4,1,1.1,0.9
20,1,0.012692358246384651,0.0031810048253015553,0,0,1,1,0,0.4,1,1.1,0.9
24,1,0.0013329694629038275,0.00033407363794545357,0,0,1,1,0,0.4,1,1.1,0.9
28,1,0.006012522173275177,0.0015068800985718182,0,0,1,1,0,0.4,1,1.1,0.9
