BUS_I,BUS_TYPE,Pd,Qd,Gs,Bs,area,Vm,Va,baseKV,zone,Vmax,Vmin
1,1,0.06311027736957055,0.015816926448314454,0,0,1,1,0,0.4,1,1.1,0.9
2,1,0.0,0.0,0,0,1,1,0,0.4,1,1.1,0.9
3,1,0.0,0.0,0,0,1,1,0,0.4,1,1.1,0.9
4,1,0.019215719505892917,0.004815913267126524,0,0,1,1,0,0.4,1,1.1,0.9
5,1,0.03258813115020791,0.008167355539771272,0,0,1,1,0,0.4,1,1.1,0.9
17,1,0.012045649930842317,0.0030189244433608087,0,0,1,1,0,0.4,1,1.1,0.9
20,1,0.0,0.0,0,0,1,1,0,0.4,1,1.1,0.9
16,1,0.006096648627539678,0.0015279641754435936,0,0,1,1,0,0.4,1,1.1,0.9
21,1,0.00846062533006648,0.0021204325845180223,0,0,1,1,0,0.4,1,1.1,0.9
6,1,0.046829382475819845,0.011736549562324774,0,0,1,1,0,0.4,1,1.1,0.9
7,1,0.0068394988463119305,0.0017141399896240625,0,0,1,1,0,0.4,1,1.1,0.9
8,3,0.05603316986596316,0.014043236115821244,0,0,1,1,0,0.4,1,1.1,0.9
9,1,0.0,0.0,0,0,1,1,0,0.4,1,1.1,0.9
15,1,0.0,0.0,0,0,1,1,0,0.4,1,1.1,0.9
11,1,0.0,0.0,0,0,1,1,0,0.4,1,1.1,0.9
25,1,0.0,0.0,0,0,1,1,0,0.4,1,1.1,0.9
23,1,0.005193317151080984,0.0013015679668209458,0,0,1,1,0,0.4,1,1.1,0.9
13,1,0.003785723173992601,0.0009487916626649422,0,0,1,1,0,0.4,1,1.1,0.9
10,1,0.02597462032960958,0.006509853488212038,0,0,1,1,0,0.4,1,1.1,0.9
12,1,0.0,0.0,0,0,1,1,0,0.4,1,1.1,0.9
14,1,0.011989620484772317,0.0030048821405162284,0,0,1,1,0,0.4,1,1.1,0.9
29,1,0.011778418445618612,0.0029519499199926837,0,0,1,1,0,0.4,1,1.1,0.9
30,1,0.03143111737004203,0.007877380552759194,0,0,1,1,0,0.4,1,1.1,0.9
27,1,0.0,0.0,0,0,1,1,0,0.4,1,1.1,0.9
24,1,0.007531201902777265,0.0018874971166117766,0,0,1,1,0,0.4,1,1.1,0.9
28,1,0.009602609797181336,0.0024066408706217117,0,0,1,1,0,0.4,1,1.1,0.9
26,1,0.004380577031738898,0.0010978760924539618,0,0,1,1,0,0.4,1,1.1,0.9
