BUS_I,BUS_TYPE,Pd,Qd,Gs,Bs,area,Vm,Va,baseKV,zone,Vmax,Vmin
1,1,0.024748700167819312,0.006202608934096171,0,0,1,1,0,0.4,1,1.1,0.9
2,1,0.028751237972827373,0.0072057394653990674,0,0,1,1,0,0.4,1,1.1,0.9
3,1,0.0,0.0,0,0,1,1,0,0.4,1,1.1,0.9
5,1,0.0,0.0,0,0,1,1,0,0.4,1,1.1,0.9
6,1,0.0,0.0,0,0,1,1,0,0.4,1,1.1,0.9
40,1,0.02586819498988841,0.00648318078384807,0,0,1,1,0,0.4,1,1.1,0.9
7,1,0.0,0.0,0,0,1,1,0,0.4,1,1.1,0.9
12,1,0.013289380498325825,0.0033306327059027217,0,0,1,1,0,0.4,1,1.1,0.9
25,1,0.02685441952804442,0.006730351952027054,0,0,1,1,0,0.4,1,1.1,0.9
10,1,0.01667572113007327,0.00417932966832668,0,0,1,1,0,0.4,1,1.1,0.9
9,1,0.023915724595920482,0.005993845577268983,0,0,1,1,0,0.4,1,1.1,0.9
41,1,0.06194810663920803,0.015525659007753483,0,0,1,1,0,0.4,1,1.1,0.9
11,3,0.042406606349402805,0.010628097379818142,0,0,1,1,0,0.4,1,1.1,0.9
38,1,0.019573201749529753,0.0049055067626687975,0,0,1,1,0,0.4,1,1.1,0.9
37,1,0.016763181124050272,0.00420124920900313,0,0,1,1,0,0.4,1,1.1,0.9
13,1,0.027080334031677256,0.00678697146372153,0,0,1,1,0,0.4,1,1.1,0.9
14,1,0.0,0.0,0,0,1,1,0,0.4,1,1.1,0.9
34,1,0.022256922982381678,0.005578110704800506,0,0,1,1,0,0.4,1,1.1,0.9
29,1,0.0,0.0,0,0,1,1,0,0.4,1,1.1,0.9
39,1,0.05011293513179231,0.012559485429720052,0,0,1,1,0,0.4,1,1.1,0.9
30,1,0.012301386513905459,0.0030830180726878656,0,0,1,1,0,0.4,1,1.1,0.9
28,1,0.04043168638694261,0.010133135781018352,0,0,1,1,0,0.4,1,1.1,0.9
15,1,0.008335226049831154,0.0020890045624141285,0,0,1,1,0,0.4,1,1.1,0.9
16,1,0.007683337380102924,0.0019256258613318783,0,0,1,1,0,0.4,1,1.1,0.9
17,1,0.0,0.0,0,0,1,1,0,0.4,1,1.1,0.9
18,1,0.0,0.0,0,0,1,1,0,0.4,1,1.1,0.9
19,1,0.01867825150209287,0.004681211088040133,0,0,1,1,0,0.4,1,1.1,0.9
20,1,0.011695924517106463,0.002931274992641813,0,0,1,1,0,0.4,1,1.1,0.9
21,1,0.007062963894631687,0.0017701456099502829,0,0,1,1,0,0.4,1,1.1,0.9
31,1,0.010131655337856257,0.002539232181473701,0,0,1,1,0,0.4,1,1.1,0.9
26,1,0.019864618382335053,0.004978542655379346,0,0,1,1,0,0.4,1,1.1,0.9
32,1,0.0038044433028556427,0.0009534833692089617,0,0,1,1,0,0.4,1,1.1,0.9
35,1,0.006674823707360969,0.0016728685094592616,0,0,1,1,0,0.4,1,1.1,0.9
36,1,0.007670400127043596,0.0019223834800809715,0,0,1,1,0,0.4,1,1.1,0.9
27,1,0.030770149242013097,0.007711726324930454,0,0,1,1,0,0.4,1,1.1,0.9
33,1,0.0,0.0,0,0,1,1,0,0.4,1,1.1,0.9
