BUS_I,BUS_TYPE,Pd,Qd,Gs,Bs,area,Vm,Va,baseKV,zone,Vmax,Vmin
1,1,0.013754992372479484,0.0034473260413451228,0,0,1,1,0,0.4,1,1.1,0.9
2,1,0.029362223672625785,0.007358866915910685,0,0,1,1,0,0.4,1,1.1,0.9
3,1,0.0,0.0,0,0,1,1,0,0.4,1,1.1,0.9
4,1,0.016244637052456243,0.00407128981439323,0,0,1,1,0,0.4,1,1.1,0.9
5,1,0.0,0.0,0,0,1,1,0,0.4,1,1.1,0.9
25,1,0.0,0.0,0,0,1,1,0,0.4,1,1.1,0.9
13,1,0.02098364949912291,0.005258998289633028,0,0,1,1,0,0.4,1,1.1,0.9
12,1,0.013640142893838263,0.003418542048752954,0,0,1,1,0,0.4,1,1.1,0.9
33,1,0.03671357814063995,0.00920129001659146,0,0,1,1,0,0.4,1,1.1,0.9
6,1,0.029167082620389626,0.00730995995813911,0,0,1,1,0,0.4,1,1.1,0.9
31,1,0.024489450795993836,0.00613763491691791,0,0,1,1,0,0.4,1,1.1,0.9
29,1,0.013196310006187505,0.003307307041842655,0,0,1,1,0,0.4,1,1.1,0.9
8,1,0.0,0.0,0,0,1,1,0,0.4,1,1.1,0.9
32,1,0.045654232552524036,0.011442029229389679,0,0,1,1,0,0.4,1,1.1,0.9
27,1,0.0,0.0,0,0,1,1,0,0.4,1,1.1,0.9
9,1,0.0,0.0,0,0,1,1,0,0.4,1,1.1,0.9
20,1,0.056329976616894865,0.014117622899472325,0,0,1,1,0,0.4,1,1.1,0.9
11,1,0.0,0.0,0,0,1,1,0,0.4,1,1.1,0.9
16,1,0.0,0.0,0,0,1,1,0,0.4,1,1.1,0.9
10,1,0.0,0.0,0,0,1,1,0,0.4,1,1.1,0.9
22,1,0.038650878012834886,0.009686823132020466,0,0,1,1,0,0.4,1,1.1,0.9
23,1,0.01798134863549491,0.00450655076579103,0,0,1,1,0,0.4,1,1.1,0.9
24,1,0.016022825347315268,0.004015698560926775,0,0,1,1,0,0.4,1,1.1,0.9
26,1,0.0,0.0,0,0,1,1,0,0.4,1,1.1,0.9
30,1,0.013282148558280893,0.003328820210877554,0,0,1,1,0,0.4,1,1.1,0.9
14,1,0.08560653911712246,0.02145502110189021,0,0,1,1,0,0.4,1,1.1,0.9
17,3,0.0,0.0,0,0,1,1,0,0.4,1,1.1,0.9
19,1,0.028867400560945434,0.007234852554247495,0,0,1,1,0,0.4,1,1.1,0.9
18,1,0.06174524180363915,0.015474816287409338,0,0,1,1,0,0.4,1,1.1,0.9
21,1,0.0,0.0,0,0,1,1,0,0.4,1,1.1,0.9
15,1,0.024445915646097542,0.006126723979864129,0,0,1,1,0,0.4,1,1.1,0.9
