F_BUS,T_BUS,BR_R,BR_X,BR_B,RATE_A,RATE_B,RATE_C,TAP,SHIFT,BR_STATUS,ANGMIN,ANGMAX
1,3,2.7054771750200035,1.7315053920128023,4.543224593954618e-09,0,0,0,0,0,1,-90,90
3,4,4.673391558095038,2.9909705971808243,7.847882680348352e-09,0,0,0,0,0,1,-90,90
4,16,10.201235388302136,6.528790648513366,1.713062077654075e-08,0,0,0,0,0,1,-90,90
16,11,4.487692859948572,2.8721234303670866,7.536044569025848e-09,0,0,0,0,0,1,-90,90
5,7,9.178640322736218,5.874329806551179,1.5413408340068665e-08,0,0,0,0,0,1,-90,90
5,17,6.4497978406115015,4.127870617991361,1.0830947104658128e-08,0,0,0,0,0,1,-90,90
7,9,10.720590401230462,6.861177856787496,1.8002757673320202e-08,0,0,0,0,0,1,-90,90
7,6,1.7932256951602934,1.147664444902588,3.011308746562748e-09,0,0,0,0,0,1,-90,90
17,11,3.679498288194419,2.354878904444428,6.178868286410584e-09,0,0,0,0,0,1,-90,90
11,10,4.344252349691371,2.7803215038024773,7.295169332676792e-09,0,0,0,0,0,1,-90,90
9,12,8.414600547136487,5.385344350167351,1.4130379848342948e-08,0,0,0,0,0,1,-90,90
10,14,9.814490796799836,6.281274109951896,1.6481172481092025e-08,0,0,0,0,0,1,-90,90
14,15,0.38637215103775646,0.24727817666416416,6.488228676336568e-10,0,0,0,0,0,1,-90,90
