F_BUS,T_BUS,BR_R,BR_X,BR_B,RATE_A,RATE_B,RATE_C,TAP,SHIFT,BR_STATUS,ANGMIN,ANGMAX
1,2,0.20922309234907913,0.0804704201342612,2.1114297046158622e-10,0,0,0,0,0,1,-90,90
1,3,4.6512415189995675,1.7889390457690644,4.6939223564159865e-09,0,0,0,0,0,1,-90,90
2,4,3.6776926274748596,1.4144971644134074,3.711439961484421e-09,0,0,0,0,0,1,-90,90
3,5,8.0294345896715,3.0882440729505767,8.103114485860001e-09,0,0,0,0,0,1,-90,90
4,24,0.4861418618820408,0.18697763918540034,4.906028088536282e-10,0,0,0,0,0,1,-90,90
5,15,2.685821858483924,1.0330084071092016,5.420935126843323e-09,0,0,0,0,0,1,-90,90
5,14,0.6987784176780463,0.2687609298761717,1.4103811309396227e-09,0,0,0,0,0,1,-90,90
24,25,1.5651369820493701,0.6019757623266808,1.579499030717968e-09,0,0,0,0,0,1,-90,90
15,6,0.8096738564903933,0.31141302172707436,1.6342072114987754e-09,0,0,0,0,0,1,-90,90
6,7,2.8209999999999997,1.0849999999999997,5.693772259883685e-09,0,0,0,0,0,1,-90,90
7,8,3.102109496115667,1.1931190369675646,6.261150299930928e-09,0,0,0,0,0,1,-90,90
8,9,8.79700804283279,3.3834646318587653,8.877731365518436e-09,0,0,0,0,0,1,-90,90
9,10,2.9910298993887072,1.1503961151495028,3.0184762618968653e-09,0,0,0,0,0,1,-90,90
10,11,5.370610301146471,2.0656193465947967,5.419892228166138e-09,0,0,0,0,0,1,-90,90
25,16,4.915946160860053,1.8907485234077128,4.961055987555242e-09,0,0,0,0,0,1,-90,90
13,11,4.2235160677747,1.6244292568364231,4.262272000331197e-09,0,0,0,0,0,1,-90,90
11,12,5.356485008624676,2.0601865417787217,5.405637318785894e-09,0,0,0,0,0,1,-90,90
12,20,5.051170426612268,1.942757856389334,5.0975211015579185e-09,0,0,0,0,0,1,-90,90
20,21,2.364051626154032,0.9092506254438585,2.385744695130937e-09,0,0,0,0,0,1,-90,90
21,23,6.73055445765083,2.5886747914041655,6.792315537860472e-09,0,0,0,0,0,1,-90,90
21,22,9.78604679256908,3.763864150988108,9.875845757081453e-09,0,0,0,0,0,1,-90,90
16,17,5.495761776262643,2.113754529331786,5.546192121342313e-09,0,0,0,0,0,1,-90,90
