BUS_I,BUS_TYPE,Pd,Qd,Gs,Bs,area,Vm,Va,baseKV,zone,Vmax,Vmin
1,1,0.009080784294302313,0.0022758590718101,0,0,1,1,0,0.4,1,1.1,0.9
2,1,0.00885359722462712,0.002218920625001859,0,0,1,1,0,0.4,1,1.1,0.9
3,1,0.0,0.0,0,0,1,1,0,0.4,1,1.1,0.9
4,1,0.004642721716396589,0.0011635757434278692,0,0,1,1,0,0.4,1,1.1,0.9
5,1,0.00960715968252351,0.0024077811793765604,0,0,1,1,0,0.4,1,1.1,0.9
6,1,0.002936406991982084,0.0007359329629074163,0,0,1,1,0,0.4,1,1.1,0.9
24,1,0.008684498851378944,0.0021765405778261253,0,0,1,1,0,0.4,1,1.1,0.9
17,1,0.001601869048651959,0.0004014662267127966,0,0,1,1,0,0.4,1,1.1,0.9
18,1,0.0,0.0,0,0,1,1,0,0.4,1,1.1,0.9
7,1,0.011702999710859524,0.0029330482033432083,0,0,1,1,0,0.4,1,1.1,0.9
8,1,0.011708078217649997,0.00293432099712134,0,0,1,1,0,0.4,1,1.1,0.9
9,1,0.0,0.0,0,0,1,1,0,0.4,1,1.1,0.9
10,1,0.008068012463745233,0.0020220345249927873,0,0,1,1,0,0.4,1,1.1,0.9
11,3,0.01043455380400416,0.0026151456928707943,0,0,1,1,0,0.4,1,1.1,0.9
21,1,0.004241287163477924,0.0010629667608346792,0,0,1,1,0,0.4,1,1.1,0.9
27,1,0.012938312818640172,0.003242646851626541,0,0,1,1,0,0.4,1,1.1,0.9
19,1,0.00747537014430048,0.0018735043589482973,0,0,1,1,0,0.4,1,1.1,0.9
28,1,0.01072385568291239,0.0026876515782950435,0,0,1,1,0,0.4,1,1.1,0.9
12,1,0.006111465576232407,0.0015316776528268249,0,0,1,1,0,0.4,1,1.1,0.9
13,1,0.005118200794381875,0.0012827420332567872,0,0,1,1,0,0.4,1,1.1,0.9
14,1,0.0,0.0,0,0,1,1,0,0.4,1,1.1,0.9
15,1,0.010646331969155636,0.002668222304179985,0,0,1,1,0,0.4,1,1.1,0.9
16,1,0.0,0.0,0,0,1,1,0,0.4,1,1.1,0.9
22,1,0.011121272380570675,0.0027872535914407496,0,0,1,1,0,0.4,1,1.1,0.9
26,1,0.005962500139056956,0.0014943433950585143,0,0,1,1,0,0.4,1,1.1,0.9
23,1,0.011827848225292495,0.0029643381905255454,0,0,1,1,0,0.4,1,1.1,0.9
25,1,0.009796872949676691,0.0024553278059784283,0,0,1,1,0,0.4,1,1.1,0.9
20,1,0.00747361314648142,0.0018730640137869035,0,0,1,1,0,0.4,1,1.1,0.9
29,1,0.0,0.0,0,0,1,1,0,0.4,1,1.1,0.9
31,1,0.011178939026988917,0.002801706215370399,0,0,1,1,0,0.4,1,1.1,0.9
30,1,0.013307043747055077,0.0033350595333171036,0,0,1,1,0,0.4,1,1.1,0.9
