BUS_I,BUS_TYPE,Pd,Qd,Gs,Bs,area,Vm,Va,baseKV,zone,Vmax,Vmin
1,3,0.05099035973152338,0.012779388763001545,0,0,1,1,0,0.4,1,1.1,0.9
2,1,0.017142038908113832,0.004296199919959663,0,0,1,1,0,0.4,1,1.1,0.9
3,1,0.0,0.0,0,0,1,1,0,0.4,1,1.1,0.9
4,1,0.0,0.0,0,0,1,1,0,0.4,1,1.1,0.9
5,1,0.01948519568890921,0.0048834503647910065,0,0,1,1,0,0.4,1,1.1,0.9
7,1,0.0,0.0,0,0,1,1,0,0.4,1,1.1,0.9
9,1,0.0,0.0,0,0,1,1,0,0.4,1,1.1,0.9
6,1,0.04918558555780908,0.01232706971844573,0,0,1,1,0,0.4,1,1.1,0.9
8,1,0.0248439460784793,0.006226479809430624,0,0,1,1,0,0.4,1,1.1,0.9
10,1,0.0,0.0,0,0,1,1,0,0.4,1,1.1,0.9
11,1,0.041665303599558105,0.010442309397908871,0,0,1,1,0,0.4,1,1.1,0.9
