F_BUS,T_BUS,BR_R,BR_X,BR_B,RATE_A,RATE_B,RATE_C,TAP,SHIFT,BR_STATUS,ANGMIN,ANGMAX
1,2,3.8165110563958993,1.4678888678445767,3.851532219504848e-09,0,0,0,0,0,1,-90,90
2,4,19.9569310624179,7.675742716314577,2.0140060346615755e-08,0,0,0,0,0,1,-90,90
2,14,20.632213280366603,7.935466646294848,2.0821539105947385e-08,0,0,0,0,0,1,-90,90
4,56,9.742584999920217,3.7471480768923917,9.831985149256405e-09,0,0,0,0,0,1,-90,90
14,10,2.037511215221998,0.7836581597007685,2.0562078760072512e-09,0,0,0,0,0,1,-90,90
8,10,3.0499235846141866,1.173047532543918,3.077910368812703e-09,0,0,0,0,0,1,-90,90
10,13,2.253283979050692,0.8666476842502663,2.273960619205807e-09,0,0,0,0,0,1,-90,90
13,11,3.0481689371488483,1.1723726681341724,3.076139620307914e-09,0,0,0,0,0,1,-90,90
11,58,1.0604070267645662,0.40784885644791,1.070137559939352e-09,0,0,0,0,0,1,-90,90
