BUS_I,BUS_TYPE,Pd,Qd,Gs,Bs,area,Vm,Va,baseKV,zone,Vmax,Vmin
1,3,0.030664800935881652,0.007685323550628293,0,0,1,1,0,0.4,1,1.1,0.9
2,1,0.023770926935006063,0.005957555862692706,0,0,1,1,0,0.4,1,1.1,0.9
3,1,0.0,0.0,0,0,1,1,0,0.4,1,1.1,0.9
4,1,0.0,0.0,0,0,1,1,0,0.4,1,1.1,0.9
5,1,0.0,0.0,0,0,1,1,0,0.4,1,1.1,0.9
6,1,0.042969734351743095,0.010769230560739593,0,0,1,1,0,0.4,1,1.1,0.9
7,1,0.011228244806728533,0.0028140634085903156,0,0,1,1,0,0.4,1,1.1,0.9
15,1,0.0,0.0,0,0,1,1,0,0.4,1,1.1,0.9
16,1,0.00799936936987896,0.0020048309440211867,0,0,1,1,0,0.4,1,1.1,0.9
10,1,0.08138827840419831,0.020397825313549313,0,0,1,1,0,0.4,1,1.1,0.9
8,1,0.03677444251395351,0.009216544066425306,0,0,1,1,0,0.4,1,1.1,0.9
14,1,0.027178408137241362,0.0068115511515132315,0,0,1,1,0,0.4,1,1.1,0.9
17,1,0.029539527098722585,0.007403303343169353,0,0,1,1,0,0.4,1,1.1,0.9
25,1,0.0,0.0,0,0,1,1,0,0.4,1,1.1,0.9
11,1,0.0,0.0,0,0,1,1,0,0.4,1,1.1,0.9
13,1,0.0,0.0,0,0,1,1,0,0.4,1,1.1,0.9
12,1,0.0,0.0,0,0,1,1,0,0.4,1,1.1,0.9
20,1,0.007041285254091783,0.001764712430487116,0,0,1,1,0,0.4,1,1.1,0.9
21,1,0.01676363759449022,0.0042013636112792,0,0,1,1,0,0.4,1,1.1,0.9
24,1,0.007346120056526302,0.001841111233502329,0,0,1,1,0,0.4,1,1.1,0.9
23,1,0.006900546999869279,0.0017294400991286923,0,0,1,1,0,0.4,1,1.1,0.9
18,1,0.033664029860950434,0.008437001174094788,0,0,1,1,0,0.4,1,1.1,0.9
26,1,0.010085172419335382,0.0025275824639634722,0,0,1,1,0,0.4,1,1.1,0.9
27,1,0.0064826560832268575,0.0016247067630153756,0,0,1,1,0,0.4,1,1.1,0.9
