F_BUS,T_BUS,BR_R,BR_X,BR_B,RATE_A,RATE_B,RATE_C,TAP,SHIFT,BR_STATUS,ANGMIN,ANGMAX
1,2,1.4529315251776536,0.9298761761136982,4.879726430122481e-09,0,0,0,0,0,1,-90,90
1,3,2.3188151685567417,1.4840417078763146,7.78782996204292e-09,0,0,0,0,0,1,-90,90
2,4,5.587187499999999,3.575799999999999,9.38239209534197e-09,0,0,0,0,0,1,-90,90
2,8,2.23308859482761,1.4291767006896703,7.499913965768603e-09,0,0,0,0,0,1,-90,90
3,12,2.3452849827257807,1.5009823889444998,7.876729851378927e-09,0,0,0,0,0,1,-90,90
3,16,17.15116382169451,10.976744845884486,2.8801421800607518e-08,0,0,0,0,0,1,-90,90
4,19,0.8707812499999998,0.5572999999999999,1.4622761660982386e-09,0,0,0,0,0,1,-90,90
8,20,8.104160766097166,5.186662890302187,1.3609067873811397e-08,0,0,0,0,0,1,-90,90
8,6,2.590530083518589,1.657939253451897,4.3501974792058426e-09,0,0,0,0,0,1,-90,90
12,14,6.662016307225932,4.2636904366245965,1.1187319047366124e-08,0,0,0,0,0,1,-90,90
12,25,4.117109116022794,2.6349498342545883,6.913734687771378e-09,0,0,0,0,0,1,-90,90
12,7,10.66443158263115,6.8252362128839374,1.790845189680744e-08,0,0,0,0,0,1,-90,90
16,35,4.504218749999999,2.8826999999999994,7.563795987818755e-09,0,0,0,0,0,1,-90,90
16,34,1.9224218749999997,1.2303499999999996,3.2282639170266785e-09,0,0,0,0,0,1,-90,90
19,26,0.8663909483864992,0.5544902069673595,1.4549036676534173e-09,0,0,0,0,0,1,-90,90
6,32,5.585028338486812,3.5744181366315595,9.378766281833138e-09,0,0,0,0,0,1,-90,90
32,30,1.5028514945845597,0.9618249565341184,2.5236922840450665e-09,0,0,0,0,0,1,-90,90
7,36,1.1579687499999998,0.7410999999999998,1.9445413003685706e-09,0,0,0,0,0,1,-90,90
20,18,2.258288044330352,1.4453043483714254,3.79227364324723e-09,0,0,0,0,0,1,-90,90
11,21,3.474243982112295,2.2235161485518686,5.834191044252554e-09,0,0,0,0,0,1,-90,90
11,33,3.7539223839960094,2.402510325757446,6.303846381051551e-09,0,0,0,0,0,1,-90,90
21,23,0.21210937499999996,0.13574999999999998,3.5618874851576507e-10,0,0,0,0,0,1,-90,90
21,18,3.5897268881098268,2.297425208390289,6.028117935801901e-09,0,0,0,0,0,1,-90,90
21,28,1.7978397280791605,1.1506174259706627,3.0190569501062348e-09,0,0,0,0,0,1,-90,90
14,27,2.2523015492488896,1.4414729915192894,3.782220706213862e-09,0,0,0,0,0,1,-90,90
30,29,0.6466835255723237,0.41387745636628714,1.0859557511749246e-09,0,0,0,0,0,1,-90,90
31,29,1.1779673763808276,0.7538991208837296,1.9781243784509114e-09,0,0,0,0,0,1,-90,90
23,22,0.908816035424193,0.5816422626714836,1.5261468112326606e-09,0,0,0,0,0,1,-90,90
