F_BUS,T_BUS,BR_R,BR_X,BR_B,RATE_A,RATE_B,RATE_C,TAP,SHIFT,BR_STATUS,ANGMIN,ANGMAX
1,2,1.6754420478829435,0.644400787647286,1.6908162806236474e-09,0,0,0,0,0,1,-90,90
1,3,1.8975535213360049,0.7298282774369249,1.9149658988705337e-09,0,0,0,0,0,1,-90,90
2,4,4.315662763261285,1.6598702935620329,4.355264254602992e-09,0,0,0,0,0,1,-90,90
3,5,1.0416711538542727,0.40064275148241263,1.051229762448864e-09,0,0,0,0,0,1,-90,90
3,6,0.8711299999999998,0.3350499999999999,8.791236846424094e-10,0,0,0,0,0,1,-90,90
4,13,1.5844399999999996,0.6093999999999999,1.5989791774991326e-09,0,0,0,0,0,1,-90,90
5,17,1.0781783534227,0.4146839820856539,1.0880719602845158e-09,0,0,0,0,0,1,-90,90
6,12,3.4318699999999995,1.31995,3.463361610338005e-09,0,0,0,0,0,1,-90,90
6,19,1.1613466614092682,0.4466717928497186,1.1720034393549492e-09,0,0,0,0,0,1,-90,90
13,10,1.622491871017568,0.624035335006757,1.6373802210362653e-09,0,0,0,0,0,1,-90,90
12,11,1.3766356874180155,0.5294752643915444,1.3892680058466156e-09,0,0,0,0,0,1,-90,90
19,18,0.3822360735080648,0.1470138744261788,3.8574355761557624e-10,0,0,0,0,0,1,-90,90
10,8,0.2182824657502172,0.08395479451931431,2.2028547470889715e-10,0,0,0,0,0,1,-90,90
15,20,2.898268058870399,1.1147184841809228,2.924863217884299e-09,0,0,0,0,0,1,-90,90
15,18,1.089577243960477,0.41906817075402963,1.0995754496034534e-09,0,0,0,0,0,1,-90,90
7,8,2.390345642581653,0.9193637086852513,2.412279991362152e-09,0,0,0,0,0,1,-90,90
