BUS_I,BUS_TYPE,Pd,Qd,Gs,Bs,area,Vm,Va,baseKV,zone,Vmax,Vmin
1,1,0.0011918661510652595,0.00029870981452419394,0,0,1,1,0,0.4,1,1.1,0.9
2,1,0.002206397328152125,0.0005529752951452947,0,0,1,1,0,0.4,1,1.1,0.9
3,1,0.0019116180745250644,0.00047909665021707054,0,0,1,1,0,0.4,1,1.1,0.9
4,1,0.0014502793979823008,0.00036347427904749065,0,0,1,1,0,0.4,1,1.1,0.9
5,1,0.001670788596405368,0.0004187390935595579,0,0,1,1,0,0.4,1,1.1,0.9
22,1,0.0035555359468050075,0.0008911013055073122,0,0,1,1,0,0.4,1,1.1,0.9
28,1,0.0028391171695088618,0.0007115498349864718,0,0,1,1,0,0.4,1,1.1,0.9
6,1,0.019595233734599638,0.004911028498618714,0,0,1,1,0,0.4,1,1.1,0.9
7,1,0.026817022162379137,0.006720979288702749,0,0,1,1,0,0.4,1,1.1,0.9
8,1,0.0,0.0,0,0,1,1,0,0.4,1,1.1,0.9
27,3,0.028905589594643566,0.007244423628283477,0,0,1,1,0,0.4,1,1.1,0.9
10,1,0.014870492246057444,0.0037268966626270673,0,0,1,1,0,0.4,1,1.1,0.9
25,1,0.009397428717755186,0.002355217644847173,0,0,1,1,0,0.4,1,1.1,0.9
24,1,0.006194840734638754,0.001552573437207668,0,0,1,1,0,0.4,1,1.1,0.9
26,1,0.0,0.0,0,0,1,1,0,0.4,1,1.1,0.9
11,1,0.002861209940057695,0.0007170868052134299,0,0,1,1,0,0.4,1,1.1,0.9
12,1,0.0016856704793639103,0.0004224688450038319,0,0,1,1,0,0.4,1,1.1,0.9
13,1,0.0,0.0,0,0,1,1,0,0.4,1,1.1,0.9
14,1,0.0,0.0,0,0,1,1,0,0.4,1,1.1,0.9
15,1,0.0017790705037680232,0.00044587709763469304,0,0,1,1,0,0.4,1,1.1,0.9
16,1,0.0,0.0,0,0,1,1,0,0.4,1,1.1,0.9
19,1,0.012027656547906817,0.003014414876515134,0,0,1,1,0,0.4,1,1.1,0.9
33,1,0.0023174775399569174,0.0005808146204217628,0,0,1,1,0,0.4,1,1.1,0.9
30,1,0.00149745758814487,0.0003752982480564709,0,0,1,1,0,0.4,1,1.1,0.9
17,1,0.005067029082293655,0.0012699171933088654,0,0,1,1,0,0.4,1,1.1,0.9
34,1,0.0,0.0,0,0,1,1,0,0.4,1,1.1,0.9
31,1,0.002698992102215695,0.0006764311827586846,0,0,1,1,0,0.4,1,1.1,0.9
18,1,0.0027935844268041025,0.0007001382539830511,0,0,1,1,0,0.4,1,1.1,0.9
20,1,0.006651924474534807,0.001667129420733455,0,0,1,1,0,0.4,1,1.1,0.9
21,1,0.01014298594353889,0.002542071898936002,0,0,1,1,0,0.4,1,1.1,0.9
29,1,0.0013389797210105435,0.00033557995061545855,0,0,1,1,0,0.4,1,1.1,0.9
32,1,0.002835275907996941,0.0007105871241042648,0,0,1,1,0,0.4,1,1.1,0.9
