F_BUS,T_BUS,BR_R,BR_X,BR_B,RATE_A,RATE_B,RATE_C,TAP,SHIFT,BR_STATUS,ANGMIN,ANGMAX
1,2,4.343985738236227,1.6707637454754718,4.383847127561109e-09,0,0,0,0,0,1,-90,90
2,3,1.9607522402914432,0.7541354770351705,1.978744543473274e-09,0,0,0,0,0,1,-90,90
2,4,5.990062090189538,2.3038700346882837,6.045028246030145e-09,0,0,0,0,0,1,-90,90
3,6,0.05568455882741529,0.021417138010544342,5.619553285278242e-11,0,0,0,0,0,1,-90,90
4,13,4.871436097252172,1.8736292681739122,4.916137489601287e-09,0,0,0,0,0,1,-90,90
4,11,2.289401367122296,0.8805389873547292,2.3104094285467415e-09,0,0,0,0,0,1,-90,90
6,5,4.814682392846217,1.8518009203254682,4.8588630004498754e-09,0,0,0,0,0,1,-90,90
13,14,4.053994653119104,1.559228712738117,4.0911950190794644e-09,0,0,0,0,0,1,-90,90
11,9,1.1934268666316732,0.4590103333198743,1.204378019749615e-09,0,0,0,0,0,1,-90,90
5,7,6.971291998586384,2.6812661533024555,7.0352621405707645e-09,0,0,0,0,0,1,-90,90
14,16,7.9337333062866495,3.051435887033327,8.006535025992592e-09,0,0,0,0,0,1,-90,90
9,10,1.410884511021588,0.5426478888544569,1.4238311043520517e-09,0,0,0,0,0,1,-90,90
7,8,8.622566072835262,3.316371566475101,8.701688676803196e-09,0,0,0,0,0,1,-90,90
10,12,2.358115789210515,0.9069676112348135,2.3797543896137105e-09,0,0,0,0,0,1,-90,90
