BUS_I,BUS_TYPE,Pd,Qd,Gs,Bs,area,Vm,Va,baseKV,zone,Vmax,Vmin
1,1,0.0022244422116692777,0.0005574977692533998,0,0,1,1,0,0.4,1,1.1,0.9
2,1,0.0,0.0,0,0,1,1,0,0.4,1,1.1,0.9
3,1,0.013766354925061945,0.0034501737654552465,0,0,1,1,0,0.4,1,1.1,0.9
4,1,0.0,0.0,0,0,1,1,0,0.4,1,1.1,0.9
5,1,0.0,0.0,0,0,1,1,0,0.4,1,1.1,0.9
6,1,0.0036781504255671,0.0009218313905728793,0,0,1,1,0,0.4,1,1.1,0.9
7,1,0.00566847400109512,0.001420653498707866,0,0,1,1,0,0.4,1,1.1,0.9
8,1,0.0,0.0,0,0,1,1,0,0.4,1,1.1,0.9
9,3,0.020434875524955824,0.005121462567276416,0,0,1,1,0,0.4,1,1.1,0.9
10,1,0.0,0.0,0,0,1,1,0,0.4,1,1.1,0.9
11,1,0.0,0.0,0,0,1,1,0,0.4,1,1.1,0.9
14,1,0.008437547406181434,0.0021146487115913984,0,0,1,1,0,0.4,1,1.1,0.9
12,1,0.02620420660648635,0.006567393233024714,0,0,1,1,0,0.4,1,1.1,0.9
