F_BUS,T_BUS,BR_R,BR_X,BR_B,RATE_A,RATE_B,RATE_C,TAP,SHIFT,BR_STATUS,ANGMIN,ANGMAX
1,2,1.270175102575542,0.8129120656483468,2.1329659765499093e-09,0,0,0,0,0,1,-90,90
1,3,0.6591018871015519,0.42182520774499327,1.1068095236765508e-09,0,0,0,0,0,1,-90,90
2,4,1.3946093749999997,0.8925499999999998,2.3419246223775032e-09,0,0,0,0,0,1,-90,90
3,7,1.6632031249999997,1.06445,2.792965844254926e-09,0,0,0,0,0,1,-90,90
3,5,5.270768323742053,3.373291727194914,8.851039106358306e-09,0,0,0,0,0,1,-90,90
4,11,3.4671874999999996,2.2189999999999994,5.822341310913317e-09,0,0,0,0,0,1,-90,90
4,22,1.238001925876657,0.7923212325610606,2.078938550632727e-09,0,0,0,0,0,1,-90,90
5,8,4.229526673986728,2.7068970713515057,7.1025140346643284e-09,0,0,0,0,0,1,-90,90
11,14,0.2984688662674832,0.19102007441118923,1.0024191712104578e-09,0,0,0,0,0,1,-90,90
11,12,1.530139543882248,0.9792893080846388,2.5695162657940113e-09,0,0,0,0,0,1,-90,90
22,23,1.7855960299274571,1.1427814591535725,2.998496484441481e-09,0,0,0,0,0,1,-90,90
6,25,1.702822843066933,1.089806619562837,2.859498018020505e-09,0,0,0,0,0,1,-90,90
6,24,3.1790266923939203,2.034577083132109,5.338441731121045e-09,0,0,0,0,0,1,-90,90
25,27,0.751881930494972,0.48120443551678216,1.2626121964416782e-09,0,0,0,0,0,1,-90,90
24,23,1.0770046522665464,0.6892829774505898,1.8085807816673733e-09,0,0,0,0,0,1,-90,90
14,21,1.0834049888782613,0.6933791928820873,1.8193286700518748e-09,0,0,0,0,0,1,-90,90
12,13,0.4892083116395639,0.3130933194493209,8.215124686799283e-10,0,0,0,0,0,1,-90,90
27,26,0.005751381498562564,0.003680884159080041,9.658118026182132e-12,0,0,0,0,0,1,-90,90
18,16,3.2336983004868154,2.069566912311562,5.430250080780047e-09,0,0,0,0,0,1,-90,90
16,15,0.36215854409886516,0.2317814682232737,6.081617023616533e-10,0,0,0,0,0,1,-90,90
21,19,0.6464170526117644,0.41370691367152923,1.085508271329515e-09,0,0,0,0,0,1,-90,90
19,17,0.054272625969651093,0.0347344806205767,9.113835125295257e-11,0,0,0,0,0,1,-90,90
15,17,1.8788760260411492,1.2024806566663355,3.155138712430184e-09,0,0,0,0,0,1,-90,90
30,32,0.8560156249999998,0.5478499999999998,1.4374807062568098e-09,0,0,0,0,0,1,-90,90
30,28,2.4904687499999993,1.5938999999999997,4.182167559921017e-09,0,0,0,0,0,1,-90,90
28,29,0.2180041021351096,0.13952262536647014,3.660875824597934e-10,0,0,0,0,0,1,-90,90
28,26,1.0695351986531714,0.6845025271380296,1.7960375579902272e-09,0,0,0,0,0,1,-90,90
31,29,0.22590305797716886,0.14457795710538807,3.793520560171945e-10,0,0,0,0,0,1,-90,90
