F_BUS,T_BUS,BR_R,BR_X,BR_B,RATE_A,RATE_B,RATE_C,TAP,SHIFT,BR_STATUS,ANGMIN,ANGMAX
6,7,0.12360498022241409,0.07910718734234501,2.0756604094344051e-10,0,0,0,0,0,1,-90,90
6,8,2.6592994245313353,1.7019516317000547,4.465679718081819e-09,0,0,0,0,0,1,-90,90
7,9,8.276263728757192,5.296808786404602,1.3898075084764378e-08,0,0,0,0,0,1,-90,90
7,21,14.885172426342965,9.526510352859498,2.499621215696136e-08,0,0,0,0,0,1,-90,90
8,10,8.515078124999999,5.449649999999999,1.4299108753951667e-08,0,0,0,0,0,1,-90,90
21,20,8.007973900127306,5.125103296081476,1.344754422869454e-08,0,0,0,0,0,1,-90,90
10,25,0.6806108971191585,0.4355909741562614,1.1429289425376188e-09,0,0,0,0,0,1,-90,90
25,24,2.8252142454472824,1.8081371170862608,4.744295372963968e-09,0,0,0,0,0,1,-90,90
16,17,5.2512770372184505,3.360817303819808,8.818307988491385e-09,0,0,0,0,0,1,-90,90
17,19,1.9381679312956668,1.2404274760292269,3.2547057849828327e-09,0,0,0,0,0,1,-90,90
19,23,3.148303500208228,2.014914240133266,5.286849219592353e-09,0,0,0,0,0,1,-90,90
23,24,7.332109813935477,4.692550280918706,1.2312586459725495e-08,0,0,0,0,0,1,-90,90
23,89,8.954440898622803,5.730842175118594,1.5036917143991585e-08,0,0,0,0,0,1,-90,90
