F_BUS,T_BUS,BR_R,BR_X,BR_B,RATE_A,RATE_B,RATE_C,TAP,SHIFT,BR_STATUS,ANGMIN,ANGMAX
1,2,1.0981108537309843,0.7027909463878299,3.688047553032653e-09,0,0,0,0,0,1,-90,90
1,3,1.593129211391067,1.0196026952902828,2.6752928767495166e-09,0,0,0,0,0,1,-90,90
2,4,0.288856631968552,0.18486824445987327,9.701361124783615e-10,0,0,0,0,0,1,-90,90
4,12,1.3389700117344552,0.8569408075100513,2.2484911512272146e-09,0,0,0,0,0,1,-90,90
4,13,14.185626302541928,9.078800833626834,2.3821485870743482e-08,0,0,0,0,0,1,-90,90
4,10,0.8529188015779197,0.5458680330098686,2.8645606118975684e-09,0,0,0,0,0,1,-90,90
12,19,0.7615654389542138,0.48740188093069686,1.278873414312596e-09,0,0,0,0,0,1,-90,90
13,21,1.5117187499999996,0.9674999999999998,2.538582793289154e-09,0,0,0,0,0,1,-90,90
10,11,0.17663576557783764,0.1130468899698161,5.932380149089974e-10,0,0,0,0,0,1,-90,90
11,9,1.1070239791847314,0.708495346678228,1.8589913139046867e-09,0,0,0,0,0,1,-90,90
5,6,0.2812311121571235,0.17998791178055903,4.722627553965618e-10,0,0,0,0,0,1,-90,90
5,7,0.2434857776982135,0.15583089772685665,4.0887817636403135e-10,0,0,0,0,0,1,-90,90
6,8,1.1257441438704123,0.7204762520770639,1.890427510590485e-09,0,0,0,0,0,1,-90,90
7,9,2.3973353144159093,1.5342946012261818,4.0257714465211686e-09,0,0,0,0,0,1,-90,90
8,14,0.4945160506460187,0.31649027241345196,8.304255915164718e-10,0,0,0,0,0,1,-90,90
9,17,5.415700134974412,3.466048086383624,9.094418638559452e-09,0,0,0,0,0,1,-90,90
14,20,1.5429138350599427,0.9874648544383634,2.5909677400051774e-09,0,0,0,0,0,1,-90,90
