F_BUS,T_BUS,BR_R,BR_X,BR_B,RATE_A,RATE_B,RATE_C,TAP,SHIFT,BR_STATUS,ANGMIN,ANGMAX
1,2,0.9304016354607324,0.5954570466948688,1.5623948453564553e-09,0,0,0,0,0,1,-90,90
1,3,1.561801518476259,0.9995529718248057,2.62268524574211e-09,0,0,0,0,0,1,-90,90
2,4,0.3978268230813264,0.25460916677204887,6.680583460270927e-10,0,0,0,0,0,1,-90,90
3,5,0.5989096073320835,0.38330214869253343,1.005730479898322e-09,0,0,0,0,0,1,-90,90
4,11,5.127022142467518,3.2812941711792116,8.609650566072914e-09,0,0,0,0,0,1,-90,90
5,13,0.6419504480258356,0.41084828673653473,1.0780076396503316e-09,0,0,0,0,0,1,-90,90
11,12,0.6563787063556012,0.4200823720675848,1.1022365700205308e-09,0,0,0,0,0,1,-90,90
13,14,0.9877666062111773,0.6321706279751534,1.6587260760728933e-09,0,0,0,0,0,1,-90,90
14,10,0.27796020549463685,0.1778945315165676,4.667700224580814e-10,0,0,0,0,0,1,-90,90
6,7,0.12414298174496709,0.07945150831677893,2.0846949035022756e-10,0,0,0,0,0,1,-90,90
6,8,7.451619878709724,4.769036722374223,1.251327603512487e-08,0,0,0,0,0,1,-90,90
7,9,0.19690330215331248,0.12601811337812,3.306536581544778e-10,0,0,0,0,0,1,-90,90
8,10,3.5849341099701997,2.2943578303809278,6.0200695709077635e-09,0,0,0,0,0,1,-90,90
9,15,1.6174568864397558,1.0351724073214439,2.7161455930893326e-09,0,0,0,0,0,1,-90,90
15,16,15.626839021258665,10.001176973605546,2.6241670054609553e-08,0,0,0,0,0,1,-90,90
16,22,28.141998644432533,18.010879132436823,4.7257992617689734e-08,0,0,0,0,0,1,-90,90
22,23,15.227608396526161,9.745669373776744,2.5571254347653473e-08,0,0,0,0,0,1,-90,90
23,18,40.191452054622296,25.722529314958273,6.749226906338908e-08,0,0,0,0,0,1,-90,90
18,20,0.8781560778007346,0.5620198897924702,1.4746604875591026e-09,0,0,0,0,0,1,-90,90
18,17,1.6751271699219747,1.0720813887500638,2.8129895260841894e-09,0,0,0,0,0,1,-90,90
