BUS_I,BUS_TYPE,Pd,Qd,Gs,Bs,area,Vm,Va,baseKV,zone,Vmax,Vmin
1,1,0.002589422536347574,0.0006489704610419801,0,0,1,1,0,0.4,1,1.1,0.9
2,1,0.003667079416026415,0.0009190567340365409,0,0,1,1,0,0.4,1,1.1,0.9
3,1,0.0,0.0,0,0,1,1,0,0.4,1,1.1,0.9
4,1,0.0,0.0,0,0,1,1,0,0.4,1,1.1,0.9
5,1,0.0,0.0,0,0,1,1,0,0.4,1,1.1,0.9
6,1,0.03188217464754298,0.007990426162437489,0,0,1,1,0,0.4,1,1.1,0.9
8,1,0.0019352008653280043,0.00048500705472047297,0,0,1,1,0,0.4,1,1.1,0.9
15,1,0.008511823887002043,0.00213326415241888,0,0,1,1,0,0.4,1,1.1,0.9
12,3,0.0020869791037282205,0.00052304626692632,0,0,1,1,0,0.4,1,1.1,0.9
9,1,0.018147520074356088,0.004548197254062449,0,0,1,1,0,0.4,1,1.1,0.9
17,1,0.002057273096327902,0.0005156012396865811,0,0,1,1,0,0.4,1,1.1,0.9
16,1,0.004927828118572435,0.0012350301432675576,0,0,1,1,0,0.4,1,1.1,0.9
10,1,0.003936456388037982,0.0009865689670794425,0,0,1,1,0,0.4,1,1.1,0.9
13,1,0.03730291085751238,0.009348990718044105,0,0,1,1,0,0.4,1,1.1,0.9
14,1,0.010335846309422324,0.0025904072628278444,0,0,1,1,0,0.4,1,1.1,0.9
