BUS_I,BUS_TYPE,Pd,Qd,Gs,Bs,area,Vm,Va,baseKV,zone,Vmax,Vmin
1,1,0.03153056111927983,0.007902303505612468,0,0,1,1,0,0.4,1,1.1,0.9
2,3,0.024328557847509518,0.006097311343035854,0,0,1,1,0,0.4,1,1.1,0.9
3,1,0.0,0.0,0,0,1,1,0,0.4,1,1.1,0.9
5,1,0.0,0.0,0,0,1,1,0,0.4,1,1.1,0.9
6,1,0.0,0.0,0,0,1,1,0,0.4,1,1.1,0.9
10,1,0.012535253998518297,0.003141630789299964,0,0,1,1,0,0.4,1,1.1,0.9
8,1,0.01509189231861319,0.003782384751243109,0,0,1,1,0,0.4,1,1.1,0.9
7,1,0.01657118041150243,0.004153129294545941,0,0,1,1,0,0.4,1,1.1,0.9
9,1,0.02135534564680542,0.0053521541253234405,0,0,1,1,0,0.4,1,1.1,0.9
