BUS_I,BUS_TYPE,Pd,Qd,Gs,Bs,area,Vm,Va,baseKV,zone,Vmax,Vmin
1,1,0.003978102386941468,0.000997006438264455,0,0,1,1,0,0.4,1,1.1,0.9
2,1,0.002716517227665742,0.0006808233932162247,0,0,1,1,0,0.4,1,1.1,0.9
4,1,0.0027432644215541328,0.0006875268718898181,0,0,1,1,0,0.4,1,1.1,0.9
27,1,0.003072804104176622,0.0007701173015169581,0,0,1,1,0,0.4,1,1.1,0.9
6,1,0.0,0.0,0,0,1,1,0,0.4,1,1.1,0.9
10,1,0.0,0.0,0,0,1,1,0,0.4,1,1.1,0.9
7,1,0.009157141513893373,0.0022949959949295647,0,0,1,1,0,0.4,1,1.1,0.9
17,1,0.0018396203743565138,0.00046105232565571403,0,0,1,1,0,0.4,1,1.1,0.9
33,1,0.0027298191108922577,0.0006841571594011806,0,0,1,1,0,0.4,1,1.1,0.9
34,1,0.003203576142788492,0.0008028918637979567,0,0,1,1,0,0.4,1,1.1,0.9
11,1,0.013018019787599328,0.003262623301073314,0,0,1,1,0,0.4,1,1.1,0.9
8,1,0.004839274528804487,0.0012128365216504042,0,0,1,1,0,0.4,1,1.1,0.9
9,1,0.010236564312448607,0.0025655248489132414,0,0,1,1,0,0.4,1,1.1,0.9
24,1,0.0,0.0,0,0,1,1,0,0.4,1,1.1,0.9
36,1,0.003796980319948055,0.0009516129693841741,0,0,1,1,0,0.4,1,1.1,0.9
22,1,0.005930724449444219,0.0014863796565614392,0,0,1,1,0,0.4,1,1.1,0.9
12,1,0.0,0.0,0,0,1,1,0,0.4,1,1.1,0.9
13,1,0.0,0.0,0,0,1,1,0,0.4,1,1.1,0.9
25,1,0.003178229376739148,0.0007965393654250306,0,0,1,1,0,0.4,1,1.1,0.9
26,1,0.004270701187590685,0.0010703386101646398,0,0,1,1,0,0.4,1,1.1,0.9
14,3,0.006933406719533486,0.0017376755211661748,0,0,1,1,0,0.4,1,1.1,0.9
15,1,0.005802887785299638,0.0014543407684682675,0,0,1,1,0,0.4,1,1.1,0.9
16,1,0.00474041742115099,0.0011880605950371837,0,0,1,1,0,0.4,1,1.1,0.9
18,1,0.003085519635836818,0.0007733041141472178,0,0,1,1,0,0.4,1,1.1,0.9
37,1,0.013319480581742836,0.003338176497902035,0,0,1,1,0,0.4,1,1.1,0.9
32,1,0.0,0.0,0,0,1,1,0,0.4,1,1.1,0.9
19,1,0.011279045288364539,0.0028267952094168333,0,0,1,1,0,0.4,1,1.1,0.9
20,1,0.015519872724682408,0.003889646751764446,0,0,1,1,0,0.4,1,1.1,0.9
21,1,0.005234708542996973,0.0013119416274799658,0,0,1,1,0,0.4,1,1.1,0.9
23,1,0.002634811195236718,0.0006603459312373207,0,0,1,1,0,0.4,1,1.1,0.9
28,1,0.0036176787291358915,0.000906675754842487,0,0,1,1,0,0.4,1,1.1,0.9
29,1,0.005446789245479105,0.0013650940617914676,0,0,1,1,0,0.4,1,1.1,0.9
30,1,0.01000297314651341,0.0025069813842896103,0,0,1,1,0,0.4,1,1.1,0.9
31,1,0.0,0.0,0,0,1,1,0,0.4,1,1.1,0.9
35,1,0.0,0.0,0,0,1,1,0,0.4,1,1.1,0.9
