F_BUS,T_BUS,BR_R,BR_X,BR_B,RATE_A,RATE_B,RATE_C,TAP,SHIFT,BR_STATUS,ANGMIN,ANGMAX
1,2,2.4588899949893914,1.5736895967932105,4.12913832805932e-09,0,0,0,0,0,1,-90,90
2,4,10.857469224710547,6.9487803038147495,1.8232614070915462e-08,0,0,0,0,0,1,-90,90
2,5,7.439474853638176,4.761263906328432,1.2492881268128233e-08,0,0,0,0,0,1,-90,90
2,6,4.086653457925944,2.6154582130726047,1.3725182876016359e-08,0,0,0,0,0,1,-90,90
4,9,1.7198789137073125,1.10072250477268,2.8881397527669926e-09,0,0,0,0,0,1,-90,90
5,10,0.8111173485752512,0.5191151030881608,1.3620844118202903e-09,0,0,0,0,0,1,-90,90
6,11,0.4722991506986311,0.3022714564471239,1.5862348697449527e-09,0,0,0,0,0,1,-90,90
11,12,0.7703723786132078,0.493038322312453,1.2936626371623212e-09,0,0,0,0,0,1,-90,90
