BUS_I,BUS_TYPE,Pd,Qd,Gs,Bs,area,Vm,Va,baseKV,zone,Vmax,Vmin
33,1,0.0,0.0,0,0,1,1,0,0.4,1,1.1,0.9
29,1,0.0,0.0,0,0,1,1,0,0.4,1,1.1,0.9
76,1,0.0018528223367364524,0.0004643610493159524,0,0,1,1,0,0.4,1,1.1,0.9
34,1,0.0015566192031611402,0.0003901255464344531,0,0,1,1,0,0.4,1,1.1,0.9
35,1,0.0021218202483560236,0.0005317782808695634,0,0,1,1,0,0.4,1,1.1,0.9
36,1,0.0,0.0,0,0,1,1,0,0.4,1,1.1,0.9
37,1,0.00031814659500894977,7.973505271685811e-05,0,0,1,1,0,0.4,1,1.1,0.9
32,1,0.0,0.0,0,0,1,1,0,0.4,1,1.1,0.9
26,1,0.010256907219900534,0.0025706232621087307,0,0,1,1,0,0.4,1,1.1,0.9
28,3,0.0015364925800866072,0.00038508133921351747,0,0,1,1,0,0.4,1,1.1,0.9
