BUS_I,BUS_TYPE,Pd,Qd,Gs,Bs,area,Vm,Va,baseKV,zone,Vmax,Vmin
1,1,0.0343636766786759,0.008612349195320517,0,0,1,1,0,0.4,1,1.1,0.9
2,1,0.012787032212634128,0.003204732357854917,0,0,1,1,0,0.4,1,1.1,0.9
3,1,0.054057776535132725,0.01354815587972485,0,0,1,1,0,0.4,1,1.1,0.9
4,1,0.016782598186860436,0.004206115583658912,0,0,1,1,0,0.4,1,1.1,0.9
5,1,0.02100001901710099,0.005263100877557613,0,0,1,1,0,0.4,1,1.1,0.9
6,1,0.0,0.0,0,0,1,1,0,0.4,1,1.1,0.9
7,1,0.07924351204456945,0.01986029619510773,0,0,1,1,0,0.4,1,1.1,0.9
8,1,0.0111417153876616,0.002792377091970561,0,0,1,1,0,0.4,1,1.1,0.9
9,1,0.0,0.0,0,0,1,1,0,0.4,1,1.1,0.9
22,1,0.011155212244177252,0.002795759723067892,0,0,1,1,0,0.4,1,1.1,0.9
11,1,0.0,0.0,0,0,1,1,0,0.4,1,1.1,0.9
10,1,0.0,0.0,0,0,1,1,0,0.4,1,1.1,0.9
24,1,0.0,0.0,0,0,1,1,0,0.4,1,1.1,0.9
25,1,0.011333231991206278,0.002840375677274794,0,0,1,1,0,0.4,1,1.1,0.9
23,1,0.06589752764138765,0.016515477213417448,0,0,1,1,0,0.4,1,1.1,0.9
21,3,0.011174728057664403,0.0028006508469762483,0,0,1,1,0,0.4,1,1.1,0.9
26,1,0.01184694882393274,0.0029691252517840844,0,0,1,1,0,0.4,1,1.1,0.9
16,1,0.0,0.0,0,0,1,1,0,0.4,1,1.1,0.9
18,1,0.08236725817940765,0.02064318077298102,0,0,1,1,0,0.4,1,1.1,0.9
15,1,0.03118254524223077,0.007815082505173881,0,0,1,1,0,0.4,1,1.1,0.9
28,1,0.01105014949086818,0.002769428515049018,0,0,1,1,0,0.4,1,1.1,0.9
29,1,0.010425002847565267,0.002612751997552037,0,0,1,1,0,0.4,1,1.1,0.9
14,1,0.03181332288664139,0.007973170284577214,0,0,1,1,0,0.4,1,1.1,0.9
17,1,0.029023890347442332,0.007274072591713648,0,0,1,1,0,0.4,1,1.1,0.9
19,1,0.013268329339507898,0.0033253567881829323,0,0,1,1,0,0.4,1,1.1,0.9
20,1,0.012343605830588565,0.0030935992308527126,0,0,1,1,0,0.4,1,1.1,0.9
27,1,0.003956476203627604,0.000991586405821402,0,0,1,1,0,0.4,1,1.1,0.9
