F_BUS,T_BUS,BR_R,BR_X,BR_B,RATE_A,RATE_B,RATE_C,TAP,SHIFT,BR_STATUS,ANGMIN,ANGMAX
37,38,3.0815981557493415,1.185230059903593,3.109875592930579e-09,0,0,0,0,0,1,-90,90
38,40,4.739317276348207,1.822814337057003,4.782806316706651e-09,0,0,0,0,0,1,-90,90
38,41,4.474831449260412,1.7210890189463126,4.515893508233614e-09,0,0,0,0,0,1,-90,90
38,42,4.625789999999999,1.7791499999999998,4.6682372885585515e-09,0,0,0,0,0,1,-90,90
40,43,0.5108277880065248,0.19647222615635573,5.155152585837107e-10,0,0,0,0,0,1,-90,90
41,49,2.9252128001197306,1.1250818461998964,2.9520552101344208e-09,0,0,0,0,0,1,-90,90
42,62,2.809999728041482,1.080769126169801,2.8357849170158263e-09,0,0,0,0,0,1,-90,90
49,48,4.709769999999999,1.8114499999999996,4.7529879079107375e-09,0,0,0,0,0,1,-90,90
62,52,1.7636242315947452,0.6783170121518252,1.779807643869699e-09,0,0,0,0,0,1,-90,90
47,48,2.1193651157207594,0.8151404291233689,2.1388128862913926e-09,0,0,0,0,0,1,-90,90
48,50,1.3846299999999996,0.5325499999999999,1.397335676037353e-09,0,0,0,0,0,1,-90,90
50,57,8.132019999999999,3.127699999999999,8.206641242966913e-09,0,0,0,0,0,1,-90,90
50,54,2.4846889507354994,0.9556495964367308,2.507489014912671e-09,0,0,0,0,0,1,-90,90
54,53,3.1326754035273776,1.2048751552028376,3.1614215370124274e-09,0,0,0,0,0,1,-90,90
51,69,0.7263099999999999,0.27934999999999993,1.465949567556228e-09,0,0,0,0,0,1,-90,90
51,52,6.048027084886654,2.326164263417944,6.1035251405446345e-09,0,0,0,0,0,1,-90,90
51,59,5.088086557105194,1.9569563681173825,5.134775982760129e-09,0,0,0,0,0,1,-90,90
59,58,1.308339676644918,0.503207567940353,1.3203452955310218e-09,0,0,0,0,0,1,-90,90
53,55,2.6304368023795184,1.0117064624536611,2.65457428159618e-09,0,0,0,0,0,1,-90,90
55,56,10.163240866059363,3.908938794638217,1.0256501048154033e-08,0,0,0,0,0,1,-90,90
56,63,1.3898612206481333,0.5345620079415897,1.4026148995417263e-09,0,0,0,0,0,1,-90,90
63,64,2.987364736525782,1.148986437125301,3.0147774666758662e-09,0,0,0,0,0,1,-90,90
58,60,8.147835525806055,3.133782894540791,8.22260189559187e-09,0,0,0,0,0,1,-90,90
60,61,2.693339999999999,1.0358999999999998,2.718054693093783e-09,0,0,0,0,0,1,-90,90
61,67,1.5314992871530382,0.5890381873665531,1.5455526687741241e-09,0,0,0,0,0,1,-90,90
61,66,7.726192552358075,2.971612520137721,7.797089831466916e-09,0,0,0,0,0,1,-90,90
