F_BUS,T_BUS,BR_R,BR_X,BR_B,RATE_A,RATE_B,RATE_C,TAP,SHIFT,BR_STATUS,ANGMIN,ANGMAX
1,2,0.23097676326636965,0.14782512849047658,7.757443464634259e-10,0,0,0,0,0,1,-90,90
1,3,1.7326362197584455,1.108887180645405,2.909562704377621e-09,0,0,0,0,0,1,-90,90
2,4,0.7824210615912168,0.5007494794183788,2.6277912396899188e-09,0,0,0,0,0,1,-90,90
3,5,3.0811650319256683,1.9719456204324275,5.174105655123171e-09,0,0,0,0,0,1,-90,90
4,8,1.6665239837151722,1.0665753495777102,2.798542460138853e-09,0,0,0,0,0,1,-90,90
5,14,2.1389981036269488,1.3689587863212473,3.591953715428551e-09,0,0,0,0,0,1,-90,90
8,6,0.12211771700245837,0.07815533888157336,2.0506852556945217e-10,0,0,0,0,0,1,-90,90
14,15,1.5223952015067685,0.9743329289643318,2.556511429874808e-09,0,0,0,0,0,1,-90,90
6,7,1.5095536267267506,0.9661143211051205,2.534946968380044e-09,0,0,0,0,0,1,-90,90
15,16,0.630094535128415,0.40326050248218553,1.0580983698340205e-09,0,0,0,0,0,1,-90,90
7,9,0.04585766439421624,0.029348905212298396,7.700736514089416e-11,0,0,0,0,0,1,-90,90
9,10,1.2081998753794512,0.7732479202428488,2.0288928840052925e-09,0,0,0,0,0,1,-90,90
10,11,0.7139914453184576,0.4569545250038129,1.19898387027421e-09,0,0,0,0,0,1,-90,90
11,12,1.6504918420706214,1.0563147789251977,2.7716201778568933e-09,0,0,0,0,0,1,-90,90
16,18,5.7069101519141325,3.6524224972250448,9.583438661785743e-09,0,0,0,0,0,1,-90,90
