F_BUS,T_BUS,BR_R,BR_X,BR_B,RATE_A,RATE_B,RATE_C,TAP,SHIFT,BR_STATUS,ANGMIN,ANGMAX
1,2,1.848963353309146,1.1833365461178535,3.104907281286823e-09,0,0,0,0,0,1,-90,90
2,4,4.00922520668116,2.5659041322759424,6.732568557545476e-09,0,0,0,0,0,1,-90,90
4,8,2.304980208592884,1.4751873334994456,3.87068235834605e-09,0,0,0,0,0,1,-90,90
8,9,1.00372489423164,0.6423839323082495,3.371048676471623e-09,0,0,0,0,0,1,-90,90
7,10,1.698290399532028,1.0869058557004978,2.8518868250196476e-09,0,0,0,0,0,1,-90,90
10,11,3.872134884502281,2.47816632608146,6.5023569966914675e-09,0,0,0,0,0,1,-90,90
9,13,0.7223801384836301,0.4623232886295233,2.426141489305971e-09,0,0,0,0,0,1,-90,90
11,12,2.5551672728454466,1.635307054621086,4.290813799075408e-09,0,0,0,0,0,1,-90,90
13,15,1.5269426186562678,0.9772432759400113,2.564147767606034e-09,0,0,0,0,0,1,-90,90
13,14,3.161125923014102,2.0231205907290253,5.3083815197660915e-09,0,0,0,0,0,1,-90,90
14,12,1.5176804515440847,0.9713154889882143,2.548594095297904e-09,0,0,0,0,0,1,-90,90
