F_BUS,T_BUS,BR_R,BR_X,BR_B,RATE_A,RATE_B,RATE_C,TAP,SHIFT,BR_STATUS,ANGMIN,ANGMAX
1,2,5.864604197778595,2.2556169991456136,5.918419123805244e-09,0,0,0,0,0,1,-90,90
1,3,2.032250701606058,0.7816348852330993,2.0508990907362163e-09,0,0,0,0,0,1,-90,90
2,4,2.0918466978210493,0.8045564222388651,2.1110419532050304e-09,0,0,0,0,0,1,-90,90
2,5,1.5115434420338636,0.5813628623207169,1.525413704335611e-09,0,0,0,0,0,1,-90,90
3,6,1.08238,0.4162999999999999,1.092312162115013e-09,0,0,0,0,0,1,-90,90
4,17,0.8506147854404985,0.3271595328617302,8.584202178638823e-10,0,0,0,0,0,1,-90,90
5,29,3.211081789302561,1.235031457424062,3.2405473974031537e-09,0,0,0,0,0,1,-90,90
6,7,3.2730277984554985,1.2588568455598073,3.3030618370567337e-09,0,0,0,0,0,1,-90,90
17,19,2.8637199812048144,1.1014307620018517,2.889998119294329e-09,0,0,0,0,0,1,-90,90
17,15,2.7266602433025438,1.0487154781932861,2.751680690436676e-09,0,0,0,0,0,1,-90,90
7,8,3.3529881032350572,1.2896108089365603,3.3837558755618192e-09,0,0,0,0,0,1,-90,90
15,16,4.7706465315395175,1.8348640505921223,4.814423056183982e-09,0,0,0,0,0,1,-90,90
13,18,2.2212184799387424,0.8543147999764394,2.2416008798681706e-09,0,0,0,0,0,1,-90,90
13,11,1.236855988807704,0.475713841849117,1.2482056573102292e-09,0,0,0,0,0,1,-90,90
18,16,0.7967610905960442,0.3064465733061708,8.040723494134046e-10,0,0,0,0,0,1,-90,90
11,10,0.9640783313703609,0.37079935821936966,9.729249307889957e-10,0,0,0,0,0,1,-90,90
10,12,2.748434779815174,1.0570902999289131,2.7736550349895718e-09,0,0,0,0,0,1,-90,90
12,14,2.5755844812255444,0.9906094158559786,2.599218623216753e-09,0,0,0,0,0,1,-90,90
14,31,4.628985787159808,1.7803791489076186,4.6714624009795045e-09,0,0,0,0,0,1,-90,90
31,25,2.14872647389006,0.8264332591884846,2.1684436708814094e-09,0,0,0,0,0,1,-90,90
25,22,3.077133168274662,1.1835127570287163,3.105369633727449e-09,0,0,0,0,0,1,-90,90
20,21,3.25654835279183,1.2525185972276267,3.2864311722963545e-09,0,0,0,0,0,1,-90,90
20,22,1.168533256462764,0.44943586787029394,1.1792559802196448e-09,0,0,0,0,0,1,-90,90
22,24,1.3659099999999997,0.5253499999999999,1.37844389711055e-09,0,0,0,0,0,1,-90,90
24,26,2.3510214000371055,0.9042390000142714,2.3725949007309777e-09,0,0,0,0,0,1,-90,90
26,27,1.1023630948045129,0.4239858056940434,1.112478626288101e-09,0,0,0,0,0,1,-90,90
27,28,3.940017272954,1.5153912588284617,3.976171756860697e-09,0,0,0,0,0,1,-90,90
