BUS_I,BUS_TYPE,Pd,Qd,Gs,Bs,area,Vm,Va,baseKV,zone,Vmax,Vmin
1,1,0.0013085388565169044,0.0003279507508276099,0,0,1,1,0,0.4,1,1.1,0.9
2,1,0.0,0.0,0,0,1,1,0,0.4,1,1.1,0.9
4,1,0.0027610651936200345,0.0006919881659012643,0,0,1,1,0,0.4,1,1.1,0.9
8,1,0.004723906545283804,0.0011839225794860993,0,0,1,1,0,0.4,1,1.1,0.9
5,1,0.0,0.0,0,0,1,1,0,0.4,1,1.1,0.9
6,1,0.0,0.0,0,0,1,1,0,0.4,1,1.1,0.9
11,1,0.006661874718766562,0.0016696231870060195,0,0,1,1,0,0.4,1,1.1,0.9
9,1,0.0023619565374511254,0.0005919621079813701,0,0,1,1,0,0.4,1,1.1,0.9
7,1,0.0,0.0,0,0,1,1,0,0.4,1,1.1,0.9
23,1,0.021694297207811276,0.005437103394022994,0,0,1,1,0,0.4,1,1.1,0.9
10,1,0.0036602310143093817,0.0009173403627771896,0,0,1,1,0,0.4,1,1.1,0.9
14,1,0.017677433922249568,0.004430382558863137,0,0,1,1,0,0.4,1,1.1,0.9
20,1,0.0,0.0,0,0,1,1,0,0.4,1,1.1,0.9
12,1,0.03778815319058922,0.009470603910249556,0,0,1,1,0,0.4,1,1.1,0.9
22,1,0.0,0.0,0,0,1,1,0,0.4,1,1.1,0.9
25,1,0.001875542323554354,0.00047005521475751796,0,0,1,1,0,0.4,1,1.1,0.9
13,3,0.00538872327039556,0.0013505413566644111,0,0,1,1,0,0.4,1,1.1,0.9
15,1,0.043560190295726144,0.010917212769441674,0,0,1,1,0,0.4,1,1.1,0.9
24,1,0.021984922284789557,0.005509940904143297,0,0,1,1,0,0.4,1,1.1,0.9
18,1,0.018759743837265374,0.004701634992438093,0,0,1,1,0,0.4,1,1.1,0.9
19,1,0.0023484711340254743,0.0005885823472989647,0,0,1,1,0,0.4,1,1.1,0.9
