BUS_I,BUS_TYPE,Pd,Qd,Gs,Bs,area,Vm,Va,baseKV,zone,Vmax,Vmin
1,1,0.019938339071810376,0.004997018801765488,0,0,1,1,0,0.4,1,1.1,0.9
2,1,0.015042016725904404,0.003769884749431656,0,0,1,1,0,0.4,1,1.1,0.9
4,1,0.013018160552737761,0.0032626585801424908,0,0,1,1,0,0.4,1,1.1,0.9
3,1,0.0,0.0,0,0,1,1,0,0.4,1,1.1,0.9
5,1,0.026476528068378767,0.006635643424793425,0,0,1,1,0,0.4,1,1.1,0.9
14,1,0.006975707200716259,0.001748277021072097,0,0,1,1,0,0.4,1,1.1,0.9
6,3,0.013347829042465746,0.003345281291873253,0,0,1,1,0,0.4,1,1.1,0.9
7,1,0.016205118217968186,0.0040613854608636075,0,0,1,1,0,0.4,1,1.1,0.9
8,1,0.0,0.0,0,0,1,1,0,0.4,1,1.1,0.9
9,1,0.01882206009993959,0.004717252920045668,0,0,1,1,0,0.4,1,1.1,0.9
10,1,0.013229435111848252,0.003315608975880443,0,0,1,1,0,0.4,1,1.1,0.9
11,1,0.00998443492643532,0.0025023352683845768,0,0,1,1,0,0.4,1,1.1,0.9
12,1,0.009005184124541406,0.0022569118832628837,0,0,1,1,0,0.4,1,1.1,0.9
13,1,0.008176984279684532,0.0020493454364558738,0,0,1,1,0,0.4,1,1.1,0.9
