F_BUS,T_BUS,BR_R,BR_X,BR_B,RATE_A,RATE_B,RATE_C,TAP,SHIFT,BR_STATUS,ANGMIN,ANGMAX
1,3,2.220354660995803,1.421026983037314,3.72857327952261e-09,0,0,0,0,0,1,-90,90
3,6,2.4392187499999993,1.5610999999999997,4.096105011476691e-09,0,0,0,0,0,1,-90,90
6,9,0.0887907308453812,0.05682606774104396,2.982070858453708e-10,0,0,0,0,0,1,-90,90
5,9,1.2178216524186511,0.7794058575479367,2.04505043820152e-09,0,0,0,0,0,1,-90,90
5,7,1.9675272693761512,1.2592174524007367,3.3040080182676132e-09,0,0,0,0,0,1,-90,90
7,8,1.7511685453503596,1.1207478690242303,2.9406834686515746e-09,0,0,0,0,0,1,-90,90
