BUS_I,BUS_TYPE,Pd,Qd,Gs,Bs,area,Vm,Va,baseKV,zone,Vmax,Vmin
1,1,0.038877949098143974,0.009743732510406505,0,0,1,1,0,0.4,1,1.1,0.9
3,3,0.04117415690081515,0.010319216432180669,0,0,1,1,0,0.4,1,1.1,0.9
2,1,0.02002191369671393,0.005017964577162798,0,0,1,1,0,0.4,1,1.1,0.9
