BUS_I,BUS_TYPE,Pd,Qd,Gs,Bs,area,Vm,Va,baseKV,zone,Vmax,Vmin
1,1,0.02893745437853736,0.00725240969591218,0,0,1,1,0,0.4,1,1.1,0.9
2,1,0.0,0.0,0,0,1,1,0,0.4,1,1.1,0.9
4,1,0.060146486781524594,0.01507413050931368,0,0,1,1,0,0.4,1,1.1,0.9
20,1,0.058808564673269316,0.014738815621440108,0,0,1,1,0,0.4,1,1.1,0.9
9,1,0.01936209513463369,0.0048525984577185545,0,0,1,1,0,0.4,1,1.1,0.9
21,1,0.012821524910205467,0.0032133770427339742,0,0,1,1,0,0.4,1,1.1,0.9
18,1,0.0,0.0,0,0,1,1,0,0.4,1,1.1,0.9
6,1,0.061556822230246354,0.015427593891026502,0,0,1,1,0,0.4,1,1.1,0.9
7,3,0.06337258963333683,0.015882668098571924,0,0,1,1,0,0.4,1,1.1,0.9
8,1,0.0,0.0,0,0,1,1,0,0.4,1,1.1,0.9
10,1,0.0,0.0,0,0,1,1,0,0.4,1,1.1,0.9
19,1,0.0,0.0,0,0,1,1,0,0.4,1,1.1,0.9
16,1,0.08689963670153643,0.02177910190513875,0,0,1,1,0,0.4,1,1.1,0.9
34,1,0.00643305753589789,0.0016122761953211227,0,0,1,1,0,0.4,1,1.1,0.9
17,1,0.005522077802362401,0.0013839631527899014,0,0,1,1,0,0.4,1,1.1,0.9
11,1,0.07632321790747174,0.01912840149429012,0,0,1,1,0,0.4,1,1.1,0.9
12,1,0.01835092194561424,0.004599174568237445,0,0,1,1,0,0.4,1,1.1,0.9
13,1,0.007415975005054674,0.0018586185338815343,0,0,1,1,0,0.4,1,1.1,0.9
14,1,0.0,0.0,0,0,1,1,0,0.4,1,1.1,0.9
15,1,0.0,0.0,0,0,1,1,0,0.4,1,1.1,0.9
26,1,0.0,0.0,0,0,1,1,0,0.4,1,1.1,0.9
24,1,0.0,0.0,0,0,1,1,0,0.4,1,1.1,0.9
23,1,0.0037609271601827875,0.0009425771958144081,0,0,1,1,0,0.4,1,1.1,0.9
28,1,0.01583927286159266,0.0039696959716958875,0,0,1,1,0,0.4,1,1.1,0.9
25,1,0.0037883680321659594,0.0009494545266062502,0,0,1,1,0,0.4,1,1.1,0.9
32,1,0.0,0.0,0,0,1,1,0,0.4,1,1.1,0.9
22,1,0.0,0.0,0,0,1,1,0,0.4,1,1.1,0.9
29,1,0.03494356917404762,0.008757683954245952,0,0,1,1,0,0.4,1,1.1,0.9
30,1,0.0,0.0,0,0,1,1,0,0.4,1,1.1,0.9
31,1,0.017071802584899796,0.0042785970380745,0,0,1,1,0,0.4,1,1.1,0.9
33,1,0.011255609075562679,0.002820921540823312,0,0,1,1,0,0.4,1,1.1,0.9
27,1,0.002059163875850824,0.0005160751137034691,0,0,1,1,0,0.4,1,1.1,0.9
