BUS_I,BUS_TYPE,Pd,Qd,Gs,Bs,area,Vm,Va,baseKV,zone,Vmax,Vmin
1,1,0.0006966421657817691,0.00017459498446567684,0,0,1,1,0,0.4,1,1.1,0.9
2,1,0.007579311680222752,0.0018995545634020033,0,0,1,1,0,0.4,1,1.1,0.9
3,1,0.013258083581776482,0.0033227889592460373,0,0,1,1,0,0.4,1,1.1,0.9
12,1,0.01523537309086831,0.003818344422410722,0,0,1,1,0,0.4,1,1.1,0.9
13,1,0.0,0.0,0,0,1,1,0,0.4,1,1.1,0.9
4,1,0.027711748526675056,0.006945218852927194,0,0,1,1,0,0.4,1,1.1,0.9
5,1,0.004309000948967798,0.0010799374351728448,0,0,1,1,0,0.4,1,1.1,0.9
6,1,0.0,0.0,0,0,1,1,0,0.4,1,1.1,0.9
7,1,0.0015538180610975203,0.0003894235140581397,0,0,1,1,0,0.4,1,1.1,0.9
8,1,0.010961241379505292,0.0027471460419448293,0,0,1,1,0,0.4,1,1.1,0.9
9,1,0.011196011471841232,0.002805984973375861,0,0,1,1,0,0.4,1,1.1,0.9
10,1,0.0,0.0,0,0,1,1,0,0.4,1,1.1,0.9
27,1,0.006260727520815969,0.0015690862223564038,0,0,1,1,0,0.4,1,1.1,0.9
30,1,0.0,0.0,0,0,1,1,0,0.4,1,1.1,0.9
11,1,0.004923977570299698,0.001234065104903696,0,0,1,1,0,0.4,1,1.1,0.9
26,1,0.012641932194251224,0.003168366865354039,0,0,1,1,0,0.4,1,1.1,0.9
29,1,0.009837318634443733,0.0024654644500842022,0,0,1,1,0,0.4,1,1.1,0.9
14,1,0.007133491233469084,0.0017878214272257166,0,0,1,1,0,0.4,1,1.1,0.9
15,1,0.013454914944684178,0.003372119548804397,0,0,1,1,0,0.4,1,1.1,0.9
16,1,0.005379702474647199,0.0013482805321394047,0,0,1,1,0,0.4,1,1.1,0.9
17,1,0.0,0.0,0,0,1,1,0,0.4,1,1.1,0.9
18,1,0.006865164710690445,0.0017205724615767704,0,0,1,1,0,0.4,1,1.1,0.9
19,1,0.0,0.0,0,0,1,1,0,0.4,1,1.1,0.9
20,1,0.003271821847436696,0.0008199958496434459,0,0,1,1,0,0.4,1,1.1,0.9
23,1,0.00706220638614153,0.0017699557604270012,0,0,1,1,0,0.4,1,1.1,0.9
21,1,0.0,0.0,0,0,1,1,0,0.4,1,1.1,0.9
24,3,0.019340530833255494,0.0048471939343505,0,0,1,1,0,0.4,1,1.1,0.9
25,1,0.010975368055789239,0.0027506865207551803,0,0,1,1,0,0.4,1,1.1,0.9
28,1,0.004093589397181399,0.0010259502113365326,0,0,1,1,0,0.4,1,1.1,0.9
