F_BUS,T_BUS,BR_R,BR_X,BR_B,RATE_A,RATE_B,RATE_C,TAP,SHIFT,BR_STATUS,ANGMIN,ANGMAX
1,3,2.240283594306329,1.4337815003560503,3.762039324175895e-09,0,0,0,0,0,1,-90,90
3,7,4.0444939647970175,2.588476137470091,6.7917942981097115e-09,0,0,0,0,0,1,-90,90
7,19,0.731015625,0.46784999999999993,3.682716154543662e-09,0,0,0,0,0,1,-90,90
7,27,0.037226279642975646,0.023824818971504413,1.8753883874198488e-10,0,0,0,0,0,1,-90,90
19,29,0.776884270206787,0.49720593293234366,1.3045978563962059e-09,0,0,0,0,0,1,-90,90
19,18,0.715442708333333,0.4578833333333332,3.604262794833743e-09,0,0,0,0,0,1,-90,90
27,25,0.17189271738404718,0.11001133912579023,8.659624575858264e-10,0,0,0,0,0,1,-90,90
8,30,0.24341145833333327,0.1557833333333333,1.2262601224224147e-09,0,0,0,0,0,1,-90,90
8,26,2.0250900678218438,1.29605764340598,1.020201436484128e-08,0,0,0,0,0,1,-90,90
30,31,2.2986979166666663,1.4711666666666665,1.1580398096311818e-08,0,0,0,0,0,1,-90,90
26,24,0.18316128453215333,0.11722322210057814,9.227313320881881e-10,0,0,0,0,0,1,-90,90
28,29,1.0371754172872587,0.6637922670638455,1.7416967725960493e-09,0,0,0,0,0,1,-90,90
17,18,1.8390284824887844,1.176978228792822,3.0882239583353013e-09,0,0,0,0,0,1,-90,90
18,20,0.03784948216251047,0.024223668584006704,1.9067841320216583e-10,0,0,0,0,0,1,-90,90
31,13,0.24132812499999998,0.15444999999999995,1.215764689685302e-09,0,0,0,0,0,1,-90,90
13,12,0.27681392958614576,0.1771609149351333,1.3945353497602886e-09,0,0,0,0,0,1,-90,90
25,24,0.38870710496347866,0.24877254717662634,1.958231651799374e-09,0,0,0,0,0,1,-90,90
9,10,4.059096795103997,2.597821948866558,6.816316381831053e-09,0,0,0,0,0,1,-90,90
9,11,2.600948066727888,1.6646067627058483,4.367692077930573e-09,0,0,0,0,0,1,-90,90
10,12,0.8085743058293222,0.5174875557307663,4.0734418750988705e-09,0,0,0,0,0,1,-90,90
11,14,12.387468546906822,7.9279798700203665,2.0801894866745726e-08,0,0,0,0,0,1,-90,90
14,16,2.218158729116375,1.4196215866344803,3.7248857186688798e-09,0,0,0,0,0,1,-90,90
20,22,1.1432428131110925,0.7316754003910992,1.9198124875512116e-09,0,0,0,0,0,1,-90,90
22,23,1.2501281059933123,0.8000819878357199,2.099301671876322e-09,0,0,0,0,0,1,-90,90
22,21,0.1052017902664172,0.06732914577050701,1.766621301704045e-10,0,0,0,0,0,1,-90,90
