BUS_I,BUS_TYPE,Pd,Qd,Gs,Bs,area,Vm,Va,baseKV,zone,Vmax,Vmin
1,1,0.09730719735821149,0.02438748247759322,0,0,1,1,0,0.4,1,1.1,0.9
2,1,0.0,0.0,0,0,1,1,0,0.4,1,1.1,0.9
3,1,0.009227132590559867,0.002312537412236123,0,0,1,1,0,0.4,1,1.1,0.9
4,1,0.004499691329644072,0.001127728949507275,0,0,1,1,0,0.4,1,1.1,0.9
28,1,0.0,0.0,0,0,1,1,0,0.4,1,1.1,0.9
24,1,0.0,0.0,0,0,1,1,0,0.4,1,1.1,0.9
27,1,0.0,0.0,0,0,1,1,0,0.4,1,1.1,0.9
30,1,0.0027901070273992972,0.0006992667355408942,0,0,1,1,0,0.4,1,1.1,0.9
22,3,0.0,0.0,0,0,1,1,0,0.4,1,1.1,0.9
5,1,0.014526240586984051,0.003640619064140399,0,0,1,1,0,0.4,1,1.1,0.9
6,1,0.01485060323703782,0.0037219120071017705,0,0,1,1,0,0.4,1,1.1,0.9
7,1,0.0,0.0,0,0,1,1,0,0.4,1,1.1,0.9
8,1,0.016094997858471807,0.004033786697251519,0,0,1,1,0,0.4,1,1.1,0.9
9,1,0.003307945848644442,0.0008290493777522803,0,0,1,1,0,0.4,1,1.1,0.9
10,1,0.005819776022825437,0.0014585733597659255,0,0,1,1,0,0.4,1,1.1,0.9
11,1,0.008738300503502123,0.002190024542877441,0,0,1,1,0,0.4,1,1.1,0.9
14,1,0.0,0.0,0,0,1,1,0,0.4,1,1.1,0.9
18,1,0.0,0.0,0,0,1,1,0,0.4,1,1.1,0.9
16,1,0.005495768025690929,0.0013773693012045667,0,0,1,1,0,0.4,1,1.1,0.9
12,1,0.002649819623366245,0.0006641073978909912,0,0,1,1,0,0.4,1,1.1,0.9
20,1,0.004027217078724058,0.0010093157403280111,0,0,1,1,0,0.4,1,1.1,0.9
17,1,0.004766180038239147,0.0011945173155046482,0,0,1,1,0,0.4,1,1.1,0.9
13,1,0.004222561866905342,0.0010582737591405653,0,0,1,1,0,0.4,1,1.1,0.9
23,1,0.014886217262694302,0.003730837723289615,0,0,1,1,0,0.4,1,1.1,0.9
29,1,0.009257490304302233,0.00232014577248132,0,0,1,1,0,0.4,1,1.1,0.9
26,1,0.011393116725216194,0.002855384206355803,0,0,1,1,0,0.4,1,1.1,0.9
