F_BUS,T_BUS,BR_R,BR_X,BR_B,RATE_A,RATE_B,RATE_C,TAP,SHIFT,BR_STATUS,ANGMIN,ANGMAX
1,2,3.4342694444520285,1.3208728632507802,3.4657830726315343e-09,0,0,0,0,0,1,-90,90
1,3,7.416834483366302,2.8526286474485776,7.484893023314391e-09,0,0,0,0,0,1,-90,90
2,4,1.5169075662853375,0.5834259870328221,1.530827050996655e-09,0,0,0,0,0,1,-90,90
3,5,2.240596621514635,0.8617679313517825,2.261156839625866e-09,0,0,0,0,0,1,-90,90
4,15,2.401295854983165,0.9235753288396789,2.4233306853734177e-09,0,0,0,0,0,1,-90,90
5,7,4.668109633235491,1.7954267820136502,4.710945256258782e-09,0,0,0,0,0,1,-90,90
15,16,0.9374352684379407,0.3605520263222849,9.460373851238149e-10,0,0,0,0,0,1,-90,90
7,6,2.29406305741946,0.8823319451613307,2.315113895561658e-09,0,0,0,0,0,1,-90,90
6,8,1.4244567266403716,0.5478679717847583,2.8750557233426676e-09,0,0,0,0,0,1,-90,90
8,9,0.8936396541681656,0.3437075592954483,2.7055196773669363e-09,0,0,0,0,0,1,-90,90
9,27,0.026987832435614135,0.010379935552159283,8.170643655244006e-11,0,0,0,0,0,1,-90,90
27,26,2.8477250803760774,1.0952788770677222,8.621569336983526e-09,0,0,0,0,0,1,-90,90
26,25,2.134089964902961,0.820803832654985,6.46101856199608e-09,0,0,0,0,0,1,-90,90
10,11,0.20548166459876804,0.07903140946106463,6.221016315883671e-10,0,0,0,0,0,1,-90,90
10,12,0.22827552422870082,0.08779827854950033,6.911106952129296e-10,0,0,0,0,0,1,-90,90
11,13,0.4444595436062654,0.1709459783101021,1.3456140127752132e-09,0,0,0,0,0,1,-90,90
13,14,0.4600547034394702,0.17694411670748855,1.3928288063484605e-09,0,0,0,0,0,1,-90,90
14,24,1.681832761780168,0.646858754530834,5.0917969114431884e-09,0,0,0,0,0,1,-90,90
24,25,1.1529570218103207,0.4434450083885849,3.4906104436131056e-09,0,0,0,0,0,1,-90,90
24,21,6.687849999999998,2.5722499999999995,6.749219214509588e-09,0,0,0,0,0,1,-90,90
21,23,1.3472115024816815,0.5181582701852622,1.359573817977033e-09,0,0,0,0,0,1,-90,90
21,19,1.7914583343145198,0.6890224362748154,1.8078971585709763e-09,0,0,0,0,0,1,-90,90
19,20,2.62896310871118,1.0111396571966078,2.653087064983569e-09,0,0,0,0,0,1,-90,90
20,22,0.8575277938713435,0.32981838225820903,8.653966616135965e-10,0,0,0,0,0,1,-90,90
