BUS_I,BUS_TYPE,Pd,Qd,Gs,Bs,area,Vm,Va,baseKV,zone,Vmax,Vmin
1,1,0.016867258224700202,0.004227333389180216,0,0,1,1,0,0.4,1,1.1,0.9
5,3,0.09946608627237277,0.024928551041836847,0,0,1,1,0,0.4,1,1.1,0.9
