BUS_I,BUS_TYPE,Pd,Qd,Gs,Bs,area,Vm,Va,baseKV,zone,Vmax,Vmin
1,1,0.014633322524489359,0.0036674563274207705,0,0,1,1,0,0.4,1,1.1,0.9
2,1,0.019013548694620932,0.004765244485667058,0,0,1,1,0,0.4,1,1.1,0.9
3,1,0.0,0.0,0,0,1,1,0,0.4,1,1.1,0.9
4,1,0.081641951648454,0.020461401821426178,0,0,1,1,0,0.4,1,1.1,0.9
11,1,0.0,0.0,0,0,1,1,0,0.4,1,1.1,0.9
12,1,0.030549724085933923,0.007656482573415213,0,0,1,1,0,0.4,1,1.1,0.9
5,1,0.06422250946092982,0.016095678086173154,0,0,1,1,0,0.4,1,1.1,0.9
6,3,0.028174208934285048,0.007061122356402392,0,0,1,1,0,0.4,1,1.1,0.9
7,1,0.0,0.0,0,0,1,1,0,0.4,1,1.1,0.9
8,1,0.03428827415229223,0.008593451540872831,0,0,1,1,0,0.4,1,1.1,0.9
9,1,0.0,0.0,0,0,1,1,0,0.4,1,1.1,0.9
10,1,0.0,0.0,0,0,1,1,0,0.4,1,1.1,0.9
16,1,0.04904482657433507,0.012291792191847164,0,0,1,1,0,0.4,1,1.1,0.9
14,1,0.007816836155334591,0.001959083808227188,0,0,1,1,0,0.4,1,1.1,0.9
17,1,0.02497343550597822,0.006258932919065858,0,0,1,1,0,0.4,1,1.1,0.9
13,1,0.0,0.0,0,0,1,1,0,0.4,1,1.1,0.9
