BUS_I,BUS_TYPE,Pd,Qd,Gs,Bs,area,Vm,Va,baseKV,zone,Vmax,Vmin
1,1,0.029227644936228633,0.007325138305233922,0,0,1,1,0,0.4,1,1.1,0.9
2,1,0.021638509540550167,0.00542312168665979,0,0,1,1,0,0.4,1,1.1,0.9
3,1,0.0,0.0,0,0,1,1,0,0.4,1,1.1,0.9
4,1,0.0,0.0,0,0,1,1,0,0.4,1,1.1,0.9
5,1,0.0,0.0,0,0,1,1,0,0.4,1,1.1,0.9
18,1,0.0,0.0,0,0,1,1,0,0.4,1,1.1,0.9
19,1,0.0,0.0,0,0,1,1,0,0.4,1,1.1,0.9
22,1,0.028125205123550403,0.007048840843748945,0,0,1,1,0,0.4,1,1.1,0.9
27,1,0.036276547114231256,0.009091759716797997,0,0,1,1,0,0.4,1,1.1,0.9
9,1,0.008554428372229318,0.002143941842920254,0,0,1,1,0,0.4,1,1.1,0.9
30,3,0.03706896425782788,0.009290358173326005,0,0,1,1,0,0.4,1,1.1,0.9
17,1,0.0,0.0,0,0,1,1,0,0.4,1,1.1,0.9
6,1,0.012308825401285455,0.0030848824336041974,0,0,1,1,0,0.4,1,1.1,0.9
7,1,0.0,0.0,0,0,1,1,0,0.4,1,1.1,0.9
8,1,0.0,0.0,0,0,1,1,0,0.4,1,1.1,0.9
37,1,0.010374081239234589,0.002599989839514295,0,0,1,1,0,0.4,1,1.1,0.9
12,1,0.0,0.0,0,0,1,1,0,0.4,1,1.1,0.9
23,1,0.0185942270815548,0.0046601525832306815,0,0,1,1,0,0.4,1,1.1,0.9
11,1,0.0,0.0,0,0,1,1,0,0.4,1,1.1,0.9
10,1,0.010687332055798178,0.002678497894493145,0,0,1,1,0,0.4,1,1.1,0.9
13,1,0.01263524654356841,0.003166691283348751,0,0,1,1,0,0.4,1,1.1,0.9
14,1,0.026973351826373282,0.0067601591956869215,0,0,1,1,0,0.4,1,1.1,0.9
15,1,0.0,0.0,0,0,1,1,0,0.4,1,1.1,0.9
16,1,0.0,0.0,0,0,1,1,0,0.4,1,1.1,0.9
20,1,0.013440263012889381,0.0033684474285542053,0,0,1,1,0,0.4,1,1.1,0.9
33,1,0.02371766905750123,0.005944208180407072,0,0,1,1,0,0.4,1,1.1,0.9
21,1,0.01986238324703555,0.004977982477669664,0,0,1,1,0,0.4,1,1.1,0.9
32,1,0.028055433214109467,0.0070313543549267955,0,0,1,1,0,0.4,1,1.1,0.9
25,1,0.0,0.0,0,0,1,1,0,0.4,1,1.1,0.9
31,1,0.010102269115051087,0.0025318672998082105,0,0,1,1,0,0.4,1,1.1,0.9
24,1,0.02117215551326535,0.005306242350109832,0,0,1,1,0,0.4,1,1.1,0.9
26,1,0.015931090935266932,0.003992707750101287,0,0,1,1,0,0.4,1,1.1,0.9
28,1,0.005604171805441382,0.0014045378493792403,0,0,1,1,0,0.4,1,1.1,0.9
34,1,0.0,0.0,0,0,1,1,0,0.4,1,1.1,0.9
35,1,0.0,0.0,0,0,1,1,0,0.4,1,1.1,0.9
36,1,0.03543337272770612,0.008880440296085056,0,0,1,1,0,0.4,1,1.1,0.9
