F_BUS,T_BUS,BR_R,BR_X,BR_B,RATE_A,RATE_B,RATE_C,TAP,SHIFT,BR_STATUS,ANGMIN,ANGMAX
1,2,4.041423713066185,2.5865111763623583,6.786638518825399e-09,0,0,0,0,0,1,-90,90
2,4,1.442895116620321,0.9234528746370055,2.423009382911534e-09,0,0,0,0,0,1,-90,90
4,10,1.1710764700820508,0.7494889408525126,1.966552691481862e-09,0,0,0,0,0,1,-90,90
4,7,3.494463199047244,2.2364564473902364,5.8681445532666104e-09,0,0,0,0,0,1,-90,90
4,9,2.010409078464868,1.2866618102175154,6.752036242274854e-09,0,0,0,0,0,1,-90,90
7,17,2.8013296772268155,1.792850993425162,4.704186752289906e-09,0,0,0,0,0,1,-90,90
9,14,1.0881584877241912,0.6964214321434824,5.4819332233092566e-09,0,0,0,0,0,1,-90,90
9,5,0.42195312499999993,0.27004999999999996,7.085729026643267e-10,0,0,0,0,0,1,-90,90
5,16,3.702027557755885,2.369297636963766,6.216700995738369e-09,0,0,0,0,0,1,-90,90
6,12,0.33789062499999994,0.21624999999999997,5.674093323501598e-10,0,0,0,0,0,1,-90,90
6,11,2.5335142173162746,1.6214490990824157,4.254452489017904e-09,0,0,0,0,0,1,-90,90
12,15,3.0048779623939916,1.9231218959321548,5.045999126006185e-09,0,0,0,0,0,1,-90,90
12,13,1.738221334177731,1.1124616538737477,2.9189416152122915e-09,0,0,0,0,0,1,-90,90
14,13,0.3676517200975792,0.23529710086245068,1.2347724476697468e-09,0,0,0,0,0,1,-90,90
