F_BUS,T_BUS,BR_R,BR_X,BR_B,RATE_A,RATE_B,RATE_C,TAP,SHIFT,BR_STATUS,ANGMIN,ANGMAX
1,3,0.9529595705309926,0.6098941251398353,1.600275691791347e-09,0,0,0,0,0,1,-90,90
3,12,1.1456682091519719,0.733227653857262,1.923885380512477e-09,0,0,0,0,0,1,-90,90
3,13,1.658811021692966,1.0616390538834983,2.7855903202815775e-09,0,0,0,0,0,1,-90,90
12,15,0.6418043136596353,0.4107547607421666,1.077762240704566e-09,0,0,0,0,0,1,-90,90
13,23,0.8372454828190665,0.5358371090042026,1.405960583900645e-09,0,0,0,0,0,1,-90,90
4,6,1.0968641921009163,0.7019930829445864,1.8419302959908359e-09,0,0,0,0,0,1,-90,90
6,7,2.9374999999999996,1.8799999999999994,4.932853386443008e-09,0,0,0,0,0,1,-90,90
5,7,0.8031090748246815,0.5139898078877962,1.3486363640619719e-09,0,0,0,0,0,1,-90,90
5,14,0.24646253659994122,0.15773602342396237,4.1387695601646094e-10,0,0,0,0,0,1,-90,90
7,19,0.5863161906644709,0.3752423620252614,1.969165485375728e-09,0,0,0,0,0,1,-90,90
7,20,1.6061844613562943,1.0279580552680283,2.6972161564097145e-09,0,0,0,0,0,1,-90,90
19,18,0.032950036373204504,0.021088023278850884,1.6599594741138604e-10,0,0,0,0,0,1,-90,90
20,21,0.7065904055003245,0.4522178595202077,1.1865555317788648e-09,0,0,0,0,0,1,-90,90
15,16,0.2499468476773159,0.15996598251348218,8.394561048482061e-10,0,0,0,0,0,1,-90,90
18,17,0.24457860307549803,0.15653030596831877,1.23213997320763e-09,0,0,0,0,0,1,-90,90
21,22,0.9174250261591878,0.5871520167418801,1.5406036245436308e-09,0,0,0,0,0,1,-90,90
16,17,0.15088519758474378,0.09656652645423602,7.601306122927924e-10,0,0,0,0,0,1,-90,90
