F_BUS,T_BUS,BR_R,BR_X,BR_B,RATE_A,RATE_B,RATE_C,TAP,SHIFT,BR_STATUS,ANGMIN,ANGMAX
1,3,3.9455942999609963,2.5251803519750378,6.6257151333081994e-09,0,0,0,0,0,1,-90,90
3,4,0.9460937499999997,0.6054999999999999,1.5887461305804474e-09,0,0,0,0,0,1,-90,90
4,7,4.241150305992186,2.7143361958349987,7.122033242324206e-09,0,0,0,0,0,1,-90,90
7,8,2.6482495426126493,1.6948797072720956,4.447123991292921e-09,0,0,0,0,0,1,-90,90
7,13,2.895165494036057,1.8529059161830765,4.861762352874455e-09,0,0,0,0,0,1,-90,90
5,10,2.6655014852758945,1.7059209505765722,4.47609464790198e-09,0,0,0,0,0,1,-90,90
5,18,17.72981873609406,11.347083991100199,2.9773139197740354e-08,0,0,0,0,0,1,-90,90
10,6,3.455562282604299,2.2115598608667515,5.802819440956375e-09,0,0,0,0,0,1,-90,90
18,17,5.72258712866886,3.6624557623480705,9.609764526593826e-09,0,0,0,0,0,1,-90,90
6,9,5.894209776452743,3.7722942569297557,9.897965159550776e-09,0,0,0,0,0,1,-90,90
9,8,7.156347036415007,4.580062103305605,1.201743343426082e-08,0,0,0,0,0,1,-90,90
8,11,2.5911242010271254,1.6583194886573602,4.3511951624616485e-09,0,0,0,0,0,1,-90,90
13,14,7.593941369126165,4.860122476240746,1.2752272135878694e-08,0,0,0,0,0,1,-90,90
20,21,4.101818616117201,2.625163914315009,6.888057821647223e-09,0,0,0,0,0,1,-90,90
20,14,12.739174009276846,8.153071365937182,2.1392503030518483e-08,0,0,0,0,0,1,-90,90
14,22,5.656796874999999,3.6203499999999997,9.499284977451567e-09,0,0,0,0,0,1,-90,90
16,17,0.46345557810346394,0.2966115699862169,7.782666954599402e-10,0,0,0,0,0,1,-90,90
