BUS_I,BUS_TYPE,Pd,Qd,Gs,Bs,area,Vm,Va,baseKV,zone,Vmax,Vmin
1,1,0.0064755357014219675,0.0016229222271206534,0,0,1,1,0,0.4,1,1.1,0.9
2,1,0.009255263955073442,0.0023195877967685237,0,0,1,1,0,0.4,1,1.1,0.9
4,1,0.01049566529451474,0.002630461676112199,0,0,1,1,0,0.4,1,1.1,0.9
6,1,0.0,0.0,0,0,1,1,0,0.4,1,1.1,0.9
5,1,0.013232261326250886,0.003316317291977231,0,0,1,1,0,0.4,1,1.1,0.9
36,1,0.0,0.0,0,0,1,1,0,0.4,1,1.1,0.9
7,1,0.0,0.0,0,0,1,1,0,0.4,1,1.1,0.9
8,1,0.006234099439797157,0.0015624125961818912,0,0,1,1,0,0.4,1,1.1,0.9
17,1,0.011466090391178933,0.002873673131001744,0,0,1,1,0,0.4,1,1.1,0.9
34,1,0.012193389583982603,0.0030559514906915515,0,0,1,1,0,0.4,1,1.1,0.9
28,1,0.0,0.0,0,0,1,1,0,0.4,1,1.1,0.9
40,1,0.013043456077820396,0.0032689982363186248,0,0,1,1,0,0.4,1,1.1,0.9
21,1,0.017053765501733886,0.004274076518918694,0,0,1,1,0,0.4,1,1.1,0.9
26,1,0.021538963912905874,0.005398173200671036,0,0,1,1,0,0.4,1,1.1,0.9
38,1,0.008251702160493297,0.0020680715025481766,0,0,1,1,0,0.4,1,1.1,0.9
20,1,0.0,0.0,0,0,1,1,0,0.4,1,1.1,0.9
9,1,0.002591184444238299,0.0006494120367833306,0,0,1,1,0,0.4,1,1.1,0.9
10,1,0.003706835789213129,0.0009290206203757443,0,0,1,1,0,0.4,1,1.1,0.9
11,1,0.002739827852271369,0.0006866655864408301,0,0,1,1,0,0.4,1,1.1,0.9
12,1,0.005782456532364251,0.0014492202138075181,0,0,1,1,0,0.4,1,1.1,0.9
13,1,0.004571825067136911,0.0011458073682358923,0,0,1,1,0,0.4,1,1.1,0.9
30,1,0.01270719866983792,0.003184724186014354,0,0,1,1,0,0.4,1,1.1,0.9
31,1,0.0030629280536404314,0.0007676421299372799,0,0,1,1,0,0.4,1,1.1,0.9
39,1,0.012905176404979532,0.0032343420835368353,0,0,1,1,0,0.4,1,1.1,0.9
25,1,0.0029789131792202364,0.0007465860176104892,0,0,1,1,0,0.4,1,1.1,0.9
14,1,0.005288976362326427,0.0013255424250460729,0,0,1,1,0,0.4,1,1.1,0.9
15,1,0.015797611330361745,0.00395925460774268,0,0,1,1,0,0.4,1,1.1,0.9
16,1,0.0,0.0,0,0,1,1,0,0.4,1,1.1,0.9
18,1,0.0,0.0,0,0,1,1,0,0.4,1,1.1,0.9
23,1,0.0656402137266149,0.01645098826750052,0,0,1,1,0,0.4,1,1.1,0.9
24,1,0.004377661300353699,0.001097145341286562,0,0,1,1,0,0.4,1,1.1,0.9
19,3,0.07521508431023126,0.018850677035881863,0,0,1,1,0,0.4,1,1.1,0.9
22,1,0.005589453132128232,0.0014008490021278242,0,0,1,1,0,0.4,1,1.1,0.9
27,1,0.006344855329887498,0.001590170638774827,0,0,1,1,0,0.4,1,1.1,0.9
32,1,0.0896028539440763,0.022456592007878882,0,0,1,1,0,0.4,1,1.1,0.9
33,1,0.08363175121691466,0.02096009260101075,0,0,1,1,0,0.4,1,1.1,0.9
35,1,0.0,0.0,0,0,1,1,0,0.4,1,1.1,0.9
37,1,0.014878013080954279,0.003728781561527076,0,0,1,1,0,0.4,1,1.1,0.9
