F_BUS,T_BUS,BR_R,BR_X,BR_B,RATE_A,RATE_B,RATE_C,TAP,SHIFT,BR_STATUS,ANGMIN,ANGMAX
1,2,4.4367211408390945,1.7064312080150363,4.4774334910579826e-09,0,0,0,0,0,1,-90,90
1,3,3.0684440269723376,1.1801707796047454,3.09660075891189e-09,0,0,0,0,0,1,-90,90
2,4,2.6491880749756285,1.018918490375242,2.673497620083463e-09,0,0,0,0,0,1,-90,90
3,5,3.53188557669916,1.358417529499677,3.5642949524446953e-09,0,0,0,0,0,1,-90,90
4,6,2.424386241995184,0.9324562469212246,2.4466329549655863e-09,0,0,0,0,0,1,-90,90
5,8,0.10792673331486691,0.041510282044179586,1.0891709327331686e-10,0,0,0,0,0,1,-90,90
8,7,2.7437834362066575,1.0553013216179452,2.7689610096068428e-09,0,0,0,0,0,1,-90,90
7,9,3.0161126502112783,1.1600433270043378,3.04378917767764e-09,0,0,0,0,0,1,-90,90
9,10,0.625215243815315,0.2404674014674289,6.309523593924241e-10,0,0,0,0,0,1,-90,90
9,11,0.8965224475230551,0.34481632597040585,9.047491389701876e-10,0,0,0,0,0,1,-90,90
10,12,4.495001234372528,1.7288466286048185,4.53624837582652e-09,0,0,0,0,0,1,-90,90
11,17,0.9528530805651002,0.3664819540635001,9.615966745597807e-10,0,0,0,0,0,1,-90,90
12,13,1.4409332026322732,0.5542050779354898,1.4541555295095702e-09,0,0,0,0,0,1,-90,90
17,16,2.6298863672507715,1.0114947566349122,2.6540187955509966e-09,0,0,0,0,0,1,-90,90
13,14,3.630493552119937,1.3963436738922836,3.6638077768073525e-09,0,0,0,0,0,1,-90,90
16,18,2.0835099999999995,0.8013499999999999,2.1026287559713323e-09,0,0,0,0,0,1,-90,90
16,15,1.740321885480185,0.6693545713385327,1.7562914701906325e-09,0,0,0,0,0,1,-90,90
18,27,2.307226332662775,0.8873947433318365,2.3283979599766888e-09,0,0,0,0,0,1,-90,90
27,25,0.09076352176099456,0.03490904683115176,9.159638823326838e-11,0,0,0,0,0,1,-90,90
25,24,2.2293279081305286,0.8574338108194342,2.2497847219954152e-09,0,0,0,0,0,1,-90,90
19,20,4.425931500532429,1.7022813463586268,4.4665448425871896e-09,0,0,0,0,0,1,-90,90
19,21,0.7310278428583787,0.2811645549455303,7.377359186227662e-10,0,0,0,0,0,1,-90,90
20,22,8.998497613272272,3.4609606204893364,9.081069849535489e-09,0,0,0,0,0,1,-90,90
22,26,4.438719999999999,1.7071999999999996,4.479450692199736e-09,0,0,0,0,0,1,-90,90
22,23,2.381881733419279,0.9161083590074149,2.403738415467274e-09,0,0,0,0,0,1,-90,90
26,28,5.868675861905559,2.2571830238098305,5.92252815043723e-09,0,0,0,0,0,1,-90,90
23,24,2.2518635272293435,0.8661013566266706,2.2725271329993383e-09,0,0,0,0,0,1,-90,90
