F_BUS,T_BUS,BR_R,BR_X,BR_B,RATE_A,RATE_B,RATE_C,TAP,SHIFT,BR_STATUS,ANGMIN,ANGMAX
1,2,1.252806474662271,0.4818486441008734,1.2643025084074286e-09,0,0,0,0,0,1,-90,90
2,3,5.536044210920678,2.12924777343103,5.586844196673135e-09,0,0,0,0,0,1,-90,90
3,4,3.1049199999999995,1.1942,3.1334114436650214e-09,0,0,0,0,0,1,-90,90
4,7,5.337891537302034,2.053035206654629,5.3868732295920256e-09,0,0,0,0,0,1,-90,90
4,5,3.1848770352460813,1.2249527058638774,3.214102182634657e-09,0,0,0,0,0,1,-90,90
7,23,3.6525371020755286,1.4048219623367417,3.6860536033310162e-09,0,0,0,0,0,1,-90,90
23,20,1.820802177447068,0.7003085297873338,3.6750205348046534e-09,0,0,0,0,0,1,-90,90
20,18,1.009012621175159,0.3880817773750612,2.0365430954695664e-09,0,0,0,0,0,1,-90,90
10,11,3.2898575627078372,1.2653298318107067,3.320046035007876e-09,0,0,0,0,0,1,-90,90
10,9,2.6058884212939524,1.002264777420751,2.629800639049202e-09,0,0,0,0,0,1,-90,90
11,12,0.8275627923222947,0.31829338166242105,8.35156694476527e-10,0,0,0,0,0,1,-90,90
12,13,2.9221781259125197,1.1239146638125077,2.9489926890747256e-09,0,0,0,0,0,1,-90,90
13,14,4.463493290026215,1.7167281884716212,4.5044513075023454e-09,0,0,0,0,0,1,-90,90
14,15,1.8906691138254346,0.727180428394398,1.908018318489566e-09,0,0,0,0,0,1,-90,90
14,16,3.506368284462273,1.3486031863316434,3.538543507799936e-09,0,0,0,0,0,1,-90,90
15,17,0.5885372504373886,0.22636048093745717,5.939378005048956e-10,0,0,0,0,0,1,-90,90
16,21,5.876435828388051,2.2601676263030965,5.930359324116004e-09,0,0,0,0,0,1,-90,90
17,18,2.1466587752090587,0.8256379904650226,4.332713997065306e-09,0,0,0,0,0,1,-90,90
18,19,3.557449999999999,1.3682499999999997,3.5900939606386416e-09,0,0,0,0,0,1,-90,90
