BUS_I,BUS_TYPE,Pd,Qd,Gs,Bs,area,Vm,Va,baseKV,zone,Vmax,Vmin
1,1,0.01956604647637229,0.004903713482176835,0,0,1,1,0,0.4,1,1.1,0.9
2,1,0.0037395081129514567,0.0009372090765670939,0,0,1,1,0,0.4,1,1.1,0.9
3,1,0.0,0.0,0,0,1,1,0,0.4,1,1.1,0.9
5,1,0.0,0.0,0,0,1,1,0,0.4,1,1.1,0.9
25,1,0.008256390122867167,0.0020692464166691487,0,0,1,1,0,0.4,1,1.1,0.9
17,1,0.0019260592146044075,0.0004827159410835516,0,0,1,1,0,0.4,1,1.1,0.9
6,1,0.0,0.0,0,0,1,1,0,0.4,1,1.1,0.9
8,1,0.0,0.0,0,0,1,1,0,0.4,1,1.1,0.9
24,1,0.00680453468841765,0.0017053771456501312,0,0,1,1,0,0.4,1,1.1,0.9
7,1,0.0,0.0,0,0,1,1,0,0.4,1,1.1,0.9
37,1,0.005056370945821734,0.0012672460125174184,0,0,1,1,0,0.4,1,1.1,0.9
15,1,0.00214120573083563,0.000536636740748443,0,0,1,1,0,0.4,1,1.1,0.9
29,1,0.0020018216408557513,0.0005017037949404758,0,0,1,1,0,0.4,1,1.1,0.9
9,1,0.0,0.0,0,0,1,1,0,0.4,1,1.1,0.9
27,1,0.0,0.0,0,0,1,1,0,0.4,1,1.1,0.9
36,1,0.013129982846437873,0.0032906838886731307,0,0,1,1,0,0.4,1,1.1,0.9
11,1,0.0,0.0,0,0,1,1,0,0.4,1,1.1,0.9
13,1,0.0,0.0,0,0,1,1,0,0.4,1,1.1,0.9
14,1,0.0061391370451400725,0.0015386127766556482,0,0,1,1,0,0.4,1,1.1,0.9
10,1,0.006768002927731683,0.0016962214233830005,0,0,1,1,0,0.4,1,1.1,0.9
16,1,0.004951191649054565,0.0012408855959546816,0,0,1,1,0,0.4,1,1.1,0.9
12,1,0.0,0.0,0,0,1,1,0,0.4,1,1.1,0.9
26,1,0.0,0.0,0,0,1,1,0,0.4,1,1.1,0.9
28,1,0.008347431373745546,0.0020920635049299615,0,0,1,1,0,0.4,1,1.1,0.9
23,1,0.005060318804439388,0.00126823543915261,0,0,1,1,0,0.4,1,1.1,0.9
35,1,0.008311590923403136,0.002083081041366686,0,0,1,1,0,0.4,1,1.1,0.9
33,1,0.006664671369429026,0.0016703240937310968,0,0,1,1,0,0.4,1,1.1,0.9
31,1,0.003261151665214942,0.000817321649902518,0,0,1,1,0,0.4,1,1.1,0.9
22,1,0.004625799929144902,0.0011593347437763133,0,0,1,1,0,0.4,1,1.1,0.9
18,1,0.006054330471385625,0.0015173582457723089,0,0,1,1,0,0.4,1,1.1,0.9
19,1,0.0,0.0,0,0,1,1,0,0.4,1,1.1,0.9
21,1,0.007327790861631089,0.0018365175042462094,0,0,1,1,0,0.4,1,1.1,0.9
20,3,0.006758159988278535,0.0016937545502229607,0,0,1,1,0,0.4,1,1.1,0.9
30,1,0.0015506630107364101,0.00038863278390162057,0,0,1,1,0,0.4,1,1.1,0.9
32,1,0.007049861099134206,0.001766861739853542,0,0,1,1,0,0.4,1,1.1,0.9
