F_BUS,T_BUS,BR_R,BR_X,BR_B,RATE_A,RATE_B,RATE_C,TAP,SHIFT,BR_STATUS,ANGMIN,ANGMAX
8,11,5.421694430012733,3.4698844352081495,9.10448467382043e-09,0,0,0,0,0,1,-90,90
8,12,3.2288245753164633,2.0664477282025366,5.422065784027311e-09,0,0,0,0,0,1,-90,90
8,13,5.581281484882887,3.5720201503250477,9.372474305837008e-09,0,0,0,0,0,1,-90,90
8,38,1.4427732434142064,0.9233748757850921,2.4228047249855767e-09,0,0,0,0,0,1,-90,90
11,40,1.3573638186373085,0.8687128439278774,2.2793793053277485e-09,0,0,0,0,0,1,-90,90
11,39,0.5242396415758264,0.33551337060852887,8.803395034059521e-10,0,0,0,0,0,1,-90,90
12,36,1.1285937499999998,0.7222999999999999,1.895212766504141e-09,0,0,0,0,0,1,-90,90
12,35,1.0454452644422234,0.6690849692430231,1.7555840725258311e-09,0,0,0,0,0,1,-90,90
13,30,1.6595084266538227,1.0620853930584464,2.7867614509787297e-09,0,0,0,0,0,1,-90,90
40,41,1.41255858273297,0.9040374929491009,2.3720661747688407e-09,0,0,0,0,0,1,-90,90
35,34,2.7595942594501395,1.7661403260480895,4.634101749085041e-09,0,0,0,0,0,1,-90,90
30,28,1.2072530778890547,0.772641969848995,4.054605912210226e-09,0,0,0,0,0,1,-90,90
26,27,0.13173258142454072,0.08430885211170608,4.4242894324080014e-10,0,0,0,0,0,1,-90,90
26,28,0.7056455309357564,0.4516131397988841,2.3699376659777507e-09,0,0,0,0,0,1,-90,90
27,29,1.4600937262449747,0.9344599847967839,2.4518904789895203e-09,0,0,0,0,0,1,-90,90
29,31,0.16842898471971765,0.10779455022061929,2.8283761281695895e-10,0,0,0,0,0,1,-90,90
