BUS_I,BUS_TYPE,Pd,Qd,Gs,Bs,area,Vm,Va,baseKV,zone,Vmax,Vmin
1,1,0.006902576292550393,0.0017299486878153071,0,0,1,1,0,0.4,1,1.1,0.9
2,1,0.042771063811770704,0.010719439029959452,0,0,1,1,0,0.4,1,1.1,0.9
3,1,0.0,0.0,0,0,1,1,0,0.4,1,1.1,0.9
4,1,0.0,0.0,0,0,1,1,0,0.4,1,1.1,0.9
5,1,0.022657926452099297,0.005678611647759452,0,0,1,1,0,0.4,1,1.1,0.9
6,1,0.0,0.0,0,0,1,1,0,0.4,1,1.1,0.9
8,1,0.0,0.0,0,0,1,1,0,0.4,1,1.1,0.9
7,1,0.008907068242317677,0.0022323217252533346,0,0,1,1,0,0.4,1,1.1,0.9
27,1,0.006172204180088881,0.0015469001818635038,0,0,1,1,0,0.4,1,1.1,0.9
20,1,0.006870387108457779,0.001721881317833035,0,0,1,1,0,0.4,1,1.1,0.9
22,1,0.005158438480816008,0.0012928265480665082,0,0,1,1,0,0.4,1,1.1,0.9
25,1,0.022350326259809067,0.005601519772715851,0,0,1,1,0,0.4,1,1.1,0.9
19,1,0.005453112075647846,0.001366678712404529,0,0,1,1,0,0.4,1,1.1,0.9
23,1,0.0,0.0,0,0,1,1,0,0.4,1,1.1,0.9
9,1,0.019900379770627186,0.004987505304125032,0,0,1,1,0,0.4,1,1.1,0.9
10,1,0.0037772767326699455,0.0009466747849277694,0,0,1,1,0,0.4,1,1.1,0.9
11,1,0.0,0.0,0,0,1,1,0,0.4,1,1.1,0.9
12,1,0.008195659247579853,0.0020540258245944835,0,0,1,1,0,0.4,1,1.1,0.9
14,1,0.0,0.0,0,0,1,1,0,0.4,1,1.1,0.9
15,1,0.020180316107473572,0.005057663963453707,0,0,1,1,0,0.4,1,1.1,0.9
16,1,0.006376178754957692,0.0015980210290930832,0,0,1,1,0,0.4,1,1.1,0.9
17,1,0.024152834748927557,0.006053270983186621,0,0,1,1,0,0.4,1,1.1,0.9
18,1,0.0071558457605404675,0.0017934239998210544,0,0,1,1,0,0.4,1,1.1,0.9
24,1,0.0,0.0,0,0,1,1,0,0.4,1,1.1,0.9
21,3,0.00818864158829573,0.002052267033390219,0,0,1,1,0,0.4,1,1.1,0.9
