BUS_I,BUS_TYPE,Pd,Qd,Gs,Bs,area,Vm,Va,baseKV,zone,Vmax,Vmin
1,1,0.006546075603942627,0.0016406011931519215,0,0,1,1,0,0.4,1,1.1,0.9
2,1,0.016894358584405595,0.004234125379550864,0,0,1,1,0,0.4,1,1.1,0.9
3,1,0.007333927418202473,0.0018380554702951799,0,0,1,1,0,0.4,1,1.1,0.9
4,1,0.0,0.0,0,0,1,1,0,0.4,1,1.1,0.9
9,3,0.0,0.0,0,0,1,1,0,0.4,1,1.1,0.9
15,1,0.00825595693839113,0.0020691378504057506,0,0,1,1,0,0.4,1,1.1,0.9
17,1,0.02464201453212604,0.006175870993412269,0,0,1,1,0,0.4,1,1.1,0.9
7,1,0.0,0.0,0,0,1,1,0,0.4,1,1.1,0.9
5,1,0.011524845995471971,0.0028883986735007434,0,0,1,1,0,0.4,1,1.1,0.9
6,1,0.0,0.0,0,0,1,1,0,0.4,1,1.1,0.9
8,1,0.0,0.0,0,0,1,1,0,0.4,1,1.1,0.9
11,1,0.014809722071015531,0.0037116662211054683,0,0,1,1,0,0.4,1,1.1,0.9
10,1,0.011756118929692087,0.00294636113448985,0,0,1,1,0,0.4,1,1.1,0.9
14,1,0.010394003062978536,0.002604982719184734,0,0,1,1,0,0.4,1,1.1,0.9
12,1,0.01805743728227587,0.004525620378219425,0,0,1,1,0,0.4,1,1.1,0.9
13,1,0.011696070114775326,0.002931311482857281,0,0,1,1,0,0.4,1,1.1,0.9
