BUS_I,BUS_TYPE,Pd,Qd,Gs,Bs,area,Vm,Va,baseKV,zone,Vmax,Vmin
1,1,0.010912902033383111,0.0027350310598208117,0,0,1,1,0,0.4,1,1.1,0.9
2,1,0.016460056920210298,0.0041252791224074955,0,0,1,1,0,0.4,1,1.1,0.9
3,1,0.0,0.0,0,0,1,1,0,0.4,1,1.1,0.9
4,1,0.0,0.0,0,0,1,1,0,0.4,1,1.1,0.9
5,1,0.0,0.0,0,0,1,1,0,0.4,1,1.1,0.9
6,1,0.0,0.0,0,0,1,1,0,0.4,1,1.1,0.9
13,1,0.004716667735683406,0.0011821083627880427,0,0,1,1,0,0.4,1,1.1,0.9
14,1,0.0023317645159702124,0.0005843952741312659,0,0,1,1,0,0.4,1,1.1,0.9
38,1,0.0,0.0,0,0,1,1,0,0.4,1,1.1,0.9
36,1,0.006701003727207424,0.001679429840918826,0,0,1,1,0,0.4,1,1.1,0.9
44,1,0.006157322920538636,0.001543170586660077,0,0,1,1,0,0.4,1,1.1,0.9
11,1,0.0,0.0,0,0,1,1,0,0.4,1,1.1,0.9
25,1,0.0,0.0,0,0,1,1,0,0.4,1,1.1,0.9
24,1,0.002291606966660212,0.0005743308435780404,0,0,1,1,0,0.4,1,1.1,0.9
12,1,0.0,0.0,0,0,1,1,0,0.4,1,1.1,0.9
41,1,0.00177665465691364,0.0004452716293401646,0,0,1,1,0,0.4,1,1.1,0.9
43,1,0.013178666299408488,0.003302885112102668,0,0,1,1,0,0.4,1,1.1,0.9
37,1,0.0032705459238445587,0.0008196760730483863,0,0,1,1,0,0.4,1,1.1,0.9
30,1,0.0,0.0,0,0,1,1,0,0.4,1,1.1,0.9
31,1,0.004785106664548483,0.0011992607751870777,0,0,1,1,0,0.4,1,1.1,0.9
18,1,0.017696174528110366,0.004435079397426551,0,0,1,1,0,0.4,1,1.1,0.9
32,1,0.0,0.0,0,0,1,1,0,0.4,1,1.1,0.9
34,1,0.0,0.0,0,0,1,1,0,0.4,1,1.1,0.9
39,1,0.015139095938342804,0.003794215093502348,0,0,1,1,0,0.4,1,1.1,0.9
42,1,0.003553771607589152,0.0008906591204184455,0,0,1,1,0,0.4,1,1.1,0.9
23,1,0.05843812099286091,0.014645973683637315,0,0,1,1,0,0.4,1,1.1,0.9
15,1,0.016108132170859612,0.004037078466225541,0,0,1,1,0,0.4,1,1.1,0.9
16,1,0.00703949290395569,0.001764263225199898,0,0,1,1,0,0.4,1,1.1,0.9
17,1,0.0,0.0,0,0,1,1,0,0.4,1,1.1,0.9
20,3,0.005920191347621008,0.0014837398124068221,0,0,1,1,0,0.4,1,1.1,0.9
19,1,0.0,0.0,0,0,1,1,0,0.4,1,1.1,0.9
40,1,0.017407349692415613,0.0043626930703014365,0,0,1,1,0,0.4,1,1.1,0.9
21,1,0.0,0.0,0,0,1,1,0,0.4,1,1.1,0.9
22,1,0.0,0.0,0,0,1,1,0,0.4,1,1.1,0.9
29,1,0.006659418725937736,0.0016690076571818733,0,0,1,1,0,0.4,1,1.1,0.9
26,1,0.014986423846482586,0.0037559518605027142,0,0,1,1,0,0.4,1,1.1,0.9
35,1,0.03775271002917386,0.009461721016677093,0,0,1,1,0,0.4,1,1.1,0.9
27,1,0.011929594365851011,0.0029898381770362983,0,0,1,1,0,0.4,1,1.1,0.9
28,1,0.008705761709993626,0.0021818695525162523,0,0,1,1,0,0.4,1,1.1,0.9
