F_BUS,T_BUS,BR_R,BR_X,BR_B,RATE_A,RATE_B,RATE_C,TAP,SHIFT,BR_STATUS,ANGMIN,ANGMAX
1,2,5.103133462310279,1.9627436393501074,5.149960961748752e-09,0,0,0,0,0,1,-90,90
2,4,3.5697572933503614,1.3729835743655237,3.6025141884785105e-09,0,0,0,0,0,1,-90,90
4,16,5.657985199791548,2.1761481537659795,5.709904143460753e-09,0,0,0,0,0,1,-90,90
16,10,3.1393907518928557,1.2074579814972524,3.1681985069235962e-09,0,0,0,0,0,1,-90,90
10,8,2.126883020644041,0.8180319310169388,2.146399777199692e-09,0,0,0,0,0,1,-90,90
5,6,2.759325612370687,1.0612790816810334,2.7846458042720282e-09,0,0,0,0,0,1,-90,90
5,7,0.603523644114318,0.2321244785055069,6.090617126979827e-10,0,0,0,0,0,1,-90,90
5,12,2.4703230930098172,0.9501242665422374,2.4929913328481677e-09,0,0,0,0,0,1,-90,90
6,14,0.5497881988206446,0.2114569995464018,1.1096663577654742e-09,0,0,0,0,0,1,-90,90
7,9,2.470649999999999,0.9502499999999999,2.4933212396103557e-09,0,0,0,0,0,1,-90,90
12,13,3.2916819987933543,1.266031537997444,3.321887212528906e-09,0,0,0,0,0,1,-90,90
12,11,3.134429716292356,1.2055498908816755,3.163191947745571e-09,0,0,0,0,0,1,-90,90
14,15,2.048490343026788,0.7878809011641493,4.134575501512068e-09,0,0,0,0,0,1,-90,90
8,15,4.001980724029838,1.539223355396092,4.038703798488182e-09,0,0,0,0,0,1,-90,90
