F_BUS,T_BUS,BR_R,BR_X,BR_B,RATE_A,RATE_B,RATE_C,TAP,SHIFT,BR_STATUS,ANGMIN,ANGMAX
1,2,0.7501768773197336,0.28852956819989756,1.5141213378551102e-09,0,0,0,0,0,1,-90,90
1,3,2.010533779144423,0.773282222747855,4.057965777827589e-09,0,0,0,0,0,1,-90,90
3,4,0.7883199999999998,0.30319999999999997,1.5911076029462978e-09,0,0,0,0,0,1,-90,90
3,5,2.428596335222052,0.9340755135469432,2.450881680954006e-09,0,0,0,0,0,1,-90,90
4,15,1.0489479561051214,0.40344152157889296,2.1171466765448533e-09,0,0,0,0,0,1,-90,90
5,23,1.0434083704714674,0.40131091171979516,1.0529829201561293e-09,0,0,0,0,0,1,-90,90
15,16,3.132633557657177,1.2048590606373757,6.322758614310237e-09,0,0,0,0,0,1,-90,90
10,11,1.9089754352370139,0.7342213212450054,1.9264926228202584e-09,0,0,0,0,0,1,-90,90
10,12,10.769491967145,4.142112295055769,2.1736630491162847e-08,0,0,0,0,0,1,-90,90
10,9,1.295387589643457,0.4982259960167143,2.614548714537224e-09,0,0,0,0,0,1,-90,90
11,22,2.2576331078851664,0.8683204261096793,2.278349656623813e-09,0,0,0,0,0,1,-90,90
12,14,16.59380672616295,6.38223335621652,1.6746075225682013e-08,0,0,0,0,0,1,-90,90
9,8,0.7145234786725648,0.2748167225663711,1.4421602133645665e-09,0,0,0,0,0,1,-90,90
16,17,0.7576399999999999,0.29139999999999994,1.5291845497973326e-09,0,0,0,0,0,1,-90,90
6,7,2.7833197082549446,1.0705075800980557,2.80886007537213e-09,0,0,0,0,0,1,-90,90
7,8,1.5043413382387603,0.5785928223995231,1.5181455124176095e-09,0,0,0,0,0,1,-90,90
8,13,1.6852218988731251,0.6481622687973558,3.401371747448533e-09,0,0,0,0,0,1,-90,90
13,19,1.5106002704322052,0.5810001040123868,3.0489237559587686e-09,0,0,0,0,0,1,-90,90
19,21,5.215422039800234,2.005931553769321,1.0526559848919024e-08,0,0,0,0,0,1,-90,90
19,18,2.972482742647604,1.1432625933260017,2.999758912277545e-09,0,0,0,0,0,1,-90,90
21,29,5.5096599999999984,2.1190999999999995,5.560217878303925e-09,0,0,0,0,0,1,-90,90
21,26,8.538944432638486,3.284209397168649,1.723459941128864e-08,0,0,0,0,0,1,-90,90
18,20,19.838155429544564,7.630059780594063,2.002019480184363e-08,0,0,0,0,0,1,-90,90
17,24,5.692145442828485,2.1892867087801866,1.1488755697128738e-08,0,0,0,0,0,1,-90,90
24,25,5.7281206072380115,2.2031233104761583,1.1561366258333883e-08,0,0,0,0,0,1,-90,90
25,26,1.291982979708645,0.4969165306571712,2.6076770117358914e-09,0,0,0,0,0,1,-90,90
26,27,3.4430469324395783,1.3242488201690685,3.474641104821356e-09,0,0,0,0,0,1,-90,90
27,28,2.5337473739704905,0.974518220757881,2.556997609263792e-09,0,0,0,0,0,1,-90,90
