F_BUS,T_BUS,BR_R,BR_X,BR_B,RATE_A,RATE_B,RATE_C,TAP,SHIFT,BR_STATUS,ANGMIN,ANGMAX
1,2,0.3796795276116742,0.14603058754295162,3.831635522795272e-10,0,0,0,0,0,1,-90,90
2,4,0.434564853884015,0.16714032841692886,4.3855251863970433e-10,0,0,0,0,0,1,-90,90
4,6,2.7459238244937847,1.056124547882225,2.7711210385778858e-09,0,0,0,0,0,1,-90,90
4,7,2.0016958499865622,0.769883019225601,2.0200638609319012e-09,0,0,0,0,0,1,-90,90
6,21,2.9126953675131455,1.1202674490435176,2.939422914753291e-09,0,0,0,0,0,1,-90,90
7,16,1.5917018789370423,0.612193030360401,1.6063076930692084e-09,0,0,0,0,0,1,-90,90
21,22,0.023020124930836747,0.008853894204167979,2.323136277033944e-11,0,0,0,0,0,1,-90,90
16,15,0.923831494169994,0.3553198054499977,9.32308779566113e-10,0,0,0,0,0,1,-90,90
12,26,3.33010591196105,1.2808099661388654,3.360663712158541e-09,0,0,0,0,0,1,-90,90
12,10,3.1557499999999994,1.2137499999999997,3.1847078711676602e-09,0,0,0,0,0,1,-90,90
26,27,3.056407664882282,1.1755414095701087,3.0844539484584568e-09,0,0,0,0,0,1,-90,90
10,13,1.8825536884834544,0.7240591109551748,1.89982842418093e-09,0,0,0,0,0,1,-90,90
10,8,1.2497397931832805,0.4806691512243387,1.261207686370035e-09,0,0,0,0,0,1,-90,90
22,23,1.2703954888096824,0.4886136495421856,2.5641058466026043e-09,0,0,0,0,0,1,-90,90
15,17,2.0575025867156396,0.7913471487367845,2.0763826928182267e-09,0,0,0,0,0,1,-90,90
8,9,0.16334989072877276,0.062826881049528,1.6484882603447672e-10,0,0,0,0,0,1,-90,90
9,11,2.1199211002034137,0.8153542693090052,2.139373972612602e-09,0,0,0,0,0,1,-90,90
11,14,0.7775803899946826,0.29906938076718564,7.847156423929921e-10,0,0,0,0,0,1,-90,90
13,24,1.874375115274559,0.7209135058748304,1.891574802546361e-09,0,0,0,0,0,1,-90,90
14,28,0.26534137422762855,0.10205437470293406,5.355524126113745e-10,0,0,0,0,0,1,-90,90
28,23,0.905597149856731,0.3483065960987427,1.8278142256235325e-09,0,0,0,0,0,1,-90,90
17,18,1.070855977189316,0.4118676835343524,1.0806823922813126e-09,0,0,0,0,0,1,-90,90
17,19,14.584360338374726,5.609369360913356,1.4718189706271864e-08,0,0,0,0,0,1,-90,90
19,29,12.305710894440379,4.732965728630915,1.2418630862976443e-08,0,0,0,0,0,1,-90,90
