F_BUS,T_BUS,BR_R,BR_X,BR_B,RATE_A,RATE_B,RATE_C,TAP,SHIFT,BR_STATUS,ANGMIN,ANGMAX
1,33,7.747960702938776,4.958694849880816,1.3010912065197922e-08,0,0,0,0,0,1,-90,90
33,34,0.863763314953417,0.5528085215701869,1.4504911636606647e-09,0,0,0,0,0,1,-90,90
52,60,1.8949999999999996,1.2127999999999999,3.1822152058925955e-09,0,0,0,0,0,1,-90,90
52,58,6.498233969969514,4.1588697407804895,1.0912284406693827e-08,0,0,0,0,0,1,-90,90
52,36,4.439494200486778,2.841276288311538,7.455106042881804e-09,0,0,0,0,0,1,-90,90
58,59,7.863437499999999,5.032599999999999,1.3204828698198448e-08,0,0,0,0,0,1,-90,90
36,48,0.28530720872964005,0.18259661358696963,4.791076189816536e-10,0,0,0,0,0,1,-90,90
36,34,6.8057047747797474,4.355651055859038,1.1428610670775705e-08,0,0,0,0,0,1,-90,90
26,27,0.7087904170678161,0.4536258669234023,1.1902499435272611e-09,0,0,0,0,0,1,-90,90
26,28,1.0220455342647163,0.6541091419294184,1.7162896254626927e-09,0,0,0,0,0,1,-90,90
28,29,1.4936345879563593,0.95592613629207,2.508214616275382e-09,0,0,0,0,0,1,-90,90
29,47,1.3925781249999998,0.8912499999999998,2.3385136067379423e-09,0,0,0,0,0,1,-90,90
29,45,5.056484374999999,3.23615,8.491198663051884e-09,0,0,0,0,0,1,-90,90
47,53,2.43928247205447,1.5611407821148608,4.096212017962542e-09,0,0,0,0,0,1,-90,90
45,49,6.364848016346776,4.073502730461937,1.0688293478002131e-08,0,0,0,0,0,1,-90,90
45,43,5.5367952575867925,3.5435489648555474,9.29776995282676e-09,0,0,0,0,0,1,-90,90
49,50,0.8720312499999998,0.5580999999999999,1.464375252645661e-09,0,0,0,0,0,1,-90,90
49,48,1.9326918495252627,1.236922783696168,3.24550996932136e-09,0,0,0,0,0,1,-90,90
43,42,2.1750631363190576,1.392040407244197,3.6525166153936396e-09,0,0,0,0,0,1,-90,90
37,38,1.4969720230180288,0.9580620947315384,2.5138190683080597e-09,0,0,0,0,0,1,-90,90
37,39,3.664002807973602,2.3449617971031054,6.152847203148689e-09,0,0,0,0,0,1,-90,90
39,41,0.0205264200423241,0.013136908827087422,3.4469385742069814e-11,0,0,0,0,0,1,-90,90
41,46,2.042003148293169,1.3068820149076283,3.4290730707013597e-09,0,0,0,0,0,1,-90,90
46,44,7.993222776072005,5.115662576686083,1.3422773119843465e-08,0,0,0,0,0,1,-90,90
44,42,6.571142307725504,4.205531076944323,1.1034717135476656e-08,0,0,0,0,0,1,-90,90
51,56,0.41235127796807586,0.26390481789956854,6.924488163162301e-10,0,0,0,0,0,1,-90,90
51,50,0.3642968749999999,0.23314999999999994,6.117525356644614e-10,0,0,0,0,0,1,-90,90
50,55,0.7919281315077398,0.5068340041649535,1.3298605498987026e-09,0,0,0,0,0,1,-90,90
