BUS_I,BUS_TYPE,Pd,Qd,Gs,Bs,area,Vm,Va,baseKV,zone,Vmax,Vmin
1,1,0.0699442645651886,0.017529685088065447,0,0,1,1,0,0.4,1,1.1,0.9
3,1,0.0,0.0,0,0,1,1,0,0.4,1,1.1,0.9
5,1,0.0,0.0,0,0,1,1,0,0.4,1,1.1,0.9
4,1,0.0,0.0,0,0,1,1,0,0.4,1,1.1,0.9
15,1,0.0,0.0,0,0,1,1,0,0.4,1,1.1,0.9
12,1,0.007908379382609996,0.001982026703631963,0,0,1,1,0,0.4,1,1.1,0.9
7,1,0.0,0.0,0,0,1,1,0,0.4,1,1.1,0.9
16,1,0.09869041178098444,0.024734148689486566,0,0,1,1,0,0.4,1,1.1,0.9
14,3,0.02390250982098775,0.005990533642480326,0,0,1,1,0,0.4,1,1.1,0.9
8,1,0.0,0.0,0,0,1,1,0,0.4,1,1.1,0.9
38,1,0.004610712277668884,0.0011555534218804116,0,0,1,1,0,0.4,1,1.1,0.9
9,1,0.0,0.0,0,0,1,1,0,0.4,1,1.1,0.9
10,1,0.0,0.0,0,0,1,1,0,0.4,1,1.1,0.9
27,1,0.025050527483437498,0.006278253989865278,0,0,1,1,0,0.4,1,1.1,0.9
23,1,0.026104093127698718,0.006542302430124322,0,0,1,1,0,0.4,1,1.1,0.9
22,1,0.004453077231689614,0.0011160463553319614,0,0,1,1,0,0.4,1,1.1,0.9
13,1,0.007820924044545203,0.0019601083298371067,0,0,1,1,0,0.4,1,1.1,0.9
17,1,0.0,0.0,0,0,1,1,0,0.4,1,1.1,0.9
24,1,0.0,0.0,0,0,1,1,0,0.4,1,1.1,0.9
32,1,0.0,0.0,0,0,1,1,0,0.4,1,1.1,0.9
37,1,0.012111724450106758,0.0030354842788562764,0,0,1,1,0,0.4,1,1.1,0.9
28,1,0.012432871879876368,0.0031159714116569368,0,0,1,1,0,0.4,1,1.1,0.9
25,1,0.00891874229222316,0.00223524751795153,0,0,1,1,0,0.4,1,1.1,0.9
18,1,0.0,0.0,0,0,1,1,0,0.4,1,1.1,0.9
19,1,0.06790105317267572,0.017017608043553574,0,0,1,1,0,0.4,1,1.1,0.9
20,1,0.008833510076721118,0.0022138863111907324,0,0,1,1,0,0.4,1,1.1,0.9
26,1,0.005793783521589408,0.0014520590249001398,0,0,1,1,0,0.4,1,1.1,0.9
36,1,0.0009858911492494787,0.0002470876130429107,0,0,1,1,0,0.4,1,1.1,0.9
31,1,0.0,0.0,0,0,1,1,0,0.4,1,1.1,0.9
33,1,0.006573550252047072,0.0016474869890376936,0,0,1,1,0,0.4,1,1.1,0.9
34,1,0.005220888099571222,0.001308477897858432,0,0,1,1,0,0.4,1,1.1,0.9
29,1,0.00568751174597997,0.0014254248073304239,0,0,1,1,0,0.4,1,1.1,0.9
30,1,0.005386151655502119,0.0013498968492193758,0,0,1,1,0,0.4,1,1.1,0.9
35,1,0.0009028204218918669,0.0002262681262748672,0,0,1,1,0,0.4,1,1.1,0.9
