F_BUS,T_BUS,BR_R,BR_X,BR_B,RATE_A,RATE_B,RATE_C,TAP,SHIFT,BR_STATUS,ANGMIN,ANGMAX
1,2,0.9705958169034422,0.6211813228182032,1.6298916977972982e-09,0,0,0,0,0,1,-90,90
1,3,5.777726612842194,3.697745032219004,9.702358566161877e-09,0,0,0,0,0,1,-90,90
3,8,3.9826615455494485,2.5489033891516475,6.6879610185599825e-09,0,0,0,0,0,1,-90,90
8,27,1.6754687499999996,1.0722999999999998,2.8135631310015094e-09,0,0,0,0,0,1,-90,90
8,14,6.89045285089762,4.409889824574477,1.157092550797488e-08,0,0,0,0,0,1,-90,90
4,5,3.7637706469575454,2.408813214052829,6.320384266089982e-09,0,0,0,0,0,1,-90,90
4,26,0.6202218112943408,0.3969419592283781,1.041519408404802e-09,0,0,0,0,0,1,-90,90
5,10,15.58532023850517,9.97460495264331,2.6171948839934974e-08,0,0,0,0,0,1,-90,90
5,25,3.0172129007835893,1.931016256501497,5.066712808595698e-09,0,0,0,0,0,1,-90,90
10,6,4.120193149357922,2.63692361558907,6.918913610079833e-09,0,0,0,0,0,1,-90,90
6,17,3.964390088210387,2.5372096564546474,6.657278322318197e-09,0,0,0,0,0,1,-90,90
6,22,3.2524857030366707,2.081590849943469,5.461799187942779e-09,0,0,0,0,0,1,-90,90
17,23,0.7479197781108328,0.47866865799093306,3.7678760274809115e-09,0,0,0,0,0,1,-90,90
17,14,0.8877734374999998,0.5681749999999999,2.9816212477045278e-09,0,0,0,0,0,1,-90,90
7,9,4.4461200024244265,2.845516801551633,7.466232548252367e-09,0,0,0,0,0,1,-90,90
7,23,3.241961169798431,2.0748551486709963,5.444125663032146e-09,0,0,0,0,0,1,-90,90
9,28,0.7862499999999999,0.5031999999999999,1.3203254383287882e-09,0,0,0,0,0,1,-90,90
14,24,1.287628425481546,0.8240821923081895,4.324549609611523e-09,0,0,0,0,0,1,-90,90
14,12,8.712114078817399,5.575753010443136,1.4629985169965012e-08,0,0,0,0,0,1,-90,90
12,18,2.3415962437976265,1.498621596030481,3.93217053988063e-09,0,0,0,0,0,1,-90,90
18,19,2.898922177801951,1.8553101937932488,4.868070836359182e-09,0,0,0,0,0,1,-90,90
13,15,7.10452319960372,4.546894847746381,1.1930407259311704e-08,0,0,0,0,0,1,-90,90
13,24,1.279249520941196,0.8187196934023655,2.148204368163532e-09,0,0,0,0,0,1,-90,90
15,21,0.9100781249999998,0.5824499999999999,1.5282661994328349e-09,0,0,0,0,0,1,-90,90
21,20,3.896011192199922,2.4934471630079504,6.542451745723659e-09,0,0,0,0,0,1,-90,90
