F_BUS,T_BUS,BR_R,BR_X,BR_B,RATE_A,RATE_B,RATE_C,TAP,SHIFT,BR_STATUS,ANGMIN,ANGMAX
52,53,8.931566028529772,3.435217703280682,9.013524085530365e-09,0,0,0,0,0,1,-90,90
52,54,1.8691683007590738,0.7189108849073361,1.8863202091307945e-09,0,0,0,0,0,1,-90,90
54,55,21.353084363466287,8.212724755179341,2.1549025064101463e-08,0,0,0,0,0,1,-90,90
55,56,5.12317738337749,1.9704528397605734,5.170188810339993e-09,0,0,0,0,0,1,-90,90
55,59,30.826531815315352,11.856358390505905,3.110940299866438e-08,0,0,0,0,0,1,-90,90
56,57,10.600006445521595,4.0769255559698445,1.0697274486724413e-08,0,0,0,0,0,1,-90,90
56,58,3.998360960493954,1.5378311386515209,4.03505081918865e-09,0,0,0,0,0,1,-90,90
59,64,19.135373335315904,7.359758975121501,1.9310963821187462e-08,0,0,0,0,0,1,-90,90
57,77,3.613700543683021,1.3898848244934696,3.6468606719512552e-09,0,0,0,0,0,1,-90,90
58,76,3.636621024332504,1.3987003939740401,3.6699914760819226e-09,0,0,0,0,0,1,-90,90
77,68,3.0344496332869193,1.1670960128026613,3.062294425030713e-09,0,0,0,0,0,1,-90,90
76,75,4.028633620389149,1.5494744693804419,4.065601267813987e-09,0,0,0,0,0,1,-90,90
64,63,27.863779056942306,10.716838098823965,2.8119463355183643e-08,0,0,0,0,0,1,-90,90
60,63,19.587106053029235,7.5335023280881686,1.9766841739832983e-08,0,0,0,0,0,1,-90,90
63,62,7.661048104701496,2.9465569633467297,7.731347603719224e-09,0,0,0,0,0,1,-90,90
65,67,4.782293217919277,1.8393435453535685,4.826176615175234e-09,0,0,0,0,0,1,-90,90
67,68,8.2539083413077,3.1745801312721924,8.329648059085492e-09,0,0,0,0,0,1,-90,90
69,70,5.066899591939658,1.9488075353614074,5.113394601241049e-09,0,0,0,0,0,1,-90,90
70,72,0.6728081658023767,0.2587723714624526,6.789820047268338e-10,0,0,0,0,0,1,-90,90
72,73,2.8852315660394683,1.1097044484767187,2.9117070992655604e-09,0,0,0,0,0,1,-90,90
73,74,3.0241896918923588,1.1631498814970611,3.0519403361082777e-09,0,0,0,0,0,1,-90,90
74,75,2.8825480012413482,1.1086723081697494,2.9089989094737953e-09,0,0,0,0,0,1,-90,90
