F_BUS,T_BUS,BR_R,BR_X,BR_B,RATE_A,RATE_B,RATE_C,TAP,SHIFT,BR_STATUS,ANGMIN,ANGMAX
1,2,0.00050229375,0.000148995,1.0780061031528017e-06,0,0,0,0,0,1,-90,90
2,4,0.41385742545637694,0.25922707908700493,3.327598249065425e-05,0,0,0,0,0,1,-90,90
4,3,0.007366310721023235,0.002185062955449589,1.5809330526177087e-05,0,0,0,0,0,1,-90,90
3,6,0.36333108495079586,0.22757899242582263,2.9213439405613552e-05,0,0,0,0,0,1,-90,90
6,7,0.058877577218628206,0.017464809422154885,0.00012636109364397142,0,0,0,0,0,1,-90,90
6,5,0.00909680125,0.002698377,1.9523251616545168e-05,0,0,0,0,0,1,-90,90
7,8,0.05749998788664539,0.01705617618210605,0.00012340455733923805,0,0,0,0,0,1,-90,90
7,11,0.0034471925,0.001022538,7.398249637274134e-06,0,0,0,0,0,1,-90,90
8,9,0.013199243358516428,0.003915281176009367,2.832777612199991e-05,0,0,0,0,0,1,-90,90
8,10,0.008463334192155312,0.00530116234969149,6.804898089726329e-07,0,0,0,0,0,1,-90,90
9,12,0.00624969125,0.001853841,1.3412879038054252e-05,0,0,0,0,0,1,-90,90
