BUS_I,BUS_TYPE,Pd,Qd,Gs,Bs,area,Vm,Va,baseKV,zone,Vmax,Vmin
1,1,0.004922849562589342,0.001233782399523028,0,0,1,1,0,0.4,1,1.1,0.9
2,1,0.0,0.0,0,0,1,1,0,0.4,1,1.1,0.9
3,1,0.05727106690322904,0.014353482357877239,0,0,1,1,0,0.4,1,1.1,0.9
4,1,0.0,0.0,0,0,1,1,0,0.4,1,1.1,0.9
5,1,0.0006151836655257426,0.00015417955989711354,0,0,1,1,0,0.4,1,1.1,0.9
7,1,0.022278301178822308,0.005583468585874597,0,0,1,1,0,0.4,1,1.1,0.9
19,1,0.04605203847252,0.011541728790848332,0,0,1,1,0,0.4,1,1.1,0.9
18,1,0.014147629257835527,0.0035457301206079117,0,0,1,1,0,0.4,1,1.1,0.9
6,1,0.006936327117094803,0.0017384074417875453,0,0,1,1,0,0.4,1,1.1,0.9
8,1,0.0,0.0,0,0,1,1,0,0.4,1,1.1,0.9
10,1,0.01510480108387071,0.003785619992777877,0,0,1,1,0,0.4,1,1.1,0.9
9,1,0.056989997225440986,0.014283039656534135,0,0,1,1,0,0.4,1,1.1,0.9
21,3,0.009849217356209148,0.0024684465508582236,0,0,1,1,0,0.4,1,1.1,0.9
25,1,0.032454696370276134,0.008133913631609964,0,0,1,1,0,0.4,1,1.1,0.9
17,1,0.0,0.0,0,0,1,1,0,0.4,1,1.1,0.9
24,1,0.0,0.0,0,0,1,1,0,0.4,1,1.1,0.9
11,1,0.013616035761054633,0.00341250023176195,0,0,1,1,0,0.4,1,1.1,0.9
12,1,0.010734292257362641,0.0026902672304096003,0,0,1,1,0,0.4,1,1.1,0.9
13,1,0.0,0.0,0,0,1,1,0,0.4,1,1.1,0.9
15,1,0.014330371908307346,0.003591529745993118,0,0,1,1,0,0.4,1,1.1,0.9
16,1,0.0,0.0,0,0,1,1,0,0.4,1,1.1,0.9
22,1,0.0,0.0,0,0,1,1,0,0.4,1,1.1,0.9
23,1,0.02680778455463637,0.006718664125969901,0,0,1,1,0,0.4,1,1.1,0.9
