F_BUS,T_BUS,BR_R,BR_X,BR_B,RATE_A,RATE_B,RATE_C,TAP,SHIFT,BR_STATUS,ANGMIN,ANGMAX
1,2,2.366205430594469,1.51437147558046,3.973495990239239e-09,0,0,0,0,0,1,-90,90
2,3,1.7515326277432908,1.1209808817557063,2.9412948610140986e-09,0,0,0,0,0,1,-90,90
2,4,4.888917893500495,3.128907451840317,8.209809425360252e-09,0,0,0,0,0,1,-90,90
3,5,1.9668967384580907,1.258813912613178,3.302949187093345e-09,0,0,0,0,0,1,-90,90
4,7,5.543562080333101,3.5478797314131847,9.309133270103213e-09,0,0,0,0,0,1,-90,90
5,6,2.7537162013954686,1.7623783688931,4.624230907015019e-09,0,0,0,0,0,1,-90,90
7,8,3.681193562141131,2.3559638797703237,1.2363430215598351e-08,0,0,0,0,0,1,-90,90
19,18,1.8048448116380726,1.1551006794483665,3.030820371435902e-09,0,0,0,0,0,1,-90,90
18,17,1.418456019038841,0.9078118521848584,2.3819695581399888e-09,0,0,0,0,0,1,-90,90
6,10,2.1328918266564196,1.3650507690601086,3.5816996323536113e-09,0,0,0,0,0,1,-90,90
8,9,3.979799119259995,2.547071436326397,6.683154234146237e-09,0,0,0,0,0,1,-90,90
8,21,3.4887833421765,2.2328213389929603,1.1717213088695358e-08,0,0,0,0,0,1,-90,90
9,25,7.64468641736654,4.892599307114586,1.2837486734366437e-08,0,0,0,0,0,1,-90,90
21,17,1.794110649972872,1.1482308159826382,3.0127948239564767e-09,0,0,0,0,0,1,-90,90
25,24,2.8001562499999992,1.7920999999999996,4.702216252044954e-09,0,0,0,0,0,1,-90,90
17,16,0.3675781249999999,0.23524999999999996,6.172626378514456e-10,0,0,0,0,0,1,-90,90
24,22,5.434765624999999,3.4782499999999996,9.126434729465634e-09,0,0,0,0,0,1,-90,90
11,12,1.4731258488606302,0.9428005432708034,2.473774921603027e-09,0,0,0,0,0,1,-90,90
11,13,0.1791724477176605,0.11467036653930272,3.008787797383301e-10,0,0,0,0,0,1,-90,90
13,15,1.7503977234510617,1.1202545430086794,2.9393890511481546e-09,0,0,0,0,0,1,-90,90
15,16,2.0059278807886667,1.283793843704747,3.368492983730663e-09,0,0,0,0,0,1,-90,90
22,23,2.8491406249999995,1.8234499999999996,4.784474206122075e-09,0,0,0,0,0,1,-90,90
