BUS_I,BUS_TYPE,Pd,Qd,Gs,Bs,area,Vm,Va,baseKV,zone,Vmax,Vmin
1,1,0.0008649732589804761,0.00021678273313451826,0,0,1,1,0,0.4,1,1.1,0.9
2,1,0.0032293684095018827,0.000809356015161958,0,0,1,1,0,0.4,1,1.1,0.9
3,1,0.0019484780261633276,0.0004883346248901456,0,0,1,1,0,0.4,1,1.1,0.9
4,1,0.0011522400618195563,0.00028877858041848184,0,0,1,1,0,0.4,1,1.1,0.9
5,1,0.0021198458588961495,0.0005312834522272444,0,0,1,1,0,0.4,1,1.1,0.9
6,1,0.0018286583031619382,0.0004583049716425088,0,0,1,1,0,0.4,1,1.1,0.9
12,1,0.0,0.0,0,0,1,1,0,0.4,1,1.1,0.9
7,1,0.0038522162856924123,0.0009654564073136889,0,0,1,1,0,0.4,1,1.1,0.9
13,3,0.0,0.0,0,0,1,1,0,0.4,1,1.1,0.9
8,1,0.0006476668010670297,0.0001623206010568359,0,0,1,1,0,0.4,1,1.1,0.9
9,1,0.0,0.0,0,0,1,1,0,0.4,1,1.1,0.9
10,1,0.0,0.0,0,0,1,1,0,0.4,1,1.1,0.9
19,1,0.0010186955654126015,0.00025530917471651204,0,0,1,1,0,0.4,1,1.1,0.9
14,1,0.0,0.0,0,0,1,1,0,0.4,1,1.1,0.9
18,1,0.050273991385792055,0.01259984993182226,0,0,1,1,0,0.4,1,1.1,0.9
15,1,0.0,0.0,0,0,1,1,0,0.4,1,1.1,0.9
16,1,0.08747075763653511,0.021922238303812264,0,0,1,1,0,0.4,1,1.1,0.9
17,1,0.026826300926546587,0.006723304766207916,0,0,1,1,0,0.4,1,1.1,0.9
