BUS_I,BUS_TYPE,Pd,Qd,Gs,Bs,area,Vm,Va,baseKV,zone,Vmax,Vmin
1,1,0.07185155304017485,0.0180076966383541,0,0,1,1,0,0.4,1,1.1,0.9
2,1,0.0,0.0,0,0,1,1,0,0.4,1,1.1,0.9
3,3,0.0,0.0,0,0,1,1,0,0.4,1,1.1,0.9
5,1,0.003657666050466832,0.0009166975222426342,0,0,1,1,0,0.4,1,1.1,0.9
6,1,0.001058282881616023,0.0002652306913818404,0,0,1,1,0,0.4,1,1.1,0.9
7,1,0.09459780413381161,0.023708444527895393,0,0,1,1,0,0.4,1,1.1,0.9
4,1,0.0,0.0,0,0,1,1,0,0.4,1,1.1,0.9
9,1,0.0,0.0,0,0,1,1,0,0.4,1,1.1,0.9
17,1,0.0031593232203994638,0.0007918010360005856,0,0,1,1,0,0.4,1,1.1,0.9
10,1,0.0021897942245353353,0.0005488141651413388,0,0,1,1,0,0.4,1,1.1,0.9
8,1,0.0,0.0,0,0,1,1,0,0.4,1,1.1,0.9
14,1,0.031750798777381704,0.00795750026570508,0,0,1,1,0,0.4,1,1.1,0.9
