BUS_I,BUS_TYPE,Pd,Qd,Gs,Bs,area,Vm,Va,baseKV,zone,Vmax,Vmin
1,3,0.0965233460281712,0.024191030816304235,0,0,1,1,0,0.4,1,1.1,0.9
2,1,0.03544898270562212,0.00888435252532644,0,0,1,1,0,0.4,1,1.1,0.9
3,1,0.0,0.0,0,0,1,1,0,0.4,1,1.1,0.9
4,1,0.0,0.0,0,0,1,1,0,0.4,1,1.1,0.9
5,1,0.07624076345623952,0.019107736460878225,0,0,1,1,0,0.4,1,1.1,0.9
7,1,0.0,0.0,0,0,1,1,0,0.4,1,1.1,0.9
13,1,0.006629537275091867,0.0016615186596699414,0,0,1,1,0,0.4,1,1.1,0.9
9,1,0.001615742441339488,0.000404943226670224,0,0,1,1,0,0.4,1,1.1,0.9
6,1,0.02093500686965747,0.005246807297538317,0,0,1,1,0,0.4,1,1.1,0.9
11,1,0.0,0.0,0,0,1,1,0,0.4,1,1.1,0.9
10,1,0.003829673537956007,0.0009598066621731051,0,0,1,1,0,0.4,1,1.1,0.9
