BUS_I,BUS_TYPE,Pd,Qd,Gs,Bs,area,Vm,Va,baseKV,zone,Vmax,Vmin
1,1,0.01717225183099309,0.004303771992193974,0,0,1,1,0,0.4,1,1.1,0.9
2,1,0.0030294917671729042,0.0007592622066378674,0,0,1,1,0,0.4,1,1.1,0.9
3,3,0.0,0.0,0,0,1,1,0,0.4,1,1.1,0.9
4,1,0.0,0.0,0,0,1,1,0,0.4,1,1.1,0.9
5,1,0.0,0.0,0,0,1,1,0,0.4,1,1.1,0.9
10,1,0.0,0.0,0,0,1,1,0,0.4,1,1.1,0.9
15,1,0.0,0.0,0,0,1,1,0,0.4,1,1.1,0.9
19,1,0.04083783817674189,0.010234927014615496,0,0,1,1,0,0.4,1,1.1,0.9
6,1,0.0,0.0,0,0,1,1,0,0.4,1,1.1,0.9
8,1,0.0,0.0,0,0,1,1,0,0.4,1,1.1,0.9
7,1,0.034273852125979144,0.008589837040367726,0,0,1,1,0,0.4,1,1.1,0.9
16,1,0.0,0.0,0,0,1,1,0,0.4,1,1.1,0.9
24,1,0.008353349437029462,0.0020935467113993296,0,0,1,1,0,0.4,1,1.1,0.9
12,1,0.0,0.0,0,0,1,1,0,0.4,1,1.1,0.9
17,1,0.0,0.0,0,0,1,1,0,0.4,1,1.1,0.9
9,1,0.03961334417937779,0.009928039890997038,0,0,1,1,0,0.4,1,1.1,0.9
21,1,0.0,0.0,0,0,1,1,0,0.4,1,1.1,0.9
20,1,0.006183699670608499,0.0015497812233612514,0,0,1,1,0,0.4,1,1.1,0.9
18,1,0.004929725315327159,0.001235505625594338,0,0,1,1,0,0.4,1,1.1,0.9
22,1,0.0069125799727349745,0.0017324558464000398,0,0,1,1,0,0.4,1,1.1,0.9
23,1,0.017642703068644277,0.0044216781864556895,0,0,1,1,0,0.4,1,1.1,0.9
