BUS_I,BUS_TYPE,Pd,Qd,Gs,Bs,area,Vm,Va,baseKV,zone,Vmax,Vmin
1,1,0.03243207595226088,0.00812824442046259,0,0,1,1,0,0.4,1,1.1,0.9
3,1,0.0,0.0,0,0,1,1,0,0.4,1,1.1,0.9
8,1,0.0,0.0,0,0,1,1,0,0.4,1,1.1,0.9
4,1,0.0,0.0,0,0,1,1,0,0.4,1,1.1,0.9
6,1,0.0,0.0,0,0,1,1,0,0.4,1,1.1,0.9
12,1,0.0,0.0,0,0,1,1,0,0.4,1,1.1,0.9
27,1,0.004420105249450689,0.0011077827976411238,0,0,1,1,0,0.4,1,1.1,0.9
34,1,0.006244382712327953,0.0015649898272137737,0,0,1,1,0,0.4,1,1.1,0.9
31,1,0.006610122607731247,0.0016566528853704057,0,0,1,1,0,0.4,1,1.1,0.9
30,1,0.04509870673573852,0.01130280133576497,0,0,1,1,0,0.4,1,1.1,0.9
29,1,0.039380308128641295,0.00986963555135644,0,0,1,1,0,0.4,1,1.1,0.9
10,1,0.0,0.0,0,0,1,1,0,0.4,1,1.1,0.9
11,1,0.0,0.0,0,0,1,1,0,0.4,1,1.1,0.9
19,3,0.08997045945973627,0.02254872263454591,0,0,1,1,0,0.4,1,1.1,0.9
28,1,0.023197416943592515,0.005813820710041716,0,0,1,1,0,0.4,1,1.1,0.9
26,1,0.003985130416860148,0.000998767828594739,0,0,1,1,0,0.4,1,1.1,0.9
24,1,0.009059891502572647,0.002270622844623949,0,0,1,1,0,0.4,1,1.1,0.9
13,1,0.0,0.0,0,0,1,1,0,0.4,1,1.1,0.9
25,1,0.009214367950060507,0.0023093382917706044,0,0,1,1,0,0.4,1,1.1,0.9
14,1,0.0,0.0,0,0,1,1,0,0.4,1,1.1,0.9
23,1,0.014467929766418358,0.0036260049949512004,0,0,1,1,0,0.4,1,1.1,0.9
20,1,0.013367806110764309,0.003350288017134195,0,0,1,1,0,0.4,1,1.1,0.9
35,1,0.06229525576454657,0.015612662779736965,0,0,1,1,0,0.4,1,1.1,0.9
33,1,0.011434598501082267,0.002865780519367976,0,0,1,1,0,0.4,1,1.1,0.9
36,1,0.008365250283486473,0.00209652934467126,0,0,1,1,0,0.4,1,1.1,0.9
32,1,0.03456304099174626,0.008662314602028948,0,0,1,1,0,0.4,1,1.1,0.9
38,1,0.031108470733494032,0.007796517683322078,0,0,1,1,0,0.4,1,1.1,0.9
18,1,0.05353748214774612,0.01341775781462725,0,0,1,1,0,0.4,1,1.1,0.9
22,1,0.01967657446558358,0.00493141440742547,0,0,1,1,0,0.4,1,1.1,0.9
37,1,0.018446534652118266,0.004623137371275728,0,0,1,1,0,0.4,1,1.1,0.9
21,1,0.010036095173149597,0.002515282546651103,0,0,1,1,0,0.4,1,1.1,0.9
17,1,0.026482459918960945,0.006637130086685455,0,0,1,1,0,0.4,1,1.1,0.9
