BUS_I,BUS_TYPE,Pd,Qd,Gs,Bs,area,Vm,Va,baseKV,zone,Vmax,Vmin
1,1,0.005448554160156067,0.0013655363911044822,0,0,1,1,0,0.4,1,1.1,0.9
2,1,0.0,0.0,0,0,1,1,0,0.4,1,1.1,0.9
3,1,0.009731554803328619,0.002438957535404624,0,0,1,1,0,0.4,1,1.1,0.9
4,1,0.005483869206970587,0.0013743871761313497,0,0,1,1,0,0.4,1,1.1,0.9
6,1,0.008964931757506402,0.0022468236891477647,0,0,1,1,0,0.4,1,1.1,0.9
8,1,0.004680718015802863,0.0011730985136970892,0,0,1,1,0,0.4,1,1.1,0.9
5,1,0.0036590226273917467,0.0009170375124682705,0,0,1,1,0,0.4,1,1.1,0.9
34,1,0.009030269876693786,0.002263198965386946,0,0,1,1,0,0.4,1,1.1,0.9
20,1,0.005266770460708712,0.0013199771015006045,0,0,1,1,0,0.4,1,1.1,0.9
17,1,0.0,0.0,0,0,1,1,0,0.4,1,1.1,0.9
35,1,0.0039565193053872376,0.0009915972081406172,0,0,1,1,0,0.4,1,1.1,0.9
7,1,0.007719666523526505,0.0019347308029263532,0,0,1,1,0,0.4,1,1.1,0.9
9,3,0.007933728220147705,0.0019883797211688106,0,0,1,1,0,0.4,1,1.1,0.9
10,1,0.0,0.0,0,0,1,1,0,0.4,1,1.1,0.9
19,1,0.00766837572522814,0.0019218761171608343,0,0,1,1,0,0.4,1,1.1,0.9
11,1,0.0,0.0,0,0,1,1,0,0.4,1,1.1,0.9
32,1,0.005885334635006522,0.0014750038967583324,0,0,1,1,0,0.4,1,1.1,0.9
30,1,0.0,0.0,0,0,1,1,0,0.4,1,1.1,0.9
12,1,0.006530134741708489,0.0016366060364834826,0,0,1,1,0,0.4,1,1.1,0.9
13,1,0.008153766478240409,0.0020435265069084284,0,0,1,1,0,0.4,1,1.1,0.9
14,1,0.008447567042409355,0.002117159869137543,0,0,1,1,0,0.4,1,1.1,0.9
15,1,0.0048907204900272404,0.0012257300949103985,0,0,1,1,0,0.4,1,1.1,0.9
26,1,0.004969791902388842,0.0012455472588592108,0,0,1,1,0,0.4,1,1.1,0.9
24,1,0.00683043097125939,0.0017118673659132105,0,0,1,1,0,0.4,1,1.1,0.9
16,1,0.005701155671916984,0.0014288442974991686,0,0,1,1,0,0.4,1,1.1,0.9
18,1,0.0,0.0,0,0,1,1,0,0.4,1,1.1,0.9
21,1,0.004039341925476362,0.0010123545133658041,0,0,1,1,0,0.4,1,1.1,0.9
33,1,0.00730843705000937,0.00183166698183252,0,0,1,1,0,0.4,1,1.1,0.9
22,1,0.006510096050940673,0.001631583867175954,0,0,1,1,0,0.4,1,1.1,0.9
23,1,0.005157196325749343,0.0012925152346616913,0,0,1,1,0,0.4,1,1.1,0.9
25,1,0.008107523646930754,0.0020319369609252363,0,0,1,1,0,0.4,1,1.1,0.9
31,1,0.004485167641984566,0.001124088970267072,0,0,1,1,0,0.4,1,1.1,0.9
29,1,0.009631625674791833,0.002413912935032251,0,0,1,1,0,0.4,1,1.1,0.9
28,1,0.002276632406637407,0.0005705778650720266,0,0,1,1,0,0.4,1,1.1,0.9
