BUS_I,BUS_TYPE,Pd,Qd,Gs,Bs,area,Vm,Va,baseKV,zone,Vmax,Vmin
1,1,0.011130667201752036,0.002789608155575375,0,0,1,1,0,0.4,1,1.1,0.9
3,1,0.0,0.0,0,0,1,1,0,0.4,1,1.1,0.9
2,1,0.008993936215403902,0.002254092891508444,0,0,1,1,0,0.4,1,1.1,0.9
4,1,0.02058658382244453,0.0051594842506375305,0,0,1,1,0,0.4,1,1.1,0.9
5,1,0.0,0.0,0,0,1,1,0,0.4,1,1.1,0.9
6,1,0.003053854006206273,0.0007653679592817758,0,0,1,1,0,0.4,1,1.1,0.9
33,1,0.0,0.0,0,0,1,1,0,0.4,1,1.1,0.9
9,1,0.0039699162860195045,0.0009949548079820692,0,0,1,1,0,0.4,1,1.1,0.9
34,1,0.006269447288084444,0.0015712716020327478,0,0,1,1,0,0.4,1,1.1,0.9
23,1,0.0,0.0,0,0,1,1,0,0.4,1,1.1,0.9
32,1,0.008805741489799929,0.0022069268472933697,0,0,1,1,0,0.4,1,1.1,0.9
25,1,0.0,0.0,0,0,1,1,0,0.4,1,1.1,0.9
40,1,0.004927581527681772,0.001234968341764807,0,0,1,1,0,0.4,1,1.1,0.9
19,1,0.0,0.0,0,0,1,1,0,0.4,1,1.1,0.9
7,3,0.013655313400644041,0.003422344136151897,0,0,1,1,0,0.4,1,1.1,0.9
27,1,0.0,0.0,0,0,1,1,0,0.4,1,1.1,0.9
36,1,0.005792170214889723,0.001451654692127871,0,0,1,1,0,0.4,1,1.1,0.9
28,1,0.0,0.0,0,0,1,1,0,0.4,1,1.1,0.9
39,1,0.006948966322209506,0.0017415751251823389,0,0,1,1,0,0.4,1,1.1,0.9
8,1,0.013582411652912912,0.003404073235913819,0,0,1,1,0,0.4,1,1.1,0.9
10,1,0.0021929291919725357,0.0005495998620426801,0,0,1,1,0,0.4,1,1.1,0.9
13,1,0.0,0.0,0,0,1,1,0,0.4,1,1.1,0.9
15,1,0.0,0.0,0,0,1,1,0,0.4,1,1.1,0.9
11,1,0.005311812709681447,0.0013312657531871829,0,0,1,1,0,0.4,1,1.1,0.9
12,1,0.006456271929136473,0.001618094270691743,0,0,1,1,0,0.4,1,1.1,0.9
14,1,0.007105483676105493,0.0017808020716899655,0,0,1,1,0,0.4,1,1.1,0.9
30,1,0.007889838962096383,0.001977380036245804,0,0,1,1,0,0.4,1,1.1,0.9
16,1,0.008228264362023549,0.0020621974365488223,0,0,1,1,0,0.4,1,1.1,0.9
29,1,0.007804535826314368,0.001956001055187399,0,0,1,1,0,0.4,1,1.1,0.9
17,1,0.007800214944806341,0.0019549181402034555,0,0,1,1,0,0.4,1,1.1,0.9
18,1,0.0,0.0,0,0,1,1,0,0.4,1,1.1,0.9
31,1,0.0026028497448118554,0.0006523356366922478,0,0,1,1,0,0.4,1,1.1,0.9
37,1,0.007366505069024005,0.001846220199216994,0,0,1,1,0,0.4,1,1.1,0.9
22,1,0.0,0.0,0,0,1,1,0,0.4,1,1.1,0.9
20,1,0.003071861493462921,0.0007698810610035359,0,0,1,1,0,0.4,1,1.1,0.9
35,1,0.003888310288527543,0.0009745024171216537,0,0,1,1,0,0.4,1,1.1,0.9
38,1,0.0038561269109952615,0.0009664365024005774,0,0,1,1,0,0.4,1,1.1,0.9
