BUS_I,BUS_TYPE,Pd,Qd,Gs,Bs,area,Vm,Va,baseKV,zone,Vmax,Vmin
1,1,0.004517609711961916,0.0011322197194263244,0,0,1,1,0,0.4,1,1.1,0.9
2,1,0.0016791085519349228,0.0004208242709688346,0,0,1,1,0,0.4,1,1.1,0.9
3,1,0.0007394565893921754,0.00018532529048552156,0,0,1,1,0,0.4,1,1.1,0.9
4,1,0.000993470547306552,0.0002489871892543921,0,0,1,1,0,0.4,1,1.1,0.9
5,1,0.0,0.0,0,0,1,1,0,0.4,1,1.1,0.9
6,3,0.001377882275854336,0.0003453298499070194,0,0,1,1,0,0.4,1,1.1,0.9
7,1,0.0,0.0,0,0,1,1,0,0.4,1,1.1,0.9
8,1,0.0,0.0,0,0,1,1,0,0.4,1,1.1,0.9
36,1,0.03998978180806386,0.010022384053841366,0,0,1,1,0,0.4,1,1.1,0.9
70,1,0.0007088266822545856,0.00017764871214508864,0,0,1,1,0,0.4,1,1.1,0.9
68,1,0.005834569049153873,0.0014622808416395144,0,0,1,1,0,0.4,1,1.1,0.9
42,1,0.0034221025425318777,0.0008576597421185589,0,0,1,1,0,0.4,1,1.1,0.9
43,1,0.00836164992509731,0.0020956270098027962,0,0,1,1,0,0.4,1,1.1,0.9
73,1,0.0012144869506080006,0.000304379121291369,0,0,1,1,0,0.4,1,1.1,0.9
69,1,0.0,0.0,0,0,1,1,0,0.4,1,1.1,0.9
9,1,0.003025316992329836,0.0007582159094358381,0,0,1,1,0,0.4,1,1.1,0.9
10,1,0.0009543180011260731,0.00023917463622797388,0,0,1,1,0,0.4,1,1.1,0.9
12,1,0.0,0.0,0,0,1,1,0,0.4,1,1.1,0.9
13,1,0.0,0.0,0,0,1,1,0,0.4,1,1.1,0.9
14,1,0.001006775349395911,0.0002523216869753328,0,0,1,1,0,0.4,1,1.1,0.9
27,1,0.0,0.0,0,0,1,1,0,0.4,1,1.1,0.9
34,1,0.0026230487455531568,0.0006573979834663512,0,0,1,1,0,0.4,1,1.1,0.9
32,1,0.0006407864063378167,0.000160596211592818,0,0,1,1,0,0.4,1,1.1,0.9
35,1,0.0,0.0,0,0,1,1,0,0.4,1,1.1,0.9
20,1,0.0,0.0,0,0,1,1,0,0.4,1,1.1,0.9
15,1,0.004511125871901736,0.0011305947159307138,0,0,1,1,0,0.4,1,1.1,0.9
16,1,0.0005962810092747805,0.00014944210767758967,0,0,1,1,0,0.4,1,1.1,0.9
40,1,0.0,0.0,0,0,1,1,0,0.4,1,1.1,0.9
37,1,0.0004546664545541755,0.00011395015471230905,0,0,1,1,0,0.4,1,1.1,0.9
38,1,0.0003917057999938441,9.817072727473206e-05,0,0,1,1,0,0.4,1,1.1,0.9
33,1,0.0030134135486544755,0.0007552326252396318,0,0,1,1,0,0.4,1,1.1,0.9
44,1,0.002217137217945922,0.000555666965250573,0,0,1,1,0,0.4,1,1.1,0.9
39,1,0.0,0.0,0,0,1,1,0,0.4,1,1.1,0.9
41,1,0.0009150394319475113,0.0002293304988610243,0,0,1,1,0,0.4,1,1.1,0.9
74,1,0.00568903328283596,0.0014258061404118594,0,0,1,1,0,0.4,1,1.1,0.9
72,1,0.0030301450513707563,0.000759425935091266,0,0,1,1,0,0.4,1,1.1,0.9
