BUS_I,BUS_TYPE,Pd,Qd,Gs,Bs,area,Vm,Va,baseKV,zone,Vmax,Vmin
1,1,0.010759289354674385,0.002696532093536186,0,0,1,1,0,0.4,1,1.1,0.9
2,1,0.010391644811136363,0.0026043916855609103,0,0,1,1,0,0.4,1,1.1,0.9
3,1,0.004808885713476476,0.0012052203666130898,0,0,1,1,0,0.4,1,1.1,0.9
4,3,0.020671090271977995,0.005180663563300851,0,0,1,1,0,0.4,1,1.1,0.9
5,1,0.006839592426801519,0.001714163443105532,0,0,1,1,0,0.4,1,1.1,0.9
14,1,0.0,0.0,0,0,1,1,0,0.4,1,1.1,0.9
12,1,0.0,0.0,0,0,1,1,0,0.4,1,1.1,0.9
22,1,0.0,0.0,0,0,1,1,0,0.4,1,1.1,0.9
23,1,0.0,0.0,0,0,1,1,0,0.4,1,1.1,0.9
9,1,0.0,0.0,0,0,1,1,0,0.4,1,1.1,0.9
6,1,0.00508790868809389,0.001275150115789592,0,0,1,1,0,0.4,1,1.1,0.9
7,1,0.005379528528073077,0.0013482369370185544,0,0,1,1,0,0.4,1,1.1,0.9
8,1,0.0030678899422556727,0.00076888569644567,0,0,1,1,0,0.4,1,1.1,0.9
10,1,0.0033913948615814783,0.0008499636718232798,0,0,1,1,0,0.4,1,1.1,0.9
11,1,0.010043477252338348,0.0025171326700926524,0,0,1,1,0,0.4,1,1.1,0.9
13,1,0.011329900445989674,0.0028395407133379115,0,0,1,1,0,0.4,1,1.1,0.9
17,1,0.0,0.0,0,0,1,1,0,0.4,1,1.1,0.9
16,1,0.010129323843884597,0.002538647854004365,0,0,1,1,0,0.4,1,1.1,0.9
25,1,0.007296110913920932,0.0018285777609317615,0,0,1,1,0,0.4,1,1.1,0.9
24,1,0.026342212863019358,0.00660198086122047,0,0,1,1,0,0.4,1,1.1,0.9
15,1,0.004875037073510719,0.001221799460220783,0,0,1,1,0,0.4,1,1.1,0.9
18,1,0.017955769314193574,0.0045001399835779875,0,0,1,1,0,0.4,1,1.1,0.9
19,1,0.0035452748072584447,0.0008885296215241559,0,0,1,1,0,0.4,1,1.1,0.9
21,1,0.034892680945501346,0.008744930161970758,0,0,1,1,0,0.4,1,1.1,0.9
27,1,0.012421988092397663,0.003113243677392331,0,0,1,1,0,0.4,1,1.1,0.9
