BUS_I,BUS_TYPE,Pd,Qd,Gs,Bs,area,Vm,Va,baseKV,zone,Vmax,Vmin
1,1,0.0332554431305928,0.008334599686869826,0,0,1,1,0,0.4,1,1.1,0.9
2,1,0.05983975501869455,0.014997256283208886,0,0,1,1,0,0.4,1,1.1,0.9
3,1,0.0,0.0,0,0,1,1,0,0.4,1,1.1,0.9
4,1,0.0,0.0,0,0,1,1,0,0.4,1,1.1,0.9
5,1,0.028093161612799674,0.007040809982947587,0,0,1,1,0,0.4,1,1.1,0.9
27,3,0.010340765234442394,0.0025916400616442974,0,0,1,1,0,0.4,1,1.1,0.9
19,1,0.0,0.0,0,0,1,1,0,0.4,1,1.1,0.9
26,1,0.009510341304039145,0.0023835162064567827,0,0,1,1,0,0.4,1,1.1,0.9
29,1,0.03319738109198649,0.008320047968316962,0,0,1,1,0,0.4,1,1.1,0.9
21,1,0.0,0.0,0,0,1,1,0,0.4,1,1.1,0.9
17,1,0.035576799822617286,0.00891638651444218,0,0,1,1,0,0.4,1,1.1,0.9
16,1,0.0,0.0,0,0,1,1,0,0.4,1,1.1,0.9
25,1,0.035926027928429416,0.009003911328046912,0,0,1,1,0,0.4,1,1.1,0.9
14,1,0.0,0.0,0,0,1,1,0,0.4,1,1.1,0.9
28,1,0.060808976190534436,0.015240166006095514,0,0,1,1,0,0.4,1,1.1,0.9
7,1,0.003883885911925774,0.0009733935638222138,0,0,1,1,0,0.4,1,1.1,0.9
8,1,0.0062795603003263,0.0015738061618139326,0,0,1,1,0,0.4,1,1.1,0.9
10,1,0.0,0.0,0,0,1,1,0,0.4,1,1.1,0.9
20,1,0.001863476197461745,0.0004670311585042823,0,0,1,1,0,0.4,1,1.1,0.9
18,1,0.016338830873675162,0.004094897011258818,0,0,1,1,0,0.4,1,1.1,0.9
12,1,0.017212102332047056,0.004313759469200421,0,0,1,1,0,0.4,1,1.1,0.9
15,1,0.014556894133798444,0.0036483015671423106,0,0,1,1,0,0.4,1,1.1,0.9
22,1,0.03972154032803903,0.009955156401915605,0,0,1,1,0,0.4,1,1.1,0.9
24,1,0.04453625054954321,0.011161836527840674,0,0,1,1,0,0.4,1,1.1,0.9
23,1,0.014030145063156467,0.0035162858059331974,0,0,1,1,0,0.4,1,1.1,0.9
