BUS_I,BUS_TYPE,Pd,Qd,Gs,Bs,area,Vm,Va,baseKV,zone,Vmax,Vmin
1,1,0.035244417283832194,0.008833083597900053,0,0,1,1,0,0.4,1,1.1,0.9
2,1,0.0,0.0,0,0,1,1,0,0.4,1,1.1,0.9
3,1,0.0,0.0,0,0,1,1,0,0.4,1,1.1,0.9
16,1,0.0680890408132422,0.017064722187366,0,0,1,1,0,0.4,1,1.1,0.9
11,1,0.0,0.0,0,0,1,1,0,0.4,1,1.1,0.9
4,1,0.02621731101768361,0.006570677508053989,0,0,1,1,0,0.4,1,1.1,0.9
5,1,0.03240900358281727,0.008122461939610212,0,0,1,1,0,0.4,1,1.1,0.9
6,1,0.014581682687162962,0.0036545141642290056,0,0,1,1,0,0.4,1,1.1,0.9
7,1,0.021097867592235493,0.005287624042095646,0,0,1,1,0,0.4,1,1.1,0.9
8,1,0.010504449489605645,0.0026326632029229093,0,0,1,1,0,0.4,1,1.1,0.9
9,1,0.0,0.0,0,0,1,1,0,0.4,1,1.1,0.9
10,3,0.023580013186239014,0.005909708367037801,0,0,1,1,0,0.4,1,1.1,0.9
13,1,0.0,0.0,0,0,1,1,0,0.4,1,1.1,0.9
14,1,0.042713738417196376,0.010705071931803742,0,0,1,1,0,0.4,1,1.1,0.9
15,1,0.024785793320461144,0.006211905354449963,0,0,1,1,0,0.4,1,1.1,0.9
20,1,0.0,0.0,0,0,1,1,0,0.4,1,1.1,0.9
22,1,0.009854682304605731,0.0024698161960322804,0,0,1,1,0,0.4,1,1.1,0.9
18,1,0.0203557068717911,0.00510162103248509,0,0,1,1,0,0.4,1,1.1,0.9
19,1,0.011235988407876863,0.002816004137975658,0,0,1,1,0,0.4,1,1.1,0.9
21,1,0.0,0.0,0,0,1,1,0,0.4,1,1.1,0.9
27,1,0.0,0.0,0,0,1,1,0,0.4,1,1.1,0.9
28,1,0.012661582625694124,0.003173291727702368,0,0,1,1,0,0.4,1,1.1,0.9
29,1,0.03469292182042859,0.008694865806047346,0,0,1,1,0,0.4,1,1.1,0.9
33,1,0.019452659204004397,0.00487529595302044,0,0,1,1,0,0.4,1,1.1,0.9
30,1,0.010031340038798877,0.002514090797645838,0,0,1,1,0,0.4,1,1.1,0.9
23,1,0.07115673926310587,0.01783355989129435,0,0,1,1,0,0.4,1,1.1,0.9
24,1,0.07477348584381391,0.018740002027719412,0,0,1,1,0,0.4,1,1.1,0.9
26,1,0.013746672526169476,0.003445240891308845,0,0,1,1,0,0.4,1,1.1,0.9
32,1,0.012717023266226304,0.0031871864619690206,0,0,1,1,0,0.4,1,1.1,0.9
