BUS_I,BUS_TYPE,Pd,Qd,Gs,Bs,area,Vm,Va,baseKV,zone,Vmax,Vmin
1,1,0.0420910758488897,0.010549017982185483,0,0,1,1,0,0.4,1,1.1,0.9
2,1,0.0,0.0,0,0,1,1,0,0.4,1,1.1,0.9
12,1,0.0,0.0,0,0,1,1,0,0.4,1,1.1,0.9
3,1,0.0,0.0,0,0,1,1,0,0.4,1,1.1,0.9
5,1,0.0,0.0,0,0,1,1,0,0.4,1,1.1,0.9
21,1,0.005267682624222123,0.0013202057112263385,0,0,1,1,0,0.4,1,1.1,0.9
4,1,0.0,0.0,0,0,1,1,0,0.4,1,1.1,0.9
11,1,0.0,0.0,0,0,1,1,0,0.4,1,1.1,0.9
33,1,0.016838166754519827,0.00422004237948584,0,0,1,1,0,0.4,1,1.1,0.9
20,1,0.0,0.0,0,0,1,1,0,0.4,1,1.1,0.9
7,1,0.0,0.0,0,0,1,1,0,0.4,1,1.1,0.9
8,1,0.0,0.0,0,0,1,1,0,0.4,1,1.1,0.9
31,1,0.053805032092104584,0.013484812151377938,0,0,1,1,0,0.4,1,1.1,0.9
14,1,0.0,0.0,0,0,1,1,0,0.4,1,1.1,0.9
39,1,0.017245240943646635,0.004322064788145549,0,0,1,1,0,0.4,1,1.1,0.9
10,1,0.0,0.0,0,0,1,1,0,0.4,1,1.1,0.9
26,1,0.013571051906612154,0.0034012262151241874,0,0,1,1,0,0.4,1,1.1,0.9
19,1,0.01773798310800918,0.0044455576152498625,0,0,1,1,0,0.4,1,1.1,0.9
32,1,0.08264224205331769,0.02071209822809911,0,0,1,1,0,0.4,1,1.1,0.9
13,1,0.0,0.0,0,0,1,1,0,0.4,1,1.1,0.9
28,1,0.021933711358584924,0.005497106236211393,0,0,1,1,0,0.4,1,1.1,0.9
29,1,0.018391014969690082,0.004609222827242624,0,0,1,1,0,0.4,1,1.1,0.9
38,1,0.013634270106884106,0.0034170701896014473,0,0,1,1,0,0.4,1,1.1,0.9
25,1,0.023334825541027057,0.005848258550748088,0,0,1,1,0,0.4,1,1.1,0.9
18,1,0.013950312776302211,0.003496277948861358,0,0,1,1,0,0.4,1,1.1,0.9
30,1,0.0746757959110008,0.018715518622694948,0,0,1,1,0,0.4,1,1.1,0.9
37,1,0.020366321570801076,0.005104281326822392,0,0,1,1,0,0.4,1,1.1,0.9
35,1,0.024847664131564043,0.00622741164137026,0,0,1,1,0,0.4,1,1.1,0.9
34,1,0.02468168018845842,0.006185812143964649,0,0,1,1,0,0.4,1,1.1,0.9
17,1,0.01319656185125778,0.003307370160166943,0,0,1,1,0,0.4,1,1.1,0.9
27,1,0.0153054015338797,0.003835895204606067,0,0,1,1,0,0.4,1,1.1,0.9
22,1,0.024907548264669413,0.006242420019850393,0,0,1,1,0,0.4,1,1.1,0.9
23,3,0.018298253387398003,0.00458597458328782,0,0,1,1,0,0.4,1,1.1,0.9
16,1,0.020909662756697877,0.00524045546409236,0,0,1,1,0,0.4,1,1.1,0.9
24,1,0.013088183329220295,0.003280207942171836,0,0,1,1,0,0.4,1,1.1,0.9
36,1,0.01951875561392583,0.004891861274831702,0,0,1,1,0,0.4,1,1.1,0.9
