BUS_I,BUS_TYPE,Pd,Qd,Gs,Bs,area,Vm,Va,baseKV,zone,Vmax,Vmin
1,1,0.009938660145239244,0.0024908630268172293,0,0,1,1,0,0.4,1,1.1,0.9
2,1,0.010172610966636929,0.002549496629596388,0,0,1,1,0,0.4,1,1.1,0.9
3,1,0.0,0.0,0,0,1,1,0,0.4,1,1.1,0.9
8,1,0.0,0.0,0,0,1,1,0,0.4,1,1.1,0.9
5,1,0.0,0.0,0,0,1,1,0,0.4,1,1.1,0.9
24,1,0.005076121948124079,0.001272196080299046,0,0,1,1,0,0.4,1,1.1,0.9
35,1,0.0030201147877391686,0.0007569121140666967,0,0,1,1,0,0.4,1,1.1,0.9
6,1,0.0,0.0,0,0,1,1,0,0.4,1,1.1,0.9
45,1,0.00791722711678054,0.001984244154837101,0,0,1,1,0,0.4,1,1.1,0.9
15,1,0.0,0.0,0,0,1,1,0,0.4,1,1.1,0.9
23,1,0.004742424848501648,0.0011885637037554319,0,0,1,1,0,0.4,1,1.1,0.9
14,1,0.0,0.0,0,0,1,1,0,0.4,1,1.1,0.9
11,1,0.0,0.0,0,0,1,1,0,0.4,1,1.1,0.9
13,3,0.013193051236978816,0.003306490317292642,0,0,1,1,0,0.4,1,1.1,0.9
9,1,0.0017961837201125068,0.0004501660739392925,0,0,1,1,0,0.4,1,1.1,0.9
12,1,0.0,0.0,0,0,1,1,0,0.4,1,1.1,0.9
18,1,0.0,0.0,0,0,1,1,0,0.4,1,1.1,0.9
10,1,0.002144814054981878,0.0005375410720238178,0,0,1,1,0,0.4,1,1.1,0.9
36,1,0.0037279028003132475,0.0009343005110519508,0,0,1,1,0,0.4,1,1.1,0.9
37,1,0.007115208522394172,0.0017832393479131148,0,0,1,1,0,0.4,1,1.1,0.9
16,1,0.0,0.0,0,0,1,1,0,0.4,1,1.1,0.9
19,1,0.0,0.0,0,0,1,1,0,0.4,1,1.1,0.9
43,1,0.007949567169956285,0.00199234933617579,0,0,1,1,0,0.4,1,1.1,0.9
40,1,0.003969038727212242,0.0009947348710132098,0,0,1,1,0,0.4,1,1.1,0.9
20,1,0.0,0.0,0,0,1,1,0,0.4,1,1.1,0.9
32,1,0.0,0.0,0,0,1,1,0,0.4,1,1.1,0.9
41,1,0.008001312228728491,0.0020053178703476632,0,0,1,1,0,0.4,1,1.1,0.9
22,1,0.0,0.0,0,0,1,1,0,0.4,1,1.1,0.9
39,1,0.0010414275725321024,0.0002610063527296302,0,0,1,1,0,0.4,1,1.1,0.9
44,1,0.0029267207550731774,0.0007335053631069597,0,0,1,1,0,0.4,1,1.1,0.9
42,1,0.00818923044944471,0.002052414615905617,0,0,1,1,0,0.4,1,1.1,0.9
34,1,0.004845594461874983,0.001214420446182203,0,0,1,1,0,0.4,1,1.1,0.9
31,1,0.0,0.0,0,0,1,1,0,0.4,1,1.1,0.9
28,1,0.008840888994437761,0.0022157356422926834,0,0,1,1,0,0.4,1,1.1,0.9
38,1,0.0018640561746149603,0.00046717651448046336,0,0,1,1,0,0.4,1,1.1,0.9
25,1,0.007842715597860792,0.0019655698079093513,0,0,1,1,0,0.4,1,1.1,0.9
26,1,0.009106768256546823,0.0022823712666028826,0,0,1,1,0,0.4,1,1.1,0.9
27,1,0.0,0.0,0,0,1,1,0,0.4,1,1.1,0.9
29,1,0.010113913540307594,0.0025347856678695096,0,0,1,1,0,0.4,1,1.1,0.9
33,1,0.004412979977251721,0.0011059970360981135,0,0,1,1,0,0.4,1,1.1,0.9
30,1,0.009189035027663875,0.002302989262944095,0,0,1,1,0,0.4,1,1.1,0.9
