BUS_I,BUS_TYPE,Pd,Qd,Gs,Bs,area,Vm,Va,baseKV,zone,Vmax,Vmin
1,1,0.00018418030653410115,4.615993595810925e-05,0,0,1,1,0,0.4,1,1.1,0.9
2,1,0.000261563702187348,6.555404304150442e-05,0,0,1,1,0,0.4,1,1.1,0.9
3,1,0.0005827403236565585,0.00014604849197171998,0,0,1,1,0,0.4,1,1.1,0.9
4,1,0.00018289840533686696,4.5838661233995364e-05,0,0,1,1,0,0.4,1,1.1,0.9
36,1,0.0,0.0,0,0,1,1,0,0.4,1,1.1,0.9
22,1,0.0,0.0,0,0,1,1,0,0.4,1,1.1,0.9
23,1,0.0003540418039581826,8.87312400806399e-05,0,0,1,1,0,0.4,1,1.1,0.9
21,1,0.00018552023965080896,4.64957548522098e-05,0,0,1,1,0,0.4,1,1.1,0.9
5,1,0.00031156988783742374,7.808677452921881e-05,0,0,1,1,0,0.4,1,1.1,0.9
35,1,0.0006252194343834115,0.00015669476066139618,0,0,1,1,0,0.4,1,1.1,0.9
6,1,0.005126920535760402,0.0012849274064444987,0,0,1,1,0,0.4,1,1.1,0.9
7,1,0.0027977129068921316,0.0007011729486257841,0,0,1,1,0,0.4,1,1.1,0.9
8,1,0.0,0.0,0,0,1,1,0,0.4,1,1.1,0.9
9,1,0.0,0.0,0,0,1,1,0,0.4,1,1.1,0.9
10,1,0.0021726699701141204,0.000544522422433943,0,0,1,1,0,0.4,1,1.1,0.9
11,1,0.0009083963194065544,0.0002276655779190217,0,0,1,1,0,0.4,1,1.1,0.9
12,1,0.0,0.0,0,0,1,1,0,0.4,1,1.1,0.9
17,3,0.0,0.0,0,0,1,1,0,0.4,1,1.1,0.9
13,1,0.0,0.0,0,0,1,1,0,0.4,1,1.1,0.9
14,1,0.021087568877388167,0.005285042940854426,0,0,1,1,0,0.4,1,1.1,0.9
37,1,0.0010816519928992202,0.00027108754274955476,0,0,1,1,0,0.4,1,1.1,0.9
25,1,0.0010634553015094477,0.0002665270220022084,0,0,1,1,0,0.4,1,1.1,0.9
18,1,0.0,0.0,0,0,1,1,0,0.4,1,1.1,0.9
20,1,0.0007201235248692575,0.00018047996778492844,0,0,1,1,0,0.4,1,1.1,0.9
16,1,0.0,0.0,0,0,1,1,0,0.4,1,1.1,0.9
19,1,0.003720661737278152,0.0009324857295899231,0,0,1,1,0,0.4,1,1.1,0.9
26,1,0.0,0.0,0,0,1,1,0,0.4,1,1.1,0.9
27,1,0.0,0.0,0,0,1,1,0,0.4,1,1.1,0.9
24,1,0.0003304278382986358,8.281302242168594e-05,0,0,1,1,0,0.4,1,1.1,0.9
28,1,0.0005412963244138407,0.00013566164667380763,0,0,1,1,0,0.4,1,1.1,0.9
29,1,0.000601509506037006,0.000150752492486059,0,0,1,1,0,0.4,1,1.1,0.9
30,1,0.00043904074705705833,0.00011003398326629438,0,0,1,1,0,0.4,1,1.1,0.9
31,1,0.0003716073130644921,9.313357163647705e-05,0,0,1,1,0,0.4,1,1.1,0.9
32,1,0.0013491335317899018,0.00033812473547398063,0,0,1,1,0,0.4,1,1.1,0.9
33,1,0.001132217642685677,0.00028376048916682476,0,0,1,1,0,0.4,1,1.1,0.9
34,1,0.0004309054001883091,0.00010799507314867581,0,0,1,1,0,0.4,1,1.1,0.9
