BUS_I,BUS_TYPE,Pd,Qd,Gs,Bs,area,Vm,Va,baseKV,zone,Vmax,Vmin
1,1,0.01646830876053538,0.004127347228537354,0,0,1,1,0,0.4,1,1.1,0.9
2,1,0.018206169885933283,0.004562896282407574,0,0,1,1,0,0.4,1,1.1,0.9
3,1,0.0,0.0,0,0,1,1,0,0.4,1,1.1,0.9
4,1,0.02664249228130061,0.006677237977348869,0,0,1,1,0,0.4,1,1.1,0.9
5,1,0.031756415946632935,0.00795890806102143,0,0,1,1,0,0.4,1,1.1,0.9
17,1,0.0,0.0,0,0,1,1,0,0.4,1,1.1,0.9
19,1,0.03740271283466275,0.009374003451275174,0,0,1,1,0,0.4,1,1.1,0.9
10,1,0.0,0.0,0,0,1,1,0,0.4,1,1.1,0.9
12,1,0.0,0.0,0,0,1,1,0,0.4,1,1.1,0.9
41,1,0.024121043283787967,0.00604530329096983,0,0,1,1,0,0.4,1,1.1,0.9
11,1,0.0,0.0,0,0,1,1,0,0.4,1,1.1,0.9
39,1,0.047931885758240506,0.012012862930826635,0,0,1,1,0,0.4,1,1.1,0.9
13,1,0.0,0.0,0,0,1,1,0,0.4,1,1.1,0.9
38,1,0.04355429725953679,0.01091573583535345,0,0,1,1,0,0.4,1,1.1,0.9
40,1,0.03962976707544302,0.009932155856731286,0,0,1,1,0,0.4,1,1.1,0.9
24,1,0.0,0.0,0,0,1,1,0,0.4,1,1.1,0.9
32,1,0.01591031760128875,0.00398750146184977,0,0,1,1,0,0.4,1,1.1,0.9
14,1,0.0,0.0,0,0,1,1,0,0.4,1,1.1,0.9
33,1,0.0,0.0,0,0,1,1,0,0.4,1,1.1,0.9
37,1,0.032153260360792364,0.008058366646402495,0,0,1,1,0,0.4,1,1.1,0.9
18,3,0.014013821573800123,0.0035121947538686153,0,0,1,1,0,0.4,1,1.1,0.9
23,1,0.0,0.0,0,0,1,1,0,0.4,1,1.1,0.9
28,1,0.00922544080126431,0.002312113409871228,0,0,1,1,0,0.4,1,1.1,0.9
29,1,0.016955865161223653,0.004249540380754581,0,0,1,1,0,0.4,1,1.1,0.9
26,1,0.014582224689620725,0.0036546500028493785,0,0,1,1,0,0.4,1,1.1,0.9
31,1,0.0193949034521368,0.004860820997160123,0,0,1,1,0,0.4,1,1.1,0.9
22,1,0.011852898936171648,0.00297061649047871,0,0,1,1,0,0.4,1,1.1,0.9
21,1,0.011787161693869945,0.002954141184558055,0,0,1,1,0,0.4,1,1.1,0.9
43,1,0.004344918152168855,0.0010889391348157338,0,0,1,1,0,0.4,1,1.1,0.9
42,1,0.02300487429338013,0.005765564973202866,0,0,1,1,0,0.4,1,1.1,0.9
35,1,0.009491249449554874,0.0023787313366903057,0,0,1,1,0,0.4,1,1.1,0.9
20,1,0.016994415938311136,0.004259202116229889,0,0,1,1,0,0.4,1,1.1,0.9
30,1,0.029915588049341975,0.007497553101591396,0,0,1,1,0,0.4,1,1.1,0.9
27,1,0.022768337120015015,0.005706283169519776,0,0,1,1,0,0.4,1,1.1,0.9
36,1,0.009508018215519528,0.002382933985592302,0,0,1,1,0,0.4,1,1.1,0.9
