F_BUS,T_BUS,BR_R,BR_X,BR_B,RATE_A,RATE_B,RATE_C,TAP,SHIFT,BR_STATUS,ANGMIN,ANGMAX
1,2,1.417396200486157,0.5451523848023682,1.4304025465424702e-09,0,0,0,0,0,1,-90,90
1,3,1.7020499988540054,0.6546346149438483,1.717668392132222e-09,0,0,0,0,0,1,-90,90
2,4,4.494770113556031,1.728757735983089,4.5360151341934734e-09,0,0,0,0,0,1,-90,90
3,5,3.0158699999999996,1.1599499999999998,3.0435443008534934e-09,0,0,0,0,0,1,-90,90
3,6,3.7100411125885153,1.4269388894571216,3.744085283566908e-09,0,0,0,0,0,1,-90,90
4,13,1.3391299999999997,0.5150499999999999,1.3514181578124846e-09,0,0,0,0,0,1,-90,90
5,9,11.09909499083988,4.2688826887845694,1.1200942780690903e-08,0,0,0,0,0,1,-90,90
6,8,1.8235148366341403,0.7013518602439002,1.8402478185596953e-09,0,0,0,0,0,1,-90,90
13,17,1.6970511565406212,0.6527119832848544,1.7126236793184184e-09,0,0,0,0,0,1,-90,90
13,14,0.36292681857595566,0.1395872379138291,3.662571166209882e-10,0,0,0,0,0,1,-90,90
9,28,7.582249999999998,2.9162499999999993,7.65182642990129e-09,0,0,0,0,0,1,-90,90
9,11,16.02972274049268,6.16527797711257,1.617681507859694e-08,0,0,0,0,0,1,-90,90
9,18,10.342929999999997,3.978049999999999,1.0437839049967877e-08,0,0,0,0,0,1,-90,90
8,12,2.804911355087605,1.0788120596490787,2.830649852008253e-09,0,0,0,0,0,1,-90,90
8,7,3.758348260945114,1.445518561901967,3.792835709172525e-09,0,0,0,0,0,1,-90,90
14,15,0.486366216558865,0.18706392944571734,4.908292222593845e-10,0,0,0,0,0,1,-90,90
11,27,2.9647799999999993,1.1402999999999999,2.9919854875324264e-09,0,0,0,0,0,1,-90,90
18,19,0.9549799999999998,0.36729999999999996,9.637431110853813e-10,0,0,0,0,0,1,-90,90
16,25,12.675679735976564,4.875261436914063,1.2791994621742842e-08,0,0,0,0,0,1,-90,90
16,15,4.145853383314089,1.594558993582342,4.183896665625432e-09,0,0,0,0,0,1,-90,90
25,24,3.8849868979207143,1.4942257299695054,3.920636410739549e-09,0,0,0,0,0,1,-90,90
19,20,2.6117313575797296,1.0045120606075884,2.635697191431376e-09,0,0,0,0,0,1,-90,90
20,21,1.9907657156530527,0.7656791214050204,2.009033429229501e-09,0,0,0,0,0,1,-90,90
21,22,4.289999999999999,1.6499999999999997,4.3293660040590235e-09,0,0,0,0,0,1,-90,90
