F_BUS,T_BUS,BR_R,BR_X,BR_B,RATE_A,RATE_B,RATE_C,TAP,SHIFT,BR_STATUS,ANGMIN,ANGMAX
1,2,1.2105706289908564,0.7747652025541482,2.032874017615656e-09,0,0,0,0,0,1,-90,90
2,3,2.7332428810668596,1.7492754438827902,4.589850689988734e-09,0,0,0,0,0,1,-90,90
2,4,0.4807031249999999,0.30765,8.072299703931868e-10,0,0,0,0,0,1,-90,90
3,5,0.2979726733235314,0.1907025109270601,5.003763440583688e-10,0,0,0,0,0,1,-90,90
4,9,1.770271011744655,1.1329734475165791,2.9727616528362597e-09,0,0,0,0,0,1,-90,90
5,6,0.6060155301438347,0.38784993929205425,2.035326474966516e-09,0,0,0,0,0,1,-90,90
6,7,0.28355468749999996,0.18147499999999994,9.523293279837711e-10,0,0,0,0,0,1,-90,90
6,8,2.114921875,1.3535499999999998,3.551523245329752e-09,0,0,0,0,0,1,-90,90
7,21,0.9355630899526879,0.5987603775697202,3.142124634215627e-09,0,0,0,0,0,1,-90,90
8,11,2.259523703589935,1.4460951702975584,3.7943486478304205e-09,0,0,0,0,0,1,-90,90
21,15,0.7636730628863521,0.4887507602472653,2.5648253646939552e-09,0,0,0,0,0,1,-90,90
11,12,0.8473820398268892,0.5423245054892091,1.422982592262487e-09,0,0,0,0,0,1,-90,90
15,20,0.3389353431024207,0.21691861958554925,1.138327390643744e-09,0,0,0,0,0,1,-90,90
12,13,1.3228414151497967,0.8466185056958699,2.221406895131485e-09,0,0,0,0,0,1,-90,90
20,16,0.5190657556108289,0.3322020835909305,1.743302311728665e-09,0,0,0,0,0,1,-90,90
16,17,0.6295342208007745,0.4029019013124957,2.1143149024400763e-09,0,0,0,0,0,1,-90,90
17,18,1.1797264177525586,0.7550249073616375,1.9810782825147198e-09,0,0,0,0,0,1,-90,90
18,19,1.2610312540014597,0.8070600025609342,2.1176109929230894e-09,0,0,0,0,0,1,-90,90
