F_BUS,T_BUS,BR_R,BR_X,BR_B,RATE_A,RATE_B,RATE_C,TAP,SHIFT,BR_STATUS,ANGMIN,ANGMAX
1,2,5.005134537757442,1.9250517452913236,5.051062777041665e-09,0,0,0,0,0,1,-90,90
2,4,0.5415675961467579,0.20829522928721458,5.465371421113614e-10,0,0,0,0,0,1,-90,90
4,5,3.230929284724331,1.242665109509358,3.26057701790309e-09,0,0,0,0,0,1,-90,90
5,6,1.0715065151852043,0.41211789045584785,1.0813388997600415e-09,0,0,0,0,0,1,-90,90
6,7,3.456684178627384,1.3294939148566864,3.488403489444776e-09,0,0,0,0,0,1,-90,90
7,8,4.22863170652669,1.6263968102025728,4.267434581333973e-09,0,0,0,0,0,1,-90,90
8,12,1.1038077812880662,0.42454145434156393,1.1139365695394806e-09,0,0,0,0,0,1,-90,90
12,11,1.8505969809126608,0.7117680695817927,1.867578474680079e-09,0,0,0,0,0,1,-90,90
11,9,10.883368340078357,4.185910900030137,1.0983236573703388e-08,0,0,0,0,0,1,-90,90
