F_BUS,T_BUS,BR_R,BR_X,BR_B,RATE_A,RATE_B,RATE_C,TAP,SHIFT,BR_STATUS,ANGMIN,ANGMAX
1,2,1.709683310703962,0.6575705041169084,1.7253717489670896e-09,0,0,0,0,0,1,-90,90
1,3,0.9984233841678642,0.3840089939107171,1.007585141509071e-09,0,0,0,0,0,1,-90,90
2,4,0.5324632658748398,0.20479356379801536,5.373492684589214e-10,0,0,0,0,0,1,-90,90
3,5,3.2127176047796504,1.2356606172229425,3.2421982234906655e-09,0,0,0,0,0,1,-90,90
3,6,1.869784358752332,0.7191478302893586,1.8869419202106407e-09,0,0,0,0,0,1,-90,90
4,17,1.4163301341628751,0.5447423592934135,1.4293266977550368e-09,0,0,0,0,0,1,-90,90
6,16,2.7896506655757354,1.072942563682975,2.815249126980004e-09,0,0,0,0,0,1,-90,90
17,18,3.3493532900054883,1.288212803848265,3.3800877084692324e-09,0,0,0,0,0,1,-90,90
16,11,1.77183017715419,0.681473145059304,1.7880888890296572e-09,0,0,0,0,0,1,-90,90
18,19,2.113497427947164,0.8128836261335248,2.132891355296186e-09,0,0,0,0,0,1,-90,90
11,9,4.968469999999999,1.9109499999999997,5.014061797246419e-09,0,0,0,0,0,1,-90,90
9,13,1.5157638110765812,0.5829860811833005,1.5296728004330758e-09,0,0,0,0,0,1,-90,90
13,14,3.8989913370130305,1.4996120526973196,3.934769357712087e-09,0,0,0,0,0,1,-90,90
14,15,5.637871582083528,2.168412146955203,5.689605958676664e-09,0,0,0,0,0,1,-90,90
