F_BUS,T_BUS,BR_R,BR_X,BR_B,RATE_A,RATE_B,RATE_C,TAP,SHIFT,BR_STATUS,ANGMIN,ANGMAX
1,2,1.0756648384930578,0.688425496635557,1.8063308736129883e-09,0,0,0,0,0,1,-90,90
2,4,1.4162061013879492,0.9063719048882874,2.3781913406409523e-09,0,0,0,0,0,1,-90,90
4,5,2.086657936076955,1.3354610790892512,3.5040604821533233e-09,0,0,0,0,0,1,-90,90
5,20,2.02534030797427,1.296217797103533,3.4010916755371587e-09,0,0,0,0,0,1,-90,90
20,8,2.8305973459074023,1.8115823013807375,4.753335047971378e-09,0,0,0,0,0,1,-90,90
7,9,6.301853846150523,4.033186461536335,1.0582509305822131e-08,0,0,0,0,0,1,-90,90
7,27,2.6299447273119942,1.6831646254796762,4.416385278052394e-09,0,0,0,0,0,1,-90,90
9,25,3.4492781962334544,2.207538045589411,5.7922667680252694e-09,0,0,0,0,0,1,-90,90
9,23,2.6834769403934633,1.7174252418518166,4.5062802767188494e-09,0,0,0,0,0,1,-90,90
27,26,1.797373234236688,1.1503188699114804,3.0182735813468833e-09,0,0,0,0,0,1,-90,90
8,12,0.12671874999999996,0.08109999999999999,2.1279489874496167e-10,0,0,0,0,0,1,-90,90
12,13,0.5334115583157569,0.3413833973220845,1.7914832420804933e-09,0,0,0,0,0,1,-90,90
12,16,0.34326859779603974,0.21969190258946544,1.7293211898870515e-09,0,0,0,0,0,1,-90,90
23,24,1.6681259259139256,1.0676005925849124,2.8012325523941744e-09,0,0,0,0,0,1,-90,90
10,13,5.7846910244167296,3.7022022556267067,9.714053688279333e-09,0,0,0,0,0,1,-90,90
10,14,0.975263366203035,0.6241685543699423,1.6377297697526636e-09,0,0,0,0,0,1,-90,90
13,22,1.1429747780292898,0.7315038579387455,1.919362384483652e-09,0,0,0,0,0,1,-90,90
13,11,0.14804687499999997,0.09474999999999999,2.4861056296035905e-10,0,0,0,0,0,1,-90,90
14,15,1.614300623728404,1.0331523991861786,2.710845378211309e-09,0,0,0,0,0,1,-90,90
11,26,1.0336249846228953,0.6615199901586529,1.7357346402414134e-09,0,0,0,0,0,1,-90,90
16,17,0.27146275927773716,0.17373616593775182,1.8234362436035392e-09,0,0,0,0,0,1,-90,90
22,21,2.4417523288989136,1.5627214904953046,4.100359572583527e-09,0,0,0,0,0,1,-90,90
17,18,1.2153650607822268,0.7778336389006253,2.0409251594362965e-09,0,0,0,0,0,1,-90,90
18,19,0.029898395497610034,0.019134973118470424,5.02074558228419e-11,0,0,0,0,0,1,-90,90
