BUS_I,BUS_TYPE,Pd,Qd,Gs,Bs,area,Vm,Va,baseKV,zone,Vmax,Vmin
1,1,0.003875611799858044,0.0009713198758674925,0,0,1,1,0,0.4,1,1.1,0.9
2,1,0.0009106934034666083,0.00022824128145159699,0,0,1,1,0,0.4,1,1.1,0.9
3,1,0.008462349960393793,0.002120864817621323,0,0,1,1,0,0.4,1,1.1,0.9
4,1,0.0,0.0,0,0,1,1,0,0.4,1,1.1,0.9
5,1,0.0037292782188551466,0.0009346452234319244,0,0,1,1,0,0.4,1,1.1,0.9
12,1,0.0,0.0,0,0,1,1,0,0.4,1,1.1,0.9
13,1,0.0,0.0,0,0,1,1,0,0.4,1,1.1,0.9
33,1,0.0017852307929925103,0.00044742101164719963,0,0,1,1,0,0.4,1,1.1,0.9
34,1,0.0007047557066223623,0.0001766284294774862,0,0,1,1,0,0.4,1,1.1,0.9
14,1,0.0,0.0,0,0,1,1,0,0.4,1,1.1,0.9
9,1,0.0,0.0,0,0,1,1,0,0.4,1,1.1,0.9
6,1,0.010274925804434835,0.0025751391450704367,0,0,1,1,0,0.4,1,1.1,0.9
7,1,0.012974300821851761,0.0032516662954246737,0,0,1,1,0,0.4,1,1.1,0.9
8,1,0.0,0.0,0,0,1,1,0,0.4,1,1.1,0.9
10,3,0.014074165533683248,0.0035273183758023643,0,0,1,1,0,0.4,1,1.1,0.9
11,1,0.0,0.0,0,0,1,1,0,0.4,1,1.1,0.9
31,1,0.006386281119522746,0.001600552920314917,0,0,1,1,0,0.4,1,1.1,0.9
30,1,0.006445405444012187,0.0016153708728059112,0,0,1,1,0,0.4,1,1.1,0.9
29,1,0.0030815829012025286,0.0007723174754450542,0,0,1,1,0,0.4,1,1.1,0.9
35,1,0.010228276460036056,0.0025634477173035013,0,0,1,1,0,0.4,1,1.1,0.9
16,1,0.0,0.0,0,0,1,1,0,0.4,1,1.1,0.9
32,1,0.020117351803534012,0.005041883621395481,0,0,1,1,0,0.4,1,1.1,0.9
17,1,0.011037104617090074,0.0027661591615035157,0,0,1,1,0,0.4,1,1.1,0.9
15,1,0.0038936794047068255,0.0009758480444780804,0,0,1,1,0,0.4,1,1.1,0.9
18,1,0.0069614464720185835,0.0017447029455599642,0,0,1,1,0,0.4,1,1.1,0.9
19,1,0.0,0.0,0,0,1,1,0,0.4,1,1.1,0.9
21,1,0.0,0.0,0,0,1,1,0,0.4,1,1.1,0.9
22,1,0.0068864160613180715,0.0017258985520934725,0,0,1,1,0,0.4,1,1.1,0.9
23,1,0.005423789169418489,0.0013593296993687505,0,0,1,1,0,0.4,1,1.1,0.9
28,1,0.003471455655132832,0.0008700287980717349,0,0,1,1,0,0.4,1,1.1,0.9
24,1,0.002898526927385888,0.0007264393238275741,0,0,1,1,0,0.4,1,1.1,0.9
26,1,0.006890223242666275,0.0017268527216815304,0,0,1,1,0,0.4,1,1.1,0.9
25,1,0.003548302416094408,0.0008892884118237497,0,0,1,1,0,0.4,1,1.1,0.9
27,1,0.0,0.0,0,0,1,1,0,0.4,1,1.1,0.9
