BUS_I,BUS_TYPE,Pd,Qd,Gs,Bs,area,Vm,Va,baseKV,zone,Vmax,Vmin
1,1,0.0044721748668520665,0.0011208326738729555,0,0,1,1,0,0.4,1,1.1,0.9
2,1,0.0,0.0,0,0,1,1,0,0.4,1,1.1,0.9
3,1,0.0,0.0,0,0,1,1,0,0.4,1,1.1,0.9
4,1,0.0017378951650059702,0.0004355575850001655,0,0,1,1,0,0.4,1,1.1,0.9
7,1,0.0,0.0,0,0,1,1,0,0.4,1,1.1,0.9
6,1,0.003097729689227058,0.0007763642419814289,0,0,1,1,0,0.4,1,1.1,0.9
5,1,0.0,0.0,0,0,1,1,0,0.4,1,1.1,0.9
14,1,0.0018393435244555458,0.00046098294053013156,0,0,1,1,0,0.4,1,1.1,0.9
9,1,0.03035450495799638,0.007607556048028383,0,0,1,1,0,0.4,1,1.1,0.9
13,1,0.0,0.0,0,0,1,1,0,0.4,1,1.1,0.9
8,1,0.033358336155733165,0.008360387109751196,0,0,1,1,0,0.4,1,1.1,0.9
10,1,0.0,0.0,0,0,1,1,0,0.4,1,1.1,0.9
11,1,0.0,0.0,0,0,1,1,0,0.4,1,1.1,0.9
12,1,0.0027156706705737644,0.0006806112260096111,0,0,1,1,0,0.4,1,1.1,0.9
17,3,0.0028210529091022207,0.0007070225045720946,0,0,1,1,0,0.4,1,1.1,0.9
15,1,0.002847965581346391,0.0007137674560309655,0,0,1,1,0,0.4,1,1.1,0.9
16,1,0.0,0.0,0,0,1,1,0,0.4,1,1.1,0.9
18,1,0.006878530929420403,0.001723922351758774,0,0,1,1,0,0.4,1,1.1,0.9
19,1,0.0036176177676662965,0.0009066604764580312,0,0,1,1,0,0.4,1,1.1,0.9
20,1,0.004079392207060403,0.0010223920600927732,0,0,1,1,0,0.4,1,1.1,0.9
22,1,0.0,0.0,0,0,1,1,0,0.4,1,1.1,0.9
21,1,0.015668424651642907,0.0039268773741039775,0,0,1,1,0,0.4,1,1.1,0.9
23,1,0.0029671190680760208,0.0007436301347294982,0,0,1,1,0,0.4,1,1.1,0.9
24,1,0.0,0.0,0,0,1,1,0,0.4,1,1.1,0.9
25,1,0.0025536475247299214,0.0006400043979690765,0,0,1,1,0,0.4,1,1.1,0.9
30,1,0.0014535041724076478,0.00036428248370169345,0,0,1,1,0,0.4,1,1.1,0.9
26,1,0.002233949601011799,0.0005598805456285621,0,0,1,1,0,0.4,1,1.1,0.9
27,1,0.0,0.0,0,0,1,1,0,0.4,1,1.1,0.9
28,1,0.0,0.0,0,0,1,1,0,0.4,1,1.1,0.9
29,1,0.0021253529145755486,0.0005326636504811318,0,0,1,1,0,0.4,1,1.1,0.9
36,1,0.013606487164037178,0.003410107127769945,0,0,1,1,0,0.4,1,1.1,0.9
35,1,0.0021181037542140958,0.0005308468396378249,0,0,1,1,0,0.4,1,1.1,0.9
37,1,0.0005101950637405329,0.00012786693600190126,0,0,1,1,0,0.4,1,1.1,0.9
34,1,0.005728064435672195,0.0014355882693983708,0,0,1,1,0,0.4,1,1.1,0.9
31,1,0.0038942899897941386,0.0009760010715256389,0,0,1,1,0,0.4,1,1.1,0.9
32,1,0.002266739528233867,0.0005680984760312431,0,0,1,1,0,0.4,1,1.1,0.9
33,1,0.002926349716766261,0.0007334123721417064,0,0,1,1,0,0.4,1,1.1,0.9
39,1,0.0052109396102797195,0.001305984571415354,0,0,1,1,0,0.4,1,1.1,0.9
