BUS_I,BUS_TYPE,Pd,Qd,Gs,Bs,area,Vm,Va,baseKV,zone,Vmax,Vmin
1,1,0.023583918316506212,0.005910687084938939,0,0,1,1,0,0.4,1,1.1,0.9
2,1,0.016471146714728182,0.004128058486902903,0,0,1,1,0,0.4,1,1.1,0.9
3,1,0.01483102158050818,0.003717004381371467,0,0,1,1,0,0.4,1,1.1,0.9
4,1,0.0,0.0,0,0,1,1,0,0.4,1,1.1,0.9
7,1,0.0,0.0,0,0,1,1,0,0.4,1,1.1,0.9
6,1,0.0,0.0,0,0,1,1,0,0.4,1,1.1,0.9
12,1,0.07136335460848918,0.017885342578001357,0,0,1,1,0,0.4,1,1.1,0.9
13,1,0.03826871525224484,0.009591044115868462,0,0,1,1,0,0.4,1,1.1,0.9
10,3,0.042943294789996325,0.0107626041819483,0,0,1,1,0,0.4,1,1.1,0.9
14,1,0.020494945372553492,0.0051365174901957045,0,0,1,1,0,0.4,1,1.1,0.9
11,1,0.016992025318108374,0.004258602970330219,0,0,1,1,0,0.4,1,1.1,0.9
