BUS_I,BUS_TYPE,Pd,Qd,Gs,Bs,area,Vm,Va,baseKV,zone,Vmax,Vmin
1,1,0.0066646397740673,0.0016703161751870283,0,0,1,1,0,0.4,1,1.1,0.9
2,1,0.0,0.0,0,0,1,1,0,0.4,1,1.1,0.9
3,1,0.0,0.0,0,0,1,1,0,0.4,1,1.1,0.9
4,1,0.004454164329894293,0.0011163188078240462,0,0,1,1,0,0.4,1,1.1,0.9
5,1,0.00803839910649572,0.0020146127180696405,0,0,1,1,0,0.4,1,1.1,0.9
9,1,0.007940958592837133,0.0019901918233776617,0,0,1,1,0,0.4,1,1.1,0.9
7,1,0.0,0.0,0,0,1,1,0,0.4,1,1.1,0.9
6,1,0.006540146092000953,0.001639115117378452,0,0,1,1,0,0.4,1,1.1,0.9
8,1,0.0,0.0,0,0,1,1,0,0.4,1,1.1,0.9
10,1,0.0,0.0,0,0,1,1,0,0.4,1,1.1,0.9
24,1,0.0,0.0,0,0,1,1,0,0.4,1,1.1,0.9
20,3,0.02541612972227746,0.0063698825480350925,0,0,1,1,0,0.4,1,1.1,0.9
26,1,0.009152145319458587,0.002293743830572344,0,0,1,1,0,0.4,1,1.1,0.9
19,1,0.09211428316577402,0.02308601550172798,0,0,1,1,0,0.4,1,1.1,0.9
12,1,0.01651820902012515,0.004139853412451921,0,0,1,1,0,0.4,1,1.1,0.9
13,1,0.003647144549815678,0.0009140605856158045,0,0,1,1,0,0.4,1,1.1,0.9
14,1,0.0,0.0,0,0,1,1,0,0.4,1,1.1,0.9
15,1,0.003135276158038086,0.0007857742740765232,0,0,1,1,0,0.4,1,1.1,0.9
16,1,0.020478419645298104,0.005132375752535882,0,0,1,1,0,0.4,1,1.1,0.9
17,1,0.0018236473805546183,0.0004570491160573075,0,0,1,1,0,0.4,1,1.1,0.9
18,1,0.0,0.0,0,0,1,1,0,0.4,1,1.1,0.9
25,1,0.006549736376191123,0.0016415186691607722,0,0,1,1,0,0.4,1,1.1,0.9
21,1,0.0,0.0,0,0,1,1,0,0.4,1,1.1,0.9
22,1,0.011668854151479335,0.0029244905194957685,0,0,1,1,0,0.4,1,1.1,0.9
