BUS_I,BUS_TYPE,Pd,Qd,Gs,Bs,area,Vm,Va,baseKV,zone,Vmax,Vmin
1,1,0.0038714271757265754,0.0009702711102011068,0,0,1,1,0,0.4,1,1.1,0.9
3,1,0.0,0.0,0,0,1,1,0,0.4,1,1.1,0.9
5,1,0.0066064071841083075,0.0016557217124360162,0,0,1,1,0,0.4,1,1.1,0.9
6,1,0.0,0.0,0,0,1,1,0,0.4,1,1.1,0.9
22,1,0.06286474801036744,0.015755390990425788,0,0,1,1,0,0.4,1,1.1,0.9
16,1,0.0,0.0,0,0,1,1,0,0.4,1,1.1,0.9
7,1,0.0,0.0,0,0,1,1,0,0.4,1,1.1,0.9
10,1,0.00659031106544547,0.0016516876448387124,0,0,1,1,0,0.4,1,1.1,0.9
9,1,0.009314744528247605,0.002334495033596054,0,0,1,1,0,0.4,1,1.1,0.9
8,1,0.0,0.0,0,0,1,1,0,0.4,1,1.1,0.9
11,1,0.003036185585425567,0.0007609398356291132,0,0,1,1,0,0.4,1,1.1,0.9
20,1,0.01586316177011452,0.003975683096531485,0,0,1,1,0,0.4,1,1.1,0.9
18,1,0.0,0.0,0,0,1,1,0,0.4,1,1.1,0.9
17,3,0.004512574964495911,0.0011309578927686898,0,0,1,1,0,0.4,1,1.1,0.9
19,1,0.007804039870008036,0.001955876756820385,0,0,1,1,0,0.4,1,1.1,0.9
12,1,0.0030508502229448283,0.0007646151402340203,0,0,1,1,0,0.4,1,1.1,0.9
13,1,0.01842847307165827,0.004618610712519292,0,0,1,1,0,0.4,1,1.1,0.9
14,1,0.0031106453858753924,0.0007796012206864845,0,0,1,1,0,0.4,1,1.1,0.9
15,1,0.0,0.0,0,0,1,1,0,0.4,1,1.1,0.9
