F_BUS,T_BUS,BR_R,BR_X,BR_B,RATE_A,RATE_B,RATE_C,TAP,SHIFT,BR_STATUS,ANGMIN,ANGMAX
1,2,0.14973970978320783,0.09583341426125302,2.5145328833671155e-10,0,0,0,0,0,1,-90,90
1,3,0.2139631658711018,0.13693642615750515,3.593017624991768e-10,0,0,0,0,0,1,-90,90
2,4,1.2343218712327897,0.7899659975889853,2.072758748075349e-09,0,0,0,0,0,1,-90,90
3,5,0.8377345533990385,0.5361501141753846,1.4067818650807722e-09,0,0,0,0,0,1,-90,90
4,16,1.3011974530199037,0.8327663699327383,2.1850608553396595e-09,0,0,0,0,0,1,-90,90
5,25,0.9292534199200378,0.5947221887488242,1.5604666823204447e-09,0,0,0,0,0,1,-90,90
16,15,1.96803413551547,1.259541846729901,3.304859182983124e-09,0,0,0,0,0,1,-90,90
25,23,0.01853578229048364,0.011862900665909532,3.112656900152599e-11,0,0,0,0,0,1,-90,90
15,13,1.3038175994753287,0.8344432636642105,2.1894607866811475e-09,0,0,0,0,0,1,-90,90
23,22,1.0474183491918816,0.6703477434828041,1.7588974130497765e-09,0,0,0,0,0,1,-90,90
6,7,0.08616387831029591,0.05514488211858939,1.4469235026791712e-10,0,0,0,0,0,1,-90,90
6,8,0.27459870668600783,0.17574317227904498,4.611251609153853e-10,0,0,0,0,0,1,-90,90
7,9,1.2716636684228362,0.8138647477906152,2.1354656793859156e-09,0,0,0,0,0,1,-90,90
8,10,0.27395629898729396,0.17533203135186817,4.600463854287205e-10,0,0,0,0,0,1,-90,90
9,27,0.041338716718411536,0.02645677869978338,1.3883767064212738e-10,0,0,0,0,0,1,-90,90
10,21,0.3257463933633918,0.20847769175257075,5.470158977444098e-10,0,0,0,0,0,1,-90,90
27,28,0.6294461421942232,0.4028455310043029,3.171028630576608e-09,0,0,0,0,0,1,-90,90
21,19,0.09061255735610306,0.05799203670790596,1.5216288013900065e-10,0,0,0,0,0,1,-90,90
28,31,0.896834739619486,0.5739742333564711,4.51808096927154e-09,0,0,0,0,0,1,-90,90
19,17,0.8336186398751941,0.5335159295201243,1.3998701381141674e-09,0,0,0,0,0,1,-90,90
11,12,0.08218821926616272,0.05260046033034415,1.3801614833457406e-10,0,0,0,0,0,1,-90,90
11,13,1.0272297166414261,0.6574270186505128,1.7249952634517624e-09,0,0,0,0,0,1,-90,90
12,14,0.6653693272622858,0.42583636944786296,1.117334243139089e-09,0,0,0,0,0,1,-90,90
14,30,0.2941748113472219,0.18827187926222202,9.879974225432352e-10,0,0,0,0,0,1,-90,90
30,29,0.4761720072436129,0.3047500846359123,2.3988630111942342e-09,0,0,0,0,0,1,-90,90
29,31,0.7765190972415759,0.4969722222346086,3.9119538980076006e-09,0,0,0,0,0,1,-90,90
17,18,0.3420402253080976,0.21890574419718245,5.743776284972864e-10,0,0,0,0,0,1,-90,90
22,24,0.0010540123848112462,0.0006745679262791976,1.7699705742192436e-12,0,0,0,0,0,1,-90,90
