F_BUS,T_BUS,BR_R,BR_X,BR_B,RATE_A,RATE_B,RATE_C,TAP,SHIFT,BR_STATUS,ANGMIN,ANGMAX
1,2,0.596438110781142,0.3817203908999309,1.0015801717686558e-09,0,0,0,0,0,1,-90,90
2,4,0.24760959289496015,0.15847013945277452,1.663212689467478e-09,0,0,0,0,0,1,-90,90
2,5,0.2500455718486492,0.1600291659831355,1.6795753475522558e-09,0,0,0,0,0,1,-90,90
4,12,0.4252989081465415,0.2721913012137866,2.8567654935165026e-09,0,0,0,0,0,1,-90,90
5,14,0.10858624661480662,0.06949519783347623,7.29382174413596e-10,0,0,0,0,0,1,-90,90
12,11,0.03194964545970095,0.020447773094208612,2.1460822713401103e-10,0,0,0,0,0,1,-90,90
14,15,0.293176497508379,0.18763295840536257,9.846445471044818e-10,0,0,0,0,0,1,-90,90
7,13,0.2912339148354195,0.1863897054946685,1.956240616909554e-09,0,0,0,0,0,1,-90,90
7,9,4.199803145087692,2.6878740128561227,7.052600226941215e-09,0,0,0,0,0,1,-90,90
7,11,0.27818087369806965,0.1780357591667646,1.8685623351355887e-09,0,0,0,0,0,1,-90,90
13,25,0.15131291313314,0.0968402644052096,1.0163804813090948e-09,0,0,0,0,0,1,-90,90
9,22,3.115391295559646,1.9938504291581736,5.231580766773267e-09,0,0,0,0,0,1,-90,90
15,21,0.6101298903028037,0.3904831297937944,1.0245723559320127e-09,0,0,0,0,0,1,-90,90
17,16,0.6558621999986417,0.4197518079991307,1.101369216784089e-09,0,0,0,0,0,1,-90,90
16,18,0.4314603693559176,0.27613463638778724,7.245381256487795e-10,0,0,0,0,0,1,-90,90
25,23,0.5899675517693089,0.37757923313235775,9.907143610678219e-10,0,0,0,0,0,1,-90,90
28,27,0.3743560814647454,0.23958789213743706,6.28644651638776e-10,0,0,0,0,0,1,-90,90
27,26,0.35876739967995014,0.2296111357951681,6.024670578575641e-10,0,0,0,0,0,1,-90,90
23,24,0.3772688091963013,0.2414520378856328,6.335359057168668e-10,0,0,0,0,0,1,-90,90
21,20,0.5505856109942768,0.35237479103633723,9.245814793940124e-10,0,0,0,0,0,1,-90,90
20,19,0.5703558728430227,0.36502775861953457,9.577810719425917e-10,0,0,0,0,0,1,-90,90
18,19,0.4238398433806039,0.2712574997635865,7.117412108015272e-10,0,0,0,0,0,1,-90,90
24,26,0.3650190029597595,0.23361216189424605,6.129651829331405e-10,0,0,0,0,0,1,-90,90
