F_BUS,T_BUS,BR_R,BR_X,BR_B,RATE_A,RATE_B,RATE_C,TAP,SHIFT,BR_STATUS,ANGMIN,ANGMAX
1,2,0.005751625,0.0017061,1.2343945854485016e-05,0,0,0,0,0,1,-90,90
2,15,0.24884258840048934,0.1558670531823237,2.0008053752841458e-05,0,0,0,0,0,1,-90,90
15,22,0.00258222375,0.000765963,5.541882538267924e-06,0,0,0,0,0,1,-90,90
15,12,0.10069019860848927,0.02986765441869794,0.0002160979479191592,0,0,0,0,0,1,-90,90
12,13,0.08203270016543485,0.024333295329971687,0.00017605584667625788,0,0,0,0,0,1,-90,90
12,11,0.00131898,0.000391248,2.830750910073005e-06,0,0,0,0,0,1,-90,90
4,6,0.12194246117869496,0.03617169634963536,0.0002617088454397586,0,0,0,0,0,1,-90,90
4,3,0.0057527375,0.00170643,1.2346333464901744e-05,0,0,0,0,0,1,-90,90
6,24,0.00086953,0.000257928,1.8661563017147948e-06,0,0,0,0,0,1,-90,90
6,10,0.09782490305922951,0.02901772405352426,0.00020994854612103097,0,0,0,0,0,1,-90,90
3,5,0.0062012975,0.001839486,1.3309017984926573e-05,0,0,0,0,0,1,-90,90
5,7,0.1043261127995,0.030946172785469666,0.000223901225758968,0,0,0,0,0,1,-90,90
7,8,0.044653276922173274,0.013245466412869375,9.583337449027573e-05,0,0,0,0,0,1,-90,90
7,16,0.0030771919052007372,0.0009127850145763985,6.604166694048637e-06,0,0,0,0,0,1,-90,90
10,9,0.009378761201366166,0.005874556603650806,7.540942226094814e-07,0,0,0,0,0,1,-90,90
8,25,0.16589010968426668,0.04920785276027686,0.00035602782374323223,0,0,0,0,0,1,-90,90
8,23,0.025983688937365697,0.016275353232362417,2.0892044577161395e-06,0,0,0,0,0,1,-90,90
8,27,0.005662513080220425,0.0035468174201751107,4.552913020775961e-07,0,0,0,0,0,1,-90,90
16,17,0.0025613407197824308,0.0007597684831714177,5.497064074914829e-06,0,0,0,0,0,1,-90,90
25,26,0.0091227225,0.002706066,1.9578882939254937e-05,0,0,0,0,0,1,-90,90
23,13,0.00721600875,0.002140479,1.5486757446024404e-05,0,0,0,0,0,1,-90,90
17,18,0.01082342472430546,0.0032105439631647656,2.3228873363079304e-05,0,0,0,0,0,1,-90,90
13,14,0.036320505482515836,0.010773722974588966,7.794985818506973e-05,0,0,0,0,0,1,-90,90
14,20,0.00099579875,0.000295383,2.1371500840134503e-06,0,0,0,0,0,1,-90,90
18,19,0.00426099365905807,0.001263935197743068,9.144802558184305e-06,0,0,0,0,0,1,-90,90
