F_BUS,T_BUS,BR_R,BR_X,BR_B,RATE_A,RATE_B,RATE_C,TAP,SHIFT,BR_STATUS,ANGMIN,ANGMAX
21,60,1.6272244573799632,0.6258555605307552,1.64215623467464e-09,0,0,0,0,0,1,-90,90
21,59,2.2706990449290245,0.8733457865111633,2.2915354896421944e-09,0,0,0,0,0,1,-90,90
60,62,4.74535640131769,1.825137077429881,4.788900858043981e-09,0,0,0,0,0,1,-90,90
49,46,1.834082848196854,0.7054164800757132,1.8509128045713773e-09,0,0,0,0,0,1,-90,90
46,44,5.151323892328933,1.981278420126513,5.198593597982725e-09,0,0,0,0,0,1,-90,90
62,61,2.575369456954724,0.9905267142133555,2.5990016258349027e-09,0,0,0,0,0,1,-90,90
55,57,1.6251260731055082,0.6250484896559647,1.6400385951545284e-09,0,0,0,0,0,1,-90,90
55,47,3.6459799999999993,1.4022999999999999,3.6794363318133133e-09,0,0,0,0,0,1,-90,90
55,53,6.555676467705714,2.521414026040659,6.615832828180621e-09,0,0,0,0,0,1,-90,90
55,54,2.2543348869117508,0.8670518795814425,2.275021170433561e-09,0,0,0,0,0,1,-90,90
57,61,2.4068869507371358,0.9257257502835138,2.4289730862784715e-09,0,0,0,0,0,1,-90,90
47,45,2.1786997865763484,0.8379614563755187,2.1986920254205814e-09,0,0,0,0,0,1,-90,90
53,52,2.5955853568537917,0.9983020603283813,2.619403031374409e-09,0,0,0,0,0,1,-90,90
54,56,1.673656440037812,0.6437140153991585,1.6890142876396629e-09,0,0,0,0,0,1,-90,90
22,24,2.773621354912328,1.0667774441970492,2.7990727277598045e-09,0,0,0,0,0,1,-90,90
24,25,1.8755069221687013,0.7213488162187314,1.8927169951549065e-09,0,0,0,0,0,1,-90,90
25,26,0.9993124858531957,0.38435095609738296,1.008482401791268e-09,0,0,0,0,0,1,-90,90
26,28,5.206024064856559,2.0023169480217535,5.253795711585818e-09,0,0,0,0,0,1,-90,90
28,29,0.2936492490342558,0.11294201885932917,2.9634384053295327e-10,0,0,0,0,0,1,-90,90
29,30,5.395947786950317,2.0753645334424293,5.445462216433619e-09,0,0,0,0,0,1,-90,90
51,50,1.224136885361856,0.4708218789853293,1.2353698405128945e-09,0,0,0,0,0,1,-90,90
50,52,0.9112425797149485,0.35047791527498023,9.19604346403017e-10,0,0,0,0,0,1,-90,90
30,61,0.9564601551524016,0.36786929044323136,9.652368484740855e-10,0,0,0,0,0,1,-90,90
44,45,0.12516011491484444,0.04813850573647863,1.2630861225558234e-10,0,0,0,0,0,1,-90,90
58,56,1.805625074784599,0.6944711826094612,1.8221938962351926e-09,0,0,0,0,0,1,-90,90
