F_BUS,T_BUS,BR_R,BR_X,BR_B,RATE_A,RATE_B,RATE_C,TAP,SHIFT,BR_STATUS,ANGMIN,ANGMAX
18,19,1.4170378387552316,0.5450145533673968,1.4300408964037699e-09,0,0,0,0,0,1,-90,90
18,20,0.3021897025313865,0.11622680866591789,3.0496266315060466e-10,0,0,0,0,0,1,-90,90
19,21,0.4963946487542632,0.19092101875163972,5.009496776022209e-10,0,0,0,0,0,1,-90,90
20,22,1.1406243760704011,0.43870168310400054,1.1510910016690512e-09,0,0,0,0,0,1,-90,90
21,23,1.0286978879233175,0.3956530338166606,1.0381374509143428e-09,0,0,0,0,0,1,-90,90
23,24,2.0668454968065486,0.7949405756948265,2.0858113355516915e-09,0,0,0,0,0,1,-90,90
24,25,3.7593713549239434,1.4459120595861321,3.7938681912916155e-09,0,0,0,0,0,1,-90,90
24,26,1.2646577711839204,0.4864068350707387,1.2762625550892125e-09,0,0,0,0,0,1,-90,90
26,29,6.613685022410515,2.543725008619429,6.674373682419213e-09,0,0,0,0,0,1,-90,90
