BUS_I,BUS_TYPE,Pd,Qd,Gs,Bs,area,Vm,Va,baseKV,zone,Vmax,Vmin
1,1,0.019648068685659346,0.004924270185545836,0,0,1,1,0,0.4,1,1.1,0.9
2,1,0.0,0.0,0,0,1,1,0,0.4,1,1.1,0.9
3,1,0.0,0.0,0,0,1,1,0,0.4,1,1.1,0.9
4,1,0.036421499523059876,0.009128088214857392,0,0,1,1,0,0.4,1,1.1,0.9
14,1,0.018091926792803567,0.004534264264350054,0,0,1,1,0,0.4,1,1.1,0.9
5,1,0.0,0.0,0,0,1,1,0,0.4,1,1.1,0.9
10,1,0.0,0.0,0,0,1,1,0,0.4,1,1.1,0.9
21,1,0.005340421256656948,0.0013384357309176693,0,0,1,1,0,0.4,1,1.1,0.9
20,3,0.08579291749944422,0.021501731927568823,0,0,1,1,0,0.4,1,1.1,0.9
6,1,0.0,0.0,0,0,1,1,0,0.4,1,1.1,0.9
12,1,0.0,0.0,0,0,1,1,0,0.4,1,1.1,0.9
15,1,0.07905689028944128,0.019813524374454303,0,0,1,1,0,0.4,1,1.1,0.9
23,1,0.03510680824670781,0.008798595522272148,0,0,1,1,0,0.4,1,1.1,0.9
11,1,0.0,0.0,0,0,1,1,0,0.4,1,1.1,0.9
13,1,0.0,0.0,0,0,1,1,0,0.4,1,1.1,0.9
18,1,0.03776061520900414,0.009463702241497323,0,0,1,1,0,0.4,1,1.1,0.9
22,1,0.03215255993905185,0.008058191104167311,0,0,1,1,0,0.4,1,1.1,0.9
19,1,0.0,0.0,0,0,1,1,0,0.4,1,1.1,0.9
16,1,0.024715735540541277,0.006194347219732288,0,0,1,1,0,0.4,1,1.1,0.9
17,1,0.039092773815372996,0.009797572659639152,0,0,1,1,0,0.4,1,1.1,0.9
