F_BUS,T_BUS,BR_R,BR_X,BR_B,RATE_A,RATE_B,RATE_C,TAP,SHIFT,BR_STATUS,ANGMIN,ANGMAX
1,2,0.8771642798511677,0.3373708768658338,8.852133364015294e-10,0,0,0,0,0,1,-90,90
1,3,4.219389323479643,1.6228420474921705,4.2581073881031165e-09,0,0,0,0,0,1,-90,90
3,4,4.240898060294891,1.6311146385749584,4.279813493920877e-09,0,0,0,0,0,1,-90,90
4,14,1.19448935091555,0.4594189811213654,1.2054502536280449e-09,0,0,0,0,0,1,-90,90
4,10,2.7387586911554758,1.0533687273674908,2.7638901563658986e-09,0,0,0,0,0,1,-90,90
14,18,2.853876196626709,1.0976446910102728,2.880064005936816e-09,0,0,0,0,0,1,-90,90
10,11,5.466105019844823,2.1023480845557017,5.516263227863067e-09,0,0,0,0,0,1,-90,90
18,16,0.20520315831636626,0.07892429166014088,2.0708614861082003e-10,0,0,0,0,0,1,-90,90
11,12,1.1083799999999997,0.4262999999999999,1.118550743957795e-09,0,0,0,0,0,1,-90,90
5,6,2.9977193137666998,1.152968966833346,3.0252270598444512e-09,0,0,0,0,0,1,-90,90
5,7,1.6834726162921065,0.6474894678046564,1.6989205393331815e-09,0,0,0,0,0,1,-90,90
6,8,1.1979880661428146,0.4607646408241595,2.4179621477049486e-09,0,0,0,0,0,1,-90,90
7,9,1.3262441427180032,0.5100939010453859,1.3384140570083283e-09,0,0,0,0,0,1,-90,90
8,15,2.9544663344648776,1.1363332055634146,2.981577181484643e-09,0,0,0,0,0,1,-90,90
9,20,0.35862302129990276,0.13793193126919337,3.6191382673397066e-10,0,0,0,0,0,1,-90,90
15,12,1.517284724447833,0.5835710478645512,1.5312076700472054e-09,0,0,0,0,0,1,-90,90
12,13,1.4202499999999998,0.5462499999999999,1.4332825331619644e-09,0,0,0,0,0,1,-90,90
13,27,3.1591595888003883,1.2150613803078416,3.1881487471210926e-09,0,0,0,0,0,1,-90,90
27,24,0.9386883990317094,0.36103399962758054,9.473020147255183e-10,0,0,0,0,0,1,-90,90
24,22,4.506439458738535,1.7332459456686673,4.547791559909735e-09,0,0,0,0,0,1,-90,90
16,17,1.6442614152599166,0.6324082366384295,1.6593495275086855e-09,0,0,0,0,0,1,-90,90
21,22,6.467096894100971,2.4873449592696044,6.526440428502668e-09,0,0,0,0,0,1,-90,90
21,23,0.013124801138015812,0.00504800043769839,1.3245237262694838e-11,0,0,0,0,0,1,-90,90
23,25,1.2182609465496628,0.4685619025191011,1.2294399827657058e-09,0,0,0,0,0,1,-90,90
25,26,2.6705549915409006,1.0271365352080386,2.6950606042767618e-09,0,0,0,0,0,1,-90,90
