F_BUS,T_BUS,BR_R,BR_X,BR_B,RATE_A,RATE_B,RATE_C,TAP,SHIFT,BR_STATUS,ANGMIN,ANGMAX
65,64,165.27370044177155,63.56680786221983,1.667902890577251e-07,0,0,0,0,0,1,-90,90
65,66,37.28998310369735,14.342301193729751,3.7632164368550754e-08,0,0,0,0,0,1,-90,90
64,62,33.83963513658856,13.015244283303295,3.415015523312535e-08,0,0,0,0,0,1,-90,90
62,63,8.060514689250084,3.100197957403879,8.134479783416714e-09,0,0,0,0,0,1,-90,90
