F_BUS,T_BUS,BR_R,BR_X,BR_B,RATE_A,RATE_B,RATE_C,TAP,SHIFT,BR_STATUS,ANGMIN,ANGMAX
1,2,0.4471912708437773,0.17199664263222206,4.512947984389279e-10,0,0,0,0,0,1,-90,90
2,3,0.21809594181518777,0.08388305454430299,2.2009723918832373e-10,0,0,0,0,0,1,-90,90
3,14,3.9446044428889993,1.5171555549573077,3.98080101969786e-09,0,0,0,0,0,1,-90,90
14,13,0.9529945333937769,0.36653635899760656,9.61739425391401e-10,0,0,0,0,0,1,-90,90
13,12,2.4984299506523997,0.9609345964047691,2.521356105332719e-09,0,0,0,0,0,1,-90,90
4,5,0.9404964971742436,0.3617294219900937,9.491267043829288e-10,0,0,0,0,0,1,-90,90
4,6,6.42235428824093,2.4701362647080503,6.48128725443659e-09,0,0,0,0,0,1,-90,90
6,7,0.4018750903963825,0.1545673424601471,4.055627865361877e-10,0,0,0,0,0,1,-90,90
7,11,4.319274399867405,1.6612593845643866,4.3589090323982255e-09,0,0,0,0,0,1,-90,90
11,9,6.242736844037861,2.401052632322254,6.300021600201453e-09,0,0,0,0,0,1,-90,90
9,12,4.275630138353363,1.6444731301359092,4.314864281332689e-09,0,0,0,0,0,1,-90,90
9,8,3.794183190263399,1.4593012270243844,3.828999467855144e-09,0,0,0,0,0,1,-90,90
8,10,10.978112186088651,4.222350840803328,1.1078849810535735e-08,0,0,0,0,0,1,-90,90
