F_BUS,T_BUS,BR_R,BR_X,BR_B,RATE_A,RATE_B,RATE_C,TAP,SHIFT,BR_STATUS,ANGMIN,ANGMAX
1,2,1.4871816288520592,0.571992934173869,1.5008283416814058e-09,0,0,0,0,0,1,-90,90
1,3,1.3412116145795343,0.5158506209921286,1.3535188737551866e-09,0,0,0,0,0,1,-90,90
2,4,4.168517352878389,1.6032759049532266,4.206768604867555e-09,0,0,0,0,0,1,-90,90
3,5,0.44473246633423885,0.17105094859009187,4.488134313866616e-10,0,0,0,0,0,1,-90,90
3,6,2.7747719317954282,1.0672199737674726,2.8002338625949448e-09,0,0,0,0,0,1,-90,90
4,16,5.943268340447407,2.285872438633618,5.997805106324778e-09,0,0,0,0,0,1,-90,90
5,7,0.4600345655336975,0.1769363713591144,4.6425594608709853e-10,0,0,0,0,0,1,-90,90
6,15,2.553129400289396,0.9819728462651525,2.576557489411775e-09,0,0,0,0,0,1,-90,90
16,17,2.9830404064566705,1.1473232332525658,3.010413455582267e-09,0,0,0,0,0,1,-90,90
7,8,0.16601056832171043,0.06385021858527323,1.6753391860292098e-10,0,0,0,0,0,1,-90,90
15,14,0.2613265904303185,0.10051022708858405,2.637245819500413e-10,0,0,0,0,0,1,-90,90
8,20,2.290838383197144,0.8810916858450556,2.3118596310040224e-09,0,0,0,0,0,1,-90,90
20,12,1.506951865610218,0.5795968713885454,1.520779994574872e-09,0,0,0,0,0,1,-90,90
20,19,2.3624612025666676,0.908638924064103,2.384139677459331e-09,0,0,0,0,0,1,-90,90
12,10,0.06680276345831877,0.025693370560891837,1.3483152125577702e-10,0,0,0,0,0,1,-90,90
9,10,1.9509848874093518,0.7503788028497508,3.937775126332388e-09,0,0,0,0,0,1,-90,90
9,11,2.816198092609809,1.0831531125422342,2.8420401591703434e-09,0,0,0,0,0,1,-90,90
11,13,10.972949815232692,4.220365313551035,1.10736400686047e-08,0,0,0,0,0,1,-90,90
13,23,0.6322068408382451,0.2431564772454789,6.380081128808048e-10,0,0,0,0,0,1,-90,90
23,22,2.579878351560277,0.9922609044462603,2.6035518950706053e-09,0,0,0,0,0,1,-90,90
22,21,0.40302122274901026,0.15500816259577319,4.067194360568449e-10,0,0,0,0,0,1,-90,90
