BUS_I,BUS_TYPE,Pd,Qd,Gs,Bs,area,Vm,Va,baseKV,zone,Vmax,Vmin
1,1,0.01700155008222433,0.004260990101234072,0,0,1,1,0,0.4,1,1.1,0.9
2,1,0.0,0.0,0,0,1,1,0,0.4,1,1.1,0.9
3,1,0.0,0.0,0,0,1,1,0,0.4,1,1.1,0.9
4,1,0.009093741610106306,0.002279106481258789,0,0,1,1,0,0.4,1,1.1,0.9
6,1,0.005671778121771241,0.0014214815894070167,0,0,1,1,0,0.4,1,1.1,0.9
7,1,0.011338102355931223,0.002841596305734083,0,0,1,1,0,0.4,1,1.1,0.9
8,1,0.008762076372760828,0.0021959833374032116,0,0,1,1,0,0.4,1,1.1,0.9
15,1,0.0,0.0,0,0,1,1,0,0.4,1,1.1,0.9
24,1,0.011211444016492282,0.0028098527336493043,0,0,1,1,0,0.4,1,1.1,0.9
9,1,0.0,0.0,0,0,1,1,0,0.4,1,1.1,0.9
16,1,0.008809269010878586,0.002207810927411086,0,0,1,1,0,0.4,1,1.1,0.9
17,1,0.017673248222830257,0.004429333523704215,0,0,1,1,0,0.4,1,1.1,0.9
10,1,0.0500353247153044,0.012540034425852269,0,0,1,1,0,0.4,1,1.1,0.9
12,3,0.0,0.0,0,0,1,1,0,0.4,1,1.1,0.9
18,1,0.02691084518360886,0.006744493554331135,0,0,1,1,0,0.4,1,1.1,0.9
13,1,0.0,0.0,0,0,1,1,0,0.4,1,1.1,0.9
25,1,0.04840175108002855,0.012130622280731165,0,0,1,1,0,0.4,1,1.1,0.9
14,1,0.0,0.0,0,0,1,1,0,0.4,1,1.1,0.9
21,1,0.012785697358106349,0.0032043978117751804,0,0,1,1,0,0.4,1,1.1,0.9
