F_BUS,T_BUS,BR_R,BR_X,BR_B,RATE_A,RATE_B,RATE_C,TAP,SHIFT,BR_STATUS,ANGMIN,ANGMAX
1,2,2.0939724548666834,0.8053740211025705,4.226374433350042e-09,0,0,0,0,0,1,-90,90
2,4,0.13526638457497958,0.0520255325288383,2.730152386344478e-10,0,0,0,0,0,1,-90,90
4,17,0.8464118898137605,0.325543034543754,1.7083575110447773e-09,0,0,0,0,0,1,-90,90
17,21,0.7875399999999998,0.30289999999999995,7.947666440178656e-10,0,0,0,0,0,1,-90,90
17,15,4.6976299213685575,1.8067807389879067,4.740736429189627e-09,0,0,0,0,0,1,-90,90
21,20,2.2962775149511745,0.8831836595966055,2.317348673453322e-09,0,0,0,0,0,1,-90,90
15,14,1.5813620998249127,0.6082161922403512,1.595873033820366e-09,0,0,0,0,0,1,-90,90
22,18,9.194888989859802,3.536495765330693,9.279263357528123e-09,0,0,0,0,0,1,-90,90
18,16,9.894195295950054,3.8054597292115595,9.984986655432838e-09,0,0,0,0,0,1,-90,90
6,7,0.11615945829867416,0.04467671473025929,1.172253635916531e-10,0,0,0,0,0,1,-90,90
6,8,1.6626175043939893,0.6394682709207651,1.6778740562416764e-09,0,0,0,0,0,1,-90,90
7,9,2.709227781880729,1.0420106853387419,2.7340882648313904e-09,0,0,0,0,0,1,-90,90
8,10,1.3747826235507312,0.528762547519512,1.3873979378488605e-09,0,0,0,0,0,1,-90,90
9,12,0.6384252520998837,0.24554817388457068,6.442835856815964e-10,0,0,0,0,0,1,-90,90
12,19,3.0096176219676254,1.1575452392183176,3.0372345495952453e-09,0,0,0,0,0,1,-90,90
11,20,2.5615159190133703,0.9851984303897577,2.5850209647161988e-09,0,0,0,0,0,1,-90,90
11,19,2.1694968742861436,0.8344218747254397,2.189404665139101e-09,0,0,0,0,0,1,-90,90
14,16,1.516212273033953,0.5831585665515203,1.530125377578148e-09,0,0,0,0,0,1,-90,90
