BUS_I,BUS_TYPE,Pd,Qd,Gs,Bs,area,Vm,Va,baseKV,zone,Vmax,Vmin
1,1,0.09837472557438887,0.02465503026823119,0,0,1,1,0,0.4,1,1.1,0.9
2,1,0.0,0.0,0,0,1,1,0,0.4,1,1.1,0.9
3,3,0.0,0.0,0,0,1,1,0,0.4,1,1.1,0.9
4,1,0.0,0.0,0,0,1,1,0,0.4,1,1.1,0.9
11,1,0.013164112337375907,0.00329923754538936,0,0,1,1,0,0.4,1,1.1,0.9
17,1,0.03432385577231341,0.008602369135442907,0,0,1,1,0,0.4,1,1.1,0.9
12,1,6.900950893191014e-05,1.7295413243368377e-05,0,0,1,1,0,0.4,1,1.1,0.9
13,1,0.0,0.0,0,0,1,1,0,0.4,1,1.1,0.9
14,1,0.00011623567915151275,2.9131407188139024e-05,0,0,1,1,0,0.4,1,1.1,0.9
22,1,6.396834285482748e-05,1.6031977930162162e-05,0,0,1,1,0,0.4,1,1.1,0.9
23,1,0.0,0.0,0,0,1,1,0,0.4,1,1.1,0.9
24,1,7.815538285089427e-05,1.958758531282404e-05,0,0,1,1,0,0.4,1,1.1,0.9
25,1,0.0009368996318507117,0.0002348091813898557,0,0,1,1,0,0.4,1,1.1,0.9
15,1,0.0,0.0,0,0,1,1,0,0.4,1,1.1,0.9
16,1,0.0016717084695496186,0.0004189696355009154,0,0,1,1,0,0.4,1,1.1,0.9
5,1,0.01268832933909663,0.003179995085954847,0,0,1,1,0,0.4,1,1.1,0.9
6,1,0.0033229320823653526,0.000832805281962823,0,0,1,1,0,0.4,1,1.1,0.9
7,1,0.0,0.0,0,0,1,1,0,0.4,1,1.1,0.9
8,1,0.026396318642941615,0.006615541047883058,0,0,1,1,0,0.4,1,1.1,0.9
9,1,0.0013082862113771754,0.0003278874319870157,0,0,1,1,0,0.4,1,1.1,0.9
10,1,0.0,0.0,0,0,1,1,0,0.4,1,1.1,0.9
19,1,0.0,0.0,0,0,1,1,0,0.4,1,1.1,0.9
20,1,0.0007669093404575885,0.00019220559845600896,0,0,1,1,0,0.4,1,1.1,0.9
18,1,0.0008197102522146418,0.00020543875432972933,0,0,1,1,0,0.4,1,1.1,0.9
42,1,0.0003754407574453493,9.40943233609649e-05,0,0,1,1,0,0.4,1,1.1,0.9
29,1,0.0,0.0,0,0,1,1,0,0.4,1,1.1,0.9
33,1,0.0,0.0,0,0,1,1,0,0.4,1,1.1,0.9
27,1,0.00220631101897576,0.0005529536640266992,0,0,1,1,0,0.4,1,1.1,0.9
26,1,0.00293009044964867,0.000734349888174434,0,0,1,1,0,0.4,1,1.1,0.9
28,1,0.0,0.0,0,0,1,1,0,0.4,1,1.1,0.9
30,1,0.0,0.0,0,0,1,1,0,0.4,1,1.1,0.9
32,1,0.0,0.0,0,0,1,1,0,0.4,1,1.1,0.9
41,1,0.00023193032200372946,5.8127217898041686e-05,0,0,1,1,0,0.4,1,1.1,0.9
39,1,0.012626840421162529,0.00316458451048463,0,0,1,1,0,0.4,1,1.1,0.9
31,1,0.005606488383830806,0.0014051184386512968,0,0,1,1,0,0.4,1,1.1,0.9
37,1,0.0,0.0,0,0,1,1,0,0.4,1,1.1,0.9
34,1,0.0024750469532658437,0.0006203052378724956,0,0,1,1,0,0.4,1,1.1,0.9
35,1,0.0018192820824260423,0.0004559550692189404,0,0,1,1,0,0.4,1,1.1,0.9
36,1,0.0,0.0,0,0,1,1,0,0.4,1,1.1,0.9
38,1,0.003712403866433575,0.0009304161120694124,0,0,1,1,0,0.4,1,1.1,0.9
