BUS_I,BUS_TYPE,Pd,Qd,Gs,Bs,area,Vm,Va,baseKV,zone,Vmax,Vmin
1,1,0.005435505601305066,0.001362266113992655,0,0,1,1,0,0.4,1,1.1,0.9
2,1,0.0,0.0,0,0,1,1,0,0.4,1,1.1,0.9
3,1,0.0,0.0,0,0,1,1,0,0.4,1,1.1,0.9
4,1,0.0,0.0,0,0,1,1,0,0.4,1,1.1,0.9
5,1,0.0,0.0,0,0,1,1,0,0.4,1,1.1,0.9
6,1,0.0,0.0,0,0,1,1,0,0.4,1,1.1,0.9
25,1,0.0015250635002462972,0.00038221694180091384,0,0,1,1,0,0.4,1,1.1,0.9
19,1,0.0,0.0,0,0,1,1,0,0.4,1,1.1,0.9
26,1,0.012430264395634855,0.003115317914505884,0,0,1,1,0,0.4,1,1.1,0.9
7,1,0.003964848706792469,0.0009936847529094912,0,0,1,1,0,0.4,1,1.1,0.9
15,1,0.0,0.0,0,0,1,1,0,0.4,1,1.1,0.9
24,1,0.002666816042026176,0.0006683671019365721,0,0,1,1,0,0.4,1,1.1,0.9
13,1,0.0,0.0,0,0,1,1,0,0.4,1,1.1,0.9
17,3,0.0,0.0,0,0,1,1,0,0.4,1,1.1,0.9
8,1,0.0020490987396614363,0.0005135525527920736,0,0,1,1,0,0.4,1,1.1,0.9
9,1,0.0026069122572039576,0.0006533537982719373,0,0,1,1,0,0.4,1,1.1,0.9
10,1,0.0,0.0,0,0,1,1,0,0.4,1,1.1,0.9
20,1,0.0,0.0,0,0,1,1,0,0.4,1,1.1,0.9
16,1,0.0003419890463324646,8.571053428102855e-05,0,0,1,1,0,0.4,1,1.1,0.9
22,1,0.0011954424027388927,0.00029960610768024005,0,0,1,1,0,0.4,1,1.1,0.9
11,1,0.005540162091718406,0.0013884955029321601,0,0,1,1,0,0.4,1,1.1,0.9
12,1,0.0008948551889256918,0.0002242718507200647,0,0,1,1,0,0.4,1,1.1,0.9
14,1,0.0022781715215546942,0.0005709636036308935,0,0,1,1,0,0.4,1,1.1,0.9
18,1,0.0,0.0,0,0,1,1,0,0.4,1,1.1,0.9
21,1,0.0010804364277292235,0.00027078289340101236,0,0,1,1,0,0.4,1,1.1,0.9
23,1,0.0016416843358492569,0.0004114448782948576,0,0,1,1,0,0.4,1,1.1,0.9
