BUS_I,BUS_TYPE,Pd,Qd,Gs,Bs,area,Vm,Va,baseKV,zone,Vmax,Vmin
1,1,0.013266304784871808,0.003324849386962334,0,0,1,1,0,0.4,1,1.1,0.9
2,1,0.06293455418766761,0.015772886067583015,0,0,1,1,0,0.4,1,1.1,0.9
3,3,0.0,0.0,0,0,1,1,0,0.4,1,1.1,0.9
9,1,0.014911102653371583,0.0037370745900946072,0,0,1,1,0,0.4,1,1.1,0.9
8,1,0.022009221822730622,0.005516030942412201,0,0,1,1,0,0.4,1,1.1,0.9
5,1,0.0065902923848530385,0.0016516829630409322,0,0,1,1,0,0.4,1,1.1,0.9
7,1,0.0,0.0,0,0,1,1,0,0.4,1,1.1,0.9
