BUS_I,BUS_TYPE,Pd,Qd,Gs,Bs,area,Vm,Va,baseKV,zone,Vmax,Vmin
1,1,0.02372946481510982,0.005947164475930931,0,0,1,1,0,0.4,1,1.1,0.9
2,1,0.0,0.0,0,0,1,1,0,0.4,1,1.1,0.9
4,1,0.0,0.0,0,0,1,1,0,0.4,1,1.1,0.9
7,1,0.0,0.0,0,0,1,1,0,0.4,1,1.1,0.9
5,1,0.0,0.0,0,0,1,1,0,0.4,1,1.1,0.9
10,1,0.011557152618461896,0.0028964954764450993,0,0,1,1,0,0.4,1,1.1,0.9
22,1,0.07181202991169383,0.0179977912086484,0,0,1,1,0,0.4,1,1.1,0.9
12,1,0.010499996470883375,0.0026315471712314202,0,0,1,1,0,0.4,1,1.1,0.9
9,1,0.0,0.0,0,0,1,1,0,0.4,1,1.1,0.9
13,1,0.0,0.0,0,0,1,1,0,0.4,1,1.1,0.9
11,1,0.00954053921724799,0.0023910845169130947,0,0,1,1,0,0.4,1,1.1,0.9
23,1,0.0,0.0,0,0,1,1,0,0.4,1,1.1,0.9
24,1,0.006373731522887877,0.0015974076949221122,0,0,1,1,0,0.4,1,1.1,0.9
14,1,0.025982508897425385,0.006511830549668993,0,0,1,1,0,0.4,1,1.1,0.9
15,1,0.0,0.0,0,0,1,1,0,0.4,1,1.1,0.9
17,1,0.0,0.0,0,0,1,1,0,0.4,1,1.1,0.9
19,1,0.009193229317751688,0.002304040451127493,0,0,1,1,0,0.4,1,1.1,0.9
18,3,0.0,0.0,0,0,1,1,0,0.4,1,1.1,0.9
20,1,0.009623054088853309,0.002411764693097881,0,0,1,1,0,0.4,1,1.1,0.9
21,1,0.0,0.0,0,0,1,1,0,0.4,1,1.1,0.9
