F_BUS,T_BUS,BR_R,BR_X,BR_B,RATE_A,RATE_B,RATE_C,TAP,SHIFT,BR_STATUS,ANGMIN,ANGMAX
1,2,1.712376308140985,1.0959208372102305,2.875540858035076e-09,0,0,0,0,0,1,-90,90
2,4,0.6535156249999998,0.4182499999999999,1.0974286855743556e-09,0,0,0,0,0,1,-90,90
2,7,0.7882839324878875,0.504501716792248,1.3237409585877408e-09,0,0,0,0,0,1,-90,90
4,5,4.667816832885644,2.9874027730468127,7.838521215794257e-09,0,0,0,0,0,1,-90,90
4,10,4.430447460609376,2.8354863747900017,7.439914130902057e-09,0,0,0,0,0,1,-90,90
7,12,3.442664246198745,2.2033051175671967,5.781160165190722e-09,0,0,0,0,0,1,-90,90
5,22,1.3644898139348154,0.8732734809182818,2.291345770020543e-09,0,0,0,0,0,1,-90,90
10,11,1.1396533376885596,0.7293781361206783,1.9137847918938176e-09,0,0,0,0,0,1,-90,90
22,23,1.5823225167066368,1.0126864106922475,2.6571455268021646e-09,0,0,0,0,0,1,-90,90
12,9,5.525949677042379,3.5366077933071227,9.279557303050945e-09,0,0,0,0,0,1,-90,90
9,13,7.7728045417819995,4.97459490674048,1.3052631559519638e-08,0,0,0,0,0,1,-90,90
13,24,5.1575,3.3007999999999993,8.660831094665467e-09,0,0,0,0,0,1,-90,90
23,21,3.100424626778817,1.984271761138443,5.206447700295213e-09,0,0,0,0,0,1,-90,90
14,15,1.1486520525003583,0.7351373136002295,1.928896056858249e-09,0,0,0,0,0,1,-90,90
15,17,1.4152343749999996,0.9057499999999999,2.3765595504099757e-09,0,0,0,0,0,1,-90,90
17,19,0.13641889686957115,0.08730809399652555,2.290840569865136e-10,0,0,0,0,0,1,-90,90
19,20,1.2937238288074064,0.8279832504367401,2.1725106281037043e-09,0,0,0,0,0,1,-90,90
18,20,1.4474999999999998,0.9263999999999998,4.861484443830641e-09,0,0,0,0,0,1,-90,90
20,21,3.0062499999999996,1.9239999999999995,5.048303146551249e-09,0,0,0,0,0,1,-90,90
