BUS_I,BUS_TYPE,Pd,Qd,Gs,Bs,area,Vm,Va,baseKV,zone,Vmax,Vmin
1,1,0.09462112322794734,0.02371428884378433,0,0,1,1,0,0.4,1,1.1,0.9
2,1,0.0,0.0,0,0,1,1,0,0.4,1,1.1,0.9
4,1,0.0,0.0,0,0,1,1,0,0.4,1,1.1,0.9
7,1,0.0,0.0,0,0,1,1,0,0.4,1,1.1,0.9
12,1,0.06051601648484157,0.015166743382865241,0,0,1,1,0,0.4,1,1.1,0.9
6,1,0.0,0.0,0,0,1,1,0,0.4,1,1.1,0.9
14,1,0.0,0.0,0,0,1,1,0,0.4,1,1.1,0.9
19,1,0.006472810344415699,0.0016222391882700854,0,0,1,1,0,0.4,1,1.1,0.9
8,1,0.029761150975606533,0.007458847522437275,0,0,1,1,0,0.4,1,1.1,0.9
10,1,0.061469026528566305,0.015405590214068792,0,0,1,1,0,0.4,1,1.1,0.9
22,1,0.012739076610435005,0.0031927135510237195,0,0,1,1,0,0.4,1,1.1,0.9
11,1,0.0,0.0,0,0,1,1,0,0.4,1,1.1,0.9
18,1,0.02381082871949613,0.005967556192539777,0,0,1,1,0,0.4,1,1.1,0.9
9,3,0.024315694329070374,0.0060940874414226985,0,0,1,1,0,0.4,1,1.1,0.9
13,1,0.02053803975835643,0.005147317961354924,0,0,1,1,0,0.4,1,1.1,0.9
15,1,0.013787354375214956,0.003455436723762024,0,0,1,1,0,0.4,1,1.1,0.9
