BUS_I,BUS_TYPE,Pd,Qd,Gs,Bs,area,Vm,Va,baseKV,zone,Vmax,Vmin
1,1,0.0013095229034369496,0.0003281973762332455,0,0,1,1,0,0.4,1,1.1,0.9
2,1,0.0,0.0,0,0,1,1,0,0.4,1,1.1,0.9
3,1,0.005784946171746462,0.001449844176252821,0,0,1,1,0,0.4,1,1.1,0.9
16,1,0.008719633543933352,0.0021853461618146558,0,0,1,1,0,0.4,1,1.1,0.9
17,1,0.002213949726010101,0.0005548681044690202,0,0,1,1,0,0.4,1,1.1,0.9
4,1,0.046855830758037634,0.01174317812667212,0,0,1,1,0,0.4,1,1.1,0.9
6,1,0.0,0.0,0,0,1,1,0,0.4,1,1.1,0.9
7,1,0.0023023611764284796,0.0005770261026072211,0,0,1,1,0,0.4,1,1.1,0.9
8,1,0.0,0.0,0,0,1,1,0,0.4,1,1.1,0.9
10,1,0.029911145238279913,0.007496439628180703,0,0,1,1,0,0.4,1,1.1,0.9
15,1,0.0010999915170388755,0.0002756838607583531,0,0,1,1,0,0.4,1,1.1,0.9
12,3,0.004427766873221158,0.0011097029815589114,0,0,1,1,0,0.4,1,1.1,0.9
9,1,0.0,0.0,0,0,1,1,0,0.4,1,1.1,0.9
21,1,0.0,0.0,0,0,1,1,0,0.4,1,1.1,0.9
20,1,0.0028560471601978095,0.0007157928906132064,0,0,1,1,0,0.4,1,1.1,0.9
11,1,0.009656424807271902,0.002420128183495228,0,0,1,1,0,0.4,1,1.1,0.9
13,1,0.0022299611792445002,0.0005588809529097913,0,0,1,1,0,0.4,1,1.1,0.9
23,1,0.002928638811721835,0.0007339860734159616,0,0,1,1,0,0.4,1,1.1,0.9
22,1,0.0007028976721134432,0.00017616276213468706,0,0,1,1,0,0.4,1,1.1,0.9
14,1,0.0030192743115381917,0.0007567014708750251,0,0,1,1,0,0.4,1,1.1,0.9
18,1,0.0019311343754082595,0.0004839878962783897,0,0,1,1,0,0.4,1,1.1,0.9
24,1,0.0015184059488158742,0.00038054840213210163,0,0,1,1,0,0.4,1,1.1,0.9
25,1,0.001634416903840691,0.0004096234881451284,0,0,1,1,0,0.4,1,1.1,0.9
26,1,0.0036054727310299373,0.0009036166433583213,0,0,1,1,0,0.4,1,1.1,0.9
27,1,0.0012443680530836137,0.00031186803149348455,0,0,1,1,0,0.4,1,1.1,0.9
19,1,0.004378427368903219,0.0010973373361629459,0,0,1,1,0,0.4,1,1.1,0.9
29,1,0.004411037823716871,0.0011055102865401584,0,0,1,1,0,0.4,1,1.1,0.9
28,1,0.0,0.0,0,0,1,1,0,0.4,1,1.1,0.9
32,1,0.0,0.0,0,0,1,1,0,0.4,1,1.1,0.9
30,1,0.0,0.0,0,0,1,1,0,0.4,1,1.1,0.9
31,1,0.0034622716319569697,0.000867727064897254,0,0,1,1,0,0.4,1,1.1,0.9
36,1,0.005811993305743751,0.0014566228270035957,0,0,1,1,0,0.4,1,1.1,0.9
33,1,0.0048612842955773235,0.0012183526891701869,0,0,1,1,0,0.4,1,1.1,0.9
34,1,0.005260231221359229,0.0013183382136343223,0,0,1,1,0,0.4,1,1.1,0.9
35,1,0.00322301534252768,0.000807763786491123,0,0,1,1,0,0.4,1,1.1,0.9
39,1,0.0,0.0,0,0,1,1,0,0.4,1,1.1,0.9
40,1,0.006975605365757959,0.001748251498825762,0,0,1,1,0,0.4,1,1.1,0.9
