BUS_I,BUS_TYPE,Pd,Qd,Gs,Bs,area,Vm,Va,baseKV,zone,Vmax,Vmin
1,1,0.06959966567258613,0.017443320464653224,0,0,1,1,0,0.4,1,1.1,0.9
2,1,0.002647033735308954,0.0006634091885290298,0,0,1,1,0,0.4,1,1.1,0.9
3,1,0.0,0.0,0,0,1,1,0,0.4,1,1.1,0.9
4,1,0.0,0.0,0,0,1,1,0,0.4,1,1.1,0.9
5,1,0.0,0.0,0,0,1,1,0,0.4,1,1.1,0.9
6,1,0.003523959382578958,0.0008831874725363497,0,0,1,1,0,0.4,1,1.1,0.9
8,1,0.0,0.0,0,0,1,1,0,0.4,1,1.1,0.9
10,1,0.0987791339604331,0.02475638456366053,0,0,1,1,0,0.4,1,1.1,0.9
15,1,0.0,0.0,0,0,1,1,0,0.4,1,1.1,0.9
16,1,0.0007574714523658943,0.00018984024073622613,0,0,1,1,0,0.4,1,1.1,0.9
14,1,0.004176912164849248,0.0010468328653606108,0,0,1,1,0,0.4,1,1.1,0.9
11,3,0.0,0.0,0,0,1,1,0,0.4,1,1.1,0.9
17,1,0.002161651171877416,0.0005417608512838406,0,0,1,1,0,0.4,1,1.1,0.9
19,1,0.0,0.0,0,0,1,1,0,0.4,1,1.1,0.9
20,1,0.0,0.0,0,0,1,1,0,0.4,1,1.1,0.9
13,1,0.012466588231714138,0.0031244215259544957,0,0,1,1,0,0.4,1,1.1,0.9
18,1,0.01109439456462566,0.002780517375793904,0,0,1,1,0,0.4,1,1.1,0.9
12,1,0.017664285452154684,0.004427087241633254,0,0,1,1,0,0.4,1,1.1,0.9
23,1,0.006773917263070045,0.0016977036955411425,0,0,1,1,0,0.4,1,1.1,0.9
22,1,0.004623924819074789,0.0011588647968944798,0,0,1,1,0,0.4,1,1.1,0.9
