F_BUS,T_BUS,BR_R,BR_X,BR_B,RATE_A,RATE_B,RATE_C,TAP,SHIFT,BR_STATUS,ANGMIN,ANGMAX
1,2,2.9191791454943856,1.122761209805533,2.945966189338337e-09,0,0,0,0,0,1,-90,90
1,3,2.536083227283041,0.9754166258780927,2.559354896891257e-09,0,0,0,0,0,1,-90,90
3,5,1.3594780392399368,0.5228761689384372,2.7439058304662947e-09,0,0,0,0,0,1,-90,90
5,8,1.1915281144989254,0.45828004403804823,1.202461844240605e-09,0,0,0,0,0,1,-90,90
5,7,2.0822482061344436,0.8008646946670938,2.1013553836017127e-09,0,0,0,0,0,1,-90,90
