F_BUS,T_BUS,BR_R,BR_X,BR_B,RATE_A,RATE_B,RATE_C,TAP,SHIFT,BR_STATUS,ANGMIN,ANGMAX
1,2,0.04735466956438425,0.0182133344478401,4.778920665396124e-11,0,0,0,0,0,1,-90,90
2,4,0.3831532773407651,0.1473666451310635,3.8666917791676154e-10,0,0,0,0,0,1,-90,90
4,6,2.219671647579271,0.8537198644535658,2.2400398534273612e-09,0,0,0,0,0,1,-90,90
6,7,2.1020528640660325,0.808481870794628,2.1213417735250317e-09,0,0,0,0,0,1,-90,90
6,8,1.0584599999999997,0.40709999999999996,1.0681726668196534e-09,0,0,0,0,0,1,-90,90
5,13,16.927228269847674,6.510472411479875,1.7082556320378872e-08,0,0,0,0,0,1,-90,90
5,11,8.972268383767846,3.450872455295325,9.054599934726833e-09,0,0,0,0,0,1,-90,90
5,17,2.485626527498161,0.9560102028839081,2.508435195090401e-09,0,0,0,0,0,1,-90,90
13,19,1.1888004096935443,0.4572309268052094,1.1997091094029536e-09,0,0,0,0,0,1,-90,90
11,9,2.9617592466944336,1.1391381718055515,2.988937015115698e-09,0,0,0,0,0,1,-90,90
7,15,8.02978716854149,3.088379680208266,8.103470300072938e-09,0,0,0,0,0,1,-90,90
8,14,0.6070065023835125,0.23346403937827406,6.125765304573314e-10,0,0,0,0,0,1,-90,90
9,10,4.661350281707832,1.7928270314260892,4.704123879402527e-09,0,0,0,0,0,1,-90,90
15,16,0.42904915536611776,0.1650189059100453,4.3298620683270594e-10,0,0,0,0,0,1,-90,90
14,12,3.8270754981947235,1.4719521146902783,3.862193602995685e-09,0,0,0,0,0,1,-90,90
12,10,2.474380858862558,0.9516849457163685,2.4970863336722444e-09,0,0,0,0,0,1,-90,90
