BUS_I,BUS_TYPE,Pd,Qd,Gs,Bs,area,Vm,Va,baseKV,zone,Vmax,Vmin
1,1,0.003956057411388716,0.0009914814465926407,0,0,1,1,0,0.4,1,1.1,0.9
2,1,0.0,0.0,0,0,1,1,0,0.4,1,1.1,0.9
3,1,0.0,0.0,0,0,1,1,0,0.4,1,1.1,0.9
4,1,0.04546342820222381,0.011394209151575026,0,0,1,1,0,0.4,1,1.1,0.9
5,1,0.0,0.0,0,0,1,1,0,0.4,1,1.1,0.9
6,1,0.0,0.0,0,0,1,1,0,0.4,1,1.1,0.9
13,1,0.0,0.0,0,0,1,1,0,0.4,1,1.1,0.9
7,1,0.0,0.0,0,0,1,1,0,0.4,1,1.1,0.9
73,1,0.003611060188271665,0.000905016992143163,0,0,1,1,0,0.4,1,1.1,0.9
40,1,0.050210653383023884,0.012583975932009191,0,0,1,1,0,0.4,1,1.1,0.9
24,1,0.00957678721378943,0.0024001691211818625,0,0,1,1,0,0.4,1,1.1,0.9
8,1,0.014190834935964396,0.0035565584842532183,0,0,1,1,0,0.4,1,1.1,0.9
9,1,0.008502545797524384,0.0021309388440069136,0,0,1,1,0,0.4,1,1.1,0.9
10,1,0.0,0.0,0,0,1,1,0,0.4,1,1.1,0.9
11,1,0.009232548691325261,0.0023138948150398094,0,0,1,1,0,0.4,1,1.1,0.9
12,1,0.0132106225408202,0.0033108941011459857,0,0,1,1,0,0.4,1,1.1,0.9
14,1,0.008853214762735987,0.002218824771016526,0,0,1,1,0,0.4,1,1.1,0.9
32,1,0.004916641994666039,0.0012322266363516696,0,0,1,1,0,0.4,1,1.1,0.9
15,1,0.01072938650758088,0.0026890377336191242,0,0,1,1,0,0.4,1,1.1,0.9
16,1,0.010948131275688288,0.0027438603402105614,0,0,1,1,0,0.4,1,1.1,0.9
17,1,0.0,0.0,0,0,1,1,0,0.4,1,1.1,0.9
19,1,0.008008753947711339,0.0020071829409305645,0,0,1,1,0,0.4,1,1.1,0.9
20,1,0.013533637223192937,0.0033918492115616256,0,0,1,1,0,0.4,1,1.1,0.9
23,1,0.008580880093870086,0.0021505712692682522,0,0,1,1,0,0.4,1,1.1,0.9
29,1,0.010032226559316801,0.002514312980631104,0,0,1,1,0,0.4,1,1.1,0.9
21,3,0.008320043552331397,0.0020851994698640017,0,0,1,1,0,0.4,1,1.1,0.9
22,1,0.007675513759656552,0.0019236650772200426,0,0,1,1,0,0.4,1,1.1,0.9
30,1,0.0021366348348352106,0.0005354911662262751,0,0,1,1,0,0.4,1,1.1,0.9
31,1,0.010888223110993748,0.0027288459388464512,0,0,1,1,0,0.4,1,1.1,0.9
