BUS_I,BUS_TYPE,Pd,Qd,Gs,Bs,area,Vm,Va,baseKV,zone,Vmax,Vmin
1,1,0.022250140468301358,0.005576410846539467,0,0,1,1,0,0.4,1,1.1,0.9
2,1,0.012415373166257302,0.003111585820628203,0,0,1,1,0,0.4,1,1.1,0.9
3,1,0.012350721039363428,0.0030953824702639,0,0,1,1,0,0.4,1,1.1,0.9
4,1,0.0,0.0,0,0,1,1,0,0.4,1,1.1,0.9
5,1,0.0054676710634454385,0.0013703275386932794,0,0,1,1,0,0.4,1,1.1,0.9
15,3,0.0072796730589652515,0.0018244580461461723,0,0,1,1,0,0.4,1,1.1,0.9
9,1,0.0,0.0,0,0,1,1,0,0.4,1,1.1,0.9
16,1,0.0022678130703201608,0.0005683675310398061,0,0,1,1,0,0.4,1,1.1,0.9
10,1,0.003033169390796883,0.000760183905999517,0,0,1,1,0,0.4,1,1.1,0.9
8,1,0.01808060557869876,0.004531426900639025,0,0,1,1,0,0.4,1,1.1,0.9
20,1,0.0,0.0,0,0,1,1,0,0.4,1,1.1,0.9
6,1,0.019174222212197257,0.004805513064979658,0,0,1,1,0,0.4,1,1.1,0.9
7,1,0.017136633647580304,0.004294845233974175,0,0,1,1,0,0.4,1,1.1,0.9
13,1,0.0029346786473565633,0.0007354997989132365,0,0,1,1,0,0.4,1,1.1,0.9
11,1,0.018035194242298422,0.004520045746923638,0,0,1,1,0,0.4,1,1.1,0.9
12,1,0.0030327651597838613,0.0007600825961579573,0,0,1,1,0,0.4,1,1.1,0.9
21,1,0.0,0.0,0,0,1,1,0,0.4,1,1.1,0.9
14,1,0.0029350522324307466,0.0007355934281585326,0,0,1,1,0,0.4,1,1.1,0.9
22,1,0.005688650951915244,0.0014257103192508072,0,0,1,1,0,0.4,1,1.1,0.9
33,1,0.008492372772389536,0.002128389243576979,0,0,1,1,0,0.4,1,1.1,0.9
28,1,0.0037886805064014026,0.000949532840031654,0,0,1,1,0,0.4,1,1.1,0.9
23,1,0.0027245066945515164,0.0006828257423637894,0,0,1,1,0,0.4,1,1.1,0.9
29,1,0.004080985444877645,0.0010227913631289875,0,0,1,1,0,0.4,1,1.1,0.9
19,1,0.003338718471962621,0.0008367617241391463,0,0,1,1,0,0.4,1,1.1,0.9
17,1,0.0026944853594540524,0.000675301686553733,0,0,1,1,0,0.4,1,1.1,0.9
18,1,0.002635086890737177,0.0006604150270428636,0,0,1,1,0,0.4,1,1.1,0.9
24,1,0.0025383752318384285,0.0006361768005724228,0,0,1,1,0,0.4,1,1.1,0.9
25,1,0.00302013109617373,0.000756916201345674,0,0,1,1,0,0.4,1,1.1,0.9
26,1,0.003014348213519779,0.00075546687433573,0,0,1,1,0,0.4,1,1.1,0.9
27,1,0.022820808851509587,0.005719433825043048,0,0,1,1,0,0.4,1,1.1,0.9
30,1,0.004116815984084416,0.0010317713427275275,0,0,1,1,0,0.4,1,1.1,0.9
31,1,0.0,0.0,0,0,1,1,0,0.4,1,1.1,0.9
32,1,0.0018967674327970486,0.00047537472856322037,0,0,1,1,0,0.4,1,1.1,0.9
