F_BUS,T_BUS,BR_R,BR_X,BR_B,RATE_A,RATE_B,RATE_C,TAP,SHIFT,BR_STATUS,ANGMIN,ANGMAX
1,2,1.4726656577155854,0.5664098683521482,1.48617916873172e-09,0,0,0,0,0,1,-90,90
1,3,2.53099750666228,0.9734605794854924,2.5542225085552047e-09,0,0,0,0,0,1,-90,90
2,4,2.0483794699829563,0.7878382576857526,2.067175860316236e-09,0,0,0,0,0,1,-90,90
2,5,2.024087814980054,0.7784953134538668,2.042661299628148e-09,0,0,0,0,0,1,-90,90
3,8,5.070814028035132,1.9503130877058201,5.1173449570817955e-09,0,0,0,0,0,1,-90,90
5,13,2.283739499361204,0.8783613459081556,2.3046956062147258e-09,0,0,0,0,0,1,-90,90
8,11,0.036006908801016105,0.013848811077313889,3.6337316287732594e-11,0,0,0,0,0,1,-90,90
11,9,0.22389262087589856,0.08611254649073022,2.2594710987873913e-10,0,0,0,0,0,1,-90,90
9,10,0.035941139678442924,0.013823515260939586,3.627094365291088e-11,0,0,0,0,0,1,-90,90
10,12,0.6427911224149221,0.24722735477497004,6.486895182037542e-10,0,0,0,0,0,1,-90,90
12,16,5.021509999999999,1.9313499999999997,5.067588504205694e-09,0,0,0,0,0,1,-90,90
12,14,6.055023875934226,2.3288553368977793,6.110586135719195e-09,0,0,0,0,0,1,-90,90
16,19,2.288937143216432,0.8803604396986277,2.309940944817996e-09,0,0,0,0,0,1,-90,90
16,20,3.1019982849555556,1.1930762634444445,3.1304629183067552e-09,0,0,0,0,0,1,-90,90
19,18,7.057574954980649,2.714451905761788,7.122336848762615e-09,0,0,0,0,0,1,-90,90
