F_BUS,T_BUS,BR_R,BR_X,BR_B,RATE_A,RATE_B,RATE_C,TAP,SHIFT,BR_STATUS,ANGMIN,ANGMAX
1,2,1.8603128438559298,0.7155049399445884,1.8773834925650875e-09,0,0,0,0,0,1,-90,90
1,3,1.5681635464510495,0.603139825558096,1.5825533675547338e-09,0,0,0,0,0,1,-90,90
2,4,2.95802116198554,1.1377004469175154,2.9851646289014845e-09,0,0,0,0,0,1,-90,90
3,5,3.1365099999999995,1.2063499999999998,3.1652913206040015e-09,0,0,0,0,0,1,-90,90
3,6,2.6206699999999996,1.00795,2.6447178568432074e-09,0,0,0,0,0,1,-90,90
3,7,2.164879088858514,0.8326458034071208,2.184744505874668e-09,0,0,0,0,0,1,-90,90
4,19,2.452335147208625,0.9432058258494712,2.47483832561401e-09,0,0,0,0,0,1,-90,90
4,12,1.5315041159296214,0.5890400445883159,1.5455575418606464e-09,0,0,0,0,0,1,-90,90
5,10,3.5834667954678867,1.378256459795341,3.616349492068298e-09,0,0,0,0,0,1,-90,90
5,8,5.432119246644504,2.0892766333248094,5.481965593570497e-09,0,0,0,0,0,1,-90,90
6,21,1.7558683330828933,0.6753339742626512,1.7719805754901782e-09,0,0,0,0,0,1,-90,90
6,20,1.6780732964872622,0.6454128063412549,1.6934716741564599e-09,0,0,0,0,0,1,-90,90
7,18,3.137526214364858,1.2067408516787916,3.166316859980238e-09,0,0,0,0,0,1,-90,90
19,25,1.8049316269787556,0.6942044719149061,1.8214940851964496e-09,0,0,0,0,0,1,-90,90
12,11,0.21957184685351083,0.0844507103282734,2.2158668746294739e-10,0,0,0,0,0,1,-90,90
10,14,3.4719516354659783,1.335366013640761,3.5038110438982597e-09,0,0,0,0,0,1,-90,90
8,9,2.2515098942925094,0.8659653439586575,2.272170255047207e-09,0,0,0,0,0,1,-90,90
21,22,1.8142681037458004,0.6977954245176156,1.8309162355724239e-09,0,0,0,0,0,1,-90,90
25,24,0.1865268315611726,0.07174108906198946,1.8823844368433205e-10,0,0,0,0,0,1,-90,90
14,15,0.24575673627452993,0.09452182164404997,2.480118553136245e-10,0,0,0,0,0,1,-90,90
22,23,2.7795584979108585,1.0690609607349455,2.8050643513166986e-09,0,0,0,0,0,1,-90,90
15,16,0.5712443023374018,0.21970934705284687,5.764861684270308e-10,0,0,0,0,0,1,-90,90
16,17,1.4435936261283489,0.5552283177416727,1.4568403656495028e-09,0,0,0,0,0,1,-90,90
