F_BUS,T_BUS,BR_R,BR_X,BR_B,RATE_A,RATE_B,RATE_C,TAP,SHIFT,BR_STATUS,ANGMIN,ANGMAX
47,48,4.965475882924296,1.909798416509345,5.011040205479584e-09,0,0,0,0,0,1,-90,90
47,60,51.55748731597639,19.829802813837073,5.203059040570921e-08,0,0,0,0,0,1,-90,90
48,50,1.2121441572185896,0.4662092912379191,1.2232670644011511e-09,0,0,0,0,0,1,-90,90
60,59,2.2460906226938375,0.8638810087283992,2.2667012549945137e-09,0,0,0,0,0,1,-90,90
50,71,19.686497079194737,7.5717296458441306,1.986714480038997e-08,0,0,0,0,0,1,-90,90
51,52,6.520637595240504,2.5079375366309624,6.58047243114765e-09,0,0,0,0,0,1,-90,90
51,53,4.77305212689753,1.8357892795759732,4.816850725825591e-09,0,0,0,0,0,1,-90,90
52,54,1.46705,0.5642499999999999,1.480511980478972e-09,0,0,0,0,0,1,-90,90
53,58,23.786778768637777,9.148761064860684,2.400505159604041e-08,0,0,0,0,0,1,-90,90
54,55,2.180298308864551,0.838576272640212,2.2003052161085243e-09,0,0,0,0,0,1,-90,90
58,57,4.416437041152351,1.698629631212443,4.4569632599142225e-09,0,0,0,0,0,1,-90,90
55,56,6.136586588263311,2.3602256108705046,6.192897285825579e-09,0,0,0,0,0,1,-90,90
57,65,98.22893746836316,37.780360564755064,9.91303082728138e-08,0,0,0,0,0,1,-90,90
65,64,2.201973747485174,0.8469129798019899,2.222179553424886e-09,0,0,0,0,0,1,-90,90
59,61,2.798821342433114,1.0764697470896596,2.8245039560290833e-09,0,0,0,0,0,1,-90,90
61,62,2.02878,0.7802999999999998,2.0473965411922763e-09,0,0,0,0,0,1,-90,90
61,72,50.08910678542914,19.265041071318898,5.054873568543568e-08,0,0,0,0,0,1,-90,90
62,73,49.558263949722296,19.06087074989319,5.0013021716576125e-08,0,0,0,0,0,1,-90,90
72,69,23.443159999999995,9.016599999999999,2.365827970436278e-08,0,0,0,0,0,1,-90,90
63,64,0.3565383400687446,0.137130130795671,3.598100159993609e-10,0,0,0,0,0,1,-90,90
63,68,39.57410730962129,15.220810503700497,3.9937248211482086e-08,0,0,0,0,0,1,-90,90
68,70,10.020789999999998,3.8541499999999993,1.0112743020935809e-08,0,0,0,0,0,1,-90,90
68,66,6.639064067764026,2.5534861799092408,6.699985611596128e-09,0,0,0,0,0,1,-90,90
66,67,9.975600472096795,3.836769412344922,1.0067138823769468e-08,0,0,0,0,0,1,-90,90
67,69,5.458439999999999,2.0993999999999997,5.508527872073644e-09,0,0,0,0,0,1,-90,90
