F_BUS,T_BUS,BR_R,BR_X,BR_B,RATE_A,RATE_B,RATE_C,TAP,SHIFT,BR_STATUS,ANGMIN,ANGMAX
1,2,3.8826641723670274,1.4933323739873183,3.918292371334213e-09,0,0,0,0,0,1,-90,90
2,3,2.2358062999490875,0.8599254999804183,2.2563225609931405e-09,0,0,0,0,0,1,-90,90
3,11,1.5427282100570536,0.5933570038680975,1.556884630798097e-09,0,0,0,0,0,1,-90,90
11,10,5.761416011791907,2.21592923530458,5.8142840598352465e-09,0,0,0,0,0,1,-90,90
10,9,4.310987999970151,1.6580723076808275,4.350546594633374e-09,0,0,0,0,0,1,-90,90
4,6,1.6649269697695954,0.6403565268344598,1.6802047137905578e-09,0,0,0,0,0,1,-90,90
6,7,2.920347779227765,1.1232106843183711,2.9471455467174714e-09,0,0,0,0,0,1,-90,90
7,8,2.5294550998762513,0.9728673461062506,2.5526659482978943e-09,0,0,0,0,0,1,-90,90
8,9,6.996309875495986,2.690888413652303,7.0605095871409665e-09,0,0,0,0,0,1,-90,90
