BUS_I,BUS_TYPE,Pd,Qd,Gs,Bs,area,Vm,Va,baseKV,zone,Vmax,Vmin
1,1,0.008216685581715915,0.0020592955206625305,0,0,1,1,0,0.4,1,1.1,0.9
2,1,0.0,0.0,0,0,1,1,0,0.4,1,1.1,0.9
3,1,0.0,0.0,0,0,1,1,0,0.4,1,1.1,0.9
4,1,0.0,0.0,0,0,1,1,0,0.4,1,1.1,0.9
5,1,0.0069904701618511015,0.0017519769678979009,0,0,1,1,0,0.4,1,1.1,0.9
6,1,0.0,0.0,0,0,1,1,0,0.4,1,1.1,0.9
15,1,0.010897288989564767,0.0027311180621918687,0,0,1,1,0,0.4,1,1.1,0.9
13,1,0.005072898958754629,0.0012713883230220217,0,0,1,1,0,0.4,1,1.1,0.9
16,1,0.014218543745609293,0.003563502966552943,0,0,1,1,0,0.4,1,1.1,0.9
7,1,0.0,0.0,0,0,1,1,0,0.4,1,1.1,0.9
8,1,0.0,0.0,0,0,1,1,0,0.4,1,1.1,0.9
14,3,0.005792350809284954,0.0014516999533497417,0,0,1,1,0,0.4,1,1.1,0.9
20,1,0.0058960057242365095,0.001477678323816951,0,0,1,1,0,0.4,1,1.1,0.9
17,1,0.006882803107066238,0.0017249930604042547,0,0,1,1,0,0.4,1,1.1,0.9
19,1,0.008593827603525589,0.002153816221064466,0,0,1,1,0,0.4,1,1.1,0.9
23,1,0.016248489333524276,0.0040722552870365285,0,0,1,1,0,0.4,1,1.1,0.9
18,1,0.0,0.0,0,0,1,1,0,0.4,1,1.1,0.9
21,1,0.011397143291840897,0.0028563933590769865,0,0,1,1,0,0.4,1,1.1,0.9
22,1,0.0,0.0,0,0,1,1,0,0.4,1,1.1,0.9
