BUS_I,BUS_TYPE,Pd,Qd,Gs,Bs,area,Vm,Va,baseKV,zone,Vmax,Vmin
1,1,0.022584072604696432,0.005660102128850898,0,0,1,1,0,0.4,1,1.1,0.9
2,1,0.022140832918704487,0.005549015792290304,0,0,1,1,0,0.4,1,1.1,0.9
3,1,0.08937882985294643,0.022400446278217422,0,0,1,1,0,0.4,1,1.1,0.9
4,1,0.017111352429854815,0.004288509163559744,0,0,1,1,0,0.4,1,1.1,0.9
5,1,0.048600402573874074,0.01218040903810196,0,0,1,1,0,0.4,1,1.1,0.9
6,1,0.0,0.0,0,0,1,1,0,0.4,1,1.1,0.9
27,1,0.019171087253403257,0.004804727370244506,0,0,1,1,0,0.4,1,1.1,0.9
7,1,0.02202218644577312,0.005519280183227488,0,0,1,1,0,0.4,1,1.1,0.9
8,1,0.0,0.0,0,0,1,1,0,0.4,1,1.1,0.9
9,3,0.0,0.0,0,0,1,1,0,0.4,1,1.1,0.9
26,1,0.059654938938715034,0.014950937007405619,0,0,1,1,0,0.4,1,1.1,0.9
22,1,0.025776191895996708,0.006460122635005198,0,0,1,1,0,0.4,1,1.1,0.9
10,1,0.0,0.0,0,0,1,1,0,0.4,1,1.1,0.9
15,1,0.0,0.0,0,0,1,1,0,0.4,1,1.1,0.9
24,1,0.027862525498562413,0.006983007124090644,0,0,1,1,0,0.4,1,1.1,0.9
17,1,0.0,0.0,0,0,1,1,0,0.4,1,1.1,0.9
23,1,0.024079738202097183,0.00603495126169227,0,0,1,1,0,0.4,1,1.1,0.9
18,1,0.0,0.0,0,0,1,1,0,0.4,1,1.1,0.9
21,1,0.0,0.0,0,0,1,1,0,0.4,1,1.1,0.9
19,1,0.0,0.0,0,0,1,1,0,0.4,1,1.1,0.9
25,1,0.01849836967012048,0.004636128451355871,0,0,1,1,0,0.4,1,1.1,0.9
20,1,0.0,0.0,0,0,1,1,0,0.4,1,1.1,0.9
28,1,0.03407639907492377,0.008540350641072577,0,0,1,1,0,0.4,1,1.1,0.9
29,1,0.04219326852930489,0.010574629882133535,0,0,1,1,0,0.4,1,1.1,0.9
31,1,0.030534090686682475,0.00765256447423385,0,0,1,1,0,0.4,1,1.1,0.9
30,1,0.07501691272749347,0.018801010555572255,0,0,1,1,0,0.4,1,1.1,0.9
