BUS_I,BUS_TYPE,Pd,Qd,Gs,Bs,area,Vm,Va,baseKV,zone,Vmax,Vmin
1,1,0.09742131975120426,0.02441608424534496,0,0,1,1,0,0.4,1,1.1,0.9
2,1,0.04110238523578827,0.010301228757365749,0,0,1,1,0,0.4,1,1.1,0.9
33,1,0.0,0.0,0,0,1,1,0,0.4,1,1.1,0.9
24,1,0.009625321337546852,0.0024123329191827673,0,0,1,1,0,0.4,1,1.1,0.9
26,1,0.07619015950253476,0.01909505391459412,0,0,1,1,0,0.4,1,1.1,0.9
23,1,0.003863486819412517,0.0009682810693230195,0,0,1,1,0,0.4,1,1.1,0.9
30,1,0.001767619626167267,0.00044300723718836355,0,0,1,1,0,0.4,1,1.1,0.9
31,1,0.0005265035317522541,0.00013195422336265142,0,0,1,1,0,0.4,1,1.1,0.9
32,1,0.0021134870425648434,0.0005296897826316944,0,0,1,1,0,0.4,1,1.1,0.9
34,1,0.009929144155387646,0.002488478094951311,0,0,1,1,0,0.4,1,1.1,0.9
6,1,0.0,0.0,0,0,1,1,0,0.4,1,1.1,0.9
7,1,0.0,0.0,0,0,1,1,0,0.4,1,1.1,0.9
17,3,0.0652068811267186,0.016342384880763998,0,0,1,1,0,0.4,1,1.1,0.9
14,1,0.0,0.0,0,0,1,1,0,0.4,1,1.1,0.9
36,1,0.08511037494355994,0.021330670638437625,0,0,1,1,0,0.4,1,1.1,0.9
13,1,0.0,0.0,0,0,1,1,0,0.4,1,1.1,0.9
16,1,0.0,0.0,0,0,1,1,0,0.4,1,1.1,0.9
37,1,0.007299429719870937,0.0018294095321074776,0,0,1,1,0,0.4,1,1.1,0.9
12,1,0.0,0.0,0,0,1,1,0,0.4,1,1.1,0.9
15,1,0.004953867840826392,0.0012415563128360019,0,0,1,1,0,0.4,1,1.1,0.9
18,1,0.0,0.0,0,0,1,1,0,0.4,1,1.1,0.9
35,1,0.010112491656752659,0.0025344293102595628,0,0,1,1,0,0.4,1,1.1,0.9
9,1,0.0,0.0,0,0,1,1,0,0.4,1,1.1,0.9
21,1,0.006966615741723634,0.0017459984866687044,0,0,1,1,0,0.4,1,1.1,0.9
8,1,0.0055962360280547825,0.0014025489560885486,0,0,1,1,0,0.4,1,1.1,0.9
10,1,0.0,0.0,0,0,1,1,0,0.4,1,1.1,0.9
11,1,0.0,0.0,0,0,1,1,0,0.4,1,1.1,0.9
22,1,0.008150315658982903,0.002042661650079123,0,0,1,1,0,0.4,1,1.1,0.9
25,1,0.0,0.0,0,0,1,1,0,0.4,1,1.1,0.9
19,1,0.0,0.0,0,0,1,1,0,0.4,1,1.1,0.9
20,1,0.00883387524616453,0.0022139778312801435,0,0,1,1,0,0.4,1,1.1,0.9
27,1,0.011779119784640664,0.002952125692120291,0,0,1,1,0,0.4,1,1.1,0.9
28,1,0.004151949635444656,0.0010405766657682022,0,0,1,1,0,0.4,1,1.1,0.9
29,1,0.003469118240903407,0.0008694429868459409,0,0,1,1,0,0.4,1,1.1,0.9
