F_BUS,T_BUS,BR_R,BR_X,BR_B,RATE_A,RATE_B,RATE_C,TAP,SHIFT,BR_STATUS,ANGMIN,ANGMAX
1,2,0.3596602211775854,0.23018254155365467,6.039663455335128e-10,0,0,0,0,0,1,-90,90
1,3,0.7477806486235782,0.47857961511909003,1.2557250399589336e-09,0,0,0,0,0,1,-90,90
2,4,1.0761949950388985,0.688764796824895,1.8072211491917098e-09,0,0,0,0,0,1,-90,90
3,5,1.2825291923373,0.8208186830958719,2.1537118194495546e-09,0,0,0,0,0,1,-90,90
5,15,1.8342968749999997,1.1739499999999998,3.0802783154333877e-09,0,0,0,0,0,1,-90,90
15,16,1.0437550360182117,0.6680032230516555,3.5054914478565994e-09,0,0,0,0,0,1,-90,90
15,13,1.2464952312818174,0.7977569480203631,2.0932010971280253e-09,0,0,0,0,0,1,-90,90
12,20,0.7647627191988947,0.48944814028729267,3.852727526017667e-09,0,0,0,0,0,1,-90,90
12,16,0.04297194188362893,0.027502042805522518,2.164843802989186e-10,0,0,0,0,0,1,-90,90
12,11,4.908941543316184,3.141722587722357,8.243434524526981e-09,0,0,0,0,0,1,-90,90
20,19,0.28031401696975,0.17940097086064002,1.4121681169804336e-09,0,0,0,0,0,1,-90,90
11,21,1.1157010398348473,0.7140486654943021,1.873562434930149e-09,0,0,0,0,0,1,-90,90
7,9,2.1276965546642903,1.3617257949851458,3.5729753719145075e-09,0,0,0,0,0,1,-90,90
7,6,2.4983547118476284,1.598947015582482,4.1954102130632926e-09,0,0,0,0,0,1,-90,90
9,17,1.2444091812771785,0.7964218760173942,2.0896980575264346e-09,0,0,0,0,0,1,-90,90
17,18,0.9070501799314583,0.5805121151561333,1.5231814644250672e-09,0,0,0,0,0,1,-90,90
13,14,0.15380503210275595,0.09843522054576381,2.5828005905023165e-10,0,0,0,0,0,1,-90,90
18,19,0.2739928761275989,0.1753554407216633,9.202156165904927e-10,0,0,0,0,0,1,-90,90
