F_BUS,T_BUS,BR_R,BR_X,BR_B,RATE_A,RATE_B,RATE_C,TAP,SHIFT,BR_STATUS,ANGMIN,ANGMAX
201,210,20.26760674572252,12.971268317262414,3.4034768534717446e-08,0,0,0,0,0,1,-90,90
210,211,0.35052205042707624,0.2243341122733288,5.886208965011575e-10,0,0,0,0,0,1,-90,90
210,209,0.49149745008799095,0.31455836805631426,8.253565484577531e-10,0,0,0,0,0,1,-90,90
204,205,0.10410892627479111,0.06662971281586631,1.7482691728801661e-10,0,0,0,0,0,1,-90,90
204,206,0.7272291220209298,0.4654266380933951,1.2212134935424407e-09,0,0,0,0,0,1,-90,90
205,207,0.5630102304497072,0.3603265474878126,9.454457606386033e-10,0,0,0,0,0,1,-90,90
206,208,0.7504782964291907,0.48030610971468213,1.26025511693369e-09,0,0,0,0,0,1,-90,90
207,209,0.272739751806548,0.17455344115619076,4.5800347517159365e-10,0,0,0,0,0,1,-90,90
207,218,9.631641922418822,6.164250830348046,1.617411999115239e-08,0,0,0,0,0,1,-90,90
208,213,0.7544905052230555,0.48287392334275553,1.2669926957374116e-09,0,0,0,0,0,1,-90,90
218,216,0.2064752917487998,0.1321441867192319,3.467276058280427e-10,0,0,0,0,0,1,-90,90
213,214,0.7436898271264595,0.4759614893609341,1.2488554492609265e-09,0,0,0,0,0,1,-90,90
216,217,0.28418187454335914,0.18187639970774985,4.77217879900232e-10,0,0,0,0,0,1,-90,90
217,219,2.3369857518984967,1.4956708812150377,3.9244282826626585e-09,0,0,0,0,0,1,-90,90
219,220,0.7086194277323463,0.45351643374870165,1.1899628063961912e-09,0,0,0,0,0,1,-90,90
220,221,0.059703917274583504,0.038210507055733436,1.0025895166360595e-10,0,0,0,0,0,1,-90,90
221,222,0.2736861939777049,0.17515916414573113,4.595928063951046e-10,0,0,0,0,0,1,-90,90
