F_BUS,T_BUS,BR_R,BR_X,BR_B,RATE_A,RATE_B,RATE_C,TAP,SHIFT,BR_STATUS,ANGMIN,ANGMAX
1,2,0.0805414248434503,0.05154651189980819,1.3525073711930514e-10,0,0,0,0,0,1,-90,90
1,3,1.2414423862283992,0.7945231271861755,2.0847160098657527e-09,0,0,0,0,0,1,-90,90
2,4,0.5336263569430473,0.34152086844355034,2.68830697730222e-09,0,0,0,0,0,1,-90,90
4,20,1.1664572917755425,0.7465326667363472,3.917591694894384e-09,0,0,0,0,0,1,-90,90
4,12,1.223984375,0.7833499999999999,2.055399308654325e-09,0,0,0,0,0,1,-90,90
20,22,2.114905987464852,1.3535398319775054,3.551496565880712e-09,0,0,0,0,0,1,-90,90
20,15,2.1834064138530205,1.397380104865933,3.6665272247000024e-09,0,0,0,0,0,1,-90,90
20,18,1.1534374999999997,0.7381999999999999,1.936932111634164e-09,0,0,0,0,0,1,-90,90
12,10,1.7555988586899551,1.1235832695615713,2.948123157557184e-09,0,0,0,0,0,1,-90,90
21,23,1.1485956797011536,0.7351012350087384,1.928801391750688e-09,0,0,0,0,0,1,-90,90
21,18,1.3861718749999996,0.8871499999999998,2.327755788182401e-09,0,0,0,0,0,1,-90,90
23,24,0.6302408730982216,0.4033541587828618,1.058344110685059e-09,0,0,0,0,0,1,-90,90
15,25,2.1504223900198673,1.3762703296127152,3.6111381681335736e-09,0,0,0,0,0,1,-90,90
10,11,0.1632946704592237,0.10450858909390316,2.7421571682140487e-10,0,0,0,0,0,1,-90,90
5,6,0.060854915198466336,0.038947145727018455,1.0219178707011296e-10,0,0,0,0,0,1,-90,90
5,7,0.1915035757844075,0.12256228850202079,3.215860637698927e-10,0,0,0,0,0,1,-90,90
7,9,13.733359013343776,8.789349768540017,2.3062007324667392e-08,0,0,0,0,0,1,-90,90
9,13,5.629312899270284,3.6027602555329814,9.45313198247242e-09,0,0,0,0,0,1,-90,90
13,11,0.8828745725800982,0.5650397264512629,1.4825841106914593e-09,0,0,0,0,0,1,-90,90
17,19,2.7261718749999995,1.7447499999999996,4.577976567019382e-09,0,0,0,0,0,1,-90,90
17,16,1.2054408386487279,0.7714821367351858,2.0242597184970478e-09,0,0,0,0,0,1,-90,90
19,24,1.924183872135026,1.2314776781664167,3.2312227846128628e-09,0,0,0,0,0,1,-90,90
