BUS_I,BUS_TYPE,Pd,Qd,Gs,Bs,area,Vm,Va,baseKV,zone,Vmax,Vmin
42,1,0.001157581091616444,0.0002901171686639577,0,0,1,1,0,0.4,1,1.1,0.9
43,1,0.0006270183809139097,0.00015714561916088774,0,0,1,1,0,0.4,1,1.1,0.9
44,1,0.0,0.0,0,0,1,1,0,0.4,1,1.1,0.9
46,1,0.0001839260786971881,4.609622045621056e-05,0,0,1,1,0,0.4,1,1.1,0.9
47,1,0.0,0.0,0,0,1,1,0,0.4,1,1.1,0.9
85,1,0.00019341062359516474,4.847327147388467e-05,0,0,1,1,0,0.4,1,1.1,0.9
49,1,0.001185056252491226,0.00029700309306209015,0,0,1,1,0,0.4,1,1.1,0.9
50,1,0.0,0.0,0,0,1,1,0,0.4,1,1.1,0.9
51,1,0.0,0.0,0,0,1,1,0,0.4,1,1.1,0.9
52,1,0.002103306244839876,0.0005271382342070535,0,0,1,1,0,0.4,1,1.1,0.9
53,1,0.0,0.0,0,0,1,1,0,0.4,1,1.1,0.9
54,1,0.0,0.0,0,0,1,1,0,0.4,1,1.1,0.9
55,1,0.0002060177462097885,5.163291423623025e-05,0,0,1,1,0,0.4,1,1.1,0.9
79,3,0.013877940059902399,0.0034781396363729312,0,0,1,1,0,0.4,1,1.1,0.9
83,1,0.00015867299111189367,3.976720011946849e-05,0,0,1,1,0,0.4,1,1.1,0.9
88,1,0.09442112138039632,0.023664163655873705,0,0,1,1,0,0.4,1,1.1,0.9
84,1,0.00014468817401928238,3.626227457379791e-05,0,0,1,1,0,0.4,1,1.1,0.9
86,1,0.001639206148261744,0.0004108237859398474,0,0,1,1,0,0.4,1,1.1,0.9
87,1,0.02519111513539644,0.006313488576738573,0,0,1,1,0,0.4,1,1.1,0.9
