BUS_I,BUS_TYPE,Pd,Qd,Gs,Bs,area,Vm,Va,baseKV,zone,Vmax,Vmin
1,1,0.008718549351804567,0.002185074437653844,0,0,1,1,0,0.4,1,1.1,0.9
2,1,0.022723098329371916,0.005694945259847435,0,0,1,1,0,0.4,1,1.1,0.9
3,1,0.0,0.0,0,0,1,1,0,0.4,1,1.1,0.9
4,1,0.0,0.0,0,0,1,1,0,0.4,1,1.1,0.9
5,3,0.0,0.0,0,0,1,1,0,0.4,1,1.1,0.9
6,1,0.0,0.0,0,0,1,1,0,0.4,1,1.1,0.9
9,1,0.0,0.0,0,0,1,1,0,0.4,1,1.1,0.9
10,1,0.0,0.0,0,0,1,1,0,0.4,1,1.1,0.9
19,1,0.07514127943437214,0.018832179790399094,0,0,1,1,0,0.4,1,1.1,0.9
78,1,0.016475827119465457,0.0041292315069016,0,0,1,1,0,0.4,1,1.1,0.9
7,1,0.0,0.0,0,0,1,1,0,0.4,1,1.1,0.9
12,1,0.0,0.0,0,0,1,1,0,0.4,1,1.1,0.9
72,1,0.018319889349194967,0.004591397066449748,0,0,1,1,0,0.4,1,1.1,0.9
8,1,0.0,0.0,0,0,1,1,0,0.4,1,1.1,0.9
76,1,0.002795721219792542,0.0007006737847863069,0,0,1,1,0,0.4,1,1.1,0.9
74,1,0.004962788251301981,0.0012437919784401147,0,0,1,1,0,0.4,1,1.1,0.9
73,1,0.01309732089179824,0.0032824980312228776,0,0,1,1,0,0.4,1,1.1,0.9
23,1,0.011420706116963006,0.0028622987597090965,0,0,1,1,0,0.4,1,1.1,0.9
80,1,0.022469946920474805,0.005631499536239455,0,0,1,1,0,0.4,1,1.1,0.9
15,1,0.0,0.0,0,0,1,1,0,0.4,1,1.1,0.9
13,1,0.0,0.0,0,0,1,1,0,0.4,1,1.1,0.9
79,1,0.005752157612578918,0.001441626588716923,0,0,1,1,0,0.4,1,1.1,0.9
14,1,0.0,0.0,0,0,1,1,0,0.4,1,1.1,0.9
16,1,0.0,0.0,0,0,1,1,0,0.4,1,1.1,0.9
71,1,0.005277648735022062,0.0013227034540357276,0,0,1,1,0,0.4,1,1.1,0.9
69,1,0.005296426442835028,0.0013274095912248637,0,0,1,1,0,0.4,1,1.1,0.9
70,1,0.00530190870751834,0.0013287835762694604,0,0,1,1,0,0.4,1,1.1,0.9
18,1,0.05079948586145506,0.012731551261890647,0,0,1,1,0,0.4,1,1.1,0.9
20,1,0.0,0.0,0,0,1,1,0,0.4,1,1.1,0.9
21,1,0.09976783726248115,0.025004176968630054,0,0,1,1,0,0.4,1,1.1,0.9
22,1,0.010734340414582409,0.0026902792997465573,0,0,1,1,0,0.4,1,1.1,0.9
77,1,0.06350047348661837,0.01591471881337763,0,0,1,1,0,0.4,1,1.1,0.9
