BUS_I,BUS_TYPE,Pd,Qd,Gs,Bs,area,Vm,Va,baseKV,zone,Vmax,Vmin
1,1,0.009093463564628928,0.0022790367964935134,0,0,1,1,0,0.4,1,1.1,0.9
3,1,0.0,0.0,0,0,1,1,0,0.4,1,1.1,0.9
4,1,0.0,0.0,0,0,1,1,0,0.4,1,1.1,0.9
6,1,0.0,0.0,0,0,1,1,0,0.4,1,1.1,0.9
15,1,0.005297837781511102,0.0013277633060390516,0,0,1,1,0,0.4,1,1.1,0.9
19,1,0.007777309495825564,0.0019491774935624499,0,0,1,1,0,0.4,1,1.1,0.9
7,1,0.0,0.0,0,0,1,1,0,0.4,1,1.1,0.9
8,1,0.0,0.0,0,0,1,1,0,0.4,1,1.1,0.9
24,1,0.03252730181960538,0.008152110272468671,0,0,1,1,0,0.4,1,1.1,0.9
11,1,0.0,0.0,0,0,1,1,0,0.4,1,1.1,0.9
17,1,0.018690063326571346,0.004684171410301155,0,0,1,1,0,0.4,1,1.1,0.9
10,1,0.0,0.0,0,0,1,1,0,0.4,1,1.1,0.9
25,1,0.016745664561771432,0.004196859144678594,0,0,1,1,0,0.4,1,1.1,0.9
23,1,0.029450100580578235,0.007380890945078705,0,0,1,1,0,0.4,1,1.1,0.9
13,1,0.07128905655227023,0.017866721729869348,0,0,1,1,0,0.4,1,1.1,0.9
20,1,0.022009704379897993,0.005516151882638445,0,0,1,1,0,0.4,1,1.1,0.9
18,1,0.009466004649622524,0.002372404393435182,0,0,1,1,0,0.4,1,1.1,0.9
16,1,0.026166289571911434,0.006557890328394812,0,0,1,1,0,0.4,1,1.1,0.9
26,1,0.01663796328773437,0.004169866661031939,0,0,1,1,0,0.4,1,1.1,0.9
27,1,0.021147273779156046,0.00530000639972716,0,0,1,1,0,0.4,1,1.1,0.9
22,1,0.02376765413671591,0.00595673562212345,0,0,1,1,0,0.4,1,1.1,0.9
14,1,0.021847969901649784,0.005475617401516962,0,0,1,1,0,0.4,1,1.1,0.9
21,3,0.021865330193975345,0.0054799683008994295,0,0,1,1,0,0.4,1,1.1,0.9
