BUS_I,BUS_TYPE,Pd,Qd,Gs,Bs,area,Vm,Va,baseKV,zone,Vmax,Vmin
1,1,0.002660564719153407,0.000666800372741195,0,0,1,1,0,0.4,1,1.1,0.9
2,3,0.027657204317627585,0.006931548785568223,0,0,1,1,0,0.4,1,1.1,0.9
3,1,0.0,0.0,0,0,1,1,0,0.4,1,1.1,0.9
4,1,0.010749644246710141,0.0026941148016209064,0,0,1,1,0,0.4,1,1.1,0.9
5,1,0.0,0.0,0,0,1,1,0,0.4,1,1.1,0.9
6,1,0.010937002080626283,0.0027410711010079853,0,0,1,1,0,0.4,1,1.1,0.9
13,1,0.024208139310990327,0.006067131612974074,0,0,1,1,0,0.4,1,1.1,0.9
7,1,0.018576107935811156,0.004655611497254221,0,0,1,1,0,0.4,1,1.1,0.9
12,1,0.005341564058404891,0.0013387221440336562,0,0,1,1,0,0.4,1,1.1,0.9
8,1,0.0,0.0,0,0,1,1,0,0.4,1,1.1,0.9
9,1,0.0026908354709823073,0.0006743869382764584,0,0,1,1,0,0.4,1,1.1,0.9
