F_BUS,T_BUS,BR_R,BR_X,BR_B,RATE_A,RATE_B,RATE_C,TAP,SHIFT,BR_STATUS,ANGMIN,ANGMAX
1,2,2.0433128358617267,0.7858895522545103,2.0620627336217236e-09,0,0,0,0,0,1,-90,90
1,3,3.6829307248793284,1.4165118172612803,3.7167261248477908e-09,0,0,0,0,0,1,-90,90
3,5,0.8152029894461994,0.3135396113254613,8.226834752717164e-10,0,0,0,0,0,1,-90,90
5,6,0.9522163321430215,0.3662370508242391,9.609540831910894e-10,0,0,0,0,0,1,-90,90
6,7,0.9171779471901077,0.3527607489192722,9.255941781439382e-10,0,0,0,0,0,1,-90,90
7,8,0.5974068625985182,0.22977187023019932,6.02888802220416e-10,0,0,0,0,0,1,-90,90
8,22,0.9624758922463303,0.3701830354793579,9.713077873234591e-10,0,0,0,0,0,1,-90,90
22,20,2.515907990301456,0.9676569193467139,2.5389945274013015e-09,0,0,0,0,0,1,-90,90
20,21,2.708367283632841,1.0416797244741698,2.733219870458207e-09,0,0,0,0,0,1,-90,90
9,31,7.812807157506171,3.004925829810066,7.884499231696092e-09,0,0,0,0,0,1,-90,90
31,12,1.9237312647834162,0.7398966403013141,1.9413838551745435e-09,0,0,0,0,0,1,-90,90
31,30,12.687155870553166,4.879675334828141,1.2803576063909265e-08,0,0,0,0,0,1,-90,90
12,11,7.227843228394718,2.779939703228738,7.2941675421166225e-09,0,0,0,0,0,1,-90,90
30,26,0.5363278724884649,0.20627995095710192,5.412493375712968e-10,0,0,0,0,0,1,-90,90
13,14,3.987955723953367,1.533829124597449,4.024550101859277e-09,0,0,0,0,0,1,-90,90
13,15,1.5980417728168343,0.6146314510833978,1.6127057632399571e-09,0,0,0,0,0,1,-90,90
14,16,0.019046543532064076,0.007325593666178491,1.922131889569895e-11,0,0,0,0,0,1,-90,90
15,17,1.1784191813785525,0.45323814668405865,1.189232620604049e-09,0,0,0,0,0,1,-90,90
16,21,1.7332362586857986,0.6666293302637687,1.7491408240924822e-09,0,0,0,0,0,1,-90,90
17,18,2.1528021406295297,0.8280008233190499,2.1725567368547737e-09,0,0,0,0,0,1,-90,90
21,23,0.8499339600080803,0.3268976769261847,8.577331450242995e-10,0,0,0,0,0,1,-90,90
18,19,0.11548506887613587,0.04441733418312919,1.165447858202232e-10,0,0,0,0,0,1,-90,90
23,28,1.9128078676436735,0.7356953337091052,1.9303602224879145e-09,0,0,0,0,0,1,-90,90
19,24,3.8164757077190785,1.4678752721996458,3.851496546460625e-09,0,0,0,0,0,1,-90,90
24,25,4.334607263418001,1.6671566397761544,4.374382593750399e-09,0,0,0,0,0,1,-90,90
24,26,2.119716414602532,0.8152755440778969,2.139167408770649e-09,0,0,0,0,0,1,-90,90
28,27,0.11385014754841154,0.043788518287850596,1.1489486208699226e-10,0,0,0,0,0,1,-90,90
27,29,12.538249707481482,4.822403733646724,1.265330350442269e-08,0,0,0,0,0,1,-90,90
