BUS_I,BUS_TYPE,Pd,Qd,Gs,Bs,area,Vm,Va,baseKV,zone,Vmax,Vmin
1,1,0.04991760211700859,0.012510530361599066,0,0,1,1,0,0.4,1,1.1,0.9
2,1,0.0,0.0,0,0,1,1,0,0.4,1,1.1,0.9
3,1,0.0,0.0,0,0,1,1,0,0.4,1,1.1,0.9
4,1,0.0,0.0,0,0,1,1,0,0.4,1,1.1,0.9
5,1,0.0,0.0,0,0,1,1,0,0.4,1,1.1,0.9
9,3,0.01066249529131591,0.0026722732145613853,0,0,1,1,0,0.4,1,1.1,0.9
67,1,0.0016536265023862772,0.00041443786735499835,0,0,1,1,0,0.4,1,1.1,0.9
6,1,0.001553708618087877,0.0003893960850544028,0,0,1,1,0,0.4,1,1.1,0.9
8,1,0.0,0.0,0,0,1,1,0,0.4,1,1.1,0.9
64,1,0.005123368168360125,0.001284037099251606,0,0,1,1,0,0.4,1,1.1,0.9
65,1,0.0,0.0,0,0,1,1,0,0.4,1,1.1,0.9
66,1,0.0015263162532000527,0.00038253091128660354,0,0,1,1,0,0.4,1,1.1,0.9
71,1,0.0,0.0,0,0,1,1,0,0.4,1,1.1,0.9
70,1,0.0014508129446564166,0.00036360799844871927,0,0,1,1,0,0.4,1,1.1,0.9
