BUS_I,BUS_TYPE,Pd,Qd,Gs,Bs,area,Vm,Va,baseKV,zone,Vmax,Vmin
44,3,0.08121280286361174,0.02035384699758212,0,0,1,1,0,0.4,1,1.1,0.9
45,1,0.013981874820206774,0.0035041881426967226,0,0,1,1,0,0.4,1,1.1,0.9
52,1,0.0024481243554361353,0.0006135577988274032,0,0,1,1,0,0.4,1,1.1,0.9
46,1,0.005137623787637301,0.001287609894222255,0,0,1,1,0,0.4,1,1.1,0.9
50,1,0.0,0.0,0,0,1,1,0,0.4,1,1.1,0.9
47,1,0.0033229535106169303,0.000832810652388897,0,0,1,1,0,0.4,1,1.1,0.9
48,1,0.0037903812551155686,0.0009499590878385128,0,0,1,1,0,0.4,1,1.1,0.9
49,1,0.0,0.0,0,0,1,1,0,0.4,1,1.1,0.9
51,1,0.0,0.0,0,0,1,1,0,0.4,1,1.1,0.9
