F_BUS,T_BUS,BR_R,BR_X,BR_B,RATE_A,RATE_B,RATE_C,TAP,SHIFT,BR_STATUS,ANGMIN,ANGMAX
1,2,0.7578571331799849,0.29148351276153267,1.5296228010830112e-09,0,0,0,0,0,1,-90,90
1,3,2.4788551927974463,0.9534058433836333,5.003203450201605e-09,0,0,0,0,0,1,-90,90
2,4,3.2651401310015093,1.255823127308273,6.590203581187302e-09,0,0,0,0,0,1,-90,90
3,5,1.953827846644028,0.7514722487092416,3.943513220067368e-09,0,0,0,0,0,1,-90,90
4,21,5.555159999999999,2.1365999999999996,5.606135396528793e-09,0,0,0,0,0,1,-90,90
4,22,0.6592385339755357,0.25355328229828294,1.3305757098178994e-09,0,0,0,0,0,1,-90,90
5,23,3.445161733015709,1.3250622050060419,3.476775311282816e-09,0,0,0,0,0,1,-90,90
5,32,8.674933548204399,3.336512903155538,8.754536687894462e-09,0,0,0,0,0,1,-90,90
21,35,4.75618,1.8292999999999997,4.799823776500104e-09,0,0,0,0,0,1,-90,90
22,9,8.247173871027115,3.171989950395045,1.6645703583584456e-08,0,0,0,0,0,1,-90,90
23,24,0.1438766345967725,0.05533716715260481,1.451968789281327e-10,0,0,0,0,0,1,-90,90
32,20,6.404992456819221,2.463458637238162,6.463766106948162e-09,0,0,0,0,0,1,-90,90
9,8,15.048229199478104,5.787780461337733,1.5186315132286445e-08,0,0,0,0,0,1,-90,90
24,26,8.635658255104337,3.3214070211939757,8.714900995878877e-09,0,0,0,0,0,1,-90,90
24,34,12.959751149601695,4.98451967292373,1.3078672738496606e-08,0,0,0,0,0,1,-90,90
24,14,31.235060682369284,12.01348487783434,3.152168061840798e-08,0,0,0,0,0,1,-90,90
28,29,1.8368292182423012,0.706472776247039,1.8536843759255319e-09,0,0,0,0,0,1,-90,90
28,27,2.1092824979713654,0.8112624992197559,2.1286377481757403e-09,0,0,0,0,0,1,-90,90
27,25,2.3086685763378862,0.8879494524376486,2.329853438003867e-09,0,0,0,0,0,1,-90,90
20,18,9.625130980474765,3.7019734540287557,9.713453345333972e-09,0,0,0,0,0,1,-90,90
6,7,1.0637705030915274,0.40914250118904905,1.0735319002809381e-09,0,0,0,0,0,1,-90,90
6,8,12.262187616759277,4.7162260064458765,1.2374708205918684e-08,0,0,0,0,0,1,-90,90
7,13,17.681950924415514,6.800750355544428,1.78442044796281e-08,0,0,0,0,0,1,-90,90
7,15,4.925086815949991,1.8942641599807657,4.970280519350395e-09,0,0,0,0,0,1,-90,90
15,12,8.655452124398895,3.329020047845729,8.734876498166207e-09,0,0,0,0,0,1,-90,90
10,12,4.028770528210563,1.549527126234832,4.0657394319323376e-09,0,0,0,0,0,1,-90,90
26,25,2.135976291006009,0.8215293426946189,2.1555764894539628e-09,0,0,0,0,0,1,-90,90
18,17,2.891109658730927,1.1119652533580489,2.9176391306564947e-09,0,0,0,0,0,1,-90,90
