BUS_I,BUS_TYPE,Pd,Qd,Gs,Bs,area,Vm,Va,baseKV,zone,Vmax,Vmin
59,1,0.0019029133118153472,0.0004769150310376243,0,0,1,1,0,0.4,1,1.1,0.9
77,1,0.0005323562064017313,0.00013342104189546507,0,0,1,1,0,0.4,1,1.1,0.9
60,1,0.0,0.0,0,0,1,1,0,0.4,1,1.1,0.9
61,1,0.0033485439323331797,0.0008392242166281571,0,0,1,1,0,0.4,1,1.1,0.9
62,1,0.0007680985237059346,0.00019250363587172987,0,0,1,1,0,0.4,1,1.1,0.9
76,1,0.0008032615481580609,0.00020131632050315144,0,0,1,1,0,0.4,1,1.1,0.9
73,1,0.00034670126669735174,8.689152802762879e-05,0,0,1,1,0,0.4,1,1.1,0.9
63,1,0.0014035871652204434,0.00035177210244355817,0,0,1,1,0,0.4,1,1.1,0.9
64,1,0.0009066106454024742,0.00022721804582820533,0,0,1,1,0,0.4,1,1.1,0.9
65,1,0.0,0.0,0,0,1,1,0,0.4,1,1.1,0.9
66,1,0.0,0.0,0,0,1,1,0,0.4,1,1.1,0.9
67,3,0.0012365158270494527,0.0003099000781455605,0,0,1,1,0,0.4,1,1.1,0.9
82,1,0.0014005829418218738,0.00035101917308704117,0,0,1,1,0,0.4,1,1.1,0.9
80,1,0.0011833626585104555,0.00029657863840044625,0,0,1,1,0,0.4,1,1.1,0.9
78,1,0.0,0.0,0,0,1,1,0,0.4,1,1.1,0.9
79,1,0.0009470536266871344,0.00023735401237742637,0,0,1,1,0,0.4,1,1.1,0.9
83,1,0.0015818851128622205,0.0003964577802963253,0,0,1,1,0,0.4,1,1.1,0.9
