BUS_I,BUS_TYPE,Pd,Qd,Gs,Bs,area,Vm,Va,baseKV,zone,Vmax,Vmin
1,1,0.003685889211773099,0.0009237709132199234,0,0,1,1,0,0.4,1,1.1,0.9
3,1,0.0,0.0,0,0,1,1,0,0.4,1,1.1,0.9
4,1,0.0,0.0,0,0,1,1,0,0.4,1,1.1,0.9
19,1,0.014936351935562335,0.003743402656709577,0,0,1,1,0,0.4,1,1.1,0.9
17,1,0.011362035902940281,0.0028475946180291276,0,0,1,1,0,0.4,1,1.1,0.9
5,1,0.0,0.0,0,0,1,1,0,0.4,1,1.1,0.9
9,1,0.0,0.0,0,0,1,1,0,0.4,1,1.1,0.9
18,1,0.0,0.0,0,0,1,1,0,0.4,1,1.1,0.9
14,1,0.09629705620998694,0.02413431724191661,0,0,1,1,0,0.4,1,1.1,0.9
6,1,0.09835366133493274,0.024649751072194446,0,0,1,1,0,0.4,1,1.1,0.9
8,1,0.0,0.0,0,0,1,1,0,0.4,1,1.1,0.9
12,1,0.0,0.0,0,0,1,1,0,0.4,1,1.1,0.9
10,1,0.0,0.0,0,0,1,1,0,0.4,1,1.1,0.9
36,1,0.020264215079210786,0.005078691027830017,0,0,1,1,0,0.4,1,1.1,0.9
27,1,0.020997197647499813,0.005262393775682526,0,0,1,1,0,0.4,1,1.1,0.9
13,1,0.04434402913208935,0.011113661299520027,0,0,1,1,0,0.4,1,1.1,0.9
15,3,0.0,0.0,0,0,1,1,0,0.4,1,1.1,0.9
16,1,0.0235780120605403,0.005909206837662402,0,0,1,1,0,0.4,1,1.1,0.9
28,1,0.014064449419746577,0.0035248832881129245,0,0,1,1,0,0.4,1,1.1,0.9
25,1,0.008310704324844782,0.002082858838822645,0,0,1,1,0,0.4,1,1.1,0.9
23,1,0.040962976825990066,0.01026628971643677,0,0,1,1,0,0.4,1,1.1,0.9
20,1,0.008003285013397147,0.002005812296791391,0,0,1,1,0,0.4,1,1.1,0.9
33,1,0.0,0.0,0,0,1,1,0,0.4,1,1.1,0.9
21,1,0.0,0.0,0,0,1,1,0,0.4,1,1.1,0.9
30,1,0.009355154788917644,0.0023446227995862477,0,0,1,1,0,0.4,1,1.1,0.9
31,1,0.004725265907416611,0.0011842632677506323,0,0,1,1,0,0.4,1,1.1,0.9
34,1,0.008261615687592812,0.0020705560666399838,0,0,1,1,0,0.4,1,1.1,0.9
32,1,0.008334001153550303,0.0020886975744687647,0,0,1,1,0,0.4,1,1.1,0.9
26,1,0.007245027700604621,0.0018157751008668064,0,0,1,1,0,0.4,1,1.1,0.9
29,1,0.0,0.0,0,0,1,1,0,0.4,1,1.1,0.9
22,1,0.007060764257224868,0.0017695943288511225,0,0,1,1,0,0.4,1,1.1,0.9
24,1,0.005769887088913244,0.001446070014333721,0,0,1,1,0,0.4,1,1.1,0.9
35,1,0.008360423139880325,0.0020953195484454123,0,0,1,1,0,0.4,1,1.1,0.9
