BUS_I,BUS_TYPE,Pd,Qd,Gs,Bs,area,Vm,Va,baseKV,zone,Vmax,Vmin
1,1,0.06256338777725817,0.015679862996567935,0,0,1,1,0,0.4,1,1.1,0.9
3,1,0.0,0.0,0,0,1,1,0,0.4,1,1.1,0.9
13,1,0.047934751801886305,0.012013581229072702,0,0,1,1,0,0.4,1,1.1,0.9
8,3,0.0,0.0,0,0,1,1,0,0.4,1,1.1,0.9
5,1,0.0,0.0,0,0,1,1,0,0.4,1,1.1,0.9
15,1,0.006463438574008238,0.0016198904012039589,0,0,1,1,0,0.4,1,1.1,0.9
19,1,0.050171094672058845,0.012574061584492383,0,0,1,1,0,0.4,1,1.1,0.9
12,1,0.0,0.0,0,0,1,1,0,0.4,1,1.1,0.9
20,1,0.07452468056596603,0.018677645547226906,0,0,1,1,0,0.4,1,1.1,0.9
9,1,0.0,0.0,0,0,1,1,0,0.4,1,1.1,0.9
11,1,0.0,0.0,0,0,1,1,0,0.4,1,1.1,0.9
16,1,0.06143514598471139,0.015397098949372807,0,0,1,1,0,0.4,1,1.1,0.9
10,1,0.0,0.0,0,0,1,1,0,0.4,1,1.1,0.9
17,1,0.05009711793606038,0.012555521266798606,0,0,1,1,0,0.4,1,1.1,0.9
18,1,0.055980382285169814,0.014030006301001962,0,0,1,1,0,0.4,1,1.1,0.9
14,1,0.031901423387381965,0.007995250351380172,0,0,1,1,0,0.4,1,1.1,0.9
