BUS_I,BUS_TYPE,Pd,Qd,Gs,Bs,area,Vm,Va,baseKV,zone,Vmax,Vmin
1,1,0.026097508780310672,0.006540652237117929,0,0,1,1,0,0.4,1,1.1,0.9
2,1,0.0,0.0,0,0,1,1,0,0.4,1,1.1,0.9
4,1,0.0,0.0,0,0,1,1,0,0.4,1,1.1,0.9
5,1,0.01890296165027239,0.004737528759805889,0,0,1,1,0,0.4,1,1.1,0.9
6,1,0.0,0.0,0,0,1,1,0,0.4,1,1.1,0.9
11,1,0.02716028010234911,0.006807007837706129,0,0,1,1,0,0.4,1,1.1,0.9
27,1,0.031096671679776002,0.007793560561715324,0,0,1,1,0,0.4,1,1.1,0.9
37,1,0.010152282629361456,0.002544401868031329,0,0,1,1,0,0.4,1,1.1,0.9
10,1,0.0,0.0,0,0,1,1,0,0.4,1,1.1,0.9
26,1,0.022585115646840796,0.005660363539853472,0,0,1,1,0,0.4,1,1.1,0.9
36,1,0.009419629354880943,0.0023607816489865864,0,0,1,1,0,0.4,1,1.1,0.9
38,1,0.025022735217315486,0.006271288591400784,0,0,1,1,0,0.4,1,1.1,0.9
8,1,0.0127220970446267,0.0031884580707008943,0,0,1,1,0,0.4,1,1.1,0.9
12,1,0.0,0.0,0,0,1,1,0,0.4,1,1.1,0.9
15,1,0.010667839139054112,0.002673612509049527,0,0,1,1,0,0.4,1,1.1,0.9
13,1,0.033531491327625264,0.008403783886506342,0,0,1,1,0,0.4,1,1.1,0.9
17,1,0.014624851301888946,0.00366533323890995,0,0,1,1,0,0.4,1,1.1,0.9
16,1,0.013413090369203408,0.003361637322110361,0,0,1,1,0,0.4,1,1.1,0.9
18,1,0.0,0.0,0,0,1,1,0,0.4,1,1.1,0.9
19,1,0.01771386682864979,0.004439513505910891,0,0,1,1,0,0.4,1,1.1,0.9
20,1,0.0,0.0,0,0,1,1,0,0.4,1,1.1,0.9
24,1,0.0,0.0,0,0,1,1,0,0.4,1,1.1,0.9
39,1,0.08266720962644908,0.020718355691768612,0,0,1,1,0,0.4,1,1.1,0.9
21,1,0.0,0.0,0,0,1,1,0,0.4,1,1.1,0.9
30,1,0.010852014641436019,0.002719771240973601,0,0,1,1,0,0.4,1,1.1,0.9
22,1,0.020504360220385674,0.005138877073482142,0,0,1,1,0,0.4,1,1.1,0.9
23,1,0.0,0.0,0,0,1,1,0,0.4,1,1.1,0.9
25,3,0.0,0.0,0,0,1,1,0,0.4,1,1.1,0.9
28,1,0.02570865997583914,0.00644319754041576,0,0,1,1,0,0.4,1,1.1,0.9
29,1,0.06697751725008715,0.016786148123413797,0,0,1,1,0,0.4,1,1.1,0.9
32,1,0.04270201262369457,0.0107021331709379,0,0,1,1,0,0.4,1,1.1,0.9
31,1,0.002345478347557716,0.000587832284307499,0,0,1,1,0,0.4,1,1.1,0.9
33,1,0.020509139730017577,0.005140074931508722,0,0,1,1,0,0.4,1,1.1,0.9
35,1,0.005526718013187214,0.0013851260992445802,0,0,1,1,0,0.4,1,1.1,0.9
34,1,0.00511021096461733,0.0012807395931632298,0,0,1,1,0,0.4,1,1.1,0.9
