BUS_I,BUS_TYPE,Pd,Qd,Gs,Bs,area,Vm,Va,baseKV,zone,Vmax,Vmin
1,1,0.0010980663657470986,0.0002752013723641792,0,0,1,1,0,0.4,1,1.1,0.9
13,1,0.02724127962638217,0.0068273082319902,0,0,1,1,0,0.4,1,1.1,0.9
4,1,0.0018781858216828614,0.0004707177378394561,0,0,1,1,0,0.4,1,1.1,0.9
11,1,0.0,0.0,0,0,1,1,0,0.4,1,1.1,0.9
5,1,0.0025016397531453616,0.0006269700217600068,0,0,1,1,0,0.4,1,1.1,0.9
6,1,0.0018264472534655885,0.00045775083035398396,0,0,1,1,0,0.4,1,1.1,0.9
24,1,0.0015827189315760627,0.0003966667549644422,0,0,1,1,0,0.4,1,1.1,0.9
3,1,0.0,0.0,0,0,1,1,0,0.4,1,1.1,0.9
14,1,0.0,0.0,0,0,1,1,0,0.4,1,1.1,0.9
12,1,0.011490669370742862,0.0028798332039429654,0,0,1,1,0,0.4,1,1.1,0.9
18,1,0.0143911117368147,0.0036067525819562392,0,0,1,1,0,0.4,1,1.1,0.9
15,1,0.012318001711473963,0.003087182233721833,0,0,1,1,0,0.4,1,1.1,0.9
7,3,0.0016780166526118244,0.00042055061520305056,0,0,1,1,0,0.4,1,1.1,0.9
8,1,0.0044801247745306005,0.001122825108548625,0,0,1,1,0,0.4,1,1.1,0.9
9,1,0.00606073964169378,0.0015189645352640371,0,0,1,1,0,0.4,1,1.1,0.9
10,1,0.004228240285105025,0.0010596969048903644,0,0,1,1,0,0.4,1,1.1,0.9
19,1,0.0,0.0,0,0,1,1,0,0.4,1,1.1,0.9
16,1,0.013691423804690545,0.0034313942564908996,0,0,1,1,0,0.4,1,1.1,0.9
17,1,0.008032341197550797,0.0020130944629738606,0,0,1,1,0,0.4,1,1.1,0.9
21,1,0.014470309696690343,0.0036266014617016736,0,0,1,1,0,0.4,1,1.1,0.9
22,1,0.008034763161486371,0.0020137014643534473,0,0,1,1,0,0.4,1,1.1,0.9
20,1,0.0,0.0,0,0,1,1,0,0.4,1,1.1,0.9
25,1,0.013388634787658752,0.003355508175627968,0,0,1,1,0,0.4,1,1.1,0.9
23,1,0.04572205609407514,0.011459027411189704,0,0,1,1,0,0.4,1,1.1,0.9
