BUS_I,BUS_TYPE,Pd,Qd,Gs,Bs,area,Vm,Va,baseKV,zone,Vmax,Vmin
1,1,0.016517508485495096,0.004139677841923952,0,0,1,1,0,0.4,1,1.1,0.9
2,1,0.06901339955933848,0.017296388326515477,0,0,1,1,0,0.4,1,1.1,0.9
3,1,0.0,0.0,0,0,1,1,0,0.4,1,1.1,0.9
4,1,0.0,0.0,0,0,1,1,0,0.4,1,1.1,0.9
6,3,0.05393147025782563,0.013516500542727551,0,0,1,1,0,0.4,1,1.1,0.9
20,1,0.0032140777204807272,0.0008055238072606142,0,0,1,1,0,0.4,1,1.1,0.9
5,1,0.044293145396382336,0.01110090863325649,0,0,1,1,0,0.4,1,1.1,0.9
7,1,0.0,0.0,0,0,1,1,0,0.4,1,1.1,0.9
8,1,0.0,0.0,0,0,1,1,0,0.4,1,1.1,0.9
9,1,0.007929368333788137,0.0019872870306476068,0,0,1,1,0,0.4,1,1.1,0.9
13,1,0.004570362740742478,0.0011454408746949317,0,0,1,1,0,0.4,1,1.1,0.9
14,1,0.0029888760614868027,0.0007490829512731429,0,0,1,1,0,0.4,1,1.1,0.9
15,1,0.0,0.0,0,0,1,1,0,0.4,1,1.1,0.9
17,1,0.0020624505189523385,0.000516898824109527,0,0,1,1,0,0.4,1,1.1,0.9
18,1,0.0,0.0,0,0,1,1,0,0.4,1,1.1,0.9
19,1,0.0,0.0,0,0,1,1,0,0.4,1,1.1,0.9
21,1,0.007611374315465954,0.001907590217252978,0,0,1,1,0,0.4,1,1.1,0.9
12,1,0.014573728578337384,0.0036525206766466374,0,0,1,1,0,0.4,1,1.1,0.9
11,1,0.0005121575635082064,0.00012835878480646842,0,0,1,1,0,0.4,1,1.1,0.9
10,1,0.008492487996457593,0.0021284181214505284,0,0,1,1,0,0.4,1,1.1,0.9
