BUS_I,BUS_TYPE,Pd,Qd,Gs,Bs,area,Vm,Va,baseKV,zone,Vmax,Vmin
1,1,0.01677081495387685,0.004203162427101965,0,0,1,1,0,0.4,1,1.1,0.9
2,1,0.0,0.0,0,0,1,1,0,0.4,1,1.1,0.9
3,1,0.0,0.0,0,0,1,1,0,0.4,1,1.1,0.9
15,1,0.00610819597219417,0.0015308582128125612,0,0,1,1,0,0.4,1,1.1,0.9
7,1,0.0,0.0,0,0,1,1,0,0.4,1,1.1,0.9
9,1,0.0,0.0,0,0,1,1,0,0.4,1,1.1,0.9
5,1,0.007613580376892472,0.0019081431083632383,0,0,1,1,0,0.4,1,1.1,0.9
16,1,0.006100616388929783,0.0015289585901837517,0,0,1,1,0,0.4,1,1.1,0.9
18,1,0.008870201429569029,0.0022230820310239078,0,0,1,1,0,0.4,1,1.1,0.9
13,1,0.0057168059290861,0.0014327666216729562,0,0,1,1,0,0.4,1,1.1,0.9
6,1,0.021666515353655054,0.005430140605043102,0,0,1,1,0,0.4,1,1.1,0.9
14,3,0.009873875354096328,0.002474626427658009,0,0,1,1,0,0.4,1,1.1,0.9
17,1,0.027480926809971152,0.006887369477707372,0,0,1,1,0,0.4,1,1.1,0.9
12,1,0.008050409276522372,0.0020176227504108213,0,0,1,1,0,0.4,1,1.1,0.9
10,1,0.027491285010612373,0.006889965487493855,0,0,1,1,0,0.4,1,1.1,0.9
11,1,0.008761315959420167,0.0021957927598557684,0,0,1,1,0,0.4,1,1.1,0.9
