BUS_I,BUS_TYPE,Pd,Qd,Gs,Bs,area,Vm,Va,baseKV,zone,Vmax,Vmin
1,1,0.010576729874829693,0.002650778375037425,0,0,1,1,0,0.4,1,1.1,0.9
19,1,0.0009011330246791938,0.00022584522466970316,0,0,1,1,0,0.4,1,1.1,0.9
22,1,0.0014572613856174506,0.00036522413009380296,0,0,1,1,0,0.4,1,1.1,0.9
17,1,0.0,0.0,0,0,1,1,0,0.4,1,1.1,0.9
15,3,0.0508532114449369,0.012745016162343373,0,0,1,1,0,0.4,1,1.1,0.9
16,1,0.05806777081186256,0.014553155178995546,0,0,1,1,0,0.4,1,1.1,0.9
4,1,0.004374171813063935,0.001096270793334866,0,0,1,1,0,0.4,1,1.1,0.9
5,1,0.004509023865322932,0.0011300679034235192,0,0,1,1,0,0.4,1,1.1,0.9
6,1,0.0,0.0,0,0,1,1,0,0.4,1,1.1,0.9
7,1,0.01629500561359577,0.004083913365739487,0,0,1,1,0,0.4,1,1.1,0.9
8,1,0.0024937570031554027,0.000624994418387651,0,0,1,1,0,0.4,1,1.1,0.9
9,1,0.003163232932697227,0.0007927809022668304,0,0,1,1,0,0.4,1,1.1,0.9
10,1,0.0037471428621089365,0.000939122525071971,0,0,1,1,0,0.4,1,1.1,0.9
20,1,0.0009024303191799934,0.00022617035731934735,0,0,1,1,0,0.4,1,1.1,0.9
11,1,0.0022626202147079354,0.0005670660787455259,0,0,1,1,0,0.4,1,1.1,0.9
12,1,0.004101035618443567,0.001027816410296995,0,0,1,1,0,0.4,1,1.1,0.9
13,1,0.002217449363955415,0.0005557451964147996,0,0,1,1,0,0.4,1,1.1,0.9
14,1,0.0,0.0,0,0,1,1,0,0.4,1,1.1,0.9
23,1,0.008915989432043343,0.0022345575861559257,0,0,1,1,0,0.4,1,1.1,0.9
18,1,0.0,0.0,0,0,1,1,0,0.4,1,1.1,0.9
25,1,0.00067123370507131,0.00016822702395317886,0,0,1,1,0,0.4,1,1.1,0.9
