BUS_I,BUS_TYPE,Pd,Qd,Gs,Bs,area,Vm,Va,baseKV,zone,Vmax,Vmin
1,1,0.005493122176496995,0.0013767061888900903,0,0,1,1,0,0.4,1,1.1,0.9
3,1,0.0,0.0,0,0,1,1,0,0.4,1,1.1,0.9
6,1,0.0,0.0,0,0,1,1,0,0.4,1,1.1,0.9
4,1,0.0,0.0,0,0,1,1,0,0.4,1,1.1,0.9
13,1,0.0,0.0,0,0,1,1,0,0.4,1,1.1,0.9
14,1,0.012199694634956022,0.0030575316854182435,0,0,1,1,0,0.4,1,1.1,0.9
226,1,0.005449567373957395,0.0013657903264196161,0,0,1,1,0,0.4,1,1.1,0.9
7,1,0.0,0.0,0,0,1,1,0,0.4,1,1.1,0.9
9,1,0.0,0.0,0,0,1,1,0,0.4,1,1.1,0.9
18,1,0.00328102202047391,0.0008223016303547116,0,0,1,1,0,0.4,1,1.1,0.9
8,1,0.0,0.0,0,0,1,1,0,0.4,1,1.1,0.9
16,1,0.002121061111757881,0.0005315880233039576,0,0,1,1,0,0.4,1,1.1,0.9
15,1,0.0014878373274072622,0.00037288718344318623,0,0,1,1,0,0.4,1,1.1,0.9
10,3,0.0,0.0,0,0,1,1,0,0.4,1,1.1,0.9
23,1,0.0023832776369886333,0.0005973056792226613,0,0,1,1,0,0.4,1,1.1,0.9
85,1,0.0,0.0,0,0,1,1,0,0.4,1,1.1,0.9
21,1,0.0013139360690024484,0.0003293034197821427,0,0,1,1,0,0.4,1,1.1,0.9
22,1,0.001061544057827231,0.00026604801918354864,0,0,1,1,0,0.4,1,1.1,0.9
17,1,0.0,0.0,0,0,1,1,0,0.4,1,1.1,0.9
44,1,0.0,0.0,0,0,1,1,0,0.4,1,1.1,0.9
96,1,0.0003365055532388219,8.43362413677826e-05,0,0,1,1,0,0.4,1,1.1,0.9
20,1,0.0,0.0,0,0,1,1,0,0.4,1,1.1,0.9
167,1,0.00040719577639808916,0.00010205288130231366,0,0,1,1,0,0.4,1,1.1,0.9
42,1,0.0004655018975620739,0.00011666577271042399,0,0,1,1,0,0.4,1,1.1,0.9
41,1,0.00011857213857555784,2.971697911714802e-05,0,0,1,1,0,0.4,1,1.1,0.9
43,1,0.0,0.0,0,0,1,1,0,0.4,1,1.1,0.9
47,1,0.0014218498510875496,0.0003563491629660012,0,0,1,1,0,0.4,1,1.1,0.9
