BUS_I,BUS_TYPE,Pd,Qd,Gs,Bs,area,Vm,Va,baseKV,zone,Vmax,Vmin
1,1,0.002804649780412978,0.0007029114930092601,0,0,1,1,0,0.4,1,1.1,0.9
2,1,0.003235844521393418,0.0008109790817959331,0,0,1,1,0,0.4,1,1.1,0.9
3,1,0.020180702033245766,0.0050577606855694655,0,0,1,1,0,0.4,1,1.1,0.9
4,1,0.0,0.0,0,0,1,1,0,0.4,1,1.1,0.9
5,1,0.014257417878823874,0.0035732457427127807,0,0,1,1,0,0.4,1,1.1,0.9
12,1,0.004328530606899517,0.0010848320288260758,0,0,1,1,0,0.4,1,1.1,0.9
11,1,0.005874362085972738,0.0014722539167510893,0,0,1,1,0,0.4,1,1.1,0.9
10,3,0.025982148745355853,0.006511740287052009,0,0,1,1,0,0.4,1,1.1,0.9
13,1,0.009662926596413959,0.002421757685454792,0,0,1,1,0,0.4,1,1.1,0.9
8,1,0.00885391785757729,0.0022190009831939174,0,0,1,1,0,0.4,1,1.1,0.9
6,1,0.00513996669345187,0.001288197081769021,0,0,1,1,0,0.4,1,1.1,0.9
7,1,0.006729852893504141,0.0016866601235356851,0,0,1,1,0,0.4,1,1.1,0.9
9,1,0.004192757181057457,0.0010508040007506517,0,0,1,1,0,0.4,1,1.1,0.9
17,1,0.005053629222105025,0.0012665588717825612,0,0,1,1,0,0.4,1,1.1,0.9
15,1,0.0029995582339807174,0.0007517601560595368,0,0,1,1,0,0.4,1,1.1,0.9
14,1,0.0037958937048669927,0.0009513406379742811,0,0,1,1,0,0.4,1,1.1,0.9
20,1,0.0,0.0,0,0,1,1,0,0.4,1,1.1,0.9
22,1,0.0,0.0,0,0,1,1,0,0.4,1,1.1,0.9
19,1,0.004097364365767884,0.0010268963076454979,0,0,1,1,0,0.4,1,1.1,0.9
16,1,0.005761648935683379,0.001444005338513273,0,0,1,1,0,0.4,1,1.1,0.9
18,1,0.004312412592001832,0.0010807924735150346,0,0,1,1,0,0.4,1,1.1,0.9
21,1,0.003378897342145525,0.0008468314982068133,0,0,1,1,0,0.4,1,1.1,0.9
