F_BUS,T_BUS,BR_R,BR_X,BR_B,RATE_A,RATE_B,RATE_C,TAP,SHIFT,BR_STATUS,ANGMIN,ANGMAX
1,3,1.86702287547625,1.1948946403048,3.135234081313901e-09,0,0,0,0,0,1,-90,90
3,8,2.3943447183903204,1.5323806197698049,4.020749430612297e-09,0,0,0,0,0,1,-90,90
8,4,0.8462972106377573,0.5416302148081648,2.842321743953521e-09,0,0,0,0,0,1,-90,90
4,11,0.5691207077724626,0.36423725297437604,1.911413794471649e-09,0,0,0,0,0,1,-90,90
4,12,0.35261182056849005,0.22567156516383366,5.921301832139953e-10,0,0,0,0,0,1,-90,90
11,16,0.6691532213932698,0.42825806169169267,2.247376840305729e-09,0,0,0,0,0,1,-90,90
12,23,1.168815509856111,0.7480419263079112,1.96275593052624e-09,0,0,0,0,0,1,-90,90
6,9,3.7732812499999993,2.4148999999999994,6.336355129213414e-09,0,0,0,0,0,1,-90,90
6,10,22.801154978696587,14.592739186365817,3.82892781451831e-08,0,0,0,0,0,1,-90,90
6,7,3.7429639944708937,2.395496956461372,6.285444294624681e-09,0,0,0,0,0,1,-90,90
9,18,12.639896141555232,8.089533530595348,2.1225788761245496e-08,0,0,0,0,0,1,-90,90
9,13,1.057017336278792,0.6764910952184269,1.7750166967801897e-09,0,0,0,0,0,1,-90,90
10,25,1.8536718749999999,1.1863499999999998,3.112814156918438e-09,0,0,0,0,0,1,-90,90
16,14,1.599179920194842,1.023475148924699,2.685453645911417e-09,0,0,0,0,0,1,-90,90
23,22,1.1683626724281755,0.7477521103540322,1.9619954945637205e-09,0,0,0,0,0,1,-90,90
18,21,2.873795903034437,1.83922937794204,4.825877056078117e-09,0,0,0,0,0,1,-90,90
13,14,2.886369971088732,1.8472767814967883,4.846992301757433e-09,0,0,0,0,0,1,-90,90
14,15,2.5710076434483717,1.645444891806958,4.317414046146438e-09,0,0,0,0,0,1,-90,90
15,19,1.5595293333804439,0.998098773363484,2.618869635207806e-09,0,0,0,0,0,1,-90,90
