F_BUS,T_BUS,BR_R,BR_X,BR_B,RATE_A,RATE_B,RATE_C,TAP,SHIFT,BR_STATUS,ANGMIN,ANGMAX
1,2,1.4455917520898212,0.9251787213374856,2.427537759901398e-09,0,0,0,0,0,1,-90,90
1,3,0.7257237412829133,0.46446319442106454,2.4373711079554105e-09,0,0,0,0,0,1,-90,90
2,4,1.4954699899033357,0.9571007935381348,2.511296750304191e-09,0,0,0,0,0,1,-90,90
3,7,1.1611447421647263,0.743132634985425,5.849623938932186e-09,0,0,0,0,0,1,-90,90
4,5,2.3792771617776527,1.5227373835376978,3.9954469463017555e-09,0,0,0,0,0,1,-90,90
7,26,0.4541354267217654,0.2906466731019298,2.2878469558551843e-09,0,0,0,0,0,1,-90,90
5,33,3.503893902029767,2.2424920972990505,5.8839812426772916e-09,0,0,0,0,0,1,-90,90
5,31,1.5290291035433943,0.9785786262677723,2.5676515374924088e-09,0,0,0,0,0,1,-90,90
31,32,1.4583398412861732,0.933337498423151,2.4489452339313226e-09,0,0,0,0,0,1,-90,90
26,11,0.1362043744939641,0.08717079967613704,6.86171448480922e-10,0,0,0,0,0,1,-90,90
8,9,3.0636543252767217,1.9607387681771018,5.1447004641130375e-09,0,0,0,0,0,1,-90,90
8,20,0.6028477415974564,0.3858225546223721,1.0123436676250324e-09,0,0,0,0,0,1,-90,90
9,12,0.656303230974045,0.4200340678233888,1.1021098265340616e-09,0,0,0,0,0,1,-90,90
9,10,0.9257113412139288,0.5924552583769145,1.5545185785109204e-09,0,0,0,0,0,1,-90,90
9,22,1.17161187220886,0.7498315982136705,1.9674517758033392e-09,0,0,0,0,0,1,-90,90
20,19,1.7920230180060313,1.14689473152386,3.009289127814425e-09,0,0,0,0,0,1,-90,90
12,24,3.9151490040307095,2.505695362579654,6.574589284412548e-09,0,0,0,0,0,1,-90,90
10,11,0.2594270833333333,0.1660333333333333,1.3069437615889693e-09,0,0,0,0,0,1,-90,90
10,29,0.3470540143440632,0.22211456918020048,1.7483913905726838e-09,0,0,0,0,0,1,-90,90
22,23,1.9146017209091186,1.225345101381836,3.215131772825926e-09,0,0,0,0,0,1,-90,90
29,28,0.31684926150613624,0.2027835273639272,1.5962256537319257e-09,0,0,0,0,0,1,-90,90
16,30,1.2859374999999997,0.8229999999999998,2.1594352856609555e-09,0,0,0,0,0,1,-90,90
16,27,0.8413698086991859,0.538476677567479,1.4128864374783613e-09,0,0,0,0,0,1,-90,90
30,35,0.13960937499999998,0.08934999999999998,2.3444172876525677e-10,0,0,0,0,0,1,-90,90
30,34,0.20257812499999994,0.12965,3.4018321359166804e-10,0,0,0,0,0,1,-90,90
27,28,0.6722246137384899,0.43022375279263353,1.128846114835831e-09,0,0,0,0,0,1,-90,90
19,21,0.97827526476293,0.6260961694482753,1.6427875583520852e-09,0,0,0,0,0,1,-90,90
