BUS_I,BUS_TYPE,Pd,Qd,Gs,Bs,area,Vm,Va,baseKV,zone,Vmax,Vmin
1,1,0.004767800674970964,0.0011949234853561364,0,0,1,1,0,0.4,1,1.1,0.9
2,1,0.0006053926292915355,0.00015172569490992042,0,0,1,1,0,0.4,1,1.1,0.9
4,1,0.0,0.0,0,0,1,1,0,0.4,1,1.1,0.9
10,1,0.0013707284966480145,0.0003435369438345066,0,0,1,1,0,0.4,1,1.1,0.9
6,1,0.0018504486600197246,0.00046376614985416267,0,0,1,1,0,0.4,1,1.1,0.9
7,1,0.002696688377861381,0.0006758538150114952,0,0,1,1,0,0.4,1,1.1,0.9
8,3,0.0,0.0,0,0,1,1,0,0.4,1,1.1,0.9
11,1,0.0,0.0,0,0,1,1,0,0.4,1,1.1,0.9
17,1,0.0009261037262175705,0.00023210347239189985,0,0,1,1,0,0.4,1,1.1,0.9
12,1,0.0011619990547715002,0.00029122441460213797,0,0,1,1,0,0.4,1,1.1,0.9
86,1,0.0,0.0,0,0,1,1,0,0.4,1,1.1,0.9
16,1,0.0035525866990038556,0.0008903621543342711,0,0,1,1,0,0.4,1,1.1,0.9
63,1,0.0005722678709153213,0.0001434238479098407,0,0,1,1,0,0.4,1,1.1,0.9
64,1,0.0,0.0,0,0,1,1,0,0.4,1,1.1,0.9
66,1,0.0,0.0,0,0,1,1,0,0.4,1,1.1,0.9
67,1,0.00034339269247564126,8.606232116474125e-05,0,0,1,1,0,0.4,1,1.1,0.9
68,1,0.001225219776535547,0.0003070690210248856,0,0,1,1,0,0.4,1,1.1,0.9
69,1,0.0,0.0,0,0,1,1,0,0.4,1,1.1,0.9
85,1,0.0,0.0,0,0,1,1,0,0.4,1,1.1,0.9
70,1,0.0,0.0,0,0,1,1,0,0.4,1,1.1,0.9
71,1,0.00043031427472292974,0.0001078469231420948,0,0,1,1,0,0.4,1,1.1,0.9
72,1,0.0001961429816162927,4.9158064944171026e-05,0,0,1,1,0,0.4,1,1.1,0.9
84,1,0.0016814668293216731,0.00042141531099473275,0,0,1,1,0,0.4,1,1.1,0.9
