BUS_I,BUS_TYPE,Pd,Qd,Gs,Bs,area,Vm,Va,baseKV,zone,Vmax,Vmin
149,1,0.0013148578252385656,0.0003295344336708088,0,0,1,1,0,0.4,1,1.1,0.9
127,1,0.0013991156237081533,0.00035065142850330104,0,0,1,1,0,0.4,1,1.1,0.9
120,1,0.007409726615014301,0.001857052539723242,0,0,1,1,0,0.4,1,1.1,0.9
92,1,0.0035800073628133224,0.0008972344204803776,0,0,1,1,0,0.4,1,1.1,0.9
93,1,0.002241810398937251,0.000561850647294949,0,0,1,1,0,0.4,1,1.1,0.9
97,1,0.003664035841178837,0.0009182939422772499,0,0,1,1,0,0.4,1,1.1,0.9
94,1,0.002083879090549464,0.0005222693303879165,0,0,1,1,0,0.4,1,1.1,0.9
95,1,0.0029340428615011425,0.0007353404559578382,0,0,1,1,0,0.4,1,1.1,0.9
96,1,0.0024528381279375444,0.0006147391815760841,0,0,1,1,0,0.4,1,1.1,0.9
122,3,0.0,0.0,0,0,1,1,0,0.4,1,1.1,0.9
98,1,0.0031838739238517523,0.0007979540222802254,0,0,1,1,0,0.4,1,1.1,0.9
100,1,0.0030127637914652275,0.0007550697807379127,0,0,1,1,0,0.4,1,1.1,0.9
110,1,0.004402545420518265,0.0011033818896710528,0,0,1,1,0,0.4,1,1.1,0.9
102,1,0.0005790714305083834,0.00014512898067355873,0,0,1,1,0,0.4,1,1.1,0.9
111,1,0.006422954539742384,0.0016097441458078007,0,0,1,1,0,0.4,1,1.1,0.9
112,1,0.00695651485621791,0.0017434669661340807,0,0,1,1,0,0.4,1,1.1,0.9
113,1,0.003168530871628476,0.0007941086909233834,0,0,1,1,0,0.4,1,1.1,0.9
114,1,0.004918692612237362,0.0012327405695595575,0,0,1,1,0,0.4,1,1.1,0.9
115,1,0.005983937987942161,0.0014997162264444664,0,0,1,1,0,0.4,1,1.1,0.9
116,1,0.003070868646802335,0.0007696322301750326,0,0,1,1,0,0.4,1,1.1,0.9
117,1,0.00449652628749477,0.0011269357151725856,0,0,1,1,0,0.4,1,1.1,0.9
118,1,0.005045976731789316,0.0012646409769243084,0,0,1,1,0,0.4,1,1.1,0.9
123,1,0.0072535098430503335,0.0018179009261488333,0,0,1,1,0,0.4,1,1.1,0.9
125,1,0.003987007696769071,0.0009992383192894395,0,0,1,1,0,0.4,1,1.1,0.9
