F_BUS,T_BUS,BR_R,BR_X,BR_B,RATE_A,RATE_B,RATE_C,TAP,SHIFT,BR_STATUS,ANGMIN,ANGMAX
1,2,2.512287838101078,1.60786421638469,4.218807683369017e-09,0,0,0,0,0,1,-90,90
2,5,5.084252077640475,3.253921329689904,8.537828111904246e-09,0,0,0,0,0,1,-90,90
5,17,3.1683756075199505,2.0277603888127684,5.3205556919415196e-09,0,0,0,0,0,1,-90,90
4,16,0.9096091334696611,0.5821498454205831,1.5274786363830838e-09,0,0,0,0,0,1,-90,90
4,13,1.0467592476890646,0.6699259185210013,1.7577906041714174e-09,0,0,0,0,0,1,-90,90
16,21,0.9084377122134044,0.5814001358165789,3.0510230094055707e-09,0,0,0,0,0,1,-90,90
13,14,1.2192720277176494,0.7803340977392956,2.047486008824593e-09,0,0,0,0,0,1,-90,90
17,18,0.4607783008683578,0.294898112555749,7.737708261575947e-10,0,0,0,0,0,1,-90,90
8,9,1.1366582317498084,0.7274612683198775,1.908755202626507e-09,0,0,0,0,0,1,-90,90
9,10,1.3468856903971278,0.8620068418541619,2.2617837069028433e-09,0,0,0,0,0,1,-90,90
21,20,0.3730391216661059,0.2387450378663078,1.2528662431226391e-09,0,0,0,0,0,1,-90,90
14,15,1.1018627963314027,0.7051921896520978,1.8503242983077187e-09,0,0,0,0,0,1,-90,90
15,11,0.5283513198992132,0.3381448447354965,8.872441183307124e-10,0,0,0,0,0,1,-90,90
18,19,0.4922479820134623,0.3150387084886159,8.266168936322878e-10,0,0,0,0,0,1,-90,90
12,10,0.7709456524027865,0.4934052175377833,1.2946253182020766e-09,0,0,0,0,0,1,-90,90
10,11,0.388507488134808,0.24864479240627713,6.524086735333634e-10,0,0,0,0,0,1,-90,90
20,19,0.17149628525469726,0.10975762256300625,5.759768724977222e-10,0,0,0,0,0,1,-90,90
