F_BUS,T_BUS,BR_R,BR_X,BR_B,RATE_A,RATE_B,RATE_C,TAP,SHIFT,BR_STATUS,ANGMIN,ANGMAX
14,15,1.4948676686841147,0.5749491033400441,1.5085849103421851e-09,0,0,0,0,0,1,-90,90
14,16,2.6252753715938866,1.0097212967668796,2.6493654883617703e-09,0,0,0,0,0,1,-90,90
16,18,0.07012421414477842,0.026970851594145542,7.076768969225141e-11,0,0,0,0,0,1,-90,90
18,26,11.088103469304846,4.2646551805018635,1.1189850398484223e-08,0,0,0,0,0,1,-90,90
26,24,2.7886721435589594,1.0725662090611383,2.814261625825307e-09,0,0,0,0,0,1,-90,90
21,29,6.253033846404804,2.405013017848002,6.310413090176084e-09,0,0,0,0,0,1,-90,90
21,27,4.913462338320413,1.8897932070463126,4.9585493729018066e-09,0,0,0,0,0,1,-90,90
27,30,4.314531622796675,1.659435239537183,4.354122734539287e-09,0,0,0,0,0,1,-90,90
27,25,6.321119999999999,2.4311999999999996,6.379124017617148e-09,0,0,0,0,0,1,-90,90
24,25,1.0903021498373109,0.419346980706658,1.1003070073795154e-09,0,0,0,0,0,1,-90,90
