BUS_I,BUS_TYPE,Pd,Qd,Gs,Bs,area,Vm,Va,baseKV,zone,Vmax,Vmin
1,1,0.007631499284689318,0.0019126340099797393,0,0,1,1,0,0.4,1,1.1,0.9
2,1,0.009845797699964163,0.0024675895042160626,0,0,1,1,0,0.4,1,1.1,0.9
4,1,0.01731328828122322,0.004339119058516598,0,0,1,1,0,0.4,1,1.1,0.9
3,1,0.014844615607882692,0.0037204113657816275,0,0,1,1,0,0.4,1,1.1,0.9
5,1,0.0,0.0,0,0,1,1,0,0.4,1,1.1,0.9
6,1,0.0,0.0,0,0,1,1,0,0.4,1,1.1,0.9
21,3,0.01639190543390898,0.004108198749905583,0,0,1,1,0,0.4,1,1.1,0.9
15,1,0.009490012886767986,0.002378421424842915,0,0,1,1,0,0.4,1,1.1,0.9
7,1,0.009070671848890285,0.0022733246540898606,0,0,1,1,0,0.4,1,1.1,0.9
23,1,0.0,0.0,0,0,1,1,0,0.4,1,1.1,0.9
13,1,0.010063198990003547,0.0025220754034648526,0,0,1,1,0,0.4,1,1.1,0.9
8,1,0.0074951657056009525,0.001878465594267533,0,0,1,1,0,0.4,1,1.1,0.9
9,1,0.0,0.0,0,0,1,1,0,0.4,1,1.1,0.9
11,1,0.01264862376302949,0.0031700439305738584,0,0,1,1,0,0.4,1,1.1,0.9
10,1,0.0,0.0,0,0,1,1,0,0.4,1,1.1,0.9
22,1,0.0,0.0,0,0,1,1,0,0.4,1,1.1,0.9
19,1,0.026545187541950514,0.006652851110906178,0,0,1,1,0,0.4,1,1.1,0.9
12,1,0.005920185978225357,0.0014837384667094236,0,0,1,1,0,0.4,1,1.1,0.9
14,1,0.00971976139194348,0.002436001827899789,0,0,1,1,0,0.4,1,1.1,0.9
16,1,0.0,0.0,0,0,1,1,0,0.4,1,1.1,0.9
24,1,0.014466044207088583,0.0036255324292380387,0,0,1,1,0,0.4,1,1.1,0.9
17,1,0.02553515285184786,0.006399712556149919,0,0,1,1,0,0.4,1,1.1,0.9
18,1,0.0,0.0,0,0,1,1,0,0.4,1,1.1,0.9
20,1,0.0,0.0,0,0,1,1,0,0.4,1,1.1,0.9
26,1,0.0028291672930776295,0.0007090561608934072,0,0,1,1,0,0.4,1,1.1,0.9
