F_BUS,T_BUS,BR_R,BR_X,BR_B,RATE_A,RATE_B,RATE_C,TAP,SHIFT,BR_STATUS,ANGMIN,ANGMAX
1,2,2.1258398361045794,0.817630706194069,2.1453470201644694e-09,0,0,0,0,0,1,-90,90
2,3,4.41025,1.6962499999999996,4.450719445081889e-09,0,0,0,0,0,1,-90,90
3,8,4.19497,1.6134499999999996,4.233463987423655e-09,0,0,0,0,0,1,-90,90
3,24,2.078684094279732,0.7994938824152816,2.0977585666556865e-09,0,0,0,0,0,1,-90,90
8,10,3.860089999999999,1.4846499999999996,3.895511053288623e-09,0,0,0,0,0,1,-90,90
8,25,2.30489559248192,0.8864983048007385,2.3260458324001647e-09,0,0,0,0,0,1,-90,90
24,16,3.382584545758471,1.3009940560609505,3.4136239016928107e-09,0,0,0,0,0,1,-90,90
10,9,2.530337877634664,0.9732068760133323,2.5535568266233976e-09,0,0,0,0,0,1,-90,90
10,11,3.8597518040690244,1.4845199246419325,3.895169753995786e-09,0,0,0,0,0,1,-90,90
16,23,3.4149406359222483,1.3134387061239416,3.446276898611069e-09,0,0,0,0,0,1,-90,90
16,14,5.409819999999999,2.0806999999999998,5.459461724027642e-09,0,0,0,0,0,1,-90,90
4,5,2.5930019266649764,0.9973084333326834,2.616795895049627e-09,0,0,0,0,0,1,-90,90
4,20,4.639995626746903,1.784613702594963,4.682573269328808e-09,0,0,0,0,0,1,-90,90
5,6,2.549670965532504,0.9806426790509633,2.573067319280366e-09,0,0,0,0,0,1,-90,90
6,11,4.563436498270834,1.7551678839503209,4.605311617085293e-09,0,0,0,0,0,1,-90,90
12,13,4.353176139926463,1.6742985153563321,4.393121862442545e-09,0,0,0,0,0,1,-90,90
12,14,2.980324893243995,1.1462788050938444,3.007673024210115e-09,0,0,0,0,0,1,-90,90
13,15,4.168920308165114,1.603430887755813,4.207175257762544e-09,0,0,0,0,0,1,-90,90
15,21,5.88222466107186,2.262394100412254,5.9362012764294e-09,0,0,0,0,0,1,-90,90
21,22,0.4820428193363155,0.18540108436012137,4.864661525723567e-10,0,0,0,0,0,1,-90,90
22,19,0.4615524872931315,0.1775201874204352,4.657877966377082e-10,0,0,0,0,0,1,-90,90
17,18,1.0588440707046005,0.40724771950176947,1.068560261843349e-09,0,0,0,0,0,1,-90,90
18,19,3.8797948264979625,1.4922287794222933,3.9153966957026475e-09,0,0,0,0,0,1,-90,90
