BUS_I,BUS_TYPE,Pd,Qd,Gs,Bs,area,Vm,Va,baseKV,zone,Vmax,Vmin
8,1,0.0,0.0,0,0,1,1,0,0.4,1,1.1,0.9
11,1,0.0,0.0,0,0,1,1,0,0.4,1,1.1,0.9
10,1,0.018832426409151854,0.004719850962031614,0,0,1,1,0,0.4,1,1.1,0.9
15,1,0.005670537708031511,0.0014211707124198677,0,0,1,1,0,0.4,1,1.1,0.9
16,1,0.004580882456879743,0.0011480773640804227,0,0,1,1,0,0.4,1,1.1,0.9
17,1,0.0,0.0,0,0,1,1,0,0.4,1,1.1,0.9
21,1,0.0,0.0,0,0,1,1,0,0.4,1,1.1,0.9
18,1,0.017349589573241012,0.00434821701989081,0,0,1,1,0,0.4,1,1.1,0.9
19,3,0.004889409942231951,0.0012254016406720548,0,0,1,1,0,0.4,1,1.1,0.9
20,1,0.0053769180276987,0.0013475826839533518,0,0,1,1,0,0.4,1,1.1,0.9
58,1,0.004870646519207297,0.0012206990835883387,0,0,1,1,0,0.4,1,1.1,0.9
46,1,0.005822146535510142,0.001459167466246542,0,0,1,1,0,0.4,1,1.1,0.9
47,1,0.0,0.0,0,0,1,1,0,0.4,1,1.1,0.9
48,1,0.014690604959782241,0.003681812658965666,0,0,1,1,0,0.4,1,1.1,0.9
50,1,0.025752604055969828,0.006454210965046992,0,0,1,1,0,0.4,1,1.1,0.9
49,1,0.005878005049909393,0.0014731669295762826,0,0,1,1,0,0.4,1,1.1,0.9
63,1,0.004658868479139781,0.0011676225036281436,0,0,1,1,0,0.4,1,1.1,0.9
51,1,0.005991792497748278,0.0015016847521595951,0,0,1,1,0,0.4,1,1.1,0.9
52,1,0.0,0.0,0,0,1,1,0,0.4,1,1.1,0.9
60,1,0.0,0.0,0,0,1,1,0,0.4,1,1.1,0.9
62,1,0.0,0.0,0,0,1,1,0,0.4,1,1.1,0.9
53,1,0.002618281056006258,0.0006562030878323153,0,0,1,1,0,0.4,1,1.1,0.9
54,1,0.002640789219402532,0.0006618441653202295,0,0,1,1,0,0.4,1,1.1,0.9
55,1,0.0030028951468530937,0.0007525964652577634,0,0,1,1,0,0.4,1,1.1,0.9
56,1,0.002067270537493891,0.0005181068346258619,0,0,1,1,0,0.4,1,1.1,0.9
57,1,0.002022914998717354,0.0005069902887375353,0,0,1,1,0,0.4,1,1.1,0.9
61,1,0.0,0.0,0,0,1,1,0,0.4,1,1.1,0.9
59,1,0.008011366688751196,0.0020078377555594706,0,0,1,1,0,0.4,1,1.1,0.9
