BUS_I,BUS_TYPE,Pd,Qd,Gs,Bs,area,Vm,Va,baseKV,zone,Vmax,Vmin
1,1,0.018310022399560234,0.004588924175770979,0,0,1,1,0,0.4,1,1.1,0.9
2,1,0.00778216121990623,0.0019503934502359092,0,0,1,1,0,0.4,1,1.1,0.9
3,1,0.025010068912683613,0.006268114116226779,0,0,1,1,0,0.4,1,1.1,0.9
4,3,0.03788460641666577,0.009494777367349445,0,0,1,1,0,0.4,1,1.1,0.9
6,1,0.027236420130069505,0.006826090327411788,0,0,1,1,0,0.4,1,1.1,0.9
7,1,0.03215073466415424,0.00805773364715703,0,0,1,1,0,0.4,1,1.1,0.9
8,1,0.0,0.0,0,0,1,1,0,0.4,1,1.1,0.9
9,1,0.016931801604979674,0.004243509485073882,0,0,1,1,0,0.4,1,1.1,0.9
