BUS_I,BUS_TYPE,Pd,Qd,Gs,Bs,area,Vm,Va,baseKV,zone,Vmax,Vmin
1,1,0.030098618610936972,0.007543424884305784,0,0,1,1,0,0.4,1,1.1,0.9
2,1,0.009306719945851123,0.002332483883671925,0,0,1,1,0,0.4,1,1.1,0.9
3,1,0.020437530570783145,0.005122127984484484,0,0,1,1,0,0.4,1,1.1,0.9
4,1,0.01753591596870315,0.004394914816434249,0,0,1,1,0,0.4,1,1.1,0.9
5,1,0.0,0.0,0,0,1,1,0,0.4,1,1.1,0.9
6,1,0.0,0.0,0,0,1,1,0,0.4,1,1.1,0.9
23,1,0.0,0.0,0,0,1,1,0,0.4,1,1.1,0.9
20,1,0.00116641434241963,0.0002923309899950753,0,0,1,1,0,0.4,1,1.1,0.9
13,3,0.005852340956643494,0.0014667349015062376,0,0,1,1,0,0.4,1,1.1,0.9
24,1,0.00469300673880404,0.0011761783579943201,0,0,1,1,0,0.4,1,1.1,0.9
21,1,0.00380563385090384,0.0009537817486757679,0,0,1,1,0,0.4,1,1.1,0.9
14,1,0.0,0.0,0,0,1,1,0,0.4,1,1.1,0.9
17,1,0.005849761355114106,0.0014660883924215546,0,0,1,1,0,0.4,1,1.1,0.9
15,1,0.0,0.0,0,0,1,1,0,0.4,1,1.1,0.9
28,1,0.01991721519281573,0.004991724658651446,0,0,1,1,0,0.4,1,1.1,0.9
16,1,0.0,0.0,0,0,1,1,0,0.4,1,1.1,0.9
29,1,0.02080435090798627,0.005214061826880893,0,0,1,1,0,0.4,1,1.1,0.9
12,1,0.0,0.0,0,0,1,1,0,0.4,1,1.1,0.9
7,1,0.006599403872410083,0.00165396651707573,0,0,1,1,0,0.4,1,1.1,0.9
8,1,0.0,0.0,0,0,1,1,0,0.4,1,1.1,0.9
10,1,0.0,0.0,0,0,1,1,0,0.4,1,1.1,0.9
11,1,0.0065423033195230575,0.0016396557695585968,0,0,1,1,0,0.4,1,1.1,0.9
19,1,0.006542923332486705,0.0016398111594546924,0,0,1,1,0,0.4,1,1.1,0.9
18,1,0.005852336754754575,0.0014667338484136078,0,0,1,1,0,0.4,1,1.1,0.9
30,1,0.0183366776112434,0.004595604601530922,0,0,1,1,0,0.4,1,1.1,0.9
27,1,0.003854845615572278,0.0009661153794978017,0,0,1,1,0,0.4,1,1.1,0.9
26,1,0.0,0.0,0,0,1,1,0,0.4,1,1.1,0.9
22,1,0.0,0.0,0,0,1,1,0,0.4,1,1.1,0.9
25,1,0.05271449275189819,0.013211497229435371,0,0,1,1,0,0.4,1,1.1,0.9
