BUS_I,BUS_TYPE,Pd,Qd,Gs,Bs,area,Vm,Va,baseKV,zone,Vmax,Vmin
1,1,0.07589225741010105,0.019020392612485906,0,0,1,1,0,0.4,1,1.1,0.9
2,3,0.0,0.0,0,0,1,1,0,0.4,1,1.1,0.9
3,1,0.0,0.0,0,0,1,1,0,0.4,1,1.1,0.9
4,1,0.09546750444991593,0.023926411973218816,0,0,1,1,0,0.4,1,1.1,0.9
14,1,0.06649753529887106,0.016665853307175776,0,0,1,1,0,0.4,1,1.1,0.9
5,1,0.0,0.0,0,0,1,1,0,0.4,1,1.1,0.9
13,1,0.0,0.0,0,0,1,1,0,0.4,1,1.1,0.9
10,1,0.0,0.0,0,0,1,1,0,0.4,1,1.1,0.9
12,1,0.0,0.0,0,0,1,1,0,0.4,1,1.1,0.9
16,1,0.014362953961443525,0.0035996955782389845,0,0,1,1,0,0.4,1,1.1,0.9
11,1,0.0,0.0,0,0,1,1,0,0.4,1,1.1,0.9
18,1,0.03435329014123564,0.008609746083662755,0,0,1,1,0,0.4,1,1.1,0.9
17,1,0.0201527869618493,0.0050507645092019975,0,0,1,1,0,0.4,1,1.1,0.9
15,1,0.05628869399460682,0.014107276499051679,0,0,1,1,0,0.4,1,1.1,0.9
