BUS_I,BUS_TYPE,Pd,Qd,Gs,Bs,area,Vm,Va,baseKV,zone,Vmax,Vmin
5,1,0.0,0.0,0,0,1,1,0,0.4,1,1.1,0.9
61,1,0.0046819807833524294,0.0011734149930770776,0,0,1,1,0,0.4,1,1.1,0.9
9,1,0.0,0.0,0,0,1,1,0,0.4,1,1.1,0.9
62,1,0.004187996266961252,0.0010496108032046253,0,0,1,1,0,0.4,1,1.1,0.9
6,1,0.0,0.0,0,0,1,1,0,0.4,1,1.1,0.9
10,1,0.0,0.0,0,0,1,1,0,0.4,1,1.1,0.9
63,1,0.026078881418982906,0.0065359837803098215,0,0,1,1,0,0.4,1,1.1,0.9
8,1,0.0,0.0,0,0,1,1,0,0.4,1,1.1,0.9
64,1,0.016190098389339574,0.004057621136975538,0,0,1,1,0,0.4,1,1.1,0.9
13,1,0.0,0.0,0,0,1,1,0,0.4,1,1.1,0.9
12,1,0.0,0.0,0,0,1,1,0,0.4,1,1.1,0.9
67,1,0.00533332457957412,0.0013366571359863047,0,0,1,1,0,0.4,1,1.1,0.9
66,1,0.043855924466882024,0.01099133073926193,0,0,1,1,0,0.4,1,1.1,0.9
11,1,0.0,0.0,0,0,1,1,0,0.4,1,1.1,0.9
55,1,0.004072499263548126,0.0010206645256072627,0,0,1,1,0,0.4,1,1.1,0.9
72,1,0.0022069087212307627,0.0005531034623321322,0,0,1,1,0,0.4,1,1.1,0.9
65,1,0.004903566488283951,0.001228949605551934,0,0,1,1,0,0.4,1,1.1,0.9
40,1,0.0019179261051122838,0.000480677591705372,0,0,1,1,0,0.4,1,1.1,0.9
41,1,0.002413061050028499,0.0006047701061443288,0,0,1,1,0,0.4,1,1.1,0.9
43,1,0.003043469101922261,0.000762765256931553,0,0,1,1,0,0.4,1,1.1,0.9
49,1,0.005896774712747616,0.0014778710505046907,0,0,1,1,0,0.4,1,1.1,0.9
44,1,0.0,0.0,0,0,1,1,0,0.4,1,1.1,0.9
45,1,0.0,0.0,0,0,1,1,0,0.4,1,1.1,0.9
48,1,0.0017478892213653589,0.0004380623316269483,0,0,1,1,0,0.4,1,1.1,0.9
69,3,0.011884047427848892,0.0029784230383560046,0,0,1,1,0,0.4,1,1.1,0.9
46,1,0.0,0.0,0,0,1,1,0,0.4,1,1.1,0.9
60,1,0.0029968311186545243,0.0007510766765324563,0,0,1,1,0,0.4,1,1.1,0.9
59,1,0.0011144470567276243,0.00027930676050713274,0,0,1,1,0,0.4,1,1.1,0.9
47,1,0.0,0.0,0,0,1,1,0,0.4,1,1.1,0.9
50,1,0.0015858214712228481,0.00039744432469541985,0,0,1,1,0,0.4,1,1.1,0.9
51,1,0.0041912957052922415,0.0010504377203974687,0,0,1,1,0,0.4,1,1.1,0.9
52,1,0.005360482040796077,0.0013434634373459904,0,0,1,1,0,0.4,1,1.1,0.9
53,1,0.01725528120697759,0.004324581115331016,0,0,1,1,0,0.4,1,1.1,0.9
54,1,0.002395324525205203,0.0006003249140096791,0,0,1,1,0,0.4,1,1.1,0.9
56,1,0.0039729263857934665,0.0009957092100970851,0,0,1,1,0,0.4,1,1.1,0.9
57,1,0.003059888085064315,0.000766880241994813,0,0,1,1,0,0.4,1,1.1,0.9
58,1,0.01881403023414486,0.004715240445977121,0,0,1,1,0,0.4,1,1.1,0.9
68,1,0.009008708934549524,0.0022577952839222754,0,0,1,1,0,0.4,1,1.1,0.9
70,1,0.0,0.0,0,0,1,1,0,0.4,1,1.1,0.9
71,1,0.01078217282817313,0.0027022672326022378,0,0,1,1,0,0.4,1,1.1,0.9
