BUS_I,BUS_TYPE,Pd,Qd,Gs,Bs,area,Vm,Va,baseKV,zone,Vmax,Vmin
1,1,0.05579140112960722,0.013982643158860358,0,0,1,1,0,0.4,1,1.1,0.9
2,1,0.007318039704652266,0.0018340736339425374,0,0,1,1,0,0.4,1,1.1,0.9
3,1,0.0,0.0,0,0,1,1,0,0.4,1,1.1,0.9
4,1,0.005167110399967737,0.0012949999358744147,0,0,1,1,0,0.4,1,1.1,0.9
5,1,0.016160618140892653,0.004050232690262929,0,0,1,1,0,0.4,1,1.1,0.9
6,3,0.014309228130963098,0.00358623061588258,0,0,1,1,0,0.4,1,1.1,0.9
17,1,0.009571196612157534,0.0023987679843385603,0,0,1,1,0,0.4,1,1.1,0.9
23,1,0.0,0.0,0,0,1,1,0,0.4,1,1.1,0.9
22,1,0.016026790990173335,0.004016692444712756,0,0,1,1,0,0.4,1,1.1,0.9
15,1,0.006625821877188906,0.0016605874931815861,0,0,1,1,0,0.4,1,1.1,0.9
24,1,0.0,0.0,0,0,1,1,0,0.4,1,1.1,0.9
21,1,0.015671374317808927,0.003927616630129138,0,0,1,1,0,0.4,1,1.1,0.9
10,1,0.007634870379004673,0.001913478885855091,0,0,1,1,0,0.4,1,1.1,0.9
7,1,0.019129491547212767,0.004794302503601504,0,0,1,1,0,0.4,1,1.1,0.9
8,1,0.028310497604219775,0.007095279516819748,0,0,1,1,0,0.4,1,1.1,0.9
13,1,0.0,0.0,0,0,1,1,0,0.4,1,1.1,0.9
14,1,0.0,0.0,0,0,1,1,0,0.4,1,1.1,0.9
12,1,0.022440828416734192,0.0056242017512962315,0,0,1,1,0,0.4,1,1.1,0.9
19,1,0.040263965241462515,0.010091100899657415,0,0,1,1,0,0.4,1,1.1,0.9
20,1,0.023822509800410334,0.005970483747374862,0,0,1,1,0,0.4,1,1.1,0.9
26,1,0.025987960704964716,0.006513196901433778,0,0,1,1,0,0.4,1,1.1,0.9
25,1,0.015189739728616867,0.0038069076237718306,0,0,1,1,0,0.4,1,1.1,0.9
16,1,0.00513788916597983,0.0012876764043042847,0,0,1,1,0,0.4,1,1.1,0.9
18,1,0.013522612613849818,0.0033890861840109717,0,0,1,1,0,0.4,1,1.1,0.9
