BUS_I,BUS_TYPE,Pd,Qd,Gs,Bs,area,Vm,Va,baseKV,zone,Vmax,Vmin
1,1,0.004872246210386971,0.0012211000039896347,0,0,1,1,0,0.4,1,1.1,0.9
3,1,0.0,0.0,0,0,1,1,0,0.4,1,1.1,0.9
2,1,0.0,0.0,0,0,1,1,0,0.4,1,1.1,0.9
4,1,0.0019101806390423213,0.00047873639492661117,0,0,1,1,0,0.4,1,1.1,0.9
5,1,0.0,0.0,0,0,1,1,0,0.4,1,1.1,0.9
6,1,0.0,0.0,0,0,1,1,0,0.4,1,1.1,0.9
14,1,0.008347352512578248,0.0020920437404583925,0,0,1,1,0,0.4,1,1.1,0.9
16,1,0.004997135417951933,0.0012524001898321982,0,0,1,1,0,0.4,1,1.1,0.9
11,1,0.03679438574957552,0.00922154231241823,0,0,1,1,0,0.4,1,1.1,0.9
10,1,0.0,0.0,0,0,1,1,0,0.4,1,1.1,0.9
12,3,0.009908493035202769,0.0024833024363636177,0,0,1,1,0,0.4,1,1.1,0.9
7,1,0.0037308388518309415,0.0009350363549246037,0,0,1,1,0,0.4,1,1.1,0.9
8,1,0.0020055640139146416,0.0005026417220401776,0,0,1,1,0,0.4,1,1.1,0.9
15,1,0.008036742735975618,0.0020141975924866202,0,0,1,1,0,0.4,1,1.1,0.9
25,1,0.0022363395300504466,0.0005604795183061754,0,0,1,1,0,0.4,1,1.1,0.9
13,1,0.0,0.0,0,0,1,1,0,0.4,1,1.1,0.9
24,1,0.021708315448881993,0.005440616696407198,0,0,1,1,0,0.4,1,1.1,0.9
22,1,0.0,0.0,0,0,1,1,0,0.4,1,1.1,0.9
20,1,0.0,0.0,0,0,1,1,0,0.4,1,1.1,0.9
17,1,0.006103559267713396,0.0015296961451305336,0,0,1,1,0,0.4,1,1.1,0.9
19,1,0.0,0.0,0,0,1,1,0,0.4,1,1.1,0.9
21,1,0.0024263552713066324,0.0006081019520640116,0,0,1,1,0,0.4,1,1.1,0.9
