BUS_I,BUS_TYPE,Pd,Qd,Gs,Bs,area,Vm,Va,baseKV,zone,Vmax,Vmin
1,1,0.02804646772117783,0.007029107390594153,0,0,1,1,0,0.4,1,1.1,0.9
2,1,0.0,0.0,0,0,1,1,0,0.4,1,1.1,0.9
4,1,0.0,0.0,0,0,1,1,0,0.4,1,1.1,0.9
5,1,0.00916291246460867,0.002296442331513798,0,0,1,1,0,0.4,1,1.1,0.9
29,1,0.009431376661523256,0.0023637258015536747,0,0,1,1,0,0.4,1,1.1,0.9
15,1,0.008864590148790584,0.002221675711497949,0,0,1,1,0,0.4,1,1.1,0.9
25,1,0.009463409155250157,0.0023717539012285903,0,0,1,1,0,0.4,1,1.1,0.9
16,3,0.009009966393049454,0.002258110432729002,0,0,1,1,0,0.4,1,1.1,0.9
6,1,0.005184089276445942,0.0012992552434348322,0,0,1,1,0,0.4,1,1.1,0.9
8,1,0.0,0.0,0,0,1,1,0,0.4,1,1.1,0.9
10,1,0.00989878921524419,0.0024808704298355253,0,0,1,1,0,0.4,1,1.1,0.9
9,1,0.0,0.0,0,0,1,1,0,0.4,1,1.1,0.9
31,1,0.0,0.0,0,0,1,1,0,0.4,1,1.1,0.9
13,1,0.016237057275332038,0.00406939014317857,0,0,1,1,0,0.4,1,1.1,0.9
17,1,0.029337022097337566,0.007352550805772536,0,0,1,1,0,0.4,1,1.1,0.9
30,1,0.0107309154109556,0.0026894209129241825,0,0,1,1,0,0.4,1,1.1,0.9
11,1,0.007660920641946399,0.001920007697168907,0,0,1,1,0,0.4,1,1.1,0.9
18,1,0.020318269940263145,0.005092238453020882,0,0,1,1,0,0.4,1,1.1,0.9
12,1,0.0145360331580237,0.0036430733137860945,0,0,1,1,0,0.4,1,1.1,0.9
14,1,0.00859830729039207,0.0021549389364229118,0,0,1,1,0,0.4,1,1.1,0.9
27,1,0.007451349653240765,0.0018674842564201613,0,0,1,1,0,0.4,1,1.1,0.9
28,1,0.016155759799292714,0.004049015075082805,0,0,1,1,0,0.4,1,1.1,0.9
20,1,0.013992354219923116,0.0035068145278346814,0,0,1,1,0,0.4,1,1.1,0.9
21,1,0.010010427470231042,0.0025088496139168267,0,0,1,1,0,0.4,1,1.1,0.9
19,1,0.016038790069142377,0.004019699697372881,0,0,1,1,0,0.4,1,1.1,0.9
32,1,0.0,0.0,0,0,1,1,0,0.4,1,1.1,0.9
33,1,0.007745845529998258,0.0019412918804102767,0,0,1,1,0,0.4,1,1.1,0.9
34,1,0.01612455821496155,0.004041195220932158,0,0,1,1,0,0.4,1,1.1,0.9
23,1,0.05031866718017467,0.012611046741331303,0,0,1,1,0,0.4,1,1.1,0.9
24,1,0.0,0.0,0,0,1,1,0,0.4,1,1.1,0.9
26,1,0.009072296788397417,0.002273731902318493,0,0,1,1,0,0.4,1,1.1,0.9
