F_BUS,T_BUS,BR_R,BR_X,BR_B,RATE_A,RATE_B,RATE_C,TAP,SHIFT,BR_STATUS,ANGMIN,ANGMAX
1,3,2.167859567281491,1.3874301230601542,3.6404198835054905e-09,0,0,0,0,0,1,-90,90
3,5,3.8573426327836215,2.468699284981518,6.477516823420486e-09,0,0,0,0,0,1,-90,90
5,16,0.9480513669806405,0.60675287486761,1.5920334965557027e-09,0,0,0,0,0,1,-90,90
5,4,1.6663439817729822,1.0664601483347085,2.7982401884145643e-09,0,0,0,0,0,1,-90,90
4,19,3.2845833103390762,2.102133318617009,5.515699712497125e-09,0,0,0,0,0,1,-90,90
4,18,0.6781533666360272,0.43401815464705745,1.1388020871960015e-09,0,0,0,0,0,1,-90,90
19,12,0.8491656531509401,0.5434660180166017,1.425977759249942e-09,0,0,0,0,0,1,-90,90
7,10,1.0026697997290666,0.6417086718266026,1.6837525504945224e-09,0,0,0,0,0,1,-90,90
7,13,0.45580387859357685,0.2917144822998892,7.654174318550413e-10,0,0,0,0,0,1,-90,90
10,20,1.1972061452788616,0.7662119329784716,2.0104314512371794e-09,0,0,0,0,0,1,-90,90
13,14,1.6862505411573514,1.079200346340705,2.831668661221922e-09,0,0,0,0,0,1,-90,90
9,15,1.0852829098549281,0.694581062307154,1.82248220497927e-09,0,0,0,0,0,1,-90,90
9,11,0.5116476890831231,0.32745452101319883,1.7183884498787564e-09,0,0,0,0,0,1,-90,90
9,17,1.180624467795949,0.7555996593894074,1.982586350326714e-09,0,0,0,0,0,1,-90,90
15,14,1.3287064635021373,0.8503721366413678,2.2312558904085893e-09,0,0,0,0,0,1,-90,90
11,12,0.3861328124999999,0.24712499999999996,1.2968419075794982e-09,0,0,0,0,0,1,-90,90
11,21,0.26404661428788845,0.16898983314424862,4.4340535675534355e-10,0,0,0,0,0,1,-90,90
12,22,3.376427300889488,2.1609134725692725,5.6699305005179026e-09,0,0,0,0,0,1,-90,90
22,24,1.7567187499999997,1.1242999999999999,2.9500037565839754e-09,0,0,0,0,0,1,-90,90
22,23,1.4910670181606902,0.9542828916228419,2.5039029753012564e-09,0,0,0,0,0,1,-90,90
25,24,2.3215476840413434,1.4857905177864597,3.898503610216941e-09,0,0,0,0,0,1,-90,90
