BUS_I,BUS_TYPE,Pd,Qd,Gs,Bs,area,Vm,Va,baseKV,zone,Vmax,Vmin
1,1,0.020859156179525728,0.005227797322667788,0,0,1,1,0,0.4,1,1.1,0.9
2,3,0.0,0.0,0,0,1,1,0,0.4,1,1.1,0.9
3,1,0.0,0.0,0,0,1,1,0,0.4,1,1.1,0.9
4,1,0.0,0.0,0,0,1,1,0,0.4,1,1.1,0.9
13,1,0.03909657700126995,0.009798525827872736,0,0,1,1,0,0.4,1,1.1,0.9
11,1,0.0,0.0,0,0,1,1,0,0.4,1,1.1,0.9
9,1,0.0,0.0,0,0,1,1,0,0.4,1,1.1,0.9
6,1,0.0,0.0,0,0,1,1,0,0.4,1,1.1,0.9
25,1,0.00615827547749143,0.001543409319935989,0,0,1,1,0,0.4,1,1.1,0.9
5,1,0.0,0.0,0,0,1,1,0,0.4,1,1.1,0.9
7,1,0.0,0.0,0,0,1,1,0,0.4,1,1.1,0.9
24,1,0.08381627512042888,0.02100633865048934,0,0,1,1,0,0.4,1,1.1,0.9
30,1,0.003100937167674967,0.0007771681118550795,0,0,1,1,0,0.4,1,1.1,0.9
32,1,0.07174948506394009,0.017982115992219723,0,0,1,1,0,0.4,1,1.1,0.9
19,1,0.0,0.0,0,0,1,1,0,0.4,1,1.1,0.9
8,1,0.0,0.0,0,0,1,1,0,0.4,1,1.1,0.9
14,1,0.0629197046583923,0.015769164424736096,0,0,1,1,0,0.4,1,1.1,0.9
31,1,0.02506287456763605,0.0062813484608573176,0,0,1,1,0,0.4,1,1.1,0.9
22,1,0.04765807031180763,0.011944238311237667,0,0,1,1,0,0.4,1,1.1,0.9
23,1,0.039543602843620206,0.00991056106466222,0,0,1,1,0,0.4,1,1.1,0.9
17,1,0.0,0.0,0,0,1,1,0,0.4,1,1.1,0.9
15,1,0.0107998402357924,0.002706695102332709,0,0,1,1,0,0.4,1,1.1,0.9
16,1,0.004032087234558209,0.0010105363164343323,0,0,1,1,0,0.4,1,1.1,0.9
18,1,0.01071879687358557,0.0026863837211666425,0,0,1,1,0,0.4,1,1.1,0.9
20,1,0.0,0.0,0,0,1,1,0,0.4,1,1.1,0.9
21,1,0.0,0.0,0,0,1,1,0,0.4,1,1.1,0.9
28,1,0.0,0.0,0,0,1,1,0,0.4,1,1.1,0.9
27,1,0.0382001719615594,0.009573865547931763,0,0,1,1,0,0.4,1,1.1,0.9
26,1,0.05926630188796827,0.014853535381189421,0,0,1,1,0,0.4,1,1.1,0.9
29,1,0.0028122645199285946,0.0007048199266251715,0,0,1,1,0,0.4,1,1.1,0.9
