F_BUS,T_BUS,BR_R,BR_X,BR_B,RATE_A,RATE_B,RATE_C,TAP,SHIFT,BR_STATUS,ANGMIN,ANGMAX
1,2,0.5909737790812957,0.22729760733895987,5.963966872831816e-10,0,0,0,0,0,1,-90,90
1,3,3.0000871639171347,1.1538796784296672,3.027616637919976e-09,0,0,0,0,0,1,-90,90
2,4,0.5362492222631019,0.20624970087042382,5.411699656337913e-10,0,0,0,0,0,1,-90,90
3,5,4.497181829674987,1.7296853191057644,4.5384489807615035e-09,0,0,0,0,0,1,-90,90
5,16,6.705308115980336,2.5789646599924367,6.766837530085392e-09,0,0,0,0,0,1,-90,90
16,18,8.997776213735204,3.4606831591289247,9.080341830274153e-09,0,0,0,0,0,1,-90,90
16,14,4.7354998959360755,1.8213461138215676,4.7789539071540075e-09,0,0,0,0,0,1,-90,90
14,15,0.5496451504749268,0.21140198095189494,5.546888178932529e-10,0,0,0,0,0,1,-90,90
6,7,2.5454569017064395,0.9790218852717075,2.568814586257639e-09,0,0,0,0,0,1,-90,90
6,8,0.52934674056915,0.20359490021890386,1.0684082904333472e-09,0,0,0,0,0,1,-90,90
7,9,1.4214726412279994,0.5467202466261537,1.4345163936206272e-09,0,0,0,0,0,1,-90,90
8,10,0.6855066942312025,0.2636564208581548,6.91797057706166e-10,0,0,0,0,0,1,-90,90
9,11,4.692030378669674,1.8046270687191057,4.735085503828596e-09,0,0,0,0,0,1,-90,90
10,13,2.154053768060953,0.8284822184849819,2.1738198495007764e-09,0,0,0,0,0,1,-90,90
11,12,9.898703726566717,3.8071937409871994,9.989536456421986e-09,0,0,0,0,0,1,-90,90
13,17,3.8501373212104735,1.4808220466194129,3.885467046481935e-09,0,0,0,0,0,1,-90,90
17,15,6.4759516874972896,2.490750649037419,6.535376475473062e-09,0,0,0,0,0,1,-90,90
