F_BUS,T_BUS,BR_R,BR_X,BR_B,RATE_A,RATE_B,RATE_C,TAP,SHIFT,BR_STATUS,ANGMIN,ANGMAX
1,2,2.36414570434533,0.9092868093635884,2.3858396366048597e-09,0,0,0,0,0,1,-90,90
1,3,3.3323850416708436,1.2816865544887859,3.362963755674724e-09,0,0,0,0,0,1,-90,90
2,5,3.5295351900665213,1.3575135346409697,3.561922998136131e-09,0,0,0,0,0,1,-90,90
5,7,15.925581815047694,6.125223775018344,1.607171853261727e-08,0,0,0,0,0,1,-90,90
5,16,1.0406678413770578,0.4002568620680992,1.0502172433508913e-09,0,0,0,0,0,1,-90,90
7,47,9.258694636363005,3.5610363986011557,9.343654498982195e-09,0,0,0,0,0,1,-90,90
7,41,2.663890301733856,1.02457319297456,2.688334757778343e-09,0,0,0,0,0,1,-90,90
47,82,3.625829999999999,1.3945499999999997,3.659101430885158e-09,0,0,0,0,0,1,-90,90
47,45,0.4435599999999999,0.17059999999999997,4.4763020623786024e-10,0,0,0,0,0,1,-90,90
41,40,0.7466287968260383,0.2871649218561686,7.534800304499167e-10,0,0,0,0,0,1,-90,90
11,46,3.7915799999999993,1.4582999999999997,3.8263723901328936e-09,0,0,0,0,0,1,-90,90
11,49,1.3103674762269808,0.5039874908565312,1.3223917026577418e-09,0,0,0,0,0,1,-90,90
46,44,1.2283868398387705,0.4724564768610657,1.2396587935271494e-09,0,0,0,0,0,1,-90,90
49,50,2.6258482146186273,1.0099416210071646,2.6499435879228367e-09,0,0,0,0,0,1,-90,90
40,42,3.430921318458447,1.3195851224840183,3.462404223481437e-09,0,0,0,0,0,1,-90,90
43,44,1.9036815865414312,0.7321852255928581,1.9211501965793983e-09,0,0,0,0,0,1,-90,90
43,45,3.686506603466673,1.4178871551794896,3.7203348165006328e-09,0,0,0,0,0,1,-90,90
45,48,1.5349099999999998,0.5903499999999999,1.5489946790886329e-09,0,0,0,0,0,1,-90,90
48,53,1.0329799999999998,0.39729999999999993,1.0424588566137271e-09,0,0,0,0,0,1,-90,90
48,52,5.920122679148727,2.2769702612110487,5.9744470552366725e-09,0,0,0,0,0,1,-90,90
50,51,2.049300429948027,0.7881924730569337,2.0681052712169068e-09,0,0,0,0,0,1,-90,90
51,79,1.4093775162779694,0.5420682754915267,1.4223102810860102e-09,0,0,0,0,0,1,-90,90
