BUS_I,BUS_TYPE,Pd,Qd,Gs,Bs,area,Vm,Va,baseKV,zone,Vmax,Vmin
1,1,0.015493611013208784,0.0038830649464532013,0,0,1,1,0,0.4,1,1.1,0.9
2,1,0.014538019393408009,0.003643571111296929,0,0,1,1,0,0.4,1,1.1,0.9
3,3,0.02826544832143017,0.007083989102292492,0,0,1,1,0,0.4,1,1.1,0.9
4,1,0.0,0.0,0,0,1,1,0,0.4,1,1.1,0.9
24,1,0.016382519264783298,0.00410584635418051,0,0,1,1,0,0.4,1,1.1,0.9
22,1,0.017382567953740415,0.004356482181136877,0,0,1,1,0,0.4,1,1.1,0.9
15,1,0.0,0.0,0,0,1,1,0,0.4,1,1.1,0.9
5,1,0.010846032945098795,0.0027182720865577843,0,0,1,1,0,0.4,1,1.1,0.9
6,1,0.0069248464838294185,0.0017355301238687014,0,0,1,1,0,0.4,1,1.1,0.9
7,1,0.0,0.0,0,0,1,1,0,0.4,1,1.1,0.9
9,1,0.0,0.0,0,0,1,1,0,0.4,1,1.1,0.9
10,1,0.00930625988701931,0.00233236858206008,0,0,1,1,0,0.4,1,1.1,0.9
8,1,0.01862400551984967,0.004667615763363728,0,0,1,1,0,0.4,1,1.1,0.9
31,1,0.018760550036687168,0.004701837045059135,0,0,1,1,0,0.4,1,1.1,0.9
14,1,0.0,0.0,0,0,1,1,0,0.4,1,1.1,0.9
21,1,0.003091670559620698,0.0007748456809590556,0,0,1,1,0,0.4,1,1.1,0.9
11,1,0.0,0.0,0,0,1,1,0,0.4,1,1.1,0.9
29,1,0.004395746899689115,0.0011016780197406085,0,0,1,1,0,0.4,1,1.1,0.9
28,1,0.02927149171681561,0.007336127344300861,0,0,1,1,0,0.4,1,1.1,0.9
13,1,0.0,0.0,0,0,1,1,0,0.4,1,1.1,0.9
16,1,0.0,0.0,0,0,1,1,0,0.4,1,1.1,0.9
27,1,0.01914490774945381,0.00479816616808092,0,0,1,1,0,0.4,1,1.1,0.9
26,1,0.010968665857569584,0.002749006791546235,0,0,1,1,0,0.4,1,1.1,0.9
23,1,0.008046339500421511,0.0020166027683741162,0,0,1,1,0,0.4,1,1.1,0.9
19,1,0.006655906632167112,0.00166812744351201,0,0,1,1,0,0.4,1,1.1,0.9
30,1,0.019667824033989836,0.004929221342544789,0,0,1,1,0,0.4,1,1.1,0.9
18,1,0.010259924147125971,0.0025713793753443805,0,0,1,1,0,0.4,1,1.1,0.9
20,1,0.010582340252454829,0.0026521844682118284,0,0,1,1,0,0.4,1,1.1,0.9
