BUS_I,BUS_TYPE,Pd,Qd,Gs,Bs,area,Vm,Va,baseKV,zone,Vmax,Vmin
1,1,0.02742327281691294,0.0068729200250086725,0,0,1,1,0,0.4,1,1.1,0.9
2,1,0.03432010529847555,0.008601429178096621,0,0,1,1,0,0.4,1,1.1,0.9
4,1,0.026905320445551825,0.006743108924455677,0,0,1,1,0,0.4,1,1.1,0.9
12,3,0.021735464868025578,0.005447420982232055,0,0,1,1,0,0.4,1,1.1,0.9
6,1,0.0,0.0,0,0,1,1,0,0.4,1,1.1,0.9
7,1,0.0,0.0,0,0,1,1,0,0.4,1,1.1,0.9
11,1,0.01944424958766807,0.0048731883044948075,0,0,1,1,0,0.4,1,1.1,0.9
17,1,0.02210524788995211,0.00554009734341166,0,0,1,1,0,0.4,1,1.1,0.9
8,1,0.0,0.0,0,0,1,1,0,0.4,1,1.1,0.9
15,1,0.05569244994734424,0.01395784365492755,0,0,1,1,0,0.4,1,1.1,0.9
14,1,0.05373854242970248,0.013468148271204685,0,0,1,1,0,0.4,1,1.1,0.9
9,1,0.0,0.0,0,0,1,1,0,0.4,1,1.1,0.9
13,1,0.043520172096512245,0.010907183263314588,0,0,1,1,0,0.4,1,1.1,0.9
10,1,0.0943063889096044,0.023635408988212803,0,0,1,1,0,0.4,1,1.1,0.9
16,1,0.030622881357238667,0.007674817513897418,0,0,1,1,0,0.4,1,1.1,0.9
