BUS_I,BUS_TYPE,Pd,Qd,Gs,Bs,area,Vm,Va,baseKV,zone,Vmax,Vmin
1,1,0.036811732241113566,0.009225889752997313,0,0,1,1,0,0.4,1,1.1,0.9
3,1,0.0,0.0,0,0,1,1,0,0.4,1,1.1,0.9
2,1,0.0,0.0,0,0,1,1,0,0.4,1,1.1,0.9
4,1,0.0,0.0,0,0,1,1,0,0.4,1,1.1,0.9
6,1,0.0,0.0,0,0,1,1,0,0.4,1,1.1,0.9
9,1,0.0,0.0,0,0,1,1,0,0.4,1,1.1,0.9
8,1,0.0,0.0,0,0,1,1,0,0.4,1,1.1,0.9
16,1,0.0026577085831171812,0.0006660845575761495,0,0,1,1,0,0.4,1,1.1,0.9
5,1,0.0,0.0,0,0,1,1,0,0.4,1,1.1,0.9
36,1,0.005532891418357931,0.0013866733004230677,0,0,1,1,0,0.4,1,1.1,0.9
35,1,0.011174596747611065,0.0028006179375747666,0,0,1,1,0,0.4,1,1.1,0.9
15,1,0.008200927696473875,0.0020553462223510243,0,0,1,1,0,0.4,1,1.1,0.9
10,1,0.0038907335652729196,0.0009751097475223915,0,0,1,1,0,0.4,1,1.1,0.9
13,1,0.008336455168518222,0.0020893126085942417,0,0,1,1,0,0.4,1,1.1,0.9
37,3,0.004922646344909141,0.0012337314683714834,0,0,1,1,0,0.4,1,1.1,0.9
34,1,0.0072476619584999165,0.001816435308128007,0,0,1,1,0,0.4,1,1.1,0.9
33,1,0.0,0.0,0,0,1,1,0,0.4,1,1.1,0.9
11,1,0.015203967449178433,0.0038104734266652587,0,0,1,1,0,0.4,1,1.1,0.9
12,1,0.0028165505075932675,0.0007058940963876262,0,0,1,1,0,0.4,1,1.1,0.9
14,1,0.0,0.0,0,0,1,1,0,0.4,1,1.1,0.9
25,1,0.027060685305534158,0.006782047028761618,0,0,1,1,0,0.4,1,1.1,0.9
23,1,0.0,0.0,0,0,1,1,0,0.4,1,1.1,0.9
40,1,0.0015784242113928888,0.0003955903966265511,0,0,1,1,0,0.4,1,1.1,0.9
19,1,0.0,0.0,0,0,1,1,0,0.4,1,1.1,0.9
21,1,0.003776607886781564,0.0009465071563470892,0,0,1,1,0,0.4,1,1.1,0.9
17,1,0.004052515953113611,0.0010156562359195842,0,0,1,1,0,0.4,1,1.1,0.9
18,1,0.0041476199087455414,0.00103949153397041,0,0,1,1,0,0.4,1,1.1,0.9
20,1,0.013041564372257465,0.003268524130214233,0,0,1,1,0,0.4,1,1.1,0.9
39,1,0.008623776292066516,0.0021613220699312264,0,0,1,1,0,0.4,1,1.1,0.9
38,1,0.005372434819361067,0.0013464590860310427,0,0,1,1,0,0.4,1,1.1,0.9
32,1,0.00780451077632594,0.0019559947770685093,0,0,1,1,0,0.4,1,1.1,0.9
26,1,0.0208746397385875,0.00523167786835774,0,0,1,1,0,0.4,1,1.1,0.9
27,1,0.010586643307054356,0.0026532629153513524,0,0,1,1,0,0.4,1,1.1,0.9
28,1,0.00970533878509272,0.0024323871818982268,0,0,1,1,0,0.4,1,1.1,0.9
29,1,0.0,0.0,0,0,1,1,0,0.4,1,1.1,0.9
30,1,0.014469746022144831,0.0036264601915441215,0,0,1,1,0,0.4,1,1.1,0.9
