BUS_I,BUS_TYPE,Pd,Qd,Gs,Bs,area,Vm,Va,baseKV,zone,Vmax,Vmin
1,1,0.08090481062690581,0.02027665686694615,0,0,1,1,0,0.4,1,1.1,0.9
2,1,0.0548568782591002,0.013748429650012682,0,0,1,1,0,0.4,1,1.1,0.9
3,1,0.0,0.0,0,0,1,1,0,0.4,1,1.1,0.9
5,1,0.0,0.0,0,0,1,1,0,0.4,1,1.1,0.9
18,1,0.06316816270189099,0.015831433880097508,0,0,1,1,0,0.4,1,1.1,0.9
6,1,0.0,0.0,0,0,1,1,0,0.4,1,1.1,0.9
7,1,0.0,0.0,0,0,1,1,0,0.4,1,1.1,0.9
9,3,0.0,0.0,0,0,1,1,0,0.4,1,1.1,0.9
11,1,0.0,0.0,0,0,1,1,0,0.4,1,1.1,0.9
20,1,0.030668349436387694,0.007686212888686137,0,0,1,1,0,0.4,1,1.1,0.9
21,1,0.0,0.0,0,0,1,1,0,0.4,1,1.1,0.9
22,1,0.04610864919771339,0.011555916775973578,0,0,1,1,0,0.4,1,1.1,0.9
8,1,0.0,0.0,0,0,1,1,0,0.4,1,1.1,0.9
12,1,0.0,0.0,0,0,1,1,0,0.4,1,1.1,0.9
15,1,0.09071459605593644,0.022735220845299654,0,0,1,1,0,0.4,1,1.1,0.9
10,1,0.0,0.0,0,0,1,1,0,0.4,1,1.1,0.9
17,1,0.06709506120218432,0.016815607414709225,0,0,1,1,0,0.4,1,1.1,0.9
16,1,0.09105439569811079,0.022820382663175397,0,0,1,1,0,0.4,1,1.1,0.9
19,1,0.02817343707613502,0.0070609289105153464,0,0,1,1,0,0.4,1,1.1,0.9
23,1,0.027458071097043506,0.006881641296096263,0,0,1,1,0,0.4,1,1.1,0.9
