BUS_I,BUS_TYPE,Pd,Qd,Gs,Bs,area,Vm,Va,baseKV,zone,Vmax,Vmin
1,1,0.004907518408940882,0.001229940050230131,0,0,1,1,0,0.4,1,1.1,0.9
2,1,0.004929613927078477,0.001235477709067743,0,0,1,1,0,0.4,1,1.1,0.9
3,1,0.00769977054485387,0.001929744400641358,0,0,1,1,0,0.4,1,1.1,0.9
4,1,0.001842553844241293,0.00046178752251016915,0,0,1,1,0,0.4,1,1.1,0.9
5,1,0.006716960293599156,0.0016834289334201587,0,0,1,1,0,0.4,1,1.1,0.9
11,1,0.002172220891379958,0.0005444098726939672,0,0,1,1,0,0.4,1,1.1,0.9
17,1,0.00560975265865572,0.0014059365430388025,0,0,1,1,0,0.4,1,1.1,0.9
12,1,0.0,0.0,0,0,1,1,0,0.4,1,1.1,0.9
15,1,0.0028856279669201078,0.0007232065396052482,0,0,1,1,0,0.4,1,1.1,0.9
6,1,0.0028273105306766406,0.0007085908123709081,0,0,1,1,0,0.4,1,1.1,0.9
7,1,0.001925223865285602,0.0004825065828096714,0,0,1,1,0,0.4,1,1.1,0.9
8,1,0.0026705639120217085,0.000669306406698458,0,0,1,1,0,0.4,1,1.1,0.9
9,1,0.0,0.0,0,0,1,1,0,0.4,1,1.1,0.9
10,1,0.0,0.0,0,0,1,1,0,0.4,1,1.1,0.9
16,1,0.00689363661148924,0.001727708192547197,0,0,1,1,0,0.4,1,1.1,0.9
14,1,0.002190846791835753,0.0005490779633730454,0,0,1,1,0,0.4,1,1.1,0.9
13,1,0.0036335027859526214,0.0009106416373138712,0,0,1,1,0,0.4,1,1.1,0.9
18,1,0.0026504685687039594,0.0006642700389235365,0,0,1,1,0,0.4,1,1.1,0.9
19,1,0.0022287974664083705,0.0005585892989810939,0,0,1,1,0,0.4,1,1.1,0.9
20,1,0.0018785180524088043,0.0004708010027081135,0,0,1,1,0,0.4,1,1.1,0.9
21,3,0.06732678560443417,0.016873683024252222,0,0,1,1,0,0.4,1,1.1,0.9
22,1,0.0,0.0,0,0,1,1,0,0.4,1,1.1,0.9
23,1,0.0024012148192270066,0.0006018011608459311,0,0,1,1,0,0.4,1,1.1,0.9
