BUS_I,BUS_TYPE,Pd,Qd,Gs,Bs,area,Vm,Va,baseKV,zone,Vmax,Vmin
1,1,0.011298471807650522,0.002831663954088859,0,0,1,1,0,0.4,1,1.1,0.9
2,1,0.014272238814427803,0.0035769602193101466,0,0,1,1,0,0.4,1,1.1,0.9
3,1,0.003902824676366084,0.0009781400656070209,0,0,1,1,0,0.4,1,1.1,0.9
4,1,0.0039009359444632614,0.0009776667047721034,0,0,1,1,0,0.4,1,1.1,0.9
5,1,0.0081350303126517,0.002038830781182099,0,0,1,1,0,0.4,1,1.1,0.9
13,1,0.0036043126498843227,0.0009033258996170632,0,0,1,1,0,0.4,1,1.1,0.9
6,1,0.011683350827474931,0.0029281237289748626,0,0,1,1,0,0.4,1,1.1,0.9
11,3,0.01296195999179834,0.003248573391869155,0,0,1,1,0,0.4,1,1.1,0.9
7,1,0.0015879019166492204,0.0003979657334684469,0,0,1,1,0,0.4,1,1.1,0.9
8,1,0.0015985358142034897,0.00040063083941450136,0,0,1,1,0,0.4,1,1.1,0.9
33,1,0.003196122381746327,0.0008010237751905046,0,0,1,1,0,0.4,1,1.1,0.9
18,1,0.0,0.0,0,0,1,1,0,0.4,1,1.1,0.9
9,1,0.008668460641528002,0.002172521023545141,0,0,1,1,0,0.4,1,1.1,0.9
10,1,0.0029569528628388534,0.0007410822435270382,0,0,1,1,0,0.4,1,1.1,0.9
12,1,0.0,0.0,0,0,1,1,0,0.4,1,1.1,0.9
25,1,0.010326172450031812,0.0025879827651259083,0,0,1,1,0,0.4,1,1.1,0.9
21,1,0.0036204430492550394,0.0009073685587696212,0,0,1,1,0,0.4,1,1.1,0.9
24,1,0.0,0.0,0,0,1,1,0,0.4,1,1.1,0.9
22,1,0.0,0.0,0,0,1,1,0,0.4,1,1.1,0.9
14,1,0.004790422988452427,0.001200593171552121,0,0,1,1,0,0.4,1,1.1,0.9
15,1,0.012764613685101026,0.003199113745231903,0,0,1,1,0,0.4,1,1.1,0.9
16,1,0.0,0.0,0,0,1,1,0,0.4,1,1.1,0.9
17,1,0.0075067190693055815,0.001881361140152661,0,0,1,1,0,0.4,1,1.1,0.9
19,1,0.0,0.0,0,0,1,1,0,0.4,1,1.1,0.9
29,1,0.003735465745157035,0.0009361959636994861,0,0,1,1,0,0.4,1,1.1,0.9
20,1,0.0059756572038753624,0.0014976408663291568,0,0,1,1,0,0.4,1,1.1,0.9
30,1,0.0076254538234598965,0.0019111188745755334,0,0,1,1,0,0.4,1,1.1,0.9
23,1,0.0,0.0,0,0,1,1,0,0.4,1,1.1,0.9
34,1,0.019437683318832177,0.0048715426424006765,0,0,1,1,0,0.4,1,1.1,0.9
31,1,0.017373875174796542,0.004354303565372261,0,0,1,1,0,0.4,1,1.1,0.9
32,1,0.028213990139131815,0.007071092466142237,0,0,1,1,0,0.4,1,1.1,0.9
26,1,0.01309085260582668,0.0032808769259493305,0,0,1,1,0,0.4,1,1.1,0.9
27,1,0.004732785850968319,0.0011861479432584948,0,0,1,1,0,0.4,1,1.1,0.9
28,1,0.004007862507520263,0.0010044650275451087,0,0,1,1,0,0.4,1,1.1,0.9
