F_BUS,T_BUS,BR_R,BR_X,BR_B,RATE_A,RATE_B,RATE_C,TAP,SHIFT,BR_STATUS,ANGMIN,ANGMAX
1,2,1.0395600121815218,0.39983077391596994,1.0490992484657028e-09,0,0,0,0,0,1,-90,90
1,3,1.750943609465461,0.6734398497944082,1.7670106615021368e-09,0,0,0,0,0,1,-90,90
2,4,2.038247599198846,0.7839413843072486,2.056951017208953e-09,0,0,0,0,0,1,-90,90
4,15,8.41484554867448,3.2364790571824926,8.492062062433264e-09,0,0,0,0,0,1,-90,90
15,13,4.715393495347777,1.8136128828260683,4.7586630057155524e-09,0,0,0,0,0,1,-90,90
13,12,7.126625286452787,2.741009725558764,7.1920208015934964e-09,0,0,0,0,0,1,-90,90
5,6,2.4687457651455396,0.9495176019790538,2.491399531068947e-09,0,0,0,0,0,1,-90,90
6,8,1.8917950637442926,0.7276134860554974,1.9091546003779057e-09,0,0,0,0,0,1,-90,90
8,10,3.616560281215964,1.3909847235446018,3.6497466510784478e-09,0,0,0,0,0,1,-90,90
10,11,4.84099346198509,1.8619205623019577,4.885415505871853e-09,0,0,0,0,0,1,-90,90
11,16,4.845718467625966,1.8637378721638331,4.890183869226305e-09,0,0,0,0,0,1,-90,90
16,14,3.567060245808543,1.3719462483879012,3.599792392222362e-09,0,0,0,0,0,1,-90,90
14,12,0.013272579386745751,0.005104838225671444,1.3394371557844202e-11,0,0,0,0,0,1,-90,90
