F_BUS,T_BUS,BR_R,BR_X,BR_B,RATE_A,RATE_B,RATE_C,TAP,SHIFT,BR_STATUS,ANGMIN,ANGMAX
1,2,0.29914217456442993,0.1914509917212352,1.5070207545478203e-09,0,0,0,0,0,1,-90,90
1,3,0.05568492108851221,0.03563834949664782,2.8052992500283836e-10,0,0,0,0,0,1,-90,90
2,4,0.03931717980958996,0.025162995078137577,1.980723917301697e-10,0,0,0,0,0,1,-90,90
3,5,0.25680717814345294,0.1643565940118099,8.624967886759523e-10,0,0,0,0,0,1,-90,90
4,6,0.009410913447361497,0.00602298460631136,4.741037235915495e-11,0,0,0,0,0,1,-90,90
5,20,0.1209986983590849,0.07743916694981434,2.0318939198495597e-10,0,0,0,0,0,1,-90,90
6,7,0.2493196147740577,0.15956455345539694,1.2560242785139169e-09,0,0,0,0,0,1,-90,90
20,21,0.537237807306199,0.3438321966759673,9.021669232665873e-10,0,0,0,0,0,1,-90,90
7,8,0.2579617332883211,0.16509550930452552,1.2995616098287692e-09,0,0,0,0,0,1,-90,90
21,19,0.686781261888116,0.43954000760839423,1.1532906462809857e-09,0,0,0,0,0,1,-90,90
8,10,0.053860442125647494,0.034470682960414396,1.8089236720668455e-10,0,0,0,0,0,1,-90,90
10,9,0.12016606570117905,0.07690628204875459,2.0179117757603207e-10,0,0,0,0,0,1,-90,90
9,11,1.1871720166680353,0.7597900906675427,1.9935814477315044e-09,0,0,0,0,0,1,-90,90
11,12,1.606860969508235,1.0283910204852704,2.6983521957384827e-09,0,0,0,0,0,1,-90,90
11,13,1.7574751546209932,1.1247840989574356,2.951273963595444e-09,0,0,0,0,0,1,-90,90
13,25,0.6218447429903255,0.3979806355138084,1.044244747677144e-09,0,0,0,0,0,1,-90,90
25,26,0.3752470411131495,0.2401581063124157,6.30140812768585e-10,0,0,0,0,0,1,-90,90
16,28,0.4072966383535617,0.2606698485462795,6.839607155027134e-10,0,0,0,0,0,1,-90,90
16,29,0.5248906487553905,0.33593001520344995,8.814327197362711e-10,0,0,0,0,0,1,-90,90
28,27,1.160350486189794,0.7426243111614681,1.948540876684976e-09,0,0,0,0,0,1,-90,90
29,17,0.29432309522663896,0.18836678094504894,4.942477198288049e-10,0,0,0,0,0,1,-90,90
17,19,1.3917968749999998,0.8907499999999998,2.3372016776458032e-09,0,0,0,0,0,1,-90,90
18,24,1.611182989971974,1.0311571135820634,2.7056100317489788e-09,0,0,0,0,0,1,-90,90
18,22,2.811782098747707,1.7995405431985325,4.721739182211901e-09,0,0,0,0,0,1,-90,90
24,27,0.8769655512147899,0.5612579527774656,1.4726612728863785e-09,0,0,0,0,0,1,-90,90
26,23,0.4802309431842685,0.30734780363793185,8.064370499953155e-10,0,0,0,0,0,1,-90,90
