BUS_I,BUS_TYPE,Pd,Qd,Gs,Bs,area,Vm,Va,baseKV,zone,Vmax,Vmin
1,3,0.01648881520376251,0.004132486627661536,0,0,1,1,0,0.4,1,1.1,0.9
2,1,0.04230402814044391,0.010602388857309176,0,0,1,1,0,0.4,1,1.1,0.9
3,1,0.0,0.0,0,0,1,1,0,0.4,1,1.1,0.9
4,1,0.07823339499025167,0.01960713699793336,0,0,1,1,0,0.4,1,1.1,0.9
5,1,0.0,0.0,0,0,1,1,0,0.4,1,1.1,0.9
6,1,0.05851185771711051,0.014664453848716702,0,0,1,1,0,0.4,1,1.1,0.9
