F_BUS,T_BUS,BR_R,BR_X,BR_B,RATE_A,RATE_B,RATE_C,TAP,SHIFT,BR_STATUS,ANGMIN,ANGMAX
104,105,5.945879817035526,2.2868768527059715,6.000440546408927e-09,0,0,0,0,0,1,-90,90
105,109,1.6556458093874433,0.6367868497644014,1.6708383873950547e-09,0,0,0,0,0,1,-90,90
109,107,0.30113092822679366,0.11581958777953603,3.038941732950626e-10,0,0,0,0,0,1,-90,90
106,107,0.14225753683813766,0.054714437245437564,1.4356292396461714e-10,0,0,0,0,0,1,-90,90
106,108,2.838519291963968,1.091738189216911,2.86456618286585e-09,0,0,0,0,0,1,-90,90
108,110,0.8580870046008013,0.33003346330800054,8.65961003786375e-10,0,0,0,0,0,1,-90,90
