BUS_I,BUS_TYPE,Pd,Qd,Gs,Bs,area,Vm,Va,baseKV,zone,Vmax,Vmin
1,1,0.002471560145338829,0.0006194313614324027,0,0,1,1,0,0.4,1,1.1,0.9
2,1,0.0,0.0,0,0,1,1,0,0.4,1,1.1,0.9
3,1,0.0,0.0,0,0,1,1,0,0.4,1,1.1,0.9
7,1,0.0,0.0,0,0,1,1,0,0.4,1,1.1,0.9
10,1,0.0,0.0,0,0,1,1,0,0.4,1,1.1,0.9
4,1,0.0,0.0,0,0,1,1,0,0.4,1,1.1,0.9
17,1,0.0013770351105218237,0.00034511753026095855,0,0,1,1,0,0.4,1,1.1,0.9
6,3,0.0,0.0,0,0,1,1,0,0.4,1,1.1,0.9
19,1,0.0005935285190128052,0.0001487522685921358,0,0,1,1,0,0.4,1,1.1,0.9
16,1,0.007433067718561312,0.0018629023716906035,0,0,1,1,0,0.4,1,1.1,0.9
8,1,0.0,0.0,0,0,1,1,0,0.4,1,1.1,0.9
26,1,0.0014679203876162307,0.0003678955278067281,0,0,1,1,0,0.4,1,1.1,0.9
30,1,0.0,0.0,0,0,1,1,0,0.4,1,1.1,0.9
13,1,0.0,0.0,0,0,1,1,0,0.4,1,1.1,0.9
14,1,0.005920392878289242,0.0014837903207533133,0,0,1,1,0,0.4,1,1.1,0.9
15,1,0.001982945207385947,0.0004969729147694063,0,0,1,1,0,0.4,1,1.1,0.9
23,1,0.0006797178519384498,0.00017035335159056858,0,0,1,1,0,0.4,1,1.1,0.9
22,1,0.0013017099532296266,0.000326239266335393,0,0,1,1,0,0.4,1,1.1,0.9
18,1,0.004889982561283993,0.0012255451525342515,0,0,1,1,0,0.4,1,1.1,0.9
29,1,0.0,0.0,0,0,1,1,0,0.4,1,1.1,0.9
32,1,0.0037535067814698196,0.0009407174736072887,0,0,1,1,0,0.4,1,1.1,0.9
27,1,0.003428142754268985,0.000859173561875975,0,0,1,1,0,0.4,1,1.1,0.9
25,1,0.0023416290917707334,0.0005868675698711019,0,0,1,1,0,0.4,1,1.1,0.9
33,1,0.00040484937400767947,0.00010146481743103755,0,0,1,1,0,0.4,1,1.1,0.9
28,1,0.0,0.0,0,0,1,1,0,0.4,1,1.1,0.9
20,1,0.0,0.0,0,0,1,1,0,0.4,1,1.1,0.9
21,1,0.0,0.0,0,0,1,1,0,0.4,1,1.1,0.9
35,1,0.0028054391626367325,0.0007031093308431778,0,0,1,1,0,0.4,1,1.1,0.9
31,1,0.0,0.0,0,0,1,1,0,0.4,1,1.1,0.9
24,1,0.0,0.0,0,0,1,1,0,0.4,1,1.1,0.9
