F_BUS,T_BUS,BR_R,BR_X,BR_B,RATE_A,RATE_B,RATE_C,TAP,SHIFT,BR_STATUS,ANGMIN,ANGMAX
4,5,1.5764933684560893,0.606343603252342,1.5909596258783892e-09,0,0,0,0,0,1,-90,90
5,7,3.828186428882309,1.4723793957239653,3.863314727832911e-09,0,0,0,0,0,1,-90,90
7,10,0.18719363015403698,0.07199755005924499,1.889113609709291e-10,0,0,0,0,0,1,-90,90
10,12,2.267330974895164,0.8720503749596785,2.2881365134408222e-09,0,0,0,0,0,1,-90,90
8,9,2.4488099999999995,0.9418499999999997,2.471280830862419e-09,0,0,0,0,0,1,-90,90
8,20,9.22215486701329,3.546982641158958,9.306779432497623e-09,0,0,0,0,0,1,-90,90
9,11,4.490899013761843,1.727268851446863,4.532108512317651e-09,0,0,0,0,0,1,-90,90
11,12,4.087169505631957,1.5719882713969067,4.124674291494108e-09,0,0,0,0,0,1,-90,90
12,13,1.9096999999999995,0.7344999999999998,1.927223836352335e-09,0,0,0,0,0,1,-90,90
13,24,2.8925495233821574,1.112519047454676,2.9190922078293344e-09,0,0,0,0,0,1,-90,90
24,19,1.6225050610727874,0.6240404081049182,1.6373935321263954e-09,0,0,0,0,0,1,-90,90
25,31,2.404213578899092,0.9246975303458046,2.4262751829796754e-09,0,0,0,0,0,1,-90,90
31,22,2.112445302056698,0.8124789623294993,2.1318295748621127e-09,0,0,0,0,0,1,-90,90
19,16,2.1857069869070576,0.8406565334257915,2.2057635253962e-09,0,0,0,0,0,1,-90,90
14,15,5.089582875696983,1.9575318752680704,5.136286031907571e-09,0,0,0,0,0,1,-90,90
14,16,1.6684152327261583,0.6416981664331379,1.683724985831901e-09,0,0,0,0,0,1,-90,90
15,17,2.060946687727284,0.7926718029720323,2.079858397674721e-09,0,0,0,0,0,1,-90,90
17,30,0.6313359980443045,0.24282153770934792,6.371292790376892e-10,0,0,0,0,0,1,-90,90
17,38,2.0282060207478008,0.7800792387491543,2.0468172949774736e-09,0,0,0,0,0,1,-90,90
17,39,2.7699994472040466,1.0653844027707873,2.795417584612468e-09,0,0,0,0,0,1,-90,90
30,18,3.4731416357632603,1.3358237060627924,3.5050119639056893e-09,0,0,0,0,0,1,-90,90
18,27,1.3794208645001675,0.5305464863462183,1.3920787403395653e-09,0,0,0,0,0,1,-90,90
27,26,3.8971423039680118,1.4989008861415432,3.932903357524329e-09,0,0,0,0,0,1,-90,90
26,28,2.1702011149524982,0.8346927365201917,2.190115368076069e-09,0,0,0,0,0,1,-90,90
22,32,2.036824232948741,0.7833939357495159,2.0555145898302746e-09,0,0,0,0,0,1,-90,90
32,29,0.3704666018370467,0.14248715455271027,3.7386608662764107e-10,0,0,0,0,0,1,-90,90
29,28,2.0923499399846004,0.804749976917154,2.111549813231764e-09,0,0,0,0,0,1,-90,90
