BUS_I,BUS_TYPE,Pd,Qd,Gs,Bs,area,Vm,Va,baseKV,zone,Vmax,Vmin
1,1,0.05502793210974418,0.013791299786020695,0,0,1,1,0,0.4,1,1.1,0.9
3,1,0.0,0.0,0,0,1,1,0,0.4,1,1.1,0.9
5,1,0.0,0.0,0,0,1,1,0,0.4,1,1.1,0.9
8,1,0.0,0.0,0,0,1,1,0,0.4,1,1.1,0.9
6,1,0.05192871673917192,0.013014563197195895,0,0,1,1,0,0.4,1,1.1,0.9
25,1,0.0001351721440208114,3.387733264612478e-05,0,0,1,1,0,0.4,1,1.1,0.9
26,1,0.0,0.0,0,0,1,1,0,0.4,1,1.1,0.9
9,1,0.003259493884248639,0.000816906170828359,0,0,1,1,0,0.4,1,1.1,0.9
10,1,0.0,0.0,0,0,1,1,0,0.4,1,1.1,0.9
11,1,0.0,0.0,0,0,1,1,0,0.4,1,1.1,0.9
12,1,0.0,0.0,0,0,1,1,0,0.4,1,1.1,0.9
13,1,0.0,0.0,0,0,1,1,0,0.4,1,1.1,0.9
15,1,0.0,0.0,0,0,1,1,0,0.4,1,1.1,0.9
16,1,0.0,0.0,0,0,1,1,0,0.4,1,1.1,0.9
24,1,0.010652962218438243,0.002669884001285559,0,0,1,1,0,0.4,1,1.1,0.9
21,3,0.002061805861739834,0.0005167372577824636,0,0,1,1,0,0.4,1,1.1,0.9
27,1,0.0026793812844586036,0.0006715162485358671,0,0,1,1,0,0.4,1,1.1,0.9
20,1,0.0011257777878207545,0.00028214650940026756,0,0,1,1,0,0.4,1,1.1,0.9
17,1,0.00328392412067381,0.0008230289652250474,0,0,1,1,0,0.4,1,1.1,0.9
19,1,0.002161228710590849,0.0005416549725050521,0,0,1,1,0,0.4,1,1.1,0.9
23,1,0.02958145322837578,0.0074138110217381505,0,0,1,1,0,0.4,1,1.1,0.9
18,1,0.005533732289424461,0.0013868840425773756,0,0,1,1,0,0.4,1,1.1,0.9
22,1,0.011132062742970864,0.002789957911173572,0,0,1,1,0,0.4,1,1.1,0.9
30,1,0.007228043439817675,0.0018115184438714175,0,0,1,1,0,0.4,1,1.1,0.9
28,1,0.004243950875584543,0.0010636343500170743,0,0,1,1,0,0.4,1,1.1,0.9
