BUS_I,BUS_TYPE,Pd,Qd,Gs,Bs,area,Vm,Va,baseKV,zone,Vmax,Vmin
35,1,0.02088009963125215,0.005233046246445936,0,0,1,1,0,0.4,1,1.1,0.9
17,1,0.0,0.0,0,0,1,1,0,0.4,1,1.1,0.9
10,1,0.0025867800404154075,0.0006483081891341212,0,0,1,1,0,0.4,1,1.1,0.9
11,1,0.0026963959467888213,0.0006757805248762167,0,0,1,1,0,0.4,1,1.1,0.9
12,1,0.0,0.0,0,0,1,1,0,0.4,1,1.1,0.9
14,1,0.012005294946351868,0.0030088105308870845,0,0,1,1,0,0.4,1,1.1,0.9
16,1,0.0,0.0,0,0,1,1,0,0.4,1,1.1,0.9
15,1,0.00502388258008262,0.001259103660546561,0,0,1,1,0,0.4,1,1.1,0.9
151,1,0.0032019314731319493,0.0008024796707277697,0,0,1,1,0,0.4,1,1.1,0.9
148,3,0.06471716224528123,0.01621964975978384,0,0,1,1,0,0.4,1,1.1,0.9
