F_BUS,T_BUS,BR_R,BR_X,BR_B,RATE_A,RATE_B,RATE_C,TAP,SHIFT,BR_STATUS,ANGMIN,ANGMAX
1,2,0.37173900942181587,0.23791296602996218,1.2484997661272334e-09,0,0,0,0,0,1,-90,90
1,3,0.9600701847362857,0.6144449182312228,3.2244326549782825e-09,0,0,0,0,0,1,-90,90
2,4,0.5811261352756368,0.3719207265764075,1.9517344846604004e-09,0,0,0,0,0,1,-90,90
3,5,2.3075533910756714,1.4768341702884298,3.875003424532996e-09,0,0,0,0,0,1,-90,90
3,6,1.37372599593698,0.8791846373996673,4.613711612665551e-09,0,0,0,0,0,1,-90,90
4,9,2.573282867975494,1.6469010355043163,4.321234760704236e-09,0,0,0,0,0,1,-90,90
4,12,1.1725033352246617,0.7504021345437835,1.9689487822225345e-09,0,0,0,0,0,1,-90,90
5,7,1.1402231686274265,0.7297428279215529,1.9147416914602817e-09,0,0,0,0,0,1,-90,90
6,23,0.8508523646196393,0.5445455133565692,1.4288102019326058e-09,0,0,0,0,0,1,-90,90
9,8,1.0967617137409948,0.7019274967942368,1.8417582072334654e-09,0,0,0,0,0,1,-90,90
12,13,2.7370026345259175,1.7516816860965874,4.596164328314761e-09,0,0,0,0,0,1,-90,90
7,19,5.054160291223569,3.234662586383085,8.487295900659735e-09,0,0,0,0,0,1,-90,90
23,22,0.6899202745513302,0.44154897571285134,1.1585618936838196e-09,0,0,0,0,0,1,-90,90
8,10,2.336587373029297,1.4954159187387501,3.923759297282568e-09,0,0,0,0,0,1,-90,90
22,24,2.700175022980684,1.7281120147076376,4.534320853140117e-09,0,0,0,0,0,1,-90,90
22,21,1.219945179739612,0.7807649150333515,2.0486164123075298e-09,0,0,0,0,0,1,-90,90
10,11,1.6577390660337639,1.0609530022616087,2.783790218118646e-09,0,0,0,0,0,1,-90,90
11,27,2.825802929600109,1.80851387494407,4.745283932152672e-09,0,0,0,0,0,1,-90,90
15,17,4.978541073285861,3.186266286902951,8.360310874180007e-09,0,0,0,0,0,1,-90,90
17,16,2.7023348332794446,1.7294942932988444,4.5379477561346086e-09,0,0,0,0,0,1,-90,90
16,26,4.764613229723088,3.0493524670227763,8.001068427346621e-09,0,0,0,0,0,1,-90,90
25,26,2.978745853860877,1.9063973464709612,5.002116280024068e-09,0,0,0,0,0,1,-90,90
25,24,2.5871254892971,1.655760313150144,4.344480248862034e-09,0,0,0,0,0,1,-90,90
20,21,0.5621674822949044,0.35978718866873877,9.44030559586914e-10,0,0,0,0,0,1,-90,90
