F_BUS,T_BUS,BR_R,BR_X,BR_B,RATE_A,RATE_B,RATE_C,TAP,SHIFT,BR_STATUS,ANGMIN,ANGMAX
1,2,0.01140466695172423,0.004386410366047781,1.1509318738557187e-11,0,0,0,0,0,1,-90,90
1,3,11.962959525046468,4.601138278864026,1.2072734329993069e-08,0,0,0,0,0,1,-90,90
2,4,3.0004882907423003,1.1540339579778078,3.0280214455750313e-09,0,0,0,0,0,1,-90,90
3,5,8.13650956551774,3.1294267559683613,8.211172005746751e-09,0,0,0,0,0,1,-90,90
4,6,0.13769797105826395,0.0529607580993323,1.3896151858451083e-10,0,0,0,0,0,1,-90,90
6,9,2.7268618739495207,1.0487930284421234,2.7518841712917806e-09,0,0,0,0,0,1,-90,90
9,10,1.8712005792347428,0.7196925304749011,1.8883711362504547e-09,0,0,0,0,0,1,-90,90
