F_BUS,T_BUS,BR_R,BR_X,BR_B,RATE_A,RATE_B,RATE_C,TAP,SHIFT,BR_STATUS,ANGMIN,ANGMAX
1,2,2.019093900346931,1.292220096222036,3.390602275360947e-09,0,0,0,0,0,1,-90,90
2,4,0.5622199352601299,0.35982075856648316,9.441186422378557e-10,0,0,0,0,0,1,-90,90
4,6,2.63231709168484,1.684682938678298,4.420369116564894e-09,0,0,0,0,0,1,-90,90
6,7,1.1066439765869893,0.7082521450156732,1.858353187231962e-09,0,0,0,0,0,1,-90,90
7,10,7.668779054662779,4.908018594984179,1.287794475903881e-08,0,0,0,0,0,1,-90,90
7,8,2.7569508095677375,1.764448518123352,4.629662685015492e-09,0,0,0,0,0,1,-90,90
7,15,5.825950283416865,3.728608181386794,9.78333909269838e-09,0,0,0,0,0,1,-90,90
10,13,7.251206460444694,4.640772134684605,1.2176727946962393e-08,0,0,0,0,0,1,-90,90
8,9,2.5017311730058687,1.601107950723756,4.2010802004194176e-09,0,0,0,0,0,1,-90,90
9,11,1.5584374999999997,0.9973999999999998,2.6170361529990727e-09,0,0,0,0,0,1,-90,90
9,12,1.4159266906570729,0.9061930820205265,4.755444269591683e-09,0,0,0,0,0,1,-90,90
11,16,3.6250550474582672,2.320035230373291,6.08744342702871e-09,0,0,0,0,0,1,-90,90
12,19,1.0539224320199483,0.6745103564927669,3.5396390385279004e-09,0,0,0,0,0,1,-90,90
19,20,1.0031912523494555,0.6420424015036515,3.3692564196779676e-09,0,0,0,0,0,1,-90,90
20,22,1.8438281249999997,1.1800499999999998,6.192567700714969e-09,0,0,0,0,0,1,-90,90
20,21,3.044889345485491,1.9487291811107141,5.113189010799094e-09,0,0,0,0,0,1,-90,90
22,23,1.477291623821815,0.9454666392459616,4.961540758695034e-09,0,0,0,0,0,1,-90,90
23,24,3.967191971300066,2.5390028616320426,6.6619834383989954e-09,0,0,0,0,0,1,-90,90
