F_BUS,T_BUS,BR_R,BR_X,BR_B,RATE_A,RATE_B,RATE_C,TAP,SHIFT,BR_STATUS,ANGMIN,ANGMAX
97,22,0.01236073427447874,0.003666554885912795,2.6528195876094618e-05,0,0,0,0,0,1,-90,90
22,21,0.07417434113805732,0.02200227647241251,0.0001591904984765662,0,0,0,0,0,1,-90,90
50,51,0.00456937125,0.001355409,9.806632264627912e-06,0,0,0,0,0,1,-90,90
51,56,0.2829667062015452,0.17724131117523964,2.2751784991213663e-05,0,0,0,0,0,1,-90,90
56,52,0.3361808685792501,0.21057296364957237,2.7030440940379394e-05,0,0,0,0,0,1,-90,90
56,54,0.00376114,0.001115664,8.072033296874843e-06,0,0,0,0,0,1,-90,90
20,21,0.005158565510867137,0.0015301812301898024,1.1071141347524877e-05,0,0,0,0,0,1,-90,90
21,55,0.2198551809534905,0.13771026656793814,1.7677336932689906e-05,0,0,0,0,0,1,-90,90
55,54,0.0008007775,0.000237534,1.7186019779609894e-06,0,0,0,0,0,1,-90,90
