BUS_I,BUS_TYPE,Pd,Qd,Gs,Bs,area,Vm,Va,baseKV,zone,Vmax,Vmin
1,1,0.002873892769783506,0.0007202654219663706,0,0,1,1,0,0.4,1,1.1,0.9
2,1,0.0023538610092360304,0.0005899331773590472,0,0,1,1,0,0.4,1,1.1,0.9
3,1,0.0,0.0,0,0,1,1,0,0.4,1,1.1,0.9
4,1,0.001480275513633638,0.0003709920142685546,0,0,1,1,0,0.4,1,1.1,0.9
5,1,0.0049144737442412545,0.001231683221571704,0,0,1,1,0,0.4,1,1.1,0.9
14,1,0.0018241767442136864,0.00045718178709614415,0,0,1,1,0,0.4,1,1.1,0.9
16,1,0.0016946171447241288,0.00042471109070228746,0,0,1,1,0,0.4,1,1.1,0.9
15,1,0.0013836111701456223,0.00034676564615783944,0,0,1,1,0,0.4,1,1.1,0.9
17,1,0.002758148125384506,0.0006912570796875898,0,0,1,1,0,0.4,1,1.1,0.9
6,1,0.003238146695994214,0.0008115560611382791,0,0,1,1,0,0.4,1,1.1,0.9
7,1,0.0,0.0,0,0,1,1,0,0.4,1,1.1,0.9
8,1,0.02157266602935853,0.005406619747244784,0,0,1,1,0,0.4,1,1.1,0.9
9,1,0.0,0.0,0,0,1,1,0,0.4,1,1.1,0.9
32,1,0.018912055708379664,0.004739807945608815,0,0,1,1,0,0.4,1,1.1,0.9
19,1,0.0018541400669069086,0.00046469130362719206,0,0,1,1,0,0.4,1,1.1,0.9
20,1,0.0045773398248463585,0.0011471894968004652,0,0,1,1,0,0.4,1,1.1,0.9
12,1,0.0016141950178538828,0.0004045554057878519,0,0,1,1,0,0.4,1,1.1,0.9
21,1,0.0,0.0,0,0,1,1,0,0.4,1,1.1,0.9
22,1,0.0,0.0,0,0,1,1,0,0.4,1,1.1,0.9
33,1,0.005772354593722086,0.0014466884293320224,0,0,1,1,0,0.4,1,1.1,0.9
10,1,0.013342551364660036,0.0033439585811334154,0,0,1,1,0,0.4,1,1.1,0.9
11,1,0.009800913836701015,0.002456340547730067,0,0,1,1,0,0.4,1,1.1,0.9
13,3,0.0,0.0,0,0,1,1,0,0.4,1,1.1,0.9
29,1,0.025439664520120996,0.006375780924369066,0,0,1,1,0,0.4,1,1.1,0.9
30,1,0.050305373074267246,0.012607714924326245,0,0,1,1,0,0.4,1,1.1,0.9
31,1,0.0,0.0,0,0,1,1,0,0.4,1,1.1,0.9
23,1,0.005110416490936242,0.0012807911029141753,0,0,1,1,0,0.4,1,1.1,0.9
24,1,0.0020512813305897156,0.0005140995616409999,0,0,1,1,0,0.4,1,1.1,0.9
18,1,0.004545553714664911,0.0011392231466626922,0,0,1,1,0,0.4,1,1.1,0.9
26,1,0.0172756673490354,0.004329690364140129,0,0,1,1,0,0.4,1,1.1,0.9
27,1,0.0,0.0,0,0,1,1,0,0.4,1,1.1,0.9
28,1,0.0,0.0,0,0,1,1,0,0.4,1,1.1,0.9
34,1,0.0021422803459250515,0.0005369060646769387,0,0,1,1,0,0.4,1,1.1,0.9
