F_BUS,T_BUS,BR_R,BR_X,BR_B,RATE_A,RATE_B,RATE_C,TAP,SHIFT,BR_STATUS,ANGMIN,ANGMAX
1,2,0.9696031985492568,0.6205460470715244,3.256449648660204e-09,0,0,0,0,0,1,-90,90
1,3,1.7386113514519346,1.112711264929238,2.9195965592231257e-09,0,0,0,0,0,1,-90,90
2,4,0.612671320694392,0.39210964524441094,3.086520305426903e-09,0,0,0,0,0,1,-90,90
2,5,1.2579505750734066,0.8050883680469803,2.112437703567246e-09,0,0,0,0,0,1,-90,90
3,6,2.677821577307452,1.7138058094767692,4.49678339945914e-09,0,0,0,0,0,1,-90,90
3,8,2.7103609442844347,1.7346310043420383,4.551425757445565e-09,0,0,0,0,0,1,-90,90
4,13,0.4457467945728763,0.28527794852664085,2.245586640107162e-09,0,0,0,0,0,1,-90,90
5,19,1.783291688990671,1.1413066809540293,2.994626875592614e-09,0,0,0,0,0,1,-90,90
8,20,1.0231112523604002,0.6547912015106563,1.718079253077089e-09,0,0,0,0,0,1,-90,90
13,15,1.741595156260154,1.1146209000064986,2.92460717084958e-09,0,0,0,0,0,1,-90,90
13,12,0.16083293788991807,0.10293308024954759,8.102454151372192e-10,0,0,0,0,0,1,-90,90
12,11,0.9830708603159382,0.6291653506022005,3.3016813088836883e-09,0,0,0,0,0,1,-90,90
9,10,2.434145830285005,1.5578533313824032,4.087586213452772e-09,0,0,0,0,0,1,-90,90
10,11,1.3616406249999997,0.87145,2.2865612146892338e-09,0,0,0,0,0,1,-90,90
11,14,2.7006872165156746,1.7284398185700316,4.535180963987299e-09,0,0,0,0,0,1,-90,90
14,17,0.17550149193288184,0.11232095483704438,2.9471425661512054e-10,0,0,0,0,0,1,-90,90
17,16,0.5374552261501875,0.34397134473611995,9.025320280430452e-10,0,0,0,0,0,1,-90,90
16,18,0.4066714721671304,0.26026974218696347,6.829108931572401e-10,0,0,0,0,0,1,-90,90
