BUS_I,BUS_TYPE,Pd,Qd,Gs,Bs,area,Vm,Va,baseKV,zone,Vmax,Vmin
1,1,0.04047342638982158,0.010143596811820402,0,0,1,1,0,0.4,1,1.1,0.9
2,1,0.0,0.0,0,0,1,1,0,0.4,1,1.1,0.9
3,1,0.0,0.0,0,0,1,1,0,0.4,1,1.1,0.9
4,3,0.024274993861399564,0.006083886942702159,0,0,1,1,0,0.4,1,1.1,0.9
5,1,0.0293803301378566,0.0073634048238510625,0,0,1,1,0,0.4,1,1.1,0.9
6,1,0.060265135673604454,0.015103866724672258,0,0,1,1,0,0.4,1,1.1,0.9
8,1,0.0,0.0,0,0,1,1,0,0.4,1,1.1,0.9
13,1,0.0,0.0,0,0,1,1,0,0.4,1,1.1,0.9
19,1,0.0477958745518125,0.011978775309318962,0,0,1,1,0,0.4,1,1.1,0.9
20,1,0.05618906403729444,0.01408230687805587,0,0,1,1,0,0.4,1,1.1,0.9
15,1,0.06470168471488258,0.01621577072501929,0,0,1,1,0,0.4,1,1.1,0.9
12,1,0.0976560343709236,0.024474909274027765,0,0,1,1,0,0.4,1,1.1,0.9
9,1,0.051259544559391954,0.01284685284018293,0,0,1,1,0,0.4,1,1.1,0.9
10,1,0.0,0.0,0,0,1,1,0,0.4,1,1.1,0.9
11,1,0.0,0.0,0,0,1,1,0,0.4,1,1.1,0.9
14,1,0.04152197994648043,0.010406389104518965,0,0,1,1,0,0.4,1,1.1,0.9
17,1,0.03611170654210123,0.00905044677517027,0,0,1,1,0,0.4,1,1.1,0.9
16,1,0.020958529850093294,0.005252702712150739,0,0,1,1,0,0.4,1,1.1,0.9
18,1,0.020478928156643515,0.005132503197492293,0,0,1,1,0,0.4,1,1.1,0.9
