BUS_I,BUS_TYPE,Pd,Qd,Gs,Bs,area,Vm,Va,baseKV,zone,Vmax,Vmin
1,1,0.039526779424929874,0.009906344718496033,0,0,1,1,0,0.4,1,1.1,0.9
2,1,0.011610225961225207,0.0029097969099649945,0,0,1,1,0,0.4,1,1.1,0.9
4,3,0.0,0.0,0,0,1,1,0,0.4,1,1.1,0.9
3,1,0.0008957161774562351,0.00022448763478611622,0,0,1,1,0,0.4,1,1.1,0.9
5,1,0.0,0.0,0,0,1,1,0,0.4,1,1.1,0.9
25,1,0.0,0.0,0,0,1,1,0,0.4,1,1.1,0.9
21,1,0.0,0.0,0,0,1,1,0,0.4,1,1.1,0.9
13,1,0.0,0.0,0,0,1,1,0,0.4,1,1.1,0.9
27,1,0.0005963185494132753,0.00014945151612315795,0,0,1,1,0,0.4,1,1.1,0.9
10,1,0.0,0.0,0,0,1,1,0,0.4,1,1.1,0.9
26,1,0.0,0.0,0,0,1,1,0,0.4,1,1.1,0.9
30,1,0.013107000190714284,0.003284923892198417,0,0,1,1,0,0.4,1,1.1,0.9
31,1,0.05740525612026635,0.014387113345800282,0,0,1,1,0,0.4,1,1.1,0.9
22,1,0.03514573368722908,0.008808351157255144,0,0,1,1,0,0.4,1,1.1,0.9
6,1,0.0119085694791848,0.0029845688437383916,0,0,1,1,0,0.4,1,1.1,0.9
7,1,0.0,0.0,0,0,1,1,0,0.4,1,1.1,0.9
8,1,0.0,0.0,0,0,1,1,0,0.4,1,1.1,0.9
9,1,0.011074674007412317,0.0027755749382708263,0,0,1,1,0,0.4,1,1.1,0.9
11,1,0.0,0.0,0,0,1,1,0,0.4,1,1.1,0.9
12,1,0.0072404237461233725,0.0018146212411083574,0,0,1,1,0,0.4,1,1.1,0.9
17,1,0.0,0.0,0,0,1,1,0,0.4,1,1.1,0.9
16,1,0.004582374024132759,0.0011484511860713406,0,0,1,1,0,0.4,1,1.1,0.9
14,1,0.006876243705999414,0.0017233491195352993,0,0,1,1,0,0.4,1,1.1,0.9
18,1,0.0,0.0,0,0,1,1,0,0.4,1,1.1,0.9
28,1,0.004395251415494178,0.0011015538396958637,0,0,1,1,0,0.4,1,1.1,0.9
19,1,0.024641683726380426,0.006175788085677346,0,0,1,1,0,0.4,1,1.1,0.9
15,1,0.004936775000010332,0.001237272443120184,0,0,1,1,0,0.4,1,1.1,0.9
29,1,0.003414326395984147,0.0008557108560872629,0,0,1,1,0,0.4,1,1.1,0.9
20,1,0.030131524887789866,0.007551671974674635,0,0,1,1,0,0.4,1,1.1,0.9
23,1,0.04265744607478353,0.010690963740924887,0,0,1,1,0,0.4,1,1.1,0.9
