BUS_I,BUS_TYPE,Pd,Qd,Gs,Bs,area,Vm,Va,baseKV,zone,Vmax,Vmin
5,1,0.018198296737852986,0.0045609230855006185,0,0,1,1,0,0.4,1,1.1,0.9
9,3,0.0,0.0,0,0,1,1,0,0.4,1,1.1,0.9
7,1,0.0,0.0,0,0,1,1,0,0.4,1,1.1,0.9
18,1,0.0,0.0,0,0,1,1,0,0.4,1,1.1,0.9
8,1,0.0,0.0,0,0,1,1,0,0.4,1,1.1,0.9
19,1,0.007507202517917505,0.0018814823037959698,0,0,1,1,0,0.4,1,1.1,0.9
16,1,0.03342296041739259,0.008376583476429448,0,0,1,1,0,0.4,1,1.1,0.9
21,1,0.10111987050579319,0.02534302844031529,0,0,1,1,0,0.4,1,1.1,0.9
20,1,0.029308022466262306,0.00734528281312754,0,0,1,1,0,0.4,1,1.1,0.9
17,1,0.00183874978754129,0.0004608341360327683,0,0,1,1,0,0.4,1,1.1,0.9
15,1,0.0157889678742672,0.0039570883534493255,0,0,1,1,0,0.4,1,1.1,0.9
22,1,0.007091592828031533,0.0017773206970003264,0,0,1,1,0,0.4,1,1.1,0.9
14,1,0.012819218397999271,0.0032127989762852417,0,0,1,1,0,0.4,1,1.1,0.9
23,1,0.002445949253177238,0.000613012666815939,0,0,1,1,0,0.4,1,1.1,0.9
