F_BUS,T_BUS,BR_R,BR_X,BR_B,RATE_A,RATE_B,RATE_C,TAP,SHIFT,BR_STATUS,ANGMIN,ANGMAX
1,2,2.9127014005006577,1.864128896320421,4.891209861159818e-09,0,0,0,0,0,1,-90,90
2,4,2.3895312499999997,1.5292999999999997,4.012666321216645e-09,0,0,0,0,0,1,-90,90
4,20,2.092669886866823,1.3393087275947668,3.514156166174746e-09,0,0,0,0,0,1,-90,90
20,19,1.6613538780514348,1.0632664819529183,2.7898604607408495e-09,0,0,0,0,0,1,-90,90
6,7,2.3322727377573256,1.4926545521646883,3.916513862997424e-09,0,0,0,0,0,1,-90,90
6,14,1.0170097806249865,0.6508862595999914,1.7078332392856601e-09,0,0,0,0,0,1,-90,90
7,17,1.4205154581604265,0.9091298932226729,2.385427910904273e-09,0,0,0,0,0,1,-90,90
7,15,1.948039464935936,1.2467452575589992,3.271282747756207e-09,0,0,0,0,0,1,-90,90
17,22,0.3372648622579612,0.21584951184509515,1.1327170164544129e-09,0,0,0,0,0,1,-90,90
15,13,1.069344969145675,0.6843807802532319,1.7957181114301404e-09,0,0,0,0,0,1,-90,90
9,13,3.6188281249999994,2.3160499999999993,6.076986747697515e-09,0,0,0,0,0,1,-90,90
9,11,1.3160865003924014,0.8422953602511369,2.2100635745744975e-09,0,0,0,0,0,1,-90,90
11,12,1.907381416523013,1.2207241065747283,3.20300693778179e-09,0,0,0,0,0,1,-90,90
19,18,1.9934779973092491,1.2758259182779197,3.3475862773877644e-09,0,0,0,0,0,1,-90,90
25,24,1.104005401050092,0.7065634566720588,1.8539223085008742e-09,0,0,0,0,0,1,-90,90
24,26,0.1599515077660781,0.10236896497029001,2.686016465533834e-10,0,0,0,0,0,1,-90,90
22,23,0.1834373651234795,0.11739991367902688,6.16081448680537e-10,0,0,0,0,0,1,-90,90
16,21,1.1272265624999998,0.7214249999999999,3.785833781185795e-09,0,0,0,0,0,1,-90,90
16,18,1.070751612003775,0.685281031682416,1.7980802435105128e-09,0,0,0,0,0,1,-90,90
21,23,0.6332749879019498,0.4052959922572479,2.1268784126786645e-09,0,0,0,0,0,1,-90,90
21,26,2.2231249999999996,1.4227999999999998,3.733225424591017e-09,0,0,0,0,0,1,-90,90
