F_BUS,T_BUS,BR_R,BR_X,BR_B,RATE_A,RATE_B,RATE_C,TAP,SHIFT,BR_STATUS,ANGMIN,ANGMAX
1,2,1.5850299484139962,0.6096269032361523,1.5995745394123505e-09,0,0,0,0,0,1,-90,90
1,3,3.178764704268018,1.222601809333853,3.207933763533961e-09,0,0,0,0,0,1,-90,90
2,4,1.072797467980435,0.4126144107617058,1.082641698628227e-09,0,0,0,0,0,1,-90,90
3,5,2.1939901686595045,0.8438423725613481,2.214122715485824e-09,0,0,0,0,0,1,-90,90
4,6,1.477764366272255,0.5683709101047134,1.4913246641838994e-09,0,0,0,0,0,1,-90,90
6,7,1.4470391026118354,0.5565535010045521,1.4603174585994776e-09,0,0,0,0,0,1,-90,90
