BUS_I,BUS_TYPE,Pd,Qd,Gs,Bs,area,Vm,Va,baseKV,zone,Vmax,Vmin
1,1,0.0024314314147517667,0.0006093741535319693,0,0,1,1,0,0.4,1,1.1,0.9
2,1,0.017740037922765527,0.004446072600371474,0,0,1,1,0,0.4,1,1.1,0.9
4,1,0.0,0.0,0,0,1,1,0,0.4,1,1.1,0.9
9,1,0.03384702980224886,0.008482865282639472,0,0,1,1,0,0.4,1,1.1,0.9
6,3,0.09681923027371236,0.024265186398310854,0,0,1,1,0,0.4,1,1.1,0.9
7,1,0.035672798703657235,0.00894044610194229,0,0,1,1,0,0.4,1,1.1,0.9
8,1,0.04467743547245527,0.011197220804924959,0,0,1,1,0,0.4,1,1.1,0.9
