BUS_I,BUS_TYPE,Pd,Qd,Gs,Bs,area,Vm,Va,baseKV,zone,Vmax,Vmin
1,1,0.03838410641429741,0.009619963867120435,0,0,1,1,0,0.4,1,1.1,0.9
2,1,0.0,0.0,0,0,1,1,0,0.4,1,1.1,0.9
4,1,0.0,0.0,0,0,1,1,0,0.4,1,1.1,0.9
29,3,0.012539538696447607,0.0031427046358242674,0,0,1,1,0,0.4,1,1.1,0.9
27,1,0.04897553442140543,0.012274425941340683,0,0,1,1,0,0.4,1,1.1,0.9
5,1,0.0,0.0,0,0,1,1,0,0.4,1,1.1,0.9
7,1,0.0,0.0,0,0,1,1,0,0.4,1,1.1,0.9
17,1,0.05366482990876283,0.01344967417204656,0,0,1,1,0,0.4,1,1.1,0.9
6,1,0.0,0.0,0,0,1,1,0,0.4,1,1.1,0.9
15,1,0.0,0.0,0,0,1,1,0,0.4,1,1.1,0.9
16,1,0.0,0.0,0,0,1,1,0,0.4,1,1.1,0.9
13,1,0.09335553415776411,0.023397102324072872,0,0,1,1,0,0.4,1,1.1,0.9
37,1,0.01209162086596166,0.003030445845735337,0,0,1,1,0,0.4,1,1.1,0.9
8,1,0.0,0.0,0,0,1,1,0,0.4,1,1.1,0.9
10,1,0.0,0.0,0,0,1,1,0,0.4,1,1.1,0.9
12,1,0.0,0.0,0,0,1,1,0,0.4,1,1.1,0.9
33,1,0.019987335669197602,0.005009298506583662,0,0,1,1,0,0.4,1,1.1,0.9
25,1,0.0,0.0,0,0,1,1,0,0.4,1,1.1,0.9
18,1,0.008160119302698639,0.002045118674799031,0,0,1,1,0,0.4,1,1.1,0.9
26,1,0.07540204967404844,0.01889753497299029,0,0,1,1,0,0.4,1,1.1,0.9
38,1,0.023216713717146367,0.00581865693736811,0,0,1,1,0,0.4,1,1.1,0.9
9,1,0.02320293652567476,0.005815204047708085,0,0,1,1,0,0.4,1,1.1,0.9
22,1,0.0,0.0,0,0,1,1,0,0.4,1,1.1,0.9
28,1,0.0222537583410863,0.00557731757092928,0,0,1,1,0,0.4,1,1.1,0.9
34,1,0.014866331864805505,0.003725853972799014,0,0,1,1,0,0.4,1,1.1,0.9
30,1,0.004485677499727981,0.0011242167526626314,0,0,1,1,0,0.4,1,1.1,0.9
31,1,0.019838821989245012,0.004972077469847873,0,0,1,1,0,0.4,1,1.1,0.9
24,1,0.0,0.0,0,0,1,1,0,0.4,1,1.1,0.9
21,1,0.009163255014724698,0.0022965281826653992,0,0,1,1,0,0.4,1,1.1,0.9
20,1,0.03499564128102288,0.008770734454423813,0,0,1,1,0,0.4,1,1.1,0.9
36,1,0.017682483240865524,0.004431648037395184,0,0,1,1,0,0.4,1,1.1,0.9
23,1,0.0,0.0,0,0,1,1,0,0.4,1,1.1,0.9
19,1,0.030515228090755655,0.007647837062077956,0,0,1,1,0,0.4,1,1.1,0.9
35,1,0.011645082812572705,0.0029185328603832544,0,0,1,1,0,0.4,1,1.1,0.9
32,1,0.0,0.0,0,0,1,1,0,0.4,1,1.1,0.9
